Timp,ID_Corp,PozitieX,PozitieY,UnghiPhi,VitezaX,VitezaY,VitezaOmega,AcceleratieX,AcceleratieY,AcceleratieEpsilon
0.003000,1,4.924043,0.868216,0.174528,0.002026,-0.011493,-0.002334,0.000000,0.000000,0.000000
0.003000,2,7.908846,0.641889,0.000000,0.000000,-0.000000,0.000000,0.000000,0.000000,0.000000
0.003000,3,8.240629,2.214571,0.000000,0.000000,-0.029427,0.000000,0.000000,0.000000,0.000000
0.014000,1,4.924082,0.867999,0.174484,0.003202,-0.018163,-0.003689,0.000000,0.000000,0.000000
0.014000,2,7.908846,0.641889,0.000000,0.000000,-0.000000,0.000000,0.000000,0.000000,0.000000
0.014000,3,8.240629,2.213654,0.000000,0.000000,-0.137265,0.000000,0.000000,0.000000,0.000000
0.022000,1,4.924112,0.867824,0.174448,0.003231,-0.018336,-0.003724,0.000000,0.000000,0.000000
0.022000,2,7.908846,0.641889,0.000000,0.000000,-0.000000,0.000000,0.000000,0.000000,0.000000
0.022000,3,8.240629,2.212242,0.000000,0.000000,-0.215634,0.000000,0.000000,0.000000,0.000000
0.030000,1,4.924143,0.867649,0.174413,0.003233,-0.018348,-0.003726,0.000000,0.000000,0.000000
0.030000,2,7.908846,0.641889,0.000000,0.000000,-0.000000,0.000000,0.000000,0.000000,0.000000
0.030000,3,8.240629,2.210204,0.000000,0.000000,-0.293955,0.000000,0.000000,0.000000,0.000000
0.039000,1,4.924177,0.867452,0.174373,0.003232,-0.018350,-0.003726,0.000000,0.000000,0.000000
0.039000,2,7.908846,0.641889,0.000000,0.000000,-0.000000,0.000000,0.000000,0.000000,0.000000
0.039000,3,8.240629,2.207162,0.000000,0.000000,-0.382006,0.000000,0.000000,0.000000,0.000000
0.046000,1,4.924204,0.867298,0.174341,0.003232,-0.018350,-0.003726,0.000000,0.000000,0.000000
0.046000,2,7.908846,0.641889,0.000000,0.000000,-0.000000,0.000000,0.000000,0.000000,0.000000
0.046000,3,8.240629,2.204248,0.000000,0.000000,-0.450448,0.000000,0.000000,0.000000,0.000000
0.055000,1,4.924238,0.867101,0.174301,0.003231,-0.018350,-0.003726,0.000000,0.000000,0.000000
0.055000,2,7.908846,0.641889,0.000000,0.000000,-0.000000,0.000000,0.000000,0.000000,0.000000
0.055000,3,8.240629,2.199798,0.000000,0.000000,-0.538389,0.000000,0.000000,0.000000,0.000000
0.063000,1,4.924269,0.866925,0.174266,0.003231,-0.018350,-0.003727,0.000000,0.000000,0.000000
0.063000,2,7.908846,0.641889,0.000000,0.000000,-0.000000,0.000000,0.000000,0.000000,0.000000
0.063000,3,8.240629,2.195178,0.000000,0.000000,-0.616508,0.000000,0.000000,0.000000,0.000000
0.071000,1,4.924299,0.866750,0.174230,0.003230,-0.018351,-0.003727,0.000000,0.000000,0.000000
0.071000,2,7.908846,0.641889,0.000000,0.000000,-0.000000,0.000000,0.000000,0.000000,0.000000
0.071000,3,8.240629,2.189934,0.000000,0.000000,-0.694577,0.000000,0.000000,0.000000,0.000000
0.081000,1,4.924337,0.866532,0.174186,0.003066,-0.017422,-0.003538,0.000000,0.000000,0.000000
0.081000,2,7.908846,0.641889,0.000000,0.000000,-0.000000,0.000000,0.000000,0.000000,0.000000
0.081000,3,8.240629,2.182500,0.000000,0.000000,-0.792095,0.000000,0.000000,0.000000,0.000000
0.094000,1,4.924380,0.866287,0.174136,0.002256,-0.012824,-0.002604,0.000000,0.000000,0.000000
0.094000,2,7.908846,0.641889,0.000000,0.000000,-0.000000,0.000000,0.000000,0.000000,0.000000
0.094000,3,8.240629,2.171380,0.000000,0.000000,-0.918753,0.000000,0.000000,0.000000,0.000000
0.099000,1,4.924395,0.866208,0.174120,0.001978,-0.011244,-0.002283,0.000000,0.000000,0.000000
0.099000,2,7.908846,0.641889,0.000000,0.000000,-0.000000,0.000000,0.000000,0.000000,0.000000
0.099000,3,8.240629,2.166664,0.000000,0.000000,-0.967434,0.000000,0.000000,0.000000,0.000000
0.107000,1,4.924444,0.865924,0.174062,0.026146,-0.148692,-0.030195,0.000000,0.000000,0.000000
0.107000,2,7.908846,0.641889,0.000000,0.000000,-0.000001,0.000000,0.000000,0.000000,0.000000
0.107000,3,8.240566,2.159312,-0.000060,-0.030238,-0.275195,-0.036126,0.000000,0.000000,0.000000
0.115000,1,4.924563,0.865243,0.173924,0.005086,-0.028945,-0.005878,0.000000,0.000000,0.000000
0.115000,2,7.908846,0.641889,0.000000,0.000000,-0.000000,0.000000,0.000000,0.000000,0.000000
0.115000,3,8.240545,2.158083,-0.000223,0.003755,-0.052907,-0.008058,0.000000,0.000000,0.000000
0.122000,1,4.924588,0.865105,0.173896,0.000922,-0.005249,-0.001066,0.000000,0.000000,0.000000
0.122000,2,7.908846,0.641889,0.000000,0.000000,-0.000000,0.000000,0.000000,0.000000,0.000000
0.122000,3,8.240547,2.157834,-0.000258,-0.003557,-0.011628,-0.002405,0.000000,0.000000,0.000000
0.132000,1,4.924596,0.865059,0.173887,-0.000333,0.001894,0.000385,0.000000,0.000000,0.000000
0.132000,2,7.908846,0.641889,0.000000,0.000000,-0.000000,0.000000,0.000000,0.000000,0.000000
0.132000,3,8.240493,2.157743,-0.000272,-0.006790,0.000616,-0.000697,0.000000,0.000000,0.000000
0.139000,1,4.924597,0.865051,0.173885,-0.000500,0.002846,0.000578,0.000000,0.000000,0.000000
0.139000,2,7.908846,0.641889,0.000000,0.000000,-0.000000,0.000000,0.000000,0.000000,0.000000
0.139000,3,8.240444,2.157719,-0.000276,-0.007258,0.002237,-0.000472,0.000000,0.000000,0.000000
0.147000,1,4.924597,0.865047,0.173884,-0.000553,0.003150,0.000640,0.000000,0.000000,0.000000
0.147000,2,7.908846,0.641889,0.000000,0.000000,-0.000000,0.000000,0.000000,0.000000,0.000000
0.147000,3,8.240383,2.157700,-0.000280,-0.007407,0.002755,-0.000401,0.000000,0.000000,0.000000
0.156000,1,4.924597,0.865044,0.173884,-0.000573,0.003264,0.000663,0.000000,0.000000,0.000000
0.156000,2,7.908846,0.641889,0.000000,0.000000,-0.000000,0.000000,0.000000,0.000000,0.000000
0.156000,3,8.240314,2.157681,-0.000283,-0.007462,0.002947,-0.000375,0.000000,0.000000,0.000000
0.164000,1,4.924597,0.865041,0.173883,-0.000583,0.003318,0.000674,0.000000,0.000000,0.000000
0.164000,2,7.908846,0.641889,0.000000,0.000000,-0.000000,0.000000,0.000000,0.000000,0.000000
0.164000,3,8.240253,2.157666,-0.000286,-0.007487,0.003037,-0.000364,0.000000,0.000000,0.000000
0.172000,1,4.924597,0.865040,0.173883,-0.000590,0.003357,0.000682,0.000000,0.000000,0.000000
0.172000,2,7.908846,0.641889,0.000000,0.000000,-0.000000,0.000000,0.000000,0.000000,0.000000
0.172000,3,8.240192,2.157651,-0.000289,-0.007505,0.003103,-0.000356,0.000000,0.000000,0.000000
0.181000,1,4.924597,0.865038,0.173882,-0.000596,0.003394,0.000689,0.000000,0.000000,0.000000
0.181000,2,7.908846,0.641889,0.000000,0.000000,-0.000000,0.000000,0.000000,0.000000,0.000000
0.181000,3,8.240124,2.157635,-0.000292,-0.007521,0.003164,-0.000348,0.000000,0.000000,0.000000
0.189000,1,4.924597,0.865036,0.173882,-0.000601,0.003420,0.000695,0.000000,0.000000,0.000000
0.189000,2,7.908846,0.641889,0.000000,0.000000,-0.000000,0.000000,0.000000,0.000000,0.000000
0.189000,3,8.240063,2.157622,-0.000295,-0.007534,0.003209,-0.000343,0.000000,0.000000,0.000000
0.197000,1,4.924597,0.865035,0.173882,-0.000604,0.003441,0.000699,0.000000,0.000000,0.000000
0.197000,2,7.908846,0.641889,0.000000,0.000000,-0.000000,0.000000,0.000000,0.000000,0.000000
0.197000,3,8.240002,2.157609,-0.000298,-0.007543,0.003244,-0.000338,0.000000,0.000000,0.000000
0.204000,1,4.924597,0.865035,0.173882,-0.000608,0.003459,0.000702,0.000000,0.000000,0.000000
0.204000,2,7.908846,0.641889,0.000000,0.000000,-0.000000,0.000000,0.000000,0.000000,0.000000
0.204000,3,8.239948,2.157597,-0.000300,-0.007552,0.003275,-0.000335,0.000000,0.000000,0.000000
0.214000,1,4.924597,0.865034,0.173882,-0.000611,0.003481,0.000707,0.000000,0.000000,0.000000
0.214000,2,7.908846,0.641889,0.000000,0.000000,-0.000000,0.000000,0.000000,0.000000,0.000000
0.214000,3,8.239872,2.157580,-0.000303,-0.007561,0.003310,-0.000330,0.000000,0.000000,0.000000
0.221000,1,4.924597,0.865033,0.173881,-0.000613,0.003491,0.000709,0.000000,0.000000,0.000000
0.221000,2,7.908846,0.641889,0.000000,0.000000,-0.000000,0.000000,0.000000,0.000000,0.000000
0.221000,3,8.239819,2.157568,-0.000306,-0.007566,0.003327,-0.000328,0.000000,0.000000,0.000000
0.229000,1,4.924597,0.865033,0.173881,-0.000615,0.003500,0.000711,0.000000,0.000000,0.000000
0.229000,2,7.908846,0.641889,0.000000,0.000000,-0.000000,0.000000,0.000000,0.000000,0.000000
0.229000,3,8.239758,2.157555,-0.000308,-0.007570,0.003343,-0.000326,0.000000,0.000000,0.000000
0.237000,1,4.924597,0.865032,0.173881,-0.000617,0.003510,0.000713,0.000000,0.000000,0.000000
0.237000,2,7.908846,0.641889,0.000000,0.000000,-0.000000,0.000000,0.000000,0.000000,0.000000
0.237000,3,8.239697,2.157542,-0.000311,-0.007575,0.003360,-0.000324,0.000000,0.000000,0.000000
0.247000,1,4.924597,0.865032,0.173881,-0.000619,0.003522,0.000715,0.000000,0.000000,0.000000
0.247000,2,7.908846,0.641889,0.000000,0.000000,-0.000000,0.000000,0.000000,0.000000,0.000000
0.247000,3,8.239620,2.157528,-0.000314,-0.007580,0.003380,-0.000321,0.000000,0.000000,0.000000
0.254000,1,4.924597,0.865031,0.173881,-0.000620,0.003530,0.000717,0.000000,0.000000,0.000000
0.254000,2,7.908846,0.641889,0.000000,0.000000,-0.000000,0.000000,0.000000,0.000000,0.000000
0.254000,3,8.239567,2.157518,-0.000316,-0.007584,0.003393,-0.000320,0.000000,0.000000,0.000000
0.263000,1,4.924597,0.865031,0.173881,-0.000622,0.003539,0.000719,0.000000,0.000000,0.000000
0.263000,2,7.908846,0.641889,0.000000,0.000000,-0.000000,0.000000,0.000000,0.000000,0.000000
0.263000,3,8.239498,2.157505,-0.000319,-0.007588,0.003408,-0.000318,0.000000,0.000000,0.000000
0.271000,1,4.924597,0.865031,0.173881,-0.000622,0.003542,0.000719,0.000000,0.000000,0.000000
0.271000,2,7.908846,0.641889,0.000000,0.000000,-0.000000,0.000000,0.000000,0.000000,0.000000
0.271000,3,8.239437,2.157493,-0.000322,-0.007589,0.003413,-0.000317,0.000000,0.000000,0.000000
0.279000,1,4.924597,0.865031,0.173881,-0.000622,0.003542,0.000719,0.000000,0.000000,0.000000
0.279000,2,7.908846,0.641889,0.000000,0.000000,-0.000000,0.000000,0.000000,0.000000,0.000000
0.279000,3,8.239376,2.157482,-0.000324,-0.007590,0.003414,-0.000317,0.000000,0.000000,0.000000
0.288000,1,4.924597,0.865031,0.173881,-0.000622,0.003542,0.000719,0.000000,0.000000,0.000000
0.288000,2,7.908846,0.641889,0.000000,0.000000,-0.000000,0.000000,0.000000,0.000000,0.000000
0.288000,3,8.239307,2.157469,-0.000327,-0.007590,0.003414,-0.000317,0.000000,0.000000,0.000000
0.297000,1,4.924597,0.865031,0.173881,-0.000622,0.003542,0.000719,0.000000,0.000000,0.000000
0.297000,2,7.908846,0.641889,0.000000,0.000000,-0.000000,0.000000,0.000000,0.000000,0.000000
0.297000,3,8.239239,2.157456,-0.000330,-0.007590,0.003414,-0.000317,0.000000,0.000000,0.000000
0.305000,1,4.924597,0.865031,0.173881,-0.000622,0.003543,0.000719,0.000000,0.000000,0.000000
0.305000,2,7.908846,0.641889,0.000000,0.000000,-0.000000,0.000000,0.000000,0.000000,0.000000
0.305000,3,8.239178,2.157445,-0.000333,-0.007590,0.003414,-0.000317,0.000000,0.000000,0.000000
0.312000,1,4.924597,0.865031,0.173881,-0.000622,0.003543,0.000719,0.000000,0.000000,0.000000
0.312000,2,7.908846,0.641889,0.000000,0.000000,-0.000000,0.000000,0.000000,0.000000,0.000000
0.312000,3,8.239124,2.157435,-0.000335,-0.007590,0.003414,-0.000317,0.000000,0.000000,0.000000
0.321000,1,4.924597,0.865031,0.173881,-0.000622,0.003543,0.000719,0.000000,0.000000,0.000000
0.321000,2,7.908846,0.641889,0.000000,0.000000,-0.000000,0.000000,0.000000,0.000000,0.000000
0.321000,3,8.239056,2.157422,-0.000338,-0.007590,0.003415,-0.000317,0.000000,0.000000,0.000000
0.330000,1,4.924597,0.865031,0.173881,-0.000622,0.003543,0.000719,0.000000,0.000000,0.000000
0.330000,2,7.908846,0.641889,0.000000,0.000000,-0.000000,0.000000,0.000000,0.000000,0.000000
0.330000,3,8.238987,2.157409,-0.000341,-0.007590,0.003415,-0.000317,0.000000,0.000000,0.000000
0.337000,1,4.924597,0.865031,0.173881,-0.000622,0.003543,0.000719,0.000000,0.000000,0.000000
0.337000,2,7.908846,0.641889,0.000000,0.000000,-0.000000,0.000000,0.000000,0.000000,0.000000
0.337000,3,8.238934,2.157399,-0.000343,-0.007590,0.003415,-0.000317,0.000000,0.000000,0.000000
0.345000,1,4.924597,0.865031,0.173881,-0.000622,0.003543,0.000719,0.000000,0.000000,0.000000
0.345000,2,7.908846,0.641889,0.000000,0.000000,-0.000000,0.000000,0.000000,0.000000,0.000000
0.345000,3,8.238873,2.157387,-0.000345,-0.007590,0.003415,-0.000317,0.000000,0.000000,0.000000
0.354000,1,4.924597,0.865031,0.173881,-0.000622,0.003543,0.000719,0.000000,0.000000,0.000000
0.354000,2,7.908846,0.641889,0.000000,0.000000,-0.000000,0.000000,0.000000,0.000000,0.000000
0.354000,3,8.238804,2.157375,-0.000348,-0.007590,0.003415,-0.000317,0.000000,0.000000,0.000000
0.362000,1,4.924597,0.865031,0.173881,-0.000622,0.003543,0.000719,0.000000,0.000000,0.000000
0.362000,2,7.908846,0.641889,0.000000,0.000000,-0.000000,0.000000,0.000000,0.000000,0.000000
0.362000,3,8.238743,2.157363,-0.000351,-0.007590,0.003415,-0.000317,0.000000,0.000000,0.000000
0.370000,1,4.924597,0.865031,0.173881,-0.000622,0.003543,0.000719,0.000000,0.000000,0.000000
0.370000,2,7.908846,0.641889,0.000000,0.000000,-0.000000,0.000000,0.000000,0.000000,0.000000
0.370000,3,8.238682,2.157352,-0.000353,-0.007590,0.003416,-0.000317,0.000000,0.000000,0.000000
0.378000,1,4.924597,0.865031,0.173881,-0.000622,0.003543,0.000719,0.000000,0.000000,0.000000
0.378000,2,7.908846,0.641889,0.000000,0.000000,-0.000000,0.000000,0.000000,0.000000,0.000000
0.378000,3,8.238621,2.157340,-0.000356,-0.007590,0.003416,-0.000317,0.000000,0.000000,0.000000
0.387000,1,4.924597,0.865031,0.173881,-0.000622,0.003543,0.000719,0.000000,0.000000,0.000000
0.387000,2,7.908846,0.641889,0.000000,0.000000,-0.000000,0.000000,0.000000,0.000000,0.000000
0.387000,3,8.238552,2.157327,-0.000359,-0.007590,0.003416,-0.000317,0.000000,0.000000,0.000000
0.396000,1,4.924597,0.865031,0.173881,-0.000622,0.003543,0.000720,0.000000,0.000000,0.000000
0.396000,2,7.908846,0.641889,0.000000,0.000000,-0.000000,0.000000,0.000000,0.000000,0.000000
0.396000,3,8.238483,2.157315,-0.000361,-0.007590,0.003416,-0.000317,0.000000,0.000000,0.000000
0.404000,1,4.924597,0.865031,0.173881,-0.000622,0.003543,0.000720,0.000000,0.000000,0.000000
0.404000,2,7.908846,0.641889,0.000000,0.000000,-0.000000,0.000000,0.000000,0.000000,0.000000
0.404000,3,8.238422,2.157303,-0.000364,-0.007590,0.003416,-0.000317,0.000000,0.000000,0.000000
0.412000,1,4.924597,0.865031,0.173881,-0.000622,0.003543,0.000720,0.000000,0.000000,0.000000
0.412000,2,7.908846,0.641889,0.000000,0.000000,-0.000000,0.000000,0.000000,0.000000,0.000000
0.412000,3,8.238361,2.157292,-0.000367,-0.007590,0.003416,-0.000317,0.000000,0.000000,0.000000
0.421000,1,4.924597,0.865031,0.173881,-0.000622,0.003543,0.000720,0.000000,0.000000,0.000000
0.421000,2,7.908846,0.641889,0.000000,0.000000,-0.000000,0.000000,0.000000,0.000000,0.000000
0.421000,3,8.238293,2.157279,-0.000369,-0.007590,0.003416,-0.000317,0.000000,0.000000,0.000000
0.429000,1,4.924597,0.865031,0.173881,-0.000622,0.003544,0.000720,0.000000,0.000000,0.000000
0.429000,2,7.908846,0.641889,0.000000,0.000000,-0.000000,0.000000,0.000000,0.000000,0.000000
0.429000,3,8.238232,2.157267,-0.000372,-0.007590,0.003417,-0.000317,0.000000,0.000000,0.000000
0.437000,1,4.924597,0.865031,0.173881,-0.000622,0.003544,0.000720,0.000000,0.000000,0.000000
0.437000,2,7.908846,0.641889,0.000000,0.000000,-0.000000,0.000000,0.000000,0.000000,0.000000
0.437000,3,8.238171,2.157256,-0.000374,-0.007590,0.003417,-0.000317,0.000000,0.000000,0.000000
0.446000,1,4.924597,0.865031,0.173881,-0.000622,0.003544,0.000720,0.000000,0.000000,0.000000
0.446000,2,7.908846,0.641889,0.000000,0.000000,-0.000000,0.000000,0.000000,0.000000,0.000000
0.446000,3,8.238102,2.157243,-0.000377,-0.007590,0.003417,-0.000317,0.000000,0.000000,0.000000
0.454000,1,4.924597,0.865031,0.173881,-0.000622,0.003544,0.000720,0.000000,0.000000,0.000000
0.454000,2,7.908846,0.641889,0.000000,0.000000,-0.000000,0.000000,0.000000,0.000000,0.000000
0.454000,3,8.238041,2.157232,-0.000380,-0.007591,0.003417,-0.000317,0.000000,0.000000,0.000000
0.462000,1,4.924597,0.865031,0.173881,-0.000622,0.003544,0.000720,0.000000,0.000000,0.000000
0.462000,2,7.908846,0.641889,0.000000,0.000000,-0.000000,0.000000,0.000000,0.000000,0.000000
0.462000,3,8.237980,2.157220,-0.000382,-0.007591,0.003417,-0.000317,0.000000,0.000000,0.000000
0.470000,1,4.924597,0.865031,0.173881,-0.000623,0.003544,0.000720,0.000000,0.000000,0.000000
0.470000,2,7.908846,0.641889,0.000000,0.000000,-0.000000,0.000000,0.000000,0.000000,0.000000
0.470000,3,8.237919,2.157209,-0.000385,-0.007591,0.003417,-0.000317,0.000000,0.000000,0.000000
0.479000,1,4.924597,0.865031,0.173881,-0.000623,0.003544,0.000720,0.000000,0.000000,0.000000
0.479000,2,7.908846,0.641889,0.000000,0.000000,-0.000000,0.000000,0.000000,0.000000,0.000000
0.479000,3,8.237850,2.157196,-0.000388,-0.007591,0.003417,-0.000317,0.000000,0.000000,0.000000
0.487000,1,4.924597,0.865031,0.173881,-0.000623,0.003544,0.000720,0.000000,0.000000,0.000000
0.487000,2,7.908846,0.641889,0.000000,0.000000,-0.000000,0.000000,0.000000,0.000000,0.000000
0.487000,3,8.237789,2.157184,-0.000390,-0.007591,0.003418,-0.000317,0.000000,0.000000,0.000000
0.495000,1,4.924597,0.865031,0.173881,-0.000623,0.003544,0.000720,0.000000,0.000000,0.000000
0.495000,2,7.908846,0.641889,0.000000,0.000000,-0.000000,0.000000,0.000000,0.000000,0.000000
0.495000,3,8.237728,2.157173,-0.000393,-0.007591,0.003418,-0.000317,0.000000,0.000000,0.000000
0.504000,1,4.924597,0.865031,0.173881,-0.000623,0.003544,0.000720,0.000000,0.000000,0.000000
0.504000,2,7.908846,0.641889,0.000000,0.000000,-0.000000,0.000000,0.000000,0.000000,0.000000
0.504000,3,8.237659,2.157160,-0.000396,-0.007591,0.003418,-0.000316,0.000000,0.000000,0.000000
0.512000,1,4.924597,0.865031,0.173881,-0.000623,0.003544,0.000720,0.000000,0.000000,0.000000
0.512000,2,7.908846,0.641889,0.000000,0.000000,-0.000000,0.000000,0.000000,0.000000,0.000000
0.512000,3,8.237598,2.157149,-0.000398,-0.007591,0.003418,-0.000316,0.000000,0.000000,0.000000
0.521000,1,4.924597,0.865031,0.173881,-0.000623,0.003544,0.000720,0.000000,0.000000,0.000000
0.521000,2,7.908846,0.641889,0.000000,0.000000,-0.000000,0.000000,0.000000,0.000000,0.000000
0.521000,3,8.237530,2.157136,-0.000401,-0.007591,0.003418,-0.000316,0.000000,0.000000,0.000000
0.529000,1,4.924597,0.865031,0.173881,-0.000623,0.003544,0.000720,0.000000,0.000000,0.000000
0.529000,2,7.908846,0.641889,0.000000,0.000000,-0.000000,0.000000,0.000000,0.000000,0.000000
0.529000,3,8.237469,2.157124,-0.000404,-0.007591,0.003418,-0.000316,0.000000,0.000000,0.000000
0.537000,1,4.924597,0.865031,0.173881,-0.000623,0.003544,0.000720,0.000000,0.000000,0.000000
0.537000,2,7.908846,0.641889,0.000000,0.000000,-0.000000,0.000000,0.000000,0.000000,0.000000
0.537000,3,8.237408,2.157113,-0.000406,-0.007591,0.003419,-0.000316,0.000000,0.000000,0.000000
0.546000,1,4.924597,0.865031,0.173881,-0.000623,0.003544,0.000720,0.000000,0.000000,0.000000
0.546000,2,7.908846,0.641889,0.000000,0.000000,-0.000000,0.000000,0.000000,0.000000,0.000000
0.546000,3,8.237339,2.157100,-0.000409,-0.007591,0.003419,-0.000316,0.000000,0.000000,0.000000
0.554000,1,4.924597,0.865031,0.173881,-0.000623,0.003545,0.000720,0.000000,0.000000,0.000000
0.554000,2,7.908846,0.641889,0.000000,0.000000,-0.000000,0.000000,0.000000,0.000000,0.000000
0.554000,3,8.237278,2.157089,-0.000412,-0.007591,0.003419,-0.000316,0.000000,0.000000,0.000000
0.562000,1,4.924597,0.865031,0.173881,-0.000623,0.003545,0.000720,0.000000,0.000000,0.000000
0.562000,2,7.908846,0.641889,0.000000,0.000000,-0.000000,0.000000,0.000000,0.000000,0.000000
0.562000,3,8.237217,2.157077,-0.000414,-0.007591,0.003419,-0.000316,0.000000,0.000000,0.000000
0.572000,1,4.924597,0.865031,0.173881,-0.000623,0.003545,0.000720,0.000000,0.000000,0.000000
0.572000,2,7.908846,0.641889,0.000000,0.000000,-0.000000,0.000000,0.000000,0.000000,0.000000
0.572000,3,8.237141,2.157063,-0.000417,-0.007591,0.003419,-0.000316,0.000000,0.000000,0.000000
0.580000,1,4.924597,0.865031,0.173881,-0.000623,0.003545,0.000720,0.000000,0.000000,0.000000
0.580000,2,7.908846,0.641889,0.000000,0.000000,-0.000000,0.000000,0.000000,0.000000,0.000000
0.580000,3,8.237080,2.157051,-0.000420,-0.007591,0.003419,-0.000316,0.000000,0.000000,0.000000
0.587000,1,4.924597,0.865031,0.173881,-0.000623,0.003545,0.000720,0.000000,0.000000,0.000000
0.587000,2,7.908846,0.641889,0.000000,0.000000,-0.000000,0.000000,0.000000,0.000000,0.000000
0.587000,3,8.237026,2.157041,-0.000422,-0.007591,0.003419,-0.000316,0.000000,0.000000,0.000000
0.595000,1,4.924597,0.865031,0.173881,-0.000623,0.003545,0.000720,0.000000,0.000000,0.000000
0.595000,2,7.908846,0.641889,0.000000,0.000000,-0.000000,0.000000,0.000000,0.000000,0.000000
0.595000,3,8.236965,2.157030,-0.000424,-0.007591,0.003420,-0.000316,0.000000,0.000000,0.000000
0.604000,1,4.924597,0.865031,0.173881,-0.000623,0.003545,0.000720,0.000000,0.000000,0.000000
0.604000,2,7.908846,0.641889,0.000000,0.000000,-0.000000,0.000000,0.000000,0.000000,0.000000
0.604000,3,8.236897,2.157017,-0.000427,-0.007591,0.003420,-0.000316,0.000000,0.000000,0.000000
0.612000,1,4.924597,0.865031,0.173881,-0.000623,0.003545,0.000720,0.000000,0.000000,0.000000
0.612000,2,7.908846,0.641889,0.000000,0.000000,-0.000000,0.000000,0.000000,0.000000,0.000000
0.612000,3,8.236835,2.157006,-0.000430,-0.007591,0.003420,-0.000316,0.000000,0.000000,0.000000
0.621000,1,4.924597,0.865031,0.173881,-0.000623,0.003545,0.000720,0.000000,0.000000,0.000000
0.621000,2,7.908846,0.641889,0.000000,0.000000,-0.000000,0.000000,0.000000,0.000000,0.000000
0.621000,3,8.236767,2.156993,-0.000433,-0.007591,0.003420,-0.000316,0.000000,0.000000,0.000000
0.629000,1,4.924597,0.865031,0.173881,-0.000623,0.003545,0.000720,0.000000,0.000000,0.000000
0.629000,2,7.908846,0.641889,0.000000,0.000000,-0.000000,0.000000,0.000000,0.000000,0.000000
0.629000,3,8.236706,2.156981,-0.000435,-0.007591,0.003420,-0.000316,0.000000,0.000000,0.000000
0.637000,1,4.924597,0.865031,0.173881,-0.000623,0.003545,0.000720,0.000000,0.000000,0.000000
0.637000,2,7.908846,0.641889,0.000000,0.000000,-0.000000,0.000000,0.000000,0.000000,0.000000
0.637000,3,8.236645,2.156970,-0.000438,-0.007591,0.003420,-0.000316,0.000000,0.000000,0.000000
0.646000,1,4.924597,0.865031,0.173881,-0.000623,0.003545,0.000720,0.000000,0.000000,0.000000
0.646000,2,7.908846,0.641889,0.000000,0.000000,-0.000000,0.000000,0.000000,0.000000,0.000000
0.646000,3,8.236576,2.156957,-0.000441,-0.007591,0.003421,-0.000316,0.000000,0.000000,0.000000
0.654000,1,4.924597,0.865031,0.173881,-0.000623,0.003545,0.000720,0.000000,0.000000,0.000000
0.654000,2,7.908846,0.641889,0.000000,0.000000,-0.000000,0.000000,0.000000,0.000000,0.000000
0.654000,3,8.236515,2.156945,-0.000443,-0.007591,0.003421,-0.000316,0.000000,0.000000,0.000000
0.662000,1,4.924597,0.865031,0.173881,-0.000623,0.003545,0.000720,0.000000,0.000000,0.000000
0.662000,2,7.908846,0.641889,0.000000,0.000000,-0.000000,0.000000,0.000000,0.000000,0.000000
0.662000,3,8.236454,2.156934,-0.000446,-0.007592,0.003421,-0.000316,0.000000,0.000000,0.000000
0.671000,1,4.924597,0.865031,0.173881,-0.000623,0.003545,0.000720,0.000000,0.000000,0.000000
0.671000,2,7.908846,0.641889,0.000000,0.000000,-0.000000,0.000000,0.000000,0.000000,0.000000
0.671000,3,8.236385,2.156921,-0.000448,-0.007592,0.003421,-0.000316,0.000000,0.000000,0.000000
0.679000,1,4.924597,0.865031,0.173881,-0.000623,0.003546,0.000720,0.000000,0.000000,0.000000
0.679000,2,7.908846,0.641889,0.000000,0.000000,-0.000000,0.000000,0.000000,0.000000,0.000000
0.679000,3,8.236324,2.156910,-0.000451,-0.007592,0.003421,-0.000316,0.000000,0.000000,0.000000
0.687000,1,4.924597,0.865031,0.173881,-0.000623,0.003546,0.000720,0.000000,0.000000,0.000000
0.687000,2,7.908846,0.641889,0.000000,0.000000,-0.000000,0.000000,0.000000,0.000000,0.000000
0.687000,3,8.236263,2.156898,-0.000454,-0.007592,0.003421,-0.000316,0.000000,0.000000,0.000000
0.695000,1,4.924597,0.865031,0.173881,-0.000623,0.003546,0.000720,0.000000,0.000000,0.000000
0.695000,2,7.908846,0.641889,0.000000,0.000000,-0.000000,0.000000,0.000000,0.000000,0.000000
0.695000,3,8.236202,2.156887,-0.000456,-0.007592,0.003421,-0.000316,0.000000,0.000000,0.000000
0.703000,1,4.924597,0.865031,0.173881,-0.000623,0.003546,0.000720,0.000000,0.000000,0.000000
0.703000,2,7.908846,0.641889,0.000000,0.000000,-0.000000,0.000000,0.000000,0.000000,0.000000
0.703000,3,8.236141,2.156875,-0.000459,-0.007592,0.003422,-0.000316,0.000000,0.000000,0.000000
0.712000,1,4.924597,0.865031,0.173881,-0.000623,0.003546,0.000720,0.000000,0.000000,0.000000
0.712000,2,7.908846,0.641889,0.000000,0.000000,-0.000000,0.000000,0.000000,0.000000,0.000000
0.712000,3,8.236073,2.156862,-0.000461,-0.007592,0.003422,-0.000316,0.000000,0.000000,0.000000
0.720000,1,4.924597,0.865031,0.173881,-0.000623,0.003546,0.000720,0.000000,0.000000,0.000000
0.720000,2,7.908846,0.641889,0.000000,0.000000,-0.000000,0.000000,0.000000,0.000000,0.000000
0.720000,3,8.236012,2.156851,-0.000464,-0.007592,0.003422,-0.000316,0.000000,0.000000,0.000000
0.729000,1,4.924597,0.865031,0.173881,-0.000623,0.003546,0.000720,0.000000,0.000000,0.000000
0.729000,2,7.908846,0.641889,0.000000,0.000000,-0.000000,0.000000,0.000000,0.000000,0.000000
0.729000,3,8.235943,2.156838,-0.000467,-0.007592,0.003422,-0.000316,0.000000,0.000000,0.000000
0.737000,1,4.924597,0.865031,0.173881,-0.000623,0.003546,0.000720,0.000000,0.000000,0.000000
0.737000,2,7.908846,0.641889,0.000000,0.000000,-0.000000,0.000000,0.000000,0.000000,0.000000
0.737000,3,8.235882,2.156827,-0.000469,-0.007592,0.003422,-0.000316,0.000000,0.000000,0.000000
0.746000,1,4.924597,0.865031,0.173881,-0.000623,0.003546,0.000720,0.000000,0.000000,0.000000
0.746000,2,7.908846,0.641889,0.000000,0.000000,-0.000000,0.000000,0.000000,0.000000,0.000000
0.746000,3,8.235813,2.156814,-0.000472,-0.007592,0.003422,-0.000316,0.000000,0.000000,0.000000
0.754000,1,4.924597,0.865031,0.173881,-0.000623,0.003546,0.000720,0.000000,0.000000,0.000000
0.754000,2,7.908846,0.641889,0.000000,0.000000,-0.000000,0.000000,0.000000,0.000000,0.000000
0.754000,3,8.235752,2.156802,-0.000475,-0.007592,0.003423,-0.000316,0.000000,0.000000,0.000000
0.763000,1,4.924597,0.865031,0.173881,-0.000623,0.003546,0.000720,0.000000,0.000000,0.000000
0.763000,2,7.908846,0.641889,0.000000,0.000000,-0.000000,0.000000,0.000000,0.000000,0.000000
0.763000,3,8.235683,2.156790,-0.000478,-0.007592,0.003423,-0.000316,0.000000,0.000000,0.000000
0.771000,1,4.924597,0.865031,0.173881,-0.000623,0.003546,0.000720,0.000000,0.000000,0.000000
0.771000,2,7.908846,0.641889,0.000000,0.000000,-0.000000,0.000000,0.000000,0.000000,0.000000
0.771000,3,8.235622,2.156778,-0.000480,-0.007592,0.003423,-0.000316,0.000000,0.000000,0.000000
0.779000,1,4.924597,0.865031,0.173881,-0.000623,0.003546,0.000720,0.000000,0.000000,0.000000
0.779000,2,7.908846,0.641889,0.000000,0.000000,-0.000000,0.000000,0.000000,0.000000,0.000000
0.779000,3,8.235561,2.156767,-0.000483,-0.007592,0.003423,-0.000316,0.000000,0.000000,0.000000
0.788000,1,4.924597,0.865031,0.173881,-0.000623,0.003546,0.000720,0.000000,0.000000,0.000000
0.788000,2,7.908846,0.641889,0.000000,0.000000,-0.000000,0.000000,0.000000,0.000000,0.000000
0.788000,3,8.235493,2.156754,-0.000485,-0.007592,0.003423,-0.000316,0.000000,0.000000,0.000000
0.796000,1,4.924597,0.865031,0.173881,-0.000623,0.003546,0.000720,0.000000,0.000000,0.000000
0.796000,2,7.908846,0.641889,0.000000,0.000000,-0.000000,0.000000,0.000000,0.000000,0.000000
0.796000,3,8.235432,2.156742,-0.000488,-0.007592,0.003423,-0.000316,0.000000,0.000000,0.000000
0.804000,1,4.924597,0.865031,0.173881,-0.000623,0.003547,0.000720,0.000000,0.000000,0.000000
0.804000,2,7.908846,0.641889,0.000000,0.000000,-0.000000,0.000000,0.000000,0.000000,0.000000
0.804000,3,8.235371,2.156731,-0.000490,-0.007592,0.003423,-0.000316,0.000000,0.000000,0.000000
0.812000,1,4.924597,0.865031,0.173881,-0.000623,0.003547,0.000720,0.000000,0.000000,0.000000
0.812000,2,7.908846,0.641889,0.000000,0.000000,-0.000000,0.000000,0.000000,0.000000,0.000000
0.812000,3,8.235310,2.156719,-0.000493,-0.007592,0.003424,-0.000316,0.000000,0.000000,0.000000
0.821000,1,4.924597,0.865031,0.173881,-0.000623,0.003547,0.000720,0.000000,0.000000,0.000000
0.821000,2,7.908846,0.641889,0.000000,0.000000,-0.000000,0.000000,0.000000,0.000000,0.000000
0.821000,3,8.235241,2.156707,-0.000496,-0.007592,0.003424,-0.000315,0.000000,0.000000,0.000000
0.830000,1,4.924597,0.865031,0.173881,-0.000623,0.003547,0.000720,0.000000,0.000000,0.000000
0.830000,2,7.908846,0.641889,0.000000,0.000000,-0.000000,0.000000,0.000000,0.000000,0.000000
0.830000,3,8.235172,2.156694,-0.000499,-0.007592,0.003424,-0.000315,0.000000,0.000000,0.000000
0.838000,1,4.924597,0.865031,0.173881,-0.000623,0.003547,0.000720,0.000000,0.000000,0.000000
0.838000,2,7.908846,0.641889,0.000000,0.000000,-0.000000,0.000000,0.000000,0.000000,0.000000
0.838000,3,8.235111,2.156682,-0.000501,-0.007592,0.003424,-0.000315,0.000000,0.000000,0.000000
0.846000,1,4.924597,0.865031,0.173881,-0.000623,0.003547,0.000720,0.000000,0.000000,0.000000
0.846000,2,7.908846,0.641889,0.000000,0.000000,-0.000000,0.000000,0.000000,0.000000,0.000000
0.846000,3,8.235050,2.156671,-0.000504,-0.007592,0.003424,-0.000315,0.000000,0.000000,0.000000
0.854000,1,4.924597,0.865031,0.173881,-0.000623,0.003546,0.000720,0.000000,0.000000,0.000000
0.854000,2,7.908846,0.641889,0.000000,0.000000,-0.000000,0.000000,0.000000,0.000000,0.000000
0.854000,3,8.234989,2.156659,-0.000506,-0.007592,0.003422,-0.000316,0.000000,0.000000,0.000000
0.862000,1,4.924597,0.865031,0.173881,-0.000623,0.003545,0.000720,0.000000,0.000000,0.000000
0.862000,2,7.908846,0.641889,0.000000,0.000000,-0.000000,0.000000,0.000000,0.000000,0.000000
0.862000,3,8.234928,2.156648,-0.000509,-0.007592,0.003421,-0.000316,0.000000,0.000000,0.000000
0.871000,1,4.924597,0.865031,0.173881,-0.000623,0.003545,0.000720,0.000000,0.000000,0.000000
0.871000,2,7.908846,0.641889,0.000000,0.000000,-0.000000,0.000000,0.000000,0.000000,0.000000
0.871000,3,8.234859,2.156635,-0.000512,-0.007592,0.003421,-0.000316,0.000000,0.000000,0.000000
0.880000,1,4.924597,0.865031,0.173881,-0.000623,0.003545,0.000720,0.000000,0.000000,0.000000
0.880000,2,7.908846,0.641889,0.000000,0.000000,-0.000000,0.000000,0.000000,0.000000,0.000000
0.880000,3,8.234791,2.156622,-0.000514,-0.007592,0.003422,-0.000316,0.000000,0.000000,0.000000
0.888000,1,4.924597,0.865031,0.173881,-0.000623,0.003545,0.000720,0.000000,0.000000,0.000000
0.888000,2,7.908846,0.641889,0.000000,0.000000,-0.000000,0.000000,0.000000,0.000000,0.000000
0.888000,3,8.234730,2.156611,-0.000517,-0.007592,0.003422,-0.000316,0.000000,0.000000,0.000000
0.896000,1,4.924597,0.865031,0.173881,-0.000623,0.003545,0.000720,0.000000,0.000000,0.000000
0.896000,2,7.908846,0.641889,0.000000,0.000000,-0.000000,0.000000,0.000000,0.000000,0.000000
0.896000,3,8.234669,2.156599,-0.000520,-0.007592,0.003422,-0.000316,0.000000,0.000000,0.000000
0.905000,1,4.924597,0.865031,0.173881,-0.000623,0.003545,0.000720,0.000000,0.000000,0.000000
0.905000,2,7.908846,0.641889,0.000000,0.000000,-0.000000,0.000000,0.000000,0.000000,0.000000
0.905000,3,8.234600,2.156586,-0.000522,-0.007592,0.003422,-0.000316,0.000000,0.000000,0.000000
0.913000,1,4.924597,0.865031,0.173881,-0.000623,0.003545,0.000720,0.000000,0.000000,0.000000
0.913000,2,7.908846,0.641889,0.000000,0.000000,-0.000000,0.000000,0.000000,0.000000,0.000000
0.913000,3,8.234539,2.156575,-0.000525,-0.007592,0.003422,-0.000316,0.000000,0.000000,0.000000
0.921000,1,4.924597,0.865031,0.173881,-0.000623,0.003546,0.000720,0.000000,0.000000,0.000000
0.921000,2,7.908846,0.641889,0.000000,0.000000,-0.000000,0.000000,0.000000,0.000000,0.000000
0.921000,3,8.234478,2.156564,-0.000527,-0.007592,0.003422,-0.000316,0.000000,0.000000,0.000000
0.929000,1,4.924597,0.865031,0.173881,-0.000623,0.003546,0.000720,0.000000,0.000000,0.000000
0.929000,2,7.908846,0.641889,0.000000,0.000000,-0.000000,0.000000,0.000000,0.000000,0.000000
0.929000,3,8.234417,2.156552,-0.000530,-0.007592,0.003422,-0.000316,0.000000,0.000000,0.000000
0.937000,1,4.924597,0.865031,0.173881,-0.000623,0.003546,0.000720,0.000000,0.000000,0.000000
0.937000,2,7.908846,0.641889,0.000000,0.000000,-0.000000,0.000000,0.000000,0.000000,0.000000
0.937000,3,8.234356,2.156541,-0.000532,-0.007592,0.003423,-0.000316,0.000000,0.000000,0.000000
0.946000,1,4.924597,0.865031,0.173881,-0.000623,0.003546,0.000720,0.000000,0.000000,0.000000
0.946000,2,7.908846,0.641889,0.000000,0.000000,-0.000000,0.000000,0.000000,0.000000,0.000000
0.946000,3,8.234287,2.156528,-0.000535,-0.007592,0.003423,-0.000315,0.000000,0.000000,0.000000
0.954000,1,4.924597,0.865031,0.173881,-0.000623,0.003546,0.000720,0.000000,0.000000,0.000000
0.954000,2,7.908846,0.641889,0.000000,0.000000,-0.000000,0.000000,0.000000,0.000000,0.000000
0.954000,3,8.234226,2.156516,-0.000538,-0.007592,0.003423,-0.000315,0.000000,0.000000,0.000000
0.963000,1,4.924597,0.865031,0.173881,-0.000623,0.003546,0.000720,0.000000,0.000000,0.000000
0.963000,2,7.908846,0.641889,0.000000,0.000000,-0.000000,0.000000,0.000000,0.000000,0.000000
0.963000,3,8.234158,2.156503,-0.000541,-0.007592,0.003423,-0.000315,0.000000,0.000000,0.000000
0.971000,1,4.924597,0.865031,0.173881,-0.000623,0.003546,0.000720,0.000000,0.000000,0.000000
0.971000,2,7.908846,0.641889,0.000000,0.000000,-0.000000,0.000000,0.000000,0.000000,0.000000
0.971000,3,8.234097,2.156492,-0.000543,-0.007592,0.003423,-0.000315,0.000000,0.000000,0.000000
0.979000,1,4.924597,0.865031,0.173881,-0.000623,0.003546,0.000720,0.000000,0.000000,0.000000
0.979000,2,7.908846,0.641889,0.000000,0.000000,-0.000000,0.000000,0.000000,0.000000,0.000000
0.979000,3,8.234035,2.156481,-0.000546,-0.007592,0.003423,-0.000315,0.000000,0.000000,0.000000
0.987000,1,4.924597,0.865031,0.173881,-0.000623,0.003546,0.000720,0.000000,0.000000,0.000000
0.987000,2,7.908846,0.641889,0.000000,0.000000,-0.000000,0.000000,0.000000,0.000000,0.000000
0.987000,3,8.233974,2.156469,-0.000548,-0.007592,0.003424,-0.000315,0.000000,0.000000,0.000000
0.996000,1,4.924597,0.865031,0.173881,-0.000623,0.003546,0.000720,0.000000,0.000000,0.000000
0.996000,2,7.908846,0.641889,0.000000,0.000000,-0.000000,0.000000,0.000000,0.000000,0.000000
0.996000,3,8.233906,2.156456,-0.000551,-0.007592,0.003424,-0.000315,0.000000,0.000000,0.000000
1.004000,1,4.924597,0.865031,0.173881,-0.000623,0.003546,0.000720,0.000000,0.000000,0.000000
1.004000,2,7.908846,0.641889,0.000000,0.000000,-0.000000,0.000000,0.000000,0.000000,0.000000
1.004000,3,8.233845,2.156445,-0.000554,-0.007592,0.003424,-0.000315,0.000000,0.000000,0.000000
1.012000,1,4.924597,0.865031,0.173881,-0.000623,0.003546,0.000720,0.000000,0.000000,0.000000
1.012000,2,7.908846,0.641889,0.000000,0.000000,-0.000000,0.000000,0.000000,0.000000,0.000000
1.012000,3,8.233784,2.156433,-0.000556,-0.007592,0.003424,-0.000315,0.000000,0.000000,0.000000
1.020000,1,4.924597,0.865031,0.173881,-0.000623,0.003546,0.000720,0.000000,0.000000,0.000000
1.020000,2,7.908846,0.641889,0.000000,0.000000,-0.000000,0.000000,0.000000,0.000000,0.000000
1.020000,3,8.233723,2.156422,-0.000559,-0.007592,0.003424,-0.000315,0.000000,0.000000,0.000000
1.028000,1,4.924597,0.865031,0.173881,-0.000623,0.003546,0.000720,0.000000,0.000000,0.000000
1.028000,2,7.908846,0.641889,0.000000,0.000000,-0.000000,0.000000,0.000000,0.000000,0.000000
1.028000,3,8.233662,2.156410,-0.000561,-0.007592,0.003424,-0.000315,0.000000,0.000000,0.000000
1.036000,1,4.924597,0.865031,0.173881,-0.000623,0.003546,0.000720,0.000000,0.000000,0.000000
1.036000,2,7.908846,0.641889,0.000000,0.000000,-0.000000,0.000000,0.000000,0.000000,0.000000
1.036000,3,8.233601,2.156399,-0.000564,-0.007592,0.003424,-0.000315,0.000000,0.000000,0.000000
1.045000,1,4.924597,0.865031,0.173881,-0.000623,0.003547,0.000720,0.000000,0.000000,0.000000
1.045000,2,7.908846,0.641889,0.000000,0.000000,-0.000000,0.000000,0.000000,0.000000,0.000000
1.045000,3,8.233532,2.156386,-0.000567,-0.007592,0.003425,-0.000315,0.000000,0.000000,0.000000
1.054000,1,4.924597,0.865031,0.173881,-0.000623,0.003547,0.000720,0.000000,0.000000,0.000000
1.054000,2,7.908846,0.641889,0.000000,0.000000,-0.000000,0.000000,0.000000,0.000000,0.000000
1.054000,3,8.233463,2.156373,-0.000569,-0.007593,0.003425,-0.000315,0.000000,0.000000,0.000000
1.062000,1,4.924597,0.865031,0.173881,-0.000623,0.003547,0.000720,0.000000,0.000000,0.000000
1.062000,2,7.908846,0.641889,0.000000,0.000000,-0.000000,0.000000,0.000000,0.000000,0.000000
1.062000,3,8.233402,2.156362,-0.000572,-0.007593,0.003425,-0.000315,0.000000,0.000000,0.000000
1.070000,1,4.924597,0.865031,0.173881,-0.000623,0.003547,0.000720,0.000000,0.000000,0.000000
1.070000,2,7.908846,0.641889,0.000000,0.000000,-0.000000,0.000000,0.000000,0.000000,0.000000
1.070000,3,8.233341,2.156350,-0.000574,-0.007593,0.003425,-0.000315,0.000000,0.000000,0.000000
1.078000,1,4.924597,0.865031,0.173881,-0.000623,0.003547,0.000720,0.000000,0.000000,0.000000
1.078000,2,7.908846,0.641889,0.000000,0.000000,-0.000000,0.000000,0.000000,0.000000,0.000000
1.078000,3,8.233280,2.156339,-0.000577,-0.007593,0.003425,-0.000315,0.000000,0.000000,0.000000
1.086000,1,4.924597,0.865031,0.173881,-0.000623,0.003547,0.000720,0.000000,0.000000,0.000000
1.086000,2,7.908846,0.641889,0.000000,0.000000,-0.000000,0.000000,0.000000,0.000000,0.000000
1.086000,3,8.233219,2.156327,-0.000579,-0.007593,0.003425,-0.000315,0.000000,0.000000,0.000000
1.095000,1,4.924597,0.865031,0.173881,-0.000623,0.003547,0.000720,0.000000,0.000000,0.000000
1.095000,2,7.908846,0.641889,0.000000,0.000000,-0.000000,0.000000,0.000000,0.000000,0.000000
1.095000,3,8.233150,2.156315,-0.000582,-0.007593,0.003426,-0.000315,0.000000,0.000000,0.000000
1.103000,1,4.924597,0.865031,0.173881,-0.000623,0.003547,0.000720,0.000000,0.000000,0.000000
1.103000,2,7.908846,0.641889,0.000000,0.000000,-0.000000,0.000000,0.000000,0.000000,0.000000
1.103000,3,8.233089,2.156303,-0.000585,-0.007593,0.003426,-0.000315,0.000000,0.000000,0.000000
1.112000,1,4.924597,0.865031,0.173881,-0.000623,0.003547,0.000720,0.000000,0.000000,0.000000
1.112000,2,7.908846,0.641889,0.000000,0.000000,-0.000000,0.000000,0.000000,0.000000,0.000000
1.112000,3,8.233021,2.156290,-0.000588,-0.007593,0.003426,-0.000315,0.000000,0.000000,0.000000
1.120000,1,4.924597,0.865031,0.173881,-0.000623,0.003547,0.000720,0.000000,0.000000,0.000000
1.120000,2,7.908846,0.641889,0.000000,0.000000,-0.000000,0.000000,0.000000,0.000000,0.000000
1.120000,3,8.232960,2.156279,-0.000590,-0.007593,0.003426,-0.000315,0.000000,0.000000,0.000000
1.128000,1,4.924597,0.865031,0.173881,-0.000623,0.003547,0.000720,0.000000,0.000000,0.000000
1.128000,2,7.908846,0.641889,0.000000,0.000000,-0.000000,0.000000,0.000000,0.000000,0.000000
1.128000,3,8.232899,2.156267,-0.000593,-0.007593,0.003426,-0.000315,0.000000,0.000000,0.000000
1.136000,1,4.924597,0.865031,0.173881,-0.000623,0.003547,0.000720,0.000000,0.000000,0.000000
1.136000,2,7.908846,0.641889,0.000000,0.000000,-0.000000,0.000000,0.000000,0.000000,0.000000
1.136000,3,8.232838,2.156256,-0.000595,-0.007593,0.003426,-0.000315,0.000000,0.000000,0.000000
1.145000,1,4.924597,0.865031,0.173881,-0.000623,0.003547,0.000720,0.000000,0.000000,0.000000
1.145000,2,7.908846,0.641889,0.000000,0.000000,-0.000000,0.000000,0.000000,0.000000,0.000000
1.145000,3,8.232769,2.156243,-0.000598,-0.007593,0.003426,-0.000315,0.000000,0.000000,0.000000
1.153000,1,4.924597,0.865031,0.173881,-0.000623,0.003547,0.000720,0.000000,0.000000,0.000000
1.153000,2,7.908846,0.641889,0.000000,0.000000,-0.000000,0.000000,0.000000,0.000000,0.000000
1.153000,3,8.232708,2.156232,-0.000601,-0.007593,0.003427,-0.000315,0.000000,0.000000,0.000000
1.162000,1,4.924597,0.865031,0.173881,-0.000623,0.003547,0.000720,0.000000,0.000000,0.000000
1.162000,2,7.908846,0.641889,0.000000,0.000000,-0.000000,0.000000,0.000000,0.000000,0.000000
1.162000,3,8.232639,2.156219,-0.000603,-0.007593,0.003427,-0.000315,0.000000,0.000000,0.000000
1.170000,1,4.924597,0.865031,0.173881,-0.000623,0.003548,0.000720,0.000000,0.000000,0.000000
1.170000,2,7.908846,0.641889,0.000000,0.000000,-0.000000,0.000000,0.000000,0.000000,0.000000
1.170000,3,8.232578,2.156207,-0.000606,-0.007593,0.003427,-0.000315,0.000000,0.000000,0.000000
1.178000,1,4.924597,0.865031,0.173881,-0.000623,0.003548,0.000720,0.000000,0.000000,0.000000
1.178000,2,7.908846,0.641889,0.000000,0.000000,-0.000000,0.000000,0.000000,0.000000,0.000000
1.178000,3,8.232517,2.156196,-0.000608,-0.007593,0.003427,-0.000315,0.000000,0.000000,0.000000
1.187000,1,4.924597,0.865031,0.173881,-0.000623,0.003548,0.000720,0.000000,0.000000,0.000000
1.187000,2,7.908846,0.641889,0.000000,0.000000,-0.000000,0.000000,0.000000,0.000000,0.000000
1.187000,3,8.232449,2.156183,-0.000611,-0.007593,0.003427,-0.000315,0.000000,0.000000,0.000000
1.195000,1,4.924597,0.865031,0.173881,-0.000623,0.003548,0.000720,0.000000,0.000000,0.000000
1.195000,2,7.908846,0.641889,0.000000,0.000000,-0.000000,0.000000,0.000000,0.000000,0.000000
1.195000,3,8.232388,2.156172,-0.000614,-0.007593,0.003427,-0.000315,0.000000,0.000000,0.000000
1.203000,1,4.924597,0.865031,0.173881,-0.000623,0.003548,0.000720,0.000000,0.000000,0.000000
1.203000,2,7.908846,0.641889,0.000000,0.000000,-0.000000,0.000000,0.000000,0.000000,0.000000
1.203000,3,8.232327,2.156160,-0.000616,-0.007593,0.003427,-0.000315,0.000000,0.000000,0.000000
1.211000,1,4.924597,0.865031,0.173881,-0.000623,0.003548,0.000720,0.000000,0.000000,0.000000
1.211000,2,7.908846,0.641889,0.000000,0.000000,-0.000000,0.000000,0.000000,0.000000,0.000000
1.211000,3,8.232265,2.156149,-0.000619,-0.007593,0.003428,-0.000315,0.000000,0.000000,0.000000
1.220000,1,4.924597,0.865031,0.173881,-0.000623,0.003548,0.000720,0.000000,0.000000,0.000000
1.220000,2,7.908846,0.641889,0.000000,0.000000,-0.000000,0.000000,0.000000,0.000000,0.000000
1.220000,3,8.232197,2.156136,-0.000622,-0.007593,0.003428,-0.000315,0.000000,0.000000,0.000000
1.228000,1,4.924597,0.865031,0.173881,-0.000623,0.003548,0.000720,0.000000,0.000000,0.000000
1.228000,2,7.908846,0.641889,0.000000,0.000000,-0.000000,0.000000,0.000000,0.000000,0.000000
1.228000,3,8.232136,2.156124,-0.000624,-0.007593,0.003428,-0.000315,0.000000,0.000000,0.000000
1.236000,1,4.924597,0.865031,0.173881,-0.000623,0.003548,0.000720,0.000000,0.000000,0.000000
1.236000,2,7.908846,0.641889,0.000000,0.000000,-0.000000,0.000000,0.000000,0.000000,0.000000
1.236000,3,8.232075,2.156113,-0.000627,-0.007593,0.003428,-0.000315,0.000000,0.000000,0.000000
1.245000,1,4.924597,0.865031,0.173881,-0.000623,0.003548,0.000720,0.000000,0.000000,0.000000
1.245000,2,7.908846,0.641889,0.000000,0.000000,-0.000000,0.000000,0.000000,0.000000,0.000000
1.245000,3,8.232006,2.156100,-0.000629,-0.007593,0.003428,-0.000315,0.000000,0.000000,0.000000
1.253000,1,4.924597,0.865031,0.173881,-0.000623,0.003548,0.000721,0.000000,0.000000,0.000000
1.253000,2,7.908846,0.641889,0.000000,0.000000,-0.000000,0.000000,0.000000,0.000000,0.000000
1.253000,3,8.231945,2.156089,-0.000632,-0.007593,0.003428,-0.000315,0.000000,0.000000,0.000000
1.262000,1,4.924597,0.865031,0.173881,-0.000623,0.003548,0.000721,0.000000,0.000000,0.000000
1.262000,2,7.908846,0.641889,0.000000,0.000000,-0.000000,0.000000,0.000000,0.000000,0.000000
1.262000,3,8.231876,2.156076,-0.000635,-0.007594,0.003429,-0.000314,0.000000,0.000000,0.000000
1.270000,1,4.924597,0.865031,0.173881,-0.000623,0.003548,0.000721,0.000000,0.000000,0.000000
1.270000,2,7.908846,0.641889,0.000000,0.000000,-0.000000,0.000000,0.000000,0.000000,0.000000
1.270000,3,8.231815,2.156064,-0.000637,-0.007594,0.003429,-0.000314,0.000000,0.000000,0.000000
1.278000,1,4.924597,0.865031,0.173881,-0.000623,0.003548,0.000721,0.000000,0.000000,0.000000
1.278000,2,7.908846,0.641889,0.000000,0.000000,-0.000000,0.000000,0.000000,0.000000,0.000000
1.278000,3,8.231754,2.156053,-0.000640,-0.007594,0.003429,-0.000314,0.000000,0.000000,0.000000
1.286000,1,4.924597,0.865031,0.173881,-0.000623,0.003548,0.000721,0.000000,0.000000,0.000000
1.286000,2,7.908846,0.641889,0.000000,0.000000,-0.000000,0.000000,0.000000,0.000000,0.000000
1.286000,3,8.231693,2.156041,-0.000642,-0.007594,0.003429,-0.000314,0.000000,0.000000,0.000000
1.295000,1,4.924597,0.865031,0.173881,-0.000623,0.003549,0.000721,0.000000,0.000000,0.000000
1.295000,2,7.908846,0.641889,0.000000,0.000000,-0.000000,0.000000,0.000000,0.000000,0.000000
1.295000,3,8.231625,2.156029,-0.000645,-0.007594,0.003429,-0.000314,0.000000,0.000000,0.000000
1.303000,1,4.924597,0.865031,0.173881,-0.000623,0.003549,0.000721,0.000000,0.000000,0.000000
1.303000,2,7.908846,0.641889,0.000000,0.000000,-0.000000,0.000000,0.000000,0.000000,0.000000
1.303000,3,8.231564,2.156017,-0.000648,-0.007594,0.003429,-0.000314,0.000000,0.000000,0.000000
1.312000,1,4.924597,0.865031,0.173881,-0.000623,0.003549,0.000721,0.000000,0.000000,0.000000
1.312000,2,7.908846,0.641889,0.000000,0.000000,-0.000000,0.000000,0.000000,0.000000,0.000000
1.312000,3,8.231495,2.156004,-0.000651,-0.007594,0.003429,-0.000314,0.000000,0.000000,0.000000
1.320000,1,4.924597,0.865031,0.173881,-0.000623,0.003549,0.000721,0.000000,0.000000,0.000000
1.320000,2,7.908846,0.641889,0.000000,0.000000,-0.000000,0.000000,0.000000,0.000000,0.000000
1.320000,3,8.231434,2.155993,-0.000653,-0.007594,0.003430,-0.000314,0.000000,0.000000,0.000000
1.328000,1,4.924597,0.865031,0.173881,-0.000623,0.003549,0.000721,0.000000,0.000000,0.000000
1.328000,2,7.908846,0.641889,0.000000,0.000000,-0.000000,0.000000,0.000000,0.000000,0.000000
1.328000,3,8.231373,2.155981,-0.000656,-0.007594,0.003430,-0.000314,0.000000,0.000000,0.000000
1.336000,1,4.924597,0.865031,0.173881,-0.000623,0.003549,0.000721,0.000000,0.000000,0.000000
1.336000,2,7.908846,0.641889,0.000000,0.000000,-0.000000,0.000000,0.000000,0.000000,0.000000
1.336000,3,8.231312,2.155970,-0.000658,-0.007594,0.003430,-0.000314,0.000000,0.000000,0.000000
1.345000,1,4.924597,0.865031,0.173881,-0.000623,0.003549,0.000721,0.000000,0.000000,0.000000
1.345000,2,7.908846,0.641889,0.000000,0.000000,-0.000000,0.000000,0.000000,0.000000,0.000000
1.345000,3,8.231243,2.155957,-0.000661,-0.007594,0.003430,-0.000314,0.000000,0.000000,0.000000
1.354000,1,4.924597,0.865031,0.173881,-0.000623,0.003549,0.000721,0.000000,0.000000,0.000000
1.354000,2,7.908846,0.641889,0.000000,0.000000,-0.000000,0.000000,0.000000,0.000000,0.000000
1.354000,3,8.231174,2.155944,-0.000664,-0.007594,0.003430,-0.000314,0.000000,0.000000,0.000000
1.362000,1,4.924597,0.865031,0.173881,-0.000623,0.003549,0.000721,0.000000,0.000000,0.000000
1.362000,2,7.908846,0.641889,0.000000,0.000000,-0.000000,0.000000,0.000000,0.000000,0.000000
1.362000,3,8.231113,2.155933,-0.000666,-0.007594,0.003430,-0.000314,0.000000,0.000000,0.000000
1.370000,1,4.924597,0.865031,0.173881,-0.000623,0.003549,0.000721,0.000000,0.000000,0.000000
1.370000,2,7.908846,0.641889,0.000000,0.000000,-0.000000,0.000000,0.000000,0.000000,0.000000
1.370000,3,8.231052,2.155921,-0.000669,-0.007594,0.003431,-0.000314,0.000000,0.000000,0.000000
1.378000,1,4.924597,0.865031,0.173881,-0.000623,0.003549,0.000721,0.000000,0.000000,0.000000
1.378000,2,7.908846,0.641889,0.000000,0.000000,-0.000000,0.000000,0.000000,0.000000,0.000000
1.378000,3,8.230991,2.155910,-0.000671,-0.007594,0.003431,-0.000314,0.000000,0.000000,0.000000
1.386000,1,4.924597,0.865031,0.173881,-0.000623,0.003549,0.000721,0.000000,0.000000,0.000000
1.386000,2,7.908846,0.641889,0.000000,0.000000,-0.000000,0.000000,0.000000,0.000000,0.000000
1.386000,3,8.230930,2.155898,-0.000674,-0.007594,0.003431,-0.000314,0.000000,0.000000,0.000000
1.396000,1,4.924597,0.865031,0.173881,-0.000623,0.003549,0.000721,0.000000,0.000000,0.000000
1.396000,2,7.908846,0.641889,0.000000,0.000000,-0.000000,0.000000,0.000000,0.000000,0.000000
1.396000,3,8.230854,2.155884,-0.000677,-0.007594,0.003431,-0.000314,0.000000,0.000000,0.000000
1.403000,1,4.924597,0.865031,0.173881,-0.000623,0.003549,0.000721,0.000000,0.000000,0.000000
1.403000,2,7.908846,0.641889,0.000000,0.000000,-0.000000,0.000000,0.000000,0.000000,0.000000
1.403000,3,8.230801,2.155874,-0.000679,-0.007594,0.003431,-0.000314,0.000000,0.000000,0.000000
1.413000,1,4.924597,0.865031,0.173881,-0.000623,0.003549,0.000721,0.000000,0.000000,0.000000
1.413000,2,7.908846,0.641889,0.000000,0.000000,-0.000000,0.000000,0.000000,0.000000,0.000000
1.413000,3,8.230724,2.155860,-0.000682,-0.007594,0.003431,-0.000314,0.000000,0.000000,0.000000
1.420000,1,4.924597,0.865031,0.173881,-0.000624,0.003550,0.000721,0.000000,0.000000,0.000000
1.420000,2,7.908846,0.641889,0.000000,0.000000,-0.000000,0.000000,0.000000,0.000000,0.000000
1.420000,3,8.230671,2.155850,-0.000684,-0.007594,0.003431,-0.000314,0.000000,0.000000,0.000000
1.429000,1,4.924597,0.865031,0.173881,-0.000624,0.003550,0.000721,0.000000,0.000000,0.000000
1.429000,2,7.908846,0.641889,0.000000,0.000000,-0.000000,0.000000,0.000000,0.000000,0.000000
1.429000,3,8.230602,2.155837,-0.000687,-0.007594,0.003432,-0.000314,0.000000,0.000000,0.000000
1.437000,1,4.924597,0.865031,0.173881,-0.000624,0.003550,0.000721,0.000000,0.000000,0.000000
1.437000,2,7.908846,0.641889,0.000000,0.000000,-0.000000,0.000000,0.000000,0.000000,0.000000
1.437000,3,8.230541,2.155825,-0.000690,-0.007594,0.003432,-0.000314,0.000000,0.000000,0.000000
1.445000,1,4.924597,0.865031,0.173881,-0.000624,0.003550,0.000721,0.000000,0.000000,0.000000
1.445000,2,7.908846,0.641889,0.000000,0.000000,-0.000000,0.000000,0.000000,0.000000,0.000000
1.445000,3,8.230480,2.155814,-0.000692,-0.007594,0.003432,-0.000314,0.000000,0.000000,0.000000
1.453000,1,4.924597,0.865031,0.173881,-0.000624,0.003550,0.000721,0.000000,0.000000,0.000000
1.453000,2,7.908846,0.641889,0.000000,0.000000,-0.000000,0.000000,0.000000,0.000000,0.000000
1.453000,3,8.230419,2.155802,-0.000695,-0.007594,0.003432,-0.000314,0.000000,0.000000,0.000000
1.462000,1,4.924597,0.865031,0.173881,-0.000624,0.003550,0.000721,0.000000,0.000000,0.000000
1.462000,2,7.908846,0.641889,0.000000,0.000000,-0.000000,0.000000,0.000000,0.000000,0.000000
1.462000,3,8.230350,2.155790,-0.000698,-0.007594,0.003432,-0.000314,0.000000,0.000000,0.000000
1.470000,1,4.924597,0.865031,0.173881,-0.000624,0.003550,0.000721,0.000000,0.000000,0.000000
1.470000,2,7.908846,0.641889,0.000000,0.000000,-0.000000,0.000000,0.000000,0.000000,0.000000
1.470000,3,8.230289,2.155778,-0.000700,-0.007595,0.003432,-0.000314,0.000000,0.000000,0.000000
1.479000,1,4.924597,0.865031,0.173881,-0.000624,0.003550,0.000721,0.000000,0.000000,0.000000
1.479000,2,7.908846,0.641889,0.000000,0.000000,-0.000000,0.000000,0.000000,0.000000,0.000000
1.479000,3,8.230221,2.155765,-0.000703,-0.007595,0.003432,-0.000314,0.000000,0.000000,0.000000
1.487000,1,4.924597,0.865031,0.173881,-0.000624,0.003550,0.000721,0.000000,0.000000,0.000000
1.487000,2,7.908846,0.641889,0.000000,0.000000,-0.000000,0.000000,0.000000,0.000000,0.000000
1.487000,3,8.230160,2.155754,-0.000705,-0.007595,0.003433,-0.000314,0.000000,0.000000,0.000000
1.496000,1,4.924597,0.865031,0.173881,-0.000624,0.003550,0.000721,0.000000,0.000000,0.000000
1.496000,2,7.908846,0.641889,0.000000,0.000000,-0.000000,0.000000,0.000000,0.000000,0.000000
1.496000,3,8.230091,2.155741,-0.000708,-0.007595,0.003433,-0.000314,0.000000,0.000000,0.000000
1.504000,1,4.924597,0.865031,0.173881,-0.000624,0.003550,0.000721,0.000000,0.000000,0.000000
1.504000,2,7.908846,0.641889,0.000000,0.000000,-0.000000,0.000000,0.000000,0.000000,0.000000
1.504000,3,8.230030,2.155730,-0.000711,-0.007595,0.003433,-0.000314,0.000000,0.000000,0.000000
1.512000,1,4.924597,0.865031,0.173881,-0.000624,0.003550,0.000721,0.000000,0.000000,0.000000
1.512000,2,7.908846,0.641889,0.000000,0.000000,-0.000000,0.000000,0.000000,0.000000,0.000000
1.512000,3,8.229969,2.155718,-0.000713,-0.007595,0.003433,-0.000314,0.000000,0.000000,0.000000
1.521000,1,4.924597,0.865031,0.173881,-0.000624,0.003550,0.000721,0.000000,0.000000,0.000000
1.521000,2,7.908846,0.641889,0.000000,0.000000,-0.000000,0.000000,0.000000,0.000000,0.000000
1.521000,3,8.229900,2.155705,-0.000716,-0.007595,0.003433,-0.000314,0.000000,0.000000,0.000000
1.529000,1,4.924597,0.865031,0.173881,-0.000624,0.003550,0.000721,0.000000,0.000000,0.000000
1.529000,2,7.908846,0.641889,0.000000,0.000000,-0.000000,0.000000,0.000000,0.000000,0.000000
1.529000,3,8.229839,2.155694,-0.000719,-0.007595,0.003433,-0.000314,0.000000,0.000000,0.000000
1.537000,1,4.924597,0.865031,0.173881,-0.000624,0.003550,0.000721,0.000000,0.000000,0.000000
1.537000,2,7.908846,0.641889,0.000000,0.000000,-0.000000,0.000000,0.000000,0.000000,0.000000
1.537000,3,8.229778,2.155682,-0.000721,-0.007595,0.003434,-0.000314,0.000000,0.000000,0.000000
1.545000,1,4.924597,0.865031,0.173881,-0.000624,0.003551,0.000721,0.000000,0.000000,0.000000
1.545000,2,7.908846,0.641889,0.000000,0.000000,-0.000000,0.000000,0.000000,0.000000,0.000000
1.545000,3,8.229717,2.155671,-0.000724,-0.007595,0.003434,-0.000314,0.000000,0.000000,0.000000
1.553000,1,4.924597,0.865031,0.173881,-0.000624,0.003551,0.000721,0.000000,0.000000,0.000000
1.553000,2,7.908846,0.641889,0.000000,0.000000,-0.000000,0.000000,0.000000,0.000000,0.000000
1.553000,3,8.229656,2.155659,-0.000726,-0.007595,0.003434,-0.000314,0.000000,0.000000,0.000000
1.561000,1,4.924597,0.865031,0.173881,-0.000624,0.003551,0.000721,0.000000,0.000000,0.000000
1.561000,2,7.908846,0.641889,0.000000,0.000000,-0.000000,0.000000,0.000000,0.000000,0.000000
1.561000,3,8.229595,2.155648,-0.000729,-0.007595,0.003434,-0.000314,0.000000,0.000000,0.000000
1.570000,1,4.924597,0.865031,0.173881,-0.000624,0.003551,0.000721,0.000000,0.000000,0.000000
1.570000,2,7.908846,0.641889,0.000000,0.000000,-0.000000,0.000000,0.000000,0.000000,0.000000
1.570000,3,8.229527,2.155635,-0.000732,-0.007595,0.003434,-0.000314,0.000000,0.000000,0.000000
1.579000,1,4.924597,0.865031,0.173881,-0.000624,0.003551,0.000721,0.000000,0.000000,0.000000
1.579000,2,7.908846,0.641889,0.000000,0.000000,-0.000000,0.000000,0.000000,0.000000,0.000000
1.579000,3,8.229458,2.155622,-0.000734,-0.007595,0.003434,-0.000314,0.000000,0.000000,0.000000
1.587000,1,4.924597,0.865031,0.173881,-0.000624,0.003551,0.000721,0.000000,0.000000,0.000000
1.587000,2,7.908846,0.641889,0.000000,0.000000,-0.000000,0.000000,0.000000,0.000000,0.000000
1.587000,3,8.229397,2.155611,-0.000737,-0.007595,0.003434,-0.000313,0.000000,0.000000,0.000000
1.595000,1,4.924597,0.865031,0.173881,-0.000624,0.003551,0.000721,0.000000,0.000000,0.000000
1.595000,2,7.908846,0.641889,0.000000,0.000000,-0.000000,0.000000,0.000000,0.000000,0.000000
1.595000,3,8.229336,2.155599,-0.000739,-0.007595,0.003435,-0.000313,0.000000,0.000000,0.000000
1.603000,1,4.924597,0.865031,0.173881,-0.000624,0.003551,0.000721,0.000000,0.000000,0.000000
1.603000,2,7.908846,0.641889,0.000000,0.000000,-0.000000,0.000000,0.000000,0.000000,0.000000
1.603000,3,8.229275,2.155588,-0.000742,-0.007595,0.003435,-0.000313,0.000000,0.000000,0.000000
1.611000,1,4.924597,0.865031,0.173881,-0.000624,0.003551,0.000721,0.000000,0.000000,0.000000
1.611000,2,7.908846,0.641889,0.000000,0.000000,-0.000000,0.000000,0.000000,0.000000,0.000000
1.611000,3,8.229214,2.155576,-0.000744,-0.007595,0.003435,-0.000313,0.000000,0.000000,0.000000
1.611000,1,4.924597,0.865031,0.173881,-0.000624,0.003551,0.000721,0.000000,0.000000,0.000000
1.611000,2,7.908846,0.641889,0.000000,0.000000,-0.000000,0.000000,0.000000,0.000000,0.000000
1.611000,3,8.229214,2.155576,-0.000744,-0.007595,0.003435,-0.000313,0.000000,0.000000,0.000000
1.612000,1,4.924597,0.865031,0.173881,-0.000624,0.003551,0.000721,0.000000,0.000000,0.000000
1.612000,2,7.908846,0.641889,0.000000,0.000000,-0.000000,0.000000,0.000000,0.000000,0.000000
1.612000,3,8.229206,2.155575,-0.000745,-0.007595,0.003435,-0.000313,0.000000,0.000000,0.000000
1.617000,1,4.924597,0.865031,0.173881,-0.000624,0.003551,0.000721,0.000000,0.000000,0.000000
1.617000,2,7.908846,0.641889,0.000000,0.000000,-0.000000,0.000000,0.000000,0.000000,0.000000
1.617000,3,8.229168,2.155568,-0.000746,-0.007595,0.003435,-0.000313,0.000000,0.000000,0.000000
1.623000,1,4.924597,0.865031,0.173881,-0.000624,0.003551,0.000721,0.000000,0.000000,0.000000
1.623000,2,7.908846,0.641889,0.000000,0.000000,-0.000000,0.000000,0.000000,0.000000,0.000000
1.623000,3,8.229122,2.155559,-0.000748,-0.007595,0.003435,-0.000313,0.000000,0.000000,0.000000
1.632000,1,4.924597,0.865031,0.173881,-0.000624,0.003551,0.000721,0.000000,0.000000,0.000000
1.632000,2,7.908846,0.641889,0.000000,0.000000,-0.000000,0.000000,0.000000,0.000000,0.000000
1.632000,3,8.229053,2.155546,-0.000751,-0.007595,0.003435,-0.000313,0.000000,0.000000,0.000000
1.640000,1,4.924597,0.865031,0.173881,-0.000624,0.003551,0.000721,0.000000,0.000000,0.000000
1.640000,2,7.908846,0.641889,0.000000,0.000000,-0.000000,0.000000,0.000000,0.000000,0.000000
1.640000,3,8.228992,2.155535,-0.000753,-0.007595,0.003435,-0.000313,0.000000,0.000000,0.000000
1.649000,1,4.924597,0.865031,0.173881,-0.000624,0.003551,0.000721,0.000000,0.000000,0.000000
1.649000,2,7.908846,0.641889,0.000000,0.000000,-0.000000,0.000000,0.000000,0.000000,0.000000
1.649000,3,8.228924,2.155522,-0.000756,-0.007595,0.003436,-0.000313,0.000000,0.000000,0.000000
1.657000,1,4.924597,0.865031,0.173881,-0.000624,0.003551,0.000721,0.000000,0.000000,0.000000
1.657000,2,7.908846,0.641889,0.000000,0.000000,-0.000000,0.000000,0.000000,0.000000,0.000000
1.657000,3,8.228863,2.155511,-0.000759,-0.007595,0.003436,-0.000313,0.000000,0.000000,0.000000
1.665000,1,4.924597,0.865031,0.173881,-0.000624,0.003552,0.000721,0.000000,0.000000,0.000000
1.665000,2,7.908846,0.641889,0.000000,0.000000,-0.000000,0.000000,0.000000,0.000000,0.000000
1.665000,3,8.228802,2.155499,-0.000761,-0.007595,0.003436,-0.000313,0.000000,0.000000,0.000000
1.673000,1,4.924597,0.865031,0.173881,-0.000624,0.003552,0.000721,0.000000,0.000000,0.000000
1.673000,2,7.908846,0.641889,0.000000,0.000000,-0.000000,0.000000,0.000000,0.000000,0.000000
1.673000,3,8.228741,2.155488,-0.000764,-0.007596,0.003436,-0.000313,0.000000,0.000000,0.000000
1.681000,1,4.924597,0.865031,0.173881,-0.000624,0.003552,0.000721,0.000000,0.000000,0.000000
1.681000,2,7.908846,0.641889,0.000000,0.000000,-0.000000,0.000000,0.000000,0.000000,0.000000
1.681000,3,8.228680,2.155476,-0.000766,-0.007596,0.003436,-0.000313,0.000000,0.000000,0.000000
1.690000,1,4.924597,0.865031,0.173881,-0.000624,0.003552,0.000721,0.000000,0.000000,0.000000
1.690000,2,7.908846,0.641889,0.000000,0.000000,-0.000000,0.000000,0.000000,0.000000,0.000000
1.690000,3,8.228611,2.155463,-0.000769,-0.007596,0.003436,-0.000313,0.000000,0.000000,0.000000
1.699000,1,4.924597,0.865031,0.173881,-0.000624,0.003552,0.000721,0.000000,0.000000,0.000000
1.699000,2,7.908846,0.641889,0.000000,0.000000,-0.000000,0.000000,0.000000,0.000000,0.000000
1.699000,3,8.228542,2.155451,-0.000772,-0.007596,0.003436,-0.000313,0.000000,0.000000,0.000000
1.706000,1,4.924597,0.865031,0.173881,-0.000624,0.003552,0.000721,0.000000,0.000000,0.000000
1.706000,2,7.908846,0.641889,0.000000,0.000000,-0.000000,0.000000,0.000000,0.000000,0.000000
1.706000,3,8.228489,2.155441,-0.000774,-0.007596,0.003437,-0.000313,0.000000,0.000000,0.000000
1.714000,1,4.924597,0.865031,0.173881,-0.000624,0.003552,0.000721,0.000000,0.000000,0.000000
1.714000,2,7.908846,0.641889,0.000000,0.000000,-0.000000,0.000000,0.000000,0.000000,0.000000
1.714000,3,8.228428,2.155429,-0.000777,-0.007596,0.003437,-0.000313,0.000000,0.000000,0.000000
1.723000,1,4.924597,0.865031,0.173881,-0.000624,0.003552,0.000721,0.000000,0.000000,0.000000
1.723000,2,7.908846,0.641889,0.000000,0.000000,-0.000000,0.000000,0.000000,0.000000,0.000000
1.723000,3,8.228359,2.155416,-0.000779,-0.007596,0.003437,-0.000313,0.000000,0.000000,0.000000
1.731000,1,4.924597,0.865031,0.173881,-0.000624,0.003552,0.000721,0.000000,0.000000,0.000000
1.731000,2,7.908846,0.641889,0.000000,0.000000,-0.000000,0.000000,0.000000,0.000000,0.000000
1.731000,3,8.228298,2.155405,-0.000782,-0.007596,0.003437,-0.000313,0.000000,0.000000,0.000000
1.740000,1,4.924597,0.865031,0.173881,-0.000624,0.003552,0.000721,0.000000,0.000000,0.000000
1.740000,2,7.908846,0.641889,0.000000,0.000000,-0.000000,0.000000,0.000000,0.000000,0.000000
1.740000,3,8.228230,2.155392,-0.000785,-0.007596,0.003437,-0.000313,0.000000,0.000000,0.000000
1.748000,1,4.924597,0.865031,0.173881,-0.000624,0.003552,0.000721,0.000000,0.000000,0.000000
1.748000,2,7.908846,0.641889,0.000000,0.000000,-0.000000,0.000000,0.000000,0.000000,0.000000
1.748000,3,8.228168,2.155380,-0.000787,-0.007596,0.003437,-0.000313,0.000000,0.000000,0.000000
1.756000,1,4.924597,0.865031,0.173881,-0.000624,0.003552,0.000721,0.000000,0.000000,0.000000
1.756000,2,7.908846,0.641889,0.000000,0.000000,-0.000000,0.000000,0.000000,0.000000,0.000000
1.756000,3,8.228107,2.155369,-0.000790,-0.007596,0.003437,-0.000313,0.000000,0.000000,0.000000
1.765000,1,4.924597,0.865031,0.173881,-0.000624,0.003552,0.000721,0.000000,0.000000,0.000000
1.765000,2,7.908846,0.641889,0.000000,0.000000,-0.000000,0.000000,0.000000,0.000000,0.000000
1.765000,3,8.228039,2.155356,-0.000793,-0.007596,0.003438,-0.000313,0.000000,0.000000,0.000000
1.773000,1,4.924597,0.865031,0.173881,-0.000624,0.003552,0.000721,0.000000,0.000000,0.000000
1.773000,2,7.908846,0.641889,0.000000,0.000000,-0.000000,0.000000,0.000000,0.000000,0.000000
1.773000,3,8.227978,2.155345,-0.000795,-0.007596,0.003438,-0.000313,0.000000,0.000000,0.000000
1.781000,1,4.924597,0.865031,0.173881,-0.000624,0.003552,0.000721,0.000000,0.000000,0.000000
1.781000,2,7.908846,0.641889,0.000000,0.000000,-0.000000,0.000000,0.000000,0.000000,0.000000
1.781000,3,8.227917,2.155333,-0.000798,-0.007596,0.003438,-0.000313,0.000000,0.000000,0.000000
1.790000,1,4.924597,0.865031,0.173881,-0.000624,0.003552,0.000721,0.000000,0.000000,0.000000
1.790000,2,7.908846,0.641889,0.000000,0.000000,-0.000000,0.000000,0.000000,0.000000,0.000000
1.790000,3,8.227848,2.155320,-0.000800,-0.007596,0.003438,-0.000313,0.000000,0.000000,0.000000
1.797000,1,4.924597,0.865031,0.173881,-0.000624,0.003553,0.000721,0.000000,0.000000,0.000000
1.797000,2,7.908846,0.641889,0.000000,0.000000,-0.000000,0.000000,0.000000,0.000000,0.000000
1.797000,3,8.227795,2.155310,-0.000803,-0.007596,0.003438,-0.000313,0.000000,0.000000,0.000000
1.810000,1,4.924597,0.865031,0.173881,-0.000624,0.003553,0.000721,0.000000,0.000000,0.000000
1.810000,2,7.908846,0.641889,0.000000,0.000000,-0.000000,0.000000,0.000000,0.000000,0.000000
1.810000,3,8.227695,2.155292,-0.000807,-0.007596,0.003438,-0.000313,0.000000,0.000000,0.000000
1.815000,1,4.924597,0.865031,0.173881,-0.000624,0.003553,0.000721,0.000000,0.000000,0.000000
1.815000,2,7.908846,0.641889,0.000000,0.000000,-0.000000,0.000000,0.000000,0.000000,0.000000
1.815000,3,8.227657,2.155285,-0.000808,-0.007596,0.003439,-0.000313,0.000000,0.000000,0.000000
1.822000,1,4.924597,0.865031,0.173881,-0.000624,0.003553,0.000721,0.000000,0.000000,0.000000
1.822000,2,7.908846,0.641889,0.000000,0.000000,-0.000000,0.000000,0.000000,0.000000,0.000000
1.822000,3,8.227604,2.155275,-0.000810,-0.007596,0.003439,-0.000313,0.000000,0.000000,0.000000
1.831000,1,4.924597,0.865031,0.173881,-0.000624,0.003553,0.000721,0.000000,0.000000,0.000000
1.831000,2,7.908846,0.641889,0.000000,0.000000,-0.000000,0.000000,0.000000,0.000000,0.000000
1.831000,3,8.227535,2.155262,-0.000813,-0.007596,0.003439,-0.000313,0.000000,0.000000,0.000000
1.839000,1,4.924597,0.865031,0.173881,-0.000624,0.003553,0.000721,0.000000,0.000000,0.000000
1.839000,2,7.908846,0.641889,0.000000,0.000000,-0.000000,0.000000,0.000000,0.000000,0.000000
1.839000,3,8.227474,2.155250,-0.000816,-0.007596,0.003439,-0.000313,0.000000,0.000000,0.000000
1.848000,1,4.924597,0.865031,0.173881,-0.000624,0.003553,0.000721,0.000000,0.000000,0.000000
1.848000,2,7.908846,0.641889,0.000000,0.000000,-0.000000,0.000000,0.000000,0.000000,0.000000
1.848000,3,8.227406,2.155237,-0.000819,-0.007596,0.003439,-0.000313,0.000000,0.000000,0.000000
1.856000,1,4.924597,0.865031,0.173881,-0.000624,0.003553,0.000721,0.000000,0.000000,0.000000
1.856000,2,7.908846,0.641889,0.000000,0.000000,-0.000000,0.000000,0.000000,0.000000,0.000000
1.856000,3,8.227345,2.155226,-0.000821,-0.007596,0.003439,-0.000313,0.000000,0.000000,0.000000
1.864000,1,4.924597,0.865031,0.173881,-0.000624,0.003553,0.000721,0.000000,0.000000,0.000000
1.864000,2,7.908846,0.641889,0.000000,0.000000,-0.000000,0.000000,0.000000,0.000000,0.000000
1.864000,3,8.227283,2.155215,-0.000824,-0.007596,0.003439,-0.000313,0.000000,0.000000,0.000000
1.872000,1,4.924597,0.865031,0.173881,-0.000624,0.003553,0.000722,0.000000,0.000000,0.000000
1.872000,2,7.908846,0.641889,0.000000,0.000000,-0.000000,0.000000,0.000000,0.000000,0.000000
1.872000,3,8.227222,2.155203,-0.000826,-0.007596,0.003440,-0.000313,0.000000,0.000000,0.000000
1.881000,1,4.924597,0.865031,0.173881,-0.000624,0.003553,0.000722,0.000000,0.000000,0.000000
1.881000,2,7.908846,0.641889,0.000000,0.000000,-0.000000,0.000000,0.000000,0.000000,0.000000
1.881000,3,8.227154,2.155190,-0.000829,-0.007596,0.003440,-0.000313,0.000000,0.000000,0.000000
1.889000,1,4.924597,0.865031,0.173881,-0.000624,0.003553,0.000722,0.000000,0.000000,0.000000
1.889000,2,7.908846,0.641889,0.000000,0.000000,-0.000000,0.000000,0.000000,0.000000,0.000000
1.889000,3,8.227093,2.155179,-0.000831,-0.007597,0.003440,-0.000313,0.000000,0.000000,0.000000
1.898000,1,4.924597,0.865031,0.173881,-0.000624,0.003553,0.000722,0.000000,0.000000,0.000000
1.898000,2,7.908846,0.641889,0.000000,0.000000,-0.000000,0.000000,0.000000,0.000000,0.000000
1.898000,3,8.227024,2.155166,-0.000834,-0.007597,0.003440,-0.000313,0.000000,0.000000,0.000000
1.906000,1,4.924597,0.865031,0.173881,-0.000624,0.003553,0.000722,0.000000,0.000000,0.000000
1.906000,2,7.908846,0.641889,0.000000,0.000000,-0.000000,0.000000,0.000000,0.000000,0.000000
1.906000,3,8.226963,2.155154,-0.000837,-0.007597,0.003440,-0.000312,0.000000,0.000000,0.000000
1.914000,1,4.924597,0.865031,0.173881,-0.000624,0.003553,0.000722,0.000000,0.000000,0.000000
1.914000,2,7.908846,0.641889,0.000000,0.000000,-0.000000,0.000000,0.000000,0.000000,0.000000
1.914000,3,8.226902,2.155143,-0.000839,-0.007597,0.003440,-0.000312,0.000000,0.000000,0.000000
1.923000,1,4.924597,0.865031,0.173881,-0.000624,0.003554,0.000722,0.000000,0.000000,0.000000
1.923000,2,7.908846,0.641889,0.000000,0.000000,-0.000000,0.000000,0.000000,0.000000,0.000000
1.923000,3,8.226833,2.155130,-0.000842,-0.007597,0.003440,-0.000312,0.000000,0.000000,0.000000
1.931000,1,4.924597,0.865031,0.173881,-0.000624,0.003554,0.000722,0.000000,0.000000,0.000000
1.931000,2,7.908846,0.641889,0.000000,0.000000,-0.000000,0.000000,0.000000,0.000000,0.000000
1.931000,3,8.226772,2.155119,-0.000844,-0.007597,0.003441,-0.000312,0.000000,0.000000,0.000000
1.939000,1,4.924597,0.865031,0.173881,-0.000624,0.003554,0.000722,0.000000,0.000000,0.000000
1.939000,2,7.908846,0.641889,0.000000,0.000000,-0.000000,0.000000,0.000000,0.000000,0.000000
1.939000,3,8.226711,2.155107,-0.000847,-0.007597,0.003441,-0.000312,0.000000,0.000000,0.000000
1.948000,1,4.924597,0.865031,0.173881,-0.000624,0.003554,0.000722,0.000000,0.000000,0.000000
1.948000,2,7.908846,0.641889,0.000000,0.000000,-0.000000,0.000000,0.000000,0.000000,0.000000
1.948000,3,8.226643,2.155094,-0.000850,-0.007597,0.003441,-0.000312,0.000000,0.000000,0.000000
1.956000,1,4.924597,0.865031,0.173881,-0.000624,0.003554,0.000722,0.000000,0.000000,0.000000
1.956000,2,7.908846,0.641889,0.000000,0.000000,-0.000000,0.000000,0.000000,0.000000,0.000000
1.956000,3,8.226582,2.155083,-0.000852,-0.007597,0.003441,-0.000312,0.000000,0.000000,0.000000
1.964000,1,4.924597,0.865031,0.173881,-0.000624,0.003554,0.000722,0.000000,0.000000,0.000000
1.964000,2,7.908846,0.641889,0.000000,0.000000,-0.000000,0.000000,0.000000,0.000000,0.000000
1.964000,3,8.226521,2.155071,-0.000855,-0.007597,0.003441,-0.000312,0.000000,0.000000,0.000000
1.972000,1,4.924597,0.865031,0.173881,-0.000624,0.003554,0.000722,0.000000,0.000000,0.000000
1.972000,2,7.908846,0.641889,0.000000,0.000000,-0.000000,0.000000,0.000000,0.000000,0.000000
1.972000,3,8.226460,2.155060,-0.000857,-0.007597,0.003441,-0.000312,0.000000,0.000000,0.000000
1.981000,1,4.924597,0.865031,0.173881,-0.000624,0.003554,0.000722,0.000000,0.000000,0.000000
1.981000,2,7.908846,0.641889,0.000000,0.000000,-0.000000,0.000000,0.000000,0.000000,0.000000
1.981000,3,8.226391,2.155047,-0.000860,-0.007597,0.003441,-0.000312,0.000000,0.000000,0.000000
1.990000,1,4.924597,0.865031,0.173881,-0.000624,0.003554,0.000722,0.000000,0.000000,0.000000
1.990000,2,7.908846,0.641889,0.000000,0.000000,-0.000000,0.000000,0.000000,0.000000,0.000000
1.990000,3,8.226322,2.155034,-0.000863,-0.007597,0.003442,-0.000312,0.000000,0.000000,0.000000
1.998000,1,4.924597,0.865031,0.173881,-0.000624,0.003554,0.000722,0.000000,0.000000,0.000000
1.998000,2,7.908846,0.641889,0.000000,0.000000,-0.000000,0.000000,0.000000,0.000000,0.000000
1.998000,3,8.226261,2.155023,-0.000865,-0.007597,0.003442,-0.000312,0.000000,0.000000,0.000000
2.006000,1,4.924597,0.865031,0.173881,-0.000624,0.003554,0.000722,0.000000,0.000000,0.000000
2.006000,2,7.908846,0.641889,0.000000,0.000000,-0.000000,0.000000,0.000000,0.000000,0.000000
2.006000,3,8.226200,2.155011,-0.000868,-0.007597,0.003442,-0.000312,0.000000,0.000000,0.000000
2.014000,1,4.924597,0.865031,0.173881,-0.000624,0.003554,0.000722,0.000000,0.000000,0.000000
2.014000,2,7.908846,0.641889,0.000000,0.000000,-0.000000,0.000000,0.000000,0.000000,0.000000
2.014000,3,8.226139,2.155000,-0.000870,-0.007597,0.003442,-0.000312,0.000000,0.000000,0.000000
2.023000,1,4.924597,0.865031,0.173881,-0.000624,0.003554,0.000722,0.000000,0.000000,0.000000
2.023000,2,7.908846,0.641889,0.000000,0.000000,-0.000000,0.000000,0.000000,0.000000,0.000000
2.023000,3,8.226070,2.154987,-0.000873,-0.007597,0.003442,-0.000312,0.000000,0.000000,0.000000
2.032000,1,4.924597,0.865031,0.173881,-0.000624,0.003554,0.000722,0.000000,0.000000,0.000000
2.032000,2,7.908846,0.641889,0.000000,0.000000,-0.000000,0.000000,0.000000,0.000000,0.000000
2.032000,3,8.226002,2.154974,-0.000876,-0.007597,0.003442,-0.000312,0.000000,0.000000,0.000000
2.040000,1,4.924597,0.865031,0.173881,-0.000624,0.003554,0.000722,0.000000,0.000000,0.000000
2.040000,2,7.908846,0.641889,0.000000,0.000000,-0.000000,0.000000,0.000000,0.000000,0.000000
2.040000,3,8.225941,2.154963,-0.000879,-0.007597,0.003443,-0.000312,0.000000,0.000000,0.000000
2.048000,1,4.924597,0.865031,0.173881,-0.000624,0.003554,0.000722,0.000000,0.000000,0.000000
2.048000,2,7.908846,0.641889,0.000000,0.000000,-0.000000,0.000000,0.000000,0.000000,0.000000
2.048000,3,8.225880,2.154951,-0.000881,-0.007597,0.003443,-0.000312,0.000000,0.000000,0.000000
2.056000,1,4.924597,0.865031,0.173881,-0.000624,0.003555,0.000722,0.000000,0.000000,0.000000
2.056000,2,7.908846,0.641889,0.000000,0.000000,-0.000000,0.000000,0.000000,0.000000,0.000000
2.056000,3,8.225819,2.154940,-0.000883,-0.007597,0.003443,-0.000312,0.000000,0.000000,0.000000
2.065000,1,4.924597,0.865031,0.173881,-0.000624,0.003555,0.000722,0.000000,0.000000,0.000000
2.065000,2,7.908846,0.641889,0.000000,0.000000,-0.000000,0.000000,0.000000,0.000000,0.000000
2.065000,3,8.225750,2.154927,-0.000886,-0.007597,0.003443,-0.000312,0.000000,0.000000,0.000000
2.074000,1,4.924597,0.865031,0.173881,-0.000624,0.003555,0.000722,0.000000,0.000000,0.000000
2.074000,2,7.908846,0.641889,0.000000,0.000000,-0.000000,0.000000,0.000000,0.000000,0.000000
2.074000,3,8.225681,2.154914,-0.000889,-0.007597,0.003443,-0.000312,0.000000,0.000000,0.000000
2.082000,1,4.924597,0.865031,0.173881,-0.000624,0.003555,0.000722,0.000000,0.000000,0.000000
2.082000,2,7.908846,0.641889,0.000000,0.000000,-0.000000,0.000000,0.000000,0.000000,0.000000
2.082000,3,8.225620,2.154903,-0.000892,-0.007597,0.003443,-0.000312,0.000000,0.000000,0.000000
2.090000,1,4.924597,0.865031,0.173881,-0.000624,0.003555,0.000722,0.000000,0.000000,0.000000
2.090000,2,7.908846,0.641889,0.000000,0.000000,-0.000000,0.000000,0.000000,0.000000,0.000000
2.090000,3,8.225559,2.154891,-0.000894,-0.007597,0.003443,-0.000312,0.000000,0.000000,0.000000
2.098000,1,4.924597,0.865031,0.173881,-0.000624,0.003555,0.000722,0.000000,0.000000,0.000000
2.098000,2,7.908846,0.641889,0.000000,0.000000,-0.000000,0.000000,0.000000,0.000000,0.000000
2.098000,3,8.225498,2.154880,-0.000897,-0.007598,0.003444,-0.000312,0.000000,0.000000,0.000000
2.106000,1,4.924597,0.865031,0.173881,-0.000624,0.003555,0.000722,0.000000,0.000000,0.000000
2.106000,2,7.908846,0.641889,0.000000,0.000000,-0.000000,0.000000,0.000000,0.000000,0.000000
2.106000,3,8.225437,2.154868,-0.000899,-0.007598,0.003444,-0.000312,0.000000,0.000000,0.000000
2.115000,1,4.924597,0.865031,0.173881,-0.000624,0.003555,0.000722,0.000000,0.000000,0.000000
2.115000,2,7.908846,0.641889,0.000000,0.000000,-0.000000,0.000000,0.000000,0.000000,0.000000
2.115000,3,8.225368,2.154855,-0.000902,-0.007598,0.003444,-0.000312,0.000000,0.000000,0.000000
2.122000,1,4.924597,0.865031,0.173881,-0.000624,0.003555,0.000722,0.000000,0.000000,0.000000
2.122000,2,7.908846,0.641889,0.000000,0.000000,-0.000000,0.000000,0.000000,0.000000,0.000000
2.122000,3,8.225315,2.154845,-0.000904,-0.007598,0.003444,-0.000312,0.000000,0.000000,0.000000
2.131000,1,4.924597,0.865031,0.173881,-0.000624,0.003555,0.000722,0.000000,0.000000,0.000000
2.131000,2,7.908846,0.641889,0.000000,0.000000,-0.000000,0.000000,0.000000,0.000000,0.000000
2.131000,3,8.225246,2.154833,-0.000907,-0.007598,0.003444,-0.000312,0.000000,0.000000,0.000000
2.140000,1,4.924597,0.865031,0.173881,-0.000624,0.003555,0.000722,0.000000,0.000000,0.000000
2.140000,2,7.908846,0.641889,0.000000,0.000000,-0.000000,0.000000,0.000000,0.000000,0.000000
2.140000,3,8.225178,2.154820,-0.000910,-0.007598,0.003444,-0.000312,0.000000,0.000000,0.000000
2.148000,1,4.924597,0.865031,0.173881,-0.000625,0.003555,0.000722,0.000000,0.000000,0.000000
2.148000,2,7.908846,0.641889,0.000000,0.000000,-0.000000,0.000000,0.000000,0.000000,0.000000
2.148000,3,8.225117,2.154808,-0.000912,-0.007598,0.003444,-0.000312,0.000000,0.000000,0.000000
2.156000,1,4.924597,0.865031,0.173881,-0.000625,0.003555,0.000722,0.000000,0.000000,0.000000
2.156000,2,7.908846,0.641889,0.000000,0.000000,-0.000000,0.000000,0.000000,0.000000,0.000000
2.156000,3,8.225056,2.154797,-0.000915,-0.007598,0.003445,-0.000312,0.000000,0.000000,0.000000
2.165000,1,4.924597,0.865031,0.173881,-0.000625,0.003555,0.000722,0.000000,0.000000,0.000000
2.165000,2,7.908846,0.641889,0.000000,0.000000,-0.000000,0.000000,0.000000,0.000000,0.000000
2.165000,3,8.224987,2.154784,-0.000917,-0.007598,0.003445,-0.000312,0.000000,0.000000,0.000000
2.173000,1,4.924597,0.865031,0.173881,-0.000625,0.003555,0.000722,0.000000,0.000000,0.000000
2.173000,2,7.908846,0.641889,0.000000,0.000000,-0.000000,0.000000,0.000000,0.000000,0.000000
2.173000,3,8.224926,2.154773,-0.000920,-0.007598,0.003445,-0.000312,0.000000,0.000000,0.000000
2.181000,1,4.924597,0.865031,0.173881,-0.000625,0.003556,0.000722,0.000000,0.000000,0.000000
2.181000,2,7.908846,0.641889,0.000000,0.000000,-0.000000,0.000000,0.000000,0.000000,0.000000
2.181000,3,8.224865,2.154761,-0.000922,-0.007598,0.003445,-0.000312,0.000000,0.000000,0.000000
2.189000,1,4.924597,0.865031,0.173881,-0.000625,0.003556,0.000722,0.000000,0.000000,0.000000
2.189000,2,7.908846,0.641889,0.000000,0.000000,-0.000000,0.000000,0.000000,0.000000,0.000000
2.189000,3,8.224804,2.154750,-0.000925,-0.007598,0.003445,-0.000312,0.000000,0.000000,0.000000
2.198000,1,4.924597,0.865031,0.173881,-0.000625,0.003556,0.000722,0.000000,0.000000,0.000000
2.198000,2,7.908846,0.641889,0.000000,0.000000,-0.000000,0.000000,0.000000,0.000000,0.000000
2.198000,3,8.224735,2.154737,-0.000928,-0.007598,0.003445,-0.000312,0.000000,0.000000,0.000000
2.206000,1,4.924597,0.865031,0.173881,-0.000625,0.003556,0.000722,0.000000,0.000000,0.000000
2.206000,2,7.908846,0.641889,0.000000,0.000000,-0.000000,0.000000,0.000000,0.000000,0.000000
2.206000,3,8.224674,2.154725,-0.000930,-0.007598,0.003446,-0.000312,0.000000,0.000000,0.000000
2.214000,1,4.924597,0.865031,0.173881,-0.000625,0.003556,0.000722,0.000000,0.000000,0.000000
2.214000,2,7.908846,0.641889,0.000000,0.000000,-0.000000,0.000000,0.000000,0.000000,0.000000
2.214000,3,8.224613,2.154714,-0.000933,-0.007598,0.003446,-0.000312,0.000000,0.000000,0.000000
2.223000,1,4.924597,0.865031,0.173881,-0.000625,0.003556,0.000722,0.000000,0.000000,0.000000
2.223000,2,7.908846,0.641889,0.000000,0.000000,-0.000000,0.000000,0.000000,0.000000,0.000000
2.223000,3,8.224545,2.154701,-0.000936,-0.007598,0.003446,-0.000311,0.000000,0.000000,0.000000
2.231000,1,4.924597,0.865031,0.173881,-0.000625,0.003556,0.000722,0.000000,0.000000,0.000000
2.231000,2,7.908846,0.641889,0.000000,0.000000,-0.000000,0.000000,0.000000,0.000000,0.000000
2.231000,3,8.224483,2.154690,-0.000938,-0.007598,0.003446,-0.000311,0.000000,0.000000,0.000000
2.239000,1,4.924597,0.865031,0.173881,-0.000625,0.003556,0.000722,0.000000,0.000000,0.000000
2.239000,2,7.908846,0.641889,0.000000,0.000000,-0.000000,0.000000,0.000000,0.000000,0.000000
2.239000,3,8.224422,2.154678,-0.000941,-0.007598,0.003446,-0.000311,0.000000,0.000000,0.000000
2.248000,1,4.924597,0.865031,0.173881,-0.000625,0.003556,0.000722,0.000000,0.000000,0.000000
2.248000,2,7.908846,0.641889,0.000000,0.000000,-0.000000,0.000000,0.000000,0.000000,0.000000
2.248000,3,8.224354,2.154665,-0.000943,-0.007598,0.003446,-0.000311,0.000000,0.000000,0.000000
2.256000,1,4.924597,0.865031,0.173881,-0.000625,0.003556,0.000722,0.000000,0.000000,0.000000
2.256000,2,7.908846,0.641889,0.000000,0.000000,-0.000000,0.000000,0.000000,0.000000,0.000000
2.256000,3,8.224293,2.154654,-0.000946,-0.007598,0.003446,-0.000311,0.000000,0.000000,0.000000
2.265000,1,4.924597,0.865031,0.173881,-0.000625,0.003556,0.000722,0.000000,0.000000,0.000000
2.265000,2,7.908846,0.641889,0.000000,0.000000,-0.000000,0.000000,0.000000,0.000000,0.000000
2.265000,3,8.224224,2.154641,-0.000949,-0.007598,0.003447,-0.000311,0.000000,0.000000,0.000000
2.273000,1,4.924597,0.865031,0.173881,-0.000625,0.003556,0.000722,0.000000,0.000000,0.000000
2.273000,2,7.908846,0.641889,0.000000,0.000000,-0.000000,0.000000,0.000000,0.000000,0.000000
2.273000,3,8.224163,2.154629,-0.000951,-0.007598,0.003447,-0.000311,0.000000,0.000000,0.000000
2.281000,1,4.924597,0.865031,0.173881,-0.000625,0.003556,0.000722,0.000000,0.000000,0.000000
2.281000,2,7.908846,0.641889,0.000000,0.000000,-0.000000,0.000000,0.000000,0.000000,0.000000
2.281000,3,8.224102,2.154618,-0.000954,-0.007598,0.003447,-0.000311,0.000000,0.000000,0.000000
2.290000,1,4.924597,0.865031,0.173881,-0.000625,0.003556,0.000722,0.000000,0.000000,0.000000
2.290000,2,7.908846,0.641889,0.000000,0.000000,-0.000000,0.000000,0.000000,0.000000,0.000000
2.290000,3,8.224033,2.154605,-0.000956,-0.007598,0.003447,-0.000311,0.000000,0.000000,0.000000
2.297000,1,4.924597,0.865031,0.173881,-0.000625,0.003556,0.000722,0.000000,0.000000,0.000000
2.297000,2,7.908846,0.641889,0.000000,0.000000,-0.000000,0.000000,0.000000,0.000000,0.000000
2.297000,3,8.223980,2.154595,-0.000959,-0.007598,0.003447,-0.000311,0.000000,0.000000,0.000000
2.306000,1,4.924597,0.865031,0.173881,-0.000625,0.003557,0.000722,0.000000,0.000000,0.000000
2.306000,2,7.908846,0.641889,0.000000,0.000000,-0.000000,0.000000,0.000000,0.000000,0.000000
2.306000,3,8.223911,2.154582,-0.000961,-0.007598,0.003447,-0.000311,0.000000,0.000000,0.000000
2.314000,1,4.924597,0.865031,0.173881,-0.000625,0.003557,0.000722,0.000000,0.000000,0.000000
2.314000,2,7.908846,0.641889,0.000000,0.000000,-0.000000,0.000000,0.000000,0.000000,0.000000
2.314000,3,8.223850,2.154571,-0.000964,-0.007599,0.003447,-0.000311,0.000000,0.000000,0.000000
2.322000,1,4.924597,0.865031,0.173881,-0.000625,0.003557,0.000722,0.000000,0.000000,0.000000
2.322000,2,7.908846,0.641889,0.000000,0.000000,-0.000000,0.000000,0.000000,0.000000,0.000000
2.322000,3,8.223789,2.154559,-0.000966,-0.007599,0.003448,-0.000311,0.000000,0.000000,0.000000
2.331000,1,4.924597,0.865031,0.173881,-0.000625,0.003557,0.000722,0.000000,0.000000,0.000000
2.331000,2,7.908846,0.641889,0.000000,0.000000,-0.000000,0.000000,0.000000,0.000000,0.000000
2.331000,3,8.223721,2.154546,-0.000969,-0.007599,0.003448,-0.000311,0.000000,0.000000,0.000000
2.340000,1,4.924597,0.865031,0.173881,-0.000625,0.003557,0.000722,0.000000,0.000000,0.000000
2.340000,2,7.908846,0.641889,0.000000,0.000000,-0.000000,0.000000,0.000000,0.000000,0.000000
2.340000,3,8.223652,2.154534,-0.000972,-0.007599,0.003448,-0.000311,0.000000,0.000000,0.000000
2.347000,1,4.924597,0.865031,0.173881,-0.000625,0.003557,0.000722,0.000000,0.000000,0.000000
2.347000,2,7.908846,0.641889,0.000000,0.000000,-0.000000,0.000000,0.000000,0.000000,0.000000
2.347000,3,8.223598,2.154524,-0.000974,-0.007599,0.003448,-0.000311,0.000000,0.000000,0.000000
2.356000,1,4.924597,0.865031,0.173881,-0.000625,0.003557,0.000722,0.000000,0.000000,0.000000
2.356000,2,7.908846,0.641889,0.000000,0.000000,-0.000000,0.000000,0.000000,0.000000,0.000000
2.356000,3,8.223530,2.154511,-0.000977,-0.007599,0.003448,-0.000311,0.000000,0.000000,0.000000
2.365000,1,4.924597,0.865031,0.173881,-0.000625,0.003557,0.000722,0.000000,0.000000,0.000000
2.365000,2,7.908846,0.641889,0.000000,0.000000,-0.000000,0.000000,0.000000,0.000000,0.000000
2.365000,3,8.223461,2.154498,-0.000980,-0.007599,0.003448,-0.000311,0.000000,0.000000,0.000000
2.373000,1,4.924597,0.865031,0.173881,-0.000625,0.003557,0.000722,0.000000,0.000000,0.000000
2.373000,2,7.908846,0.641889,0.000000,0.000000,-0.000000,0.000000,0.000000,0.000000,0.000000
2.373000,3,8.223400,2.154486,-0.000982,-0.007599,0.003449,-0.000311,0.000000,0.000000,0.000000
2.381000,1,4.924597,0.865031,0.173881,-0.000625,0.003557,0.000722,0.000000,0.000000,0.000000
2.381000,2,7.908846,0.641889,0.000000,0.000000,-0.000000,0.000000,0.000000,0.000000,0.000000
2.381000,3,8.223339,2.154475,-0.000985,-0.007599,0.003449,-0.000311,0.000000,0.000000,0.000000
2.389000,1,4.924597,0.865031,0.173881,-0.000625,0.003557,0.000722,0.000000,0.000000,0.000000
2.389000,2,7.908846,0.641889,0.000000,0.000000,-0.000000,0.000000,0.000000,0.000000,0.000000
2.389000,3,8.223278,2.154464,-0.000987,-0.007599,0.003449,-0.000311,0.000000,0.000000,0.000000
2.397000,1,4.924597,0.865031,0.173881,-0.000625,0.003557,0.000722,0.000000,0.000000,0.000000
2.397000,2,7.908846,0.641889,0.000000,0.000000,-0.000000,0.000000,0.000000,0.000000,0.000000
2.397000,3,8.223217,2.154452,-0.000990,-0.007599,0.003449,-0.000311,0.000000,0.000000,0.000000
2.407000,1,4.924597,0.865031,0.173881,-0.000625,0.003557,0.000722,0.000000,0.000000,0.000000
2.407000,2,7.908846,0.641889,0.000000,0.000000,-0.000000,0.000000,0.000000,0.000000,0.000000
2.407000,3,8.223141,2.154438,-0.000993,-0.007599,0.003449,-0.000311,0.000000,0.000000,0.000000
2.415000,1,4.924597,0.865031,0.173881,-0.000625,0.003557,0.000722,0.000000,0.000000,0.000000
2.415000,2,7.908846,0.641889,0.000000,0.000000,-0.000000,0.000000,0.000000,0.000000,0.000000
2.415000,3,8.223080,2.154426,-0.000995,-0.007599,0.003449,-0.000311,0.000000,0.000000,0.000000
2.423000,1,4.924597,0.865031,0.173881,-0.000625,0.003557,0.000722,0.000000,0.000000,0.000000
2.423000,2,7.908846,0.641889,0.000000,0.000000,-0.000000,0.000000,0.000000,0.000000,0.000000
2.423000,3,8.223019,2.154415,-0.000998,-0.007599,0.003449,-0.000311,0.000000,0.000000,0.000000
2.431000,1,4.924597,0.865031,0.173881,-0.000625,0.003558,0.000722,0.000000,0.000000,0.000000
2.431000,2,7.908846,0.641889,0.000000,0.000000,-0.000000,0.000000,0.000000,0.000000,0.000000
2.431000,3,8.222958,2.154403,-0.001000,-0.007599,0.003450,-0.000311,0.000000,0.000000,0.000000
2.441000,1,4.924597,0.865031,0.173881,-0.000625,0.003558,0.000722,0.000000,0.000000,0.000000
2.441000,2,7.908846,0.641889,0.000000,0.000000,-0.000000,0.000000,0.000000,0.000000,0.000000
2.441000,3,8.222881,2.154389,-0.001003,-0.007599,0.003450,-0.000311,0.000000,0.000000,0.000000
2.448000,1,4.924597,0.865031,0.173881,-0.000625,0.003558,0.000722,0.000000,0.000000,0.000000
2.448000,2,7.908846,0.641889,0.000000,0.000000,-0.000000,0.000000,0.000000,0.000000,0.000000
2.448000,3,8.222828,2.154379,-0.001006,-0.007599,0.003450,-0.000311,0.000000,0.000000,0.000000
2.456000,1,4.924597,0.865031,0.173881,-0.000625,0.003558,0.000722,0.000000,0.000000,0.000000
2.456000,2,7.908846,0.641889,0.000000,0.000000,-0.000000,0.000000,0.000000,0.000000,0.000000
2.456000,3,8.222767,2.154368,-0.001008,-0.007599,0.003450,-0.000311,0.000000,0.000000,0.000000
2.464000,1,4.924597,0.865031,0.173881,-0.000625,0.003558,0.000722,0.000000,0.000000,0.000000
2.464000,2,7.908846,0.641889,0.000000,0.000000,-0.000000,0.000000,0.000000,0.000000,0.000000
2.464000,3,8.222706,2.154356,-0.001011,-0.007599,0.003450,-0.000311,0.000000,0.000000,0.000000
2.473000,1,4.924597,0.865031,0.173881,-0.000625,0.003558,0.000722,0.000000,0.000000,0.000000
2.473000,2,7.908846,0.641889,0.000000,0.000000,-0.000000,0.000000,0.000000,0.000000,0.000000
2.473000,3,8.222637,2.154343,-0.001013,-0.007599,0.003450,-0.000311,0.000000,0.000000,0.000000
2.482000,1,4.924597,0.865031,0.173881,-0.000625,0.003558,0.000722,0.000000,0.000000,0.000000
2.482000,2,7.908846,0.641889,0.000000,0.000000,-0.000000,0.000000,0.000000,0.000000,0.000000
2.482000,3,8.222569,2.154330,-0.001016,-0.007599,0.003451,-0.000311,0.000000,0.000000,0.000000
2.490000,1,4.924597,0.865031,0.173881,-0.000625,0.003558,0.000722,0.000000,0.000000,0.000000
2.490000,2,7.908846,0.641889,0.000000,0.000000,-0.000000,0.000000,0.000000,0.000000,0.000000
2.490000,3,8.222507,2.154319,-0.001019,-0.007599,0.003451,-0.000311,0.000000,0.000000,0.000000
2.498000,1,4.924597,0.865031,0.173881,-0.000625,0.003558,0.000723,0.000000,0.000000,0.000000
2.498000,2,7.908846,0.641889,0.000000,0.000000,-0.000000,0.000000,0.000000,0.000000,0.000000
2.498000,3,8.222446,2.154308,-0.001021,-0.007599,0.003451,-0.000311,0.000000,0.000000,0.000000
2.506000,1,4.924597,0.865031,0.173881,-0.000625,0.003558,0.000723,0.000000,0.000000,0.000000
2.506000,2,7.908846,0.641889,0.000000,0.000000,-0.000000,0.000000,0.000000,0.000000,0.000000
2.506000,3,8.222385,2.154296,-0.001024,-0.007599,0.003451,-0.000311,0.000000,0.000000,0.000000
2.514000,1,4.924597,0.865031,0.173881,-0.000625,0.003558,0.000723,0.000000,0.000000,0.000000
2.514000,2,7.908846,0.641889,0.000000,0.000000,-0.000000,0.000000,0.000000,0.000000,0.000000
2.514000,3,8.222324,2.154285,-0.001026,-0.007599,0.003451,-0.000311,0.000000,0.000000,0.000000
2.523000,1,4.924597,0.865031,0.173881,-0.000625,0.003558,0.000723,0.000000,0.000000,0.000000
2.523000,2,7.908846,0.641889,0.000000,0.000000,-0.000000,0.000000,0.000000,0.000000,0.000000
2.523000,3,8.222256,2.154272,-0.001029,-0.007600,0.003451,-0.000311,0.000000,0.000000,0.000000
2.531000,1,4.924597,0.865031,0.173881,-0.000625,0.003558,0.000723,0.000000,0.000000,0.000000
2.531000,2,7.908846,0.641889,0.000000,0.000000,-0.000000,0.000000,0.000000,0.000000,0.000000
2.531000,3,8.222195,2.154260,-0.001031,-0.007600,0.003451,-0.000311,0.000000,0.000000,0.000000
2.539000,1,4.924597,0.865031,0.173881,-0.000625,0.003558,0.000723,0.000000,0.000000,0.000000
2.539000,2,7.908846,0.641889,0.000000,0.000000,-0.000000,0.000000,0.000000,0.000000,0.000000
2.539000,3,8.222134,2.154249,-0.001034,-0.007600,0.003452,-0.000311,0.000000,0.000000,0.000000
2.548000,1,4.924597,0.865031,0.173881,-0.000625,0.003558,0.000723,0.000000,0.000000,0.000000
2.548000,2,7.908846,0.641889,0.000000,0.000000,-0.000000,0.000000,0.000000,0.000000,0.000000
2.548000,3,8.222065,2.154236,-0.001037,-0.007600,0.003452,-0.000310,0.000000,0.000000,0.000000
2.555000,1,4.924597,0.865031,0.173881,-0.000625,0.003559,0.000723,0.000000,0.000000,0.000000
2.555000,2,7.908846,0.641889,0.000000,0.000000,-0.000000,0.000000,0.000000,0.000000,0.000000
2.555000,3,8.222012,2.154226,-0.001039,-0.007600,0.003452,-0.000310,0.000000,0.000000,0.000000
2.565000,1,4.924597,0.865031,0.173881,-0.000625,0.003559,0.000723,0.000000,0.000000,0.000000
2.565000,2,7.908846,0.641889,0.000000,0.000000,-0.000000,0.000000,0.000000,0.000000,0.000000
2.565000,3,8.221935,2.154212,-0.001042,-0.007600,0.003452,-0.000310,0.000000,0.000000,0.000000
2.572000,1,4.924597,0.865031,0.173881,-0.000625,0.003559,0.000723,0.000000,0.000000,0.000000
2.572000,2,7.908846,0.641889,0.000000,0.000000,-0.000000,0.000000,0.000000,0.000000,0.000000
2.572000,3,8.221882,2.154202,-0.001044,-0.007600,0.003452,-0.000310,0.000000,0.000000,0.000000
2.582000,1,4.924597,0.865031,0.173881,-0.000625,0.003559,0.000723,0.000000,0.000000,0.000000
2.582000,2,7.908846,0.641889,0.000000,0.000000,-0.000000,0.000000,0.000000,0.000000,0.000000
2.582000,3,8.221806,2.154187,-0.001047,-0.007600,0.003452,-0.000310,0.000000,0.000000,0.000000
2.589000,1,4.924597,0.865031,0.173881,-0.000625,0.003559,0.000723,0.000000,0.000000,0.000000
2.589000,2,7.908846,0.641889,0.000000,0.000000,-0.000000,0.000000,0.000000,0.000000,0.000000
2.589000,3,8.221752,2.154177,-0.001049,-0.007600,0.003452,-0.000310,0.000000,0.000000,0.000000
2.597000,1,4.924597,0.865031,0.173881,-0.000625,0.003559,0.000723,0.000000,0.000000,0.000000
2.597000,2,7.908846,0.641889,0.000000,0.000000,-0.000000,0.000000,0.000000,0.000000,0.000000
2.597000,3,8.221691,2.154166,-0.001052,-0.007600,0.003453,-0.000310,0.000000,0.000000,0.000000
2.607000,1,4.924597,0.865031,0.173881,-0.000625,0.003559,0.000723,0.000000,0.000000,0.000000
2.607000,2,7.908846,0.641889,0.000000,0.000000,-0.000000,0.000000,0.000000,0.000000,0.000000
2.607000,3,8.221615,2.154152,-0.001055,-0.007600,0.003453,-0.000310,0.000000,0.000000,0.000000
2.614000,1,4.924597,0.865031,0.173881,-0.000625,0.003559,0.000723,0.000000,0.000000,0.000000
2.614000,2,7.908846,0.641889,0.000000,0.000000,-0.000000,0.000000,0.000000,0.000000,0.000000
2.614000,3,8.221561,2.154142,-0.001057,-0.007600,0.003453,-0.000310,0.000000,0.000000,0.000000
2.622000,1,4.924597,0.865031,0.173881,-0.000625,0.003559,0.000723,0.000000,0.000000,0.000000
2.622000,2,7.908846,0.641889,0.000000,0.000000,-0.000000,0.000000,0.000000,0.000000,0.000000
2.622000,3,8.221500,2.154130,-0.001060,-0.007600,0.003453,-0.000310,0.000000,0.000000,0.000000
2.630000,1,4.924597,0.865031,0.173881,-0.000625,0.003559,0.000723,0.000000,0.000000,0.000000
2.630000,2,7.908846,0.641889,0.000000,0.000000,-0.000000,0.000000,0.000000,0.000000,0.000000
2.630000,3,8.221439,2.154119,-0.001062,-0.007600,0.003453,-0.000310,0.000000,0.000000,0.000000
2.639000,1,4.924597,0.865031,0.173881,-0.000625,0.003559,0.000723,0.000000,0.000000,0.000000
2.639000,2,7.908846,0.641889,0.000000,0.000000,-0.000000,0.000000,0.000000,0.000000,0.000000
2.639000,3,8.221371,2.154106,-0.001065,-0.007600,0.003453,-0.000310,0.000000,0.000000,0.000000
2.647000,1,4.924597,0.865031,0.173881,-0.000625,0.003559,0.000723,0.000000,0.000000,0.000000
2.647000,2,7.908846,0.641889,0.000000,0.000000,-0.000000,0.000000,0.000000,0.000000,0.000000
2.647000,3,8.221310,2.154094,-0.001067,-0.007600,0.003453,-0.000310,0.000000,0.000000,0.000000
2.656000,1,4.924597,0.865031,0.173881,-0.000625,0.003559,0.000723,0.000000,0.000000,0.000000
2.656000,2,7.908846,0.641889,0.000000,0.000000,-0.000000,0.000000,0.000000,0.000000,0.000000
2.656000,3,8.221241,2.154082,-0.001070,-0.007600,0.003454,-0.000310,0.000000,0.000000,0.000000
2.664000,1,4.924597,0.865031,0.173881,-0.000625,0.003559,0.000723,0.000000,0.000000,0.000000
2.664000,2,7.908846,0.641889,0.000000,0.000000,-0.000000,0.000000,0.000000,0.000000,0.000000
2.664000,3,8.221180,2.154070,-0.001073,-0.007600,0.003454,-0.000310,0.000000,0.000000,0.000000
2.672000,1,4.924597,0.865031,0.173881,-0.000625,0.003559,0.000723,0.000000,0.000000,0.000000
2.672000,2,7.908846,0.641889,0.000000,0.000000,-0.000000,0.000000,0.000000,0.000000,0.000000
2.672000,3,8.221119,2.154059,-0.001075,-0.007600,0.003454,-0.000310,0.000000,0.000000,0.000000
2.681000,1,4.924597,0.865031,0.173881,-0.000625,0.003560,0.000723,0.000000,0.000000,0.000000
2.681000,2,7.908846,0.641889,0.000000,0.000000,-0.000000,0.000000,0.000000,0.000000,0.000000
2.681000,3,8.221050,2.154046,-0.001078,-0.007600,0.003454,-0.000310,0.000000,0.000000,0.000000
2.690000,1,4.924597,0.865031,0.173881,-0.000625,0.003560,0.000723,0.000000,0.000000,0.000000
2.690000,2,7.908846,0.641889,0.000000,0.000000,-0.000000,0.000000,0.000000,0.000000,0.000000
2.690000,3,8.220982,2.154033,-0.001081,-0.007600,0.003454,-0.000310,0.000000,0.000000,0.000000
2.698000,1,4.924597,0.865031,0.173881,-0.000625,0.003560,0.000723,0.000000,0.000000,0.000000
2.698000,2,7.908846,0.641889,0.000000,0.000000,-0.000000,0.000000,0.000000,0.000000,0.000000
2.698000,3,8.220921,2.154022,-0.001083,-0.007600,0.003454,-0.000310,0.000000,0.000000,0.000000
2.706000,1,4.924597,0.865031,0.173881,-0.000625,0.003560,0.000723,0.000000,0.000000,0.000000
2.706000,2,7.908846,0.641889,0.000000,0.000000,-0.000000,0.000000,0.000000,0.000000,0.000000
2.706000,3,8.220860,2.154010,-0.001086,-0.007600,0.003455,-0.000310,0.000000,0.000000,0.000000
2.715000,1,4.924597,0.865031,0.173881,-0.000625,0.003560,0.000723,0.000000,0.000000,0.000000
2.715000,2,7.908846,0.641889,0.000000,0.000000,-0.000000,0.000000,0.000000,0.000000,0.000000
2.715000,3,8.220791,2.153997,-0.001088,-0.007600,0.003455,-0.000310,0.000000,0.000000,0.000000
2.723000,1,4.924597,0.865031,0.173881,-0.000625,0.003560,0.000723,0.000000,0.000000,0.000000
2.723000,2,7.908846,0.641889,0.000000,0.000000,-0.000000,0.000000,0.000000,0.000000,0.000000
2.723000,3,8.220730,2.153986,-0.001091,-0.007600,0.003455,-0.000310,0.000000,0.000000,0.000000
2.731000,1,4.924597,0.865031,0.173881,-0.000625,0.003560,0.000723,0.000000,0.000000,0.000000
2.731000,2,7.908846,0.641889,0.000000,0.000000,-0.000000,0.000000,0.000000,0.000000,0.000000
2.731000,3,8.220669,2.153974,-0.001093,-0.007601,0.003455,-0.000310,0.000000,0.000000,0.000000
2.740000,1,4.924597,0.865031,0.173881,-0.000625,0.003560,0.000723,0.000000,0.000000,0.000000
2.740000,2,7.908846,0.641889,0.000000,0.000000,-0.000000,0.000000,0.000000,0.000000,0.000000
2.740000,3,8.220600,2.153961,-0.001096,-0.007601,0.003455,-0.000310,0.000000,0.000000,0.000000
2.747000,1,4.924597,0.865031,0.173881,-0.000625,0.003560,0.000723,0.000000,0.000000,0.000000
2.747000,2,7.908846,0.641889,0.000000,0.000000,-0.000000,0.000000,0.000000,0.000000,0.000000
2.747000,3,8.220547,2.153951,-0.001098,-0.007601,0.003455,-0.000310,0.000000,0.000000,0.000000
2.757000,1,4.924597,0.865031,0.173881,-0.000625,0.003560,0.000723,0.000000,0.000000,0.000000
2.757000,2,7.908846,0.641889,0.000000,0.000000,-0.000000,0.000000,0.000000,0.000000,0.000000
2.757000,3,8.220470,2.153937,-0.001101,-0.007601,0.003455,-0.000310,0.000000,0.000000,0.000000
2.771000,1,4.924597,0.865031,0.173881,-0.000625,0.003560,0.000723,0.000000,0.000000,0.000000
2.771000,2,7.908846,0.641889,0.000000,0.000000,-0.000000,0.000000,0.000000,0.000000,0.000000
2.771000,3,8.220364,2.153917,-0.001106,-0.007601,0.003456,-0.000310,0.000000,0.000000,0.000000
2.774000,1,4.924597,0.865031,0.173881,-0.000625,0.003560,0.000723,0.000000,0.000000,0.000000
2.774000,2,7.908846,0.641889,0.000000,0.000000,-0.000000,0.000000,0.000000,0.000000,0.000000
2.774000,3,8.220341,2.153913,-0.001107,-0.007601,0.003456,-0.000310,0.000000,0.000000,0.000000
2.783000,1,4.924597,0.865031,0.173881,-0.000625,0.003560,0.000723,0.000000,0.000000,0.000000
2.783000,2,7.908846,0.641889,0.000000,0.000000,-0.000000,0.000000,0.000000,0.000000,0.000000
2.783000,3,8.220272,2.153900,-0.001109,-0.007601,0.003456,-0.000310,0.000000,0.000000,0.000000
2.790000,1,4.924597,0.865031,0.173881,-0.000625,0.003560,0.000723,0.000000,0.000000,0.000000
2.790000,2,7.908846,0.641889,0.000000,0.000000,-0.000000,0.000000,0.000000,0.000000,0.000000
2.790000,3,8.220219,2.153890,-0.001112,-0.007601,0.003456,-0.000310,0.000000,0.000000,0.000000
2.801000,1,4.924597,0.865031,0.173881,-0.000625,0.003560,0.000723,0.000000,0.000000,0.000000
2.801000,2,7.908846,0.641889,0.000000,0.000000,-0.000000,0.000000,0.000000,0.000000,0.000000
2.801000,3,8.220135,2.153874,-0.001115,-0.007601,0.003456,-0.000310,0.000000,0.000000,0.000000
2.806000,1,4.924597,0.865031,0.173881,-0.000625,0.003561,0.000723,0.000000,0.000000,0.000000
2.806000,2,7.908846,0.641889,0.000000,0.000000,-0.000000,0.000000,0.000000,0.000000,0.000000
2.806000,3,8.220097,2.153867,-0.001117,-0.007601,0.003456,-0.000310,0.000000,0.000000,0.000000
2.815000,1,4.924597,0.865031,0.173881,-0.000625,0.003561,0.000723,0.000000,0.000000,0.000000
2.815000,2,7.908846,0.641889,0.000000,0.000000,-0.000000,0.000000,0.000000,0.000000,0.000000
2.815000,3,8.220028,2.153854,-0.001119,-0.007601,0.003457,-0.000310,0.000000,0.000000,0.000000
2.823000,1,4.924597,0.865031,0.173881,-0.000625,0.003561,0.000723,0.000000,0.000000,0.000000
2.823000,2,7.908846,0.641889,0.000000,0.000000,-0.000000,0.000000,0.000000,0.000000,0.000000
2.823000,3,8.219967,2.153843,-0.001122,-0.007601,0.003457,-0.000310,0.000000,0.000000,0.000000
2.831000,1,4.924597,0.865031,0.173881,-0.000625,0.003561,0.000723,0.000000,0.000000,0.000000
2.831000,2,7.908846,0.641889,0.000000,0.000000,-0.000000,0.000000,0.000000,0.000000,0.000000
2.831000,3,8.219906,2.153831,-0.001124,-0.007601,0.003457,-0.000310,0.000000,0.000000,0.000000
2.835000,1,4.924597,0.865031,0.173881,-0.000625,0.003561,0.000723,0.000000,0.000000,0.000000
2.835000,2,7.908846,0.641889,0.000000,0.000000,-0.000000,0.000000,0.000000,0.000000,0.000000
2.835000,3,8.219875,2.153826,-0.001126,-0.007601,0.003457,-0.000310,0.000000,0.000000,0.000000
2.836000,1,4.924597,0.865031,0.173881,-0.000625,0.003561,0.000723,0.000000,0.000000,0.000000
2.836000,2,7.908846,0.641889,0.000000,0.000000,-0.000000,0.000000,0.000000,0.000000,0.000000
2.836000,3,8.219868,2.153824,-0.001126,-0.007601,0.003457,-0.000310,0.000000,0.000000,0.000000
2.837000,1,4.924597,0.865031,0.173881,-0.000625,0.003561,0.000723,0.000000,0.000000,0.000000
2.837000,2,7.908846,0.641889,0.000000,0.000000,-0.000000,0.000000,0.000000,0.000000,0.000000
2.837000,3,8.219860,2.153823,-0.001126,-0.007601,0.003457,-0.000310,0.000000,0.000000,0.000000
2.844000,1,4.924597,0.865031,0.173881,-0.000625,0.003561,0.000723,0.000000,0.000000,0.000000
2.844000,2,7.908846,0.641889,0.000000,0.000000,-0.000000,0.000000,0.000000,0.000000,0.000000
2.844000,3,8.219807,2.153813,-0.001128,-0.007601,0.003457,-0.000310,0.000000,0.000000,0.000000
2.851000,1,4.924597,0.865031,0.173881,-0.000625,0.003561,0.000723,0.000000,0.000000,0.000000
2.851000,2,7.908846,0.641889,0.000000,0.000000,-0.000000,0.000000,0.000000,0.000000,0.000000
2.851000,3,8.219753,2.153803,-0.001131,-0.007601,0.003457,-0.000310,0.000000,0.000000,0.000000
2.856000,1,4.924597,0.865031,0.173881,-0.000626,0.003561,0.000723,0.000000,0.000000,0.000000
2.856000,2,7.908846,0.641889,0.000000,0.000000,-0.000000,0.000000,0.000000,0.000000,0.000000
2.856000,3,8.219715,2.153795,-0.001132,-0.007601,0.003457,-0.000310,0.000000,0.000000,0.000000
2.874000,1,4.924597,0.865031,0.173881,-0.000626,0.003561,0.000723,0.000000,0.000000,0.000000
2.874000,2,7.908846,0.641889,0.000000,0.000000,-0.000000,0.000000,0.000000,0.000000,0.000000
2.874000,3,8.219578,2.153770,-0.001138,-0.007601,0.003458,-0.000309,0.000000,0.000000,0.000000
2.882000,1,4.924597,0.865031,0.173881,-0.000626,0.003561,0.000723,0.000000,0.000000,0.000000
2.882000,2,7.908846,0.641889,0.000000,0.000000,-0.000000,0.000000,0.000000,0.000000,0.000000
2.882000,3,8.219517,2.153758,-0.001140,-0.007601,0.003458,-0.000309,0.000000,0.000000,0.000000
2.893000,1,4.924597,0.865031,0.173881,-0.000626,0.003561,0.000723,0.000000,0.000000,0.000000
2.893000,2,7.908846,0.641889,0.000000,0.000000,-0.000000,0.000000,0.000000,0.000000,0.000000
2.893000,3,8.219433,2.153743,-0.001144,-0.007601,0.003458,-0.000309,0.000000,0.000000,0.000000
2.898000,1,4.924597,0.865031,0.173881,-0.000626,0.003561,0.000723,0.000000,0.000000,0.000000
2.898000,2,7.908846,0.641889,0.000000,0.000000,-0.000000,0.000000,0.000000,0.000000,0.000000
2.898000,3,8.219395,2.153735,-0.001145,-0.007601,0.003458,-0.000309,0.000000,0.000000,0.000000
2.907000,1,4.924597,0.865031,0.173881,-0.000626,0.003561,0.000723,0.000000,0.000000,0.000000
2.907000,2,7.908846,0.641889,0.000000,0.000000,-0.000000,0.000000,0.000000,0.000000,0.000000
2.907000,3,8.219326,2.153723,-0.001148,-0.007601,0.003458,-0.000309,0.000000,0.000000,0.000000
2.915000,1,4.924597,0.865031,0.173881,-0.000626,0.003561,0.000723,0.000000,0.000000,0.000000
2.915000,2,7.908846,0.641889,0.000000,0.000000,-0.000000,0.000000,0.000000,0.000000,0.000000
2.915000,3,8.219265,2.153711,-0.001150,-0.007601,0.003458,-0.000309,0.000000,0.000000,0.000000
2.923000,1,4.924597,0.865031,0.173881,-0.000626,0.003561,0.000723,0.000000,0.000000,0.000000
2.923000,2,7.908846,0.641889,0.000000,0.000000,-0.000000,0.000000,0.000000,0.000000,0.000000
2.923000,3,8.219204,2.153700,-0.001153,-0.007601,0.003458,-0.000309,0.000000,0.000000,0.000000
2.932000,1,4.924597,0.865031,0.173881,-0.000626,0.003562,0.000723,0.000000,0.000000,0.000000
2.932000,2,7.908846,0.641889,0.000000,0.000000,-0.000000,0.000000,0.000000,0.000000,0.000000
2.932000,3,8.219135,2.153687,-0.001156,-0.007601,0.003459,-0.000309,0.000000,0.000000,0.000000
2.938000,1,4.924597,0.865031,0.173881,-0.000626,0.003562,0.000723,0.000000,0.000000,0.000000
2.938000,2,7.908846,0.641889,0.000000,0.000000,-0.000000,0.000000,0.000000,0.000000,0.000000
2.938000,3,8.219090,2.153678,-0.001157,-0.007602,0.003459,-0.000309,0.000000,0.000000,0.000000
2.949000,1,4.924597,0.865031,0.173881,-0.000626,0.003562,0.000723,0.000000,0.000000,0.000000
2.949000,2,7.908846,0.641889,0.000000,0.000000,-0.000000,0.000000,0.000000,0.000000,0.000000
2.949000,3,8.219006,2.153662,-0.001161,-0.007602,0.003459,-0.000309,0.000000,0.000000,0.000000
2.952000,1,4.924597,0.865031,0.173881,-0.000626,0.003562,0.000723,0.000000,0.000000,0.000000
2.952000,2,7.908846,0.641889,0.000000,0.000000,-0.000000,0.000000,0.000000,0.000000,0.000000
2.952000,3,8.218983,2.153658,-0.001162,-0.007602,0.003459,-0.000309,0.000000,0.000000,0.000000
2.957000,1,4.924597,0.865031,0.173881,-0.000626,0.003562,0.000723,0.000000,0.000000,0.000000
2.957000,2,7.908846,0.641889,0.000000,0.000000,-0.000000,0.000000,0.000000,0.000000,0.000000
2.957000,3,8.218945,2.153651,-0.001163,-0.007602,0.003459,-0.000309,0.000000,0.000000,0.000000
2.965000,1,4.924597,0.865031,0.173881,-0.000626,0.003562,0.000723,0.000000,0.000000,0.000000
2.965000,2,7.908846,0.641889,0.000000,0.000000,-0.000000,0.000000,0.000000,0.000000,0.000000
2.965000,3,8.218884,2.153640,-0.001166,-0.007602,0.003459,-0.000309,0.000000,0.000000,0.000000
2.974000,1,4.924597,0.865031,0.173881,-0.000626,0.003562,0.000723,0.000000,0.000000,0.000000
2.974000,2,7.908846,0.641889,0.000000,0.000000,-0.000000,0.000000,0.000000,0.000000,0.000000
2.974000,3,8.218815,2.153627,-0.001169,-0.007602,0.003459,-0.000309,0.000000,0.000000,0.000000
2.982000,1,4.924597,0.865031,0.173881,-0.000626,0.003562,0.000723,0.000000,0.000000,0.000000
2.982000,2,7.908846,0.641889,0.000000,0.000000,-0.000000,0.000000,0.000000,0.000000,0.000000
2.982000,3,8.218754,2.153615,-0.001171,-0.007602,0.003460,-0.000309,0.000000,0.000000,0.000000
2.990000,1,4.924597,0.865031,0.173881,-0.000626,0.003562,0.000723,0.000000,0.000000,0.000000
2.990000,2,7.908846,0.641889,0.000000,0.000000,-0.000000,0.000000,0.000000,0.000000,0.000000
2.990000,3,8.218693,2.153604,-0.001174,-0.007602,0.003460,-0.000309,0.000000,0.000000,0.000000
2.998000,1,4.924597,0.865031,0.173881,-0.000626,0.003562,0.000723,0.000000,0.000000,0.000000
2.998000,2,7.908846,0.641889,0.000000,0.000000,-0.000000,0.000000,0.000000,0.000000,0.000000
2.998000,3,8.218632,2.153592,-0.001176,-0.007602,0.003460,-0.000309,0.000000,0.000000,0.000000
3.007000,1,4.924597,0.865031,0.173881,-0.000626,0.003562,0.000723,0.000000,0.000000,0.000000
3.007000,2,7.908846,0.641889,0.000000,0.000000,-0.000000,0.000000,0.000000,0.000000,0.000000
3.007000,3,8.218563,2.153579,-0.001179,-0.007602,0.003460,-0.000309,0.000000,0.000000,0.000000
3.015000,1,4.924597,0.865031,0.173881,-0.000626,0.003562,0.000723,0.000000,0.000000,0.000000
3.015000,2,7.908846,0.641889,0.000000,0.000000,-0.000000,0.000000,0.000000,0.000000,0.000000
3.015000,3,8.218502,2.153568,-0.001181,-0.007602,0.003460,-0.000309,0.000000,0.000000,0.000000
3.024000,1,4.924597,0.865031,0.173881,-0.000626,0.003562,0.000723,0.000000,0.000000,0.000000
3.024000,2,7.908846,0.641889,0.000000,0.000000,-0.000000,0.000000,0.000000,0.000000,0.000000
3.024000,3,8.218433,2.153555,-0.001184,-0.007602,0.003460,-0.000309,0.000000,0.000000,0.000000
3.032000,1,4.924597,0.865031,0.173881,-0.000626,0.003562,0.000723,0.000000,0.000000,0.000000
3.032000,2,7.908846,0.641889,0.000000,0.000000,-0.000000,0.000000,0.000000,0.000000,0.000000
3.032000,3,8.218372,2.153544,-0.001186,-0.007602,0.003460,-0.000309,0.000000,0.000000,0.000000
3.040000,1,4.924597,0.865031,0.173881,-0.000626,0.003562,0.000723,0.000000,0.000000,0.000000
3.040000,2,7.908846,0.641889,0.000000,0.000000,-0.000000,0.000000,0.000000,0.000000,0.000000
3.040000,3,8.218311,2.153532,-0.001189,-0.007602,0.003461,-0.000309,0.000000,0.000000,0.000000
3.048000,1,4.924597,0.865031,0.173881,-0.000626,0.003562,0.000723,0.000000,0.000000,0.000000
3.048000,2,7.908846,0.641889,0.000000,0.000000,-0.000000,0.000000,0.000000,0.000000,0.000000
3.048000,3,8.218250,2.153521,-0.001191,-0.007602,0.003461,-0.000309,0.000000,0.000000,0.000000
3.057000,1,4.924597,0.865031,0.173881,-0.000626,0.003563,0.000723,0.000000,0.000000,0.000000
3.057000,2,7.908846,0.641889,0.000000,0.000000,-0.000000,0.000000,0.000000,0.000000,0.000000
3.057000,3,8.218182,2.153508,-0.001194,-0.007602,0.003461,-0.000309,0.000000,0.000000,0.000000
3.064000,1,4.924597,0.865031,0.173881,-0.000626,0.003563,0.000723,0.000000,0.000000,0.000000
3.064000,2,7.908846,0.641889,0.000000,0.000000,-0.000000,0.000000,0.000000,0.000000,0.000000
3.064000,3,8.218128,2.153498,-0.001196,-0.007602,0.003461,-0.000309,0.000000,0.000000,0.000000
3.073000,1,4.924597,0.865031,0.173881,-0.000626,0.003563,0.000723,0.000000,0.000000,0.000000
3.073000,2,7.908846,0.641889,0.000000,0.000000,-0.000000,0.000000,0.000000,0.000000,0.000000
3.073000,3,8.218060,2.153485,-0.001199,-0.007602,0.003461,-0.000309,0.000000,0.000000,0.000000
3.082000,1,4.924597,0.865031,0.173881,-0.000626,0.003563,0.000723,0.000000,0.000000,0.000000
3.082000,2,7.908846,0.641889,0.000000,0.000000,-0.000000,0.000000,0.000000,0.000000,0.000000
3.082000,3,8.217991,2.153472,-0.001202,-0.007602,0.003461,-0.000309,0.000000,0.000000,0.000000
3.090000,1,4.924597,0.865031,0.173881,-0.000626,0.003563,0.000723,0.000000,0.000000,0.000000
3.090000,2,7.908846,0.641889,0.000000,0.000000,-0.000000,0.000000,0.000000,0.000000,0.000000
3.090000,3,8.217930,2.153461,-0.001204,-0.007602,0.003461,-0.000309,0.000000,0.000000,0.000000
3.099000,1,4.924597,0.865031,0.173881,-0.000626,0.003563,0.000723,0.000000,0.000000,0.000000
3.099000,2,7.908846,0.641889,0.000000,0.000000,-0.000000,0.000000,0.000000,0.000000,0.000000
3.099000,3,8.217861,2.153448,-0.001207,-0.007602,0.003462,-0.000309,0.000000,0.000000,0.000000
3.107000,1,4.924597,0.865031,0.173881,-0.000626,0.003563,0.000723,0.000000,0.000000,0.000000
3.107000,2,7.908846,0.641889,0.000000,0.000000,-0.000000,0.000000,0.000000,0.000000,0.000000
3.107000,3,8.217800,2.153436,-0.001210,-0.007602,0.003462,-0.000309,0.000000,0.000000,0.000000
3.115000,1,4.924597,0.865031,0.173881,-0.000626,0.003563,0.000724,0.000000,0.000000,0.000000
3.115000,2,7.908846,0.641889,0.000000,0.000000,-0.000000,0.000000,0.000000,0.000000,0.000000
3.115000,3,8.217739,2.153425,-0.001212,-0.007602,0.003462,-0.000309,0.000000,0.000000,0.000000
3.123000,1,4.924597,0.865031,0.173881,-0.000626,0.003563,0.000724,0.000000,0.000000,0.000000
3.123000,2,7.908846,0.641889,0.000000,0.000000,-0.000000,0.000000,0.000000,0.000000,0.000000
3.123000,3,8.217678,2.153414,-0.001215,-0.007602,0.003462,-0.000309,0.000000,0.000000,0.000000
3.131000,1,4.924597,0.865031,0.173881,-0.000626,0.003563,0.000724,0.000000,0.000000,0.000000
3.131000,2,7.908846,0.641889,0.000000,0.000000,-0.000000,0.000000,0.000000,0.000000,0.000000
3.131000,3,8.217617,2.153402,-0.001217,-0.007602,0.003462,-0.000309,0.000000,0.000000,0.000000
3.140000,1,4.924597,0.865031,0.173881,-0.000626,0.003563,0.000724,0.000000,0.000000,0.000000
3.140000,2,7.908846,0.641889,0.000000,0.000000,-0.000000,0.000000,0.000000,0.000000,0.000000
3.140000,3,8.217548,2.153389,-0.001220,-0.007602,0.003462,-0.000309,0.000000,0.000000,0.000000
3.148000,1,4.924597,0.865031,0.173881,-0.000626,0.003563,0.000724,0.000000,0.000000,0.000000
3.148000,2,7.908846,0.641889,0.000000,0.000000,-0.000000,0.000000,0.000000,0.000000,0.000000
3.148000,3,8.217487,2.153378,-0.001222,-0.007603,0.003463,-0.000309,0.000000,0.000000,0.000000
3.156000,1,4.924597,0.865031,0.173881,-0.000626,0.003563,0.000724,0.000000,0.000000,0.000000
3.156000,2,7.908846,0.641889,0.000000,0.000000,-0.000000,0.000000,0.000000,0.000000,0.000000
3.156000,3,8.217426,2.153366,-0.001225,-0.007603,0.003463,-0.000309,0.000000,0.000000,0.000000
3.165000,1,4.924597,0.865031,0.173881,-0.000626,0.003563,0.000724,0.000000,0.000000,0.000000
3.165000,2,7.908846,0.641889,0.000000,0.000000,-0.000000,0.000000,0.000000,0.000000,0.000000
3.165000,3,8.217358,2.153353,-0.001228,-0.007603,0.003463,-0.000309,0.000000,0.000000,0.000000
3.173000,1,4.924597,0.865031,0.173881,-0.000626,0.003563,0.000724,0.000000,0.000000,0.000000
3.173000,2,7.908846,0.641889,0.000000,0.000000,-0.000000,0.000000,0.000000,0.000000,0.000000
3.173000,3,8.217297,2.153342,-0.001230,-0.007603,0.003463,-0.000309,0.000000,0.000000,0.000000
3.181000,1,4.924597,0.865031,0.173881,-0.000626,0.003564,0.000724,0.000000,0.000000,0.000000
3.181000,2,7.908846,0.641889,0.000000,0.000000,-0.000000,0.000000,0.000000,0.000000,0.000000
3.181000,3,8.217236,2.153331,-0.001232,-0.007603,0.003463,-0.000308,0.000000,0.000000,0.000000
3.190000,1,4.924597,0.865031,0.173881,-0.000626,0.003564,0.000724,0.000000,0.000000,0.000000
3.190000,2,7.908846,0.641889,0.000000,0.000000,-0.000000,0.000000,0.000000,0.000000,0.000000
3.190000,3,8.217167,2.153318,-0.001235,-0.007603,0.003463,-0.000308,0.000000,0.000000,0.000000
3.198000,1,4.924597,0.865031,0.173881,-0.000626,0.003564,0.000724,0.000000,0.000000,0.000000
3.198000,2,7.908846,0.641889,0.000000,0.000000,-0.000000,0.000000,0.000000,0.000000,0.000000
3.198000,3,8.217106,2.153306,-0.001238,-0.007603,0.003463,-0.000308,0.000000,0.000000,0.000000
3.206000,1,4.924597,0.865031,0.173881,-0.000626,0.003564,0.000724,0.000000,0.000000,0.000000
3.206000,2,7.908846,0.641889,0.000000,0.000000,-0.000000,0.000000,0.000000,0.000000,0.000000
3.206000,3,8.217045,2.153295,-0.001240,-0.007603,0.003464,-0.000308,0.000000,0.000000,0.000000
3.215000,1,4.924597,0.865031,0.173881,-0.000626,0.003564,0.000724,0.000000,0.000000,0.000000
3.215000,2,7.908846,0.641889,0.000000,0.000000,-0.000000,0.000000,0.000000,0.000000,0.000000
3.215000,3,8.216976,2.153282,-0.001243,-0.007603,0.003464,-0.000308,0.000000,0.000000,0.000000
3.223000,1,4.924597,0.865031,0.173881,-0.000626,0.003564,0.000724,0.000000,0.000000,0.000000
3.223000,2,7.908846,0.641889,0.000000,0.000000,-0.000000,0.000000,0.000000,0.000000,0.000000
3.223000,3,8.216915,2.153270,-0.001245,-0.007603,0.003464,-0.000308,0.000000,0.000000,0.000000
3.231000,1,4.924597,0.865031,0.173881,-0.000626,0.003564,0.000724,0.000000,0.000000,0.000000
3.231000,2,7.908846,0.641889,0.000000,0.000000,-0.000000,0.000000,0.000000,0.000000,0.000000
3.231000,3,8.216854,2.153259,-0.001248,-0.007603,0.003464,-0.000308,0.000000,0.000000,0.000000
3.240000,1,4.924597,0.865031,0.173881,-0.000626,0.003564,0.000724,0.000000,0.000000,0.000000
3.240000,2,7.908846,0.641889,0.000000,0.000000,-0.000000,0.000000,0.000000,0.000000,0.000000
3.240000,3,8.216785,2.153246,-0.001251,-0.007603,0.003464,-0.000308,0.000000,0.000000,0.000000
3.248000,1,4.924597,0.865031,0.173881,-0.000626,0.003564,0.000724,0.000000,0.000000,0.000000
3.248000,2,7.908846,0.641889,0.000000,0.000000,-0.000000,0.000000,0.000000,0.000000,0.000000
3.248000,3,8.216724,2.153235,-0.001253,-0.007603,0.003464,-0.000308,0.000000,0.000000,0.000000
3.257000,1,4.924597,0.865031,0.173881,-0.000626,0.003564,0.000724,0.000000,0.000000,0.000000
3.257000,2,7.908846,0.641889,0.000000,0.000000,-0.000000,0.000000,0.000000,0.000000,0.000000
3.257000,3,8.216656,2.153222,-0.001256,-0.007603,0.003464,-0.000308,0.000000,0.000000,0.000000
3.265000,1,4.924597,0.865031,0.173881,-0.000626,0.003564,0.000724,0.000000,0.000000,0.000000
3.265000,2,7.908846,0.641889,0.000000,0.000000,-0.000000,0.000000,0.000000,0.000000,0.000000
3.265000,3,8.216595,2.153210,-0.001258,-0.007603,0.003465,-0.000308,0.000000,0.000000,0.000000
3.273000,1,4.924597,0.865031,0.173881,-0.000626,0.003564,0.000724,0.000000,0.000000,0.000000
3.273000,2,7.908846,0.641889,0.000000,0.000000,-0.000000,0.000000,0.000000,0.000000,0.000000
3.273000,3,8.216534,2.153199,-0.001261,-0.007603,0.003465,-0.000308,0.000000,0.000000,0.000000
3.282000,1,4.924597,0.865031,0.173881,-0.000626,0.003564,0.000724,0.000000,0.000000,0.000000
3.282000,2,7.908846,0.641889,0.000000,0.000000,-0.000000,0.000000,0.000000,0.000000,0.000000
3.282000,3,8.216465,2.153186,-0.001264,-0.007603,0.003465,-0.000308,0.000000,0.000000,0.000000
3.291000,1,4.924597,0.865031,0.173881,-0.000626,0.003564,0.000724,0.000000,0.000000,0.000000
3.291000,2,7.908846,0.641889,0.000000,0.000000,-0.000000,0.000000,0.000000,0.000000,0.000000
3.291000,3,8.216396,2.153173,-0.001266,-0.007603,0.003465,-0.000308,0.000000,0.000000,0.000000
3.299000,1,4.924597,0.865031,0.173881,-0.000626,0.003564,0.000724,0.000000,0.000000,0.000000
3.299000,2,7.908846,0.641889,0.000000,0.000000,-0.000000,0.000000,0.000000,0.000000,0.000000
3.299000,3,8.216335,2.153162,-0.001269,-0.007603,0.003465,-0.000308,0.000000,0.000000,0.000000
3.307000,1,4.924597,0.865031,0.173881,-0.000626,0.003565,0.000724,0.000000,0.000000,0.000000
3.307000,2,7.908846,0.641889,0.000000,0.000000,-0.000000,0.000000,0.000000,0.000000,0.000000
3.307000,3,8.216274,2.153150,-0.001271,-0.007603,0.003465,-0.000308,0.000000,0.000000,0.000000
3.315000,1,4.924597,0.865031,0.173881,-0.000626,0.003565,0.000724,0.000000,0.000000,0.000000
3.315000,2,7.908846,0.641889,0.000000,0.000000,-0.000000,0.000000,0.000000,0.000000,0.000000
3.315000,3,8.216213,2.153139,-0.001274,-0.007603,0.003466,-0.000308,0.000000,0.000000,0.000000
3.324000,1,4.924597,0.865031,0.173881,-0.000626,0.003565,0.000724,0.000000,0.000000,0.000000
3.324000,2,7.908846,0.641889,0.000000,0.000000,-0.000000,0.000000,0.000000,0.000000,0.000000
3.324000,3,8.216145,2.153126,-0.001277,-0.007603,0.003466,-0.000308,0.000000,0.000000,0.000000
3.332000,1,4.924597,0.865031,0.173881,-0.000626,0.003563,0.000724,0.000000,0.000000,0.000000
3.332000,2,7.908846,0.641889,0.000000,0.000000,-0.000000,0.000000,0.000000,0.000000,0.000000
3.332000,3,8.216084,2.153115,-0.001279,-0.007603,0.003464,-0.000308,0.000000,0.000000,0.000000
3.340000,1,4.924597,0.865031,0.173881,-0.000626,0.003563,0.000724,0.000000,0.000000,0.000000
3.340000,2,7.908846,0.641889,0.000000,0.000000,-0.000000,0.000000,0.000000,0.000000,0.000000
3.340000,3,8.216022,2.153103,-0.001281,-0.007603,0.003463,-0.000308,0.000000,0.000000,0.000000
3.348000,1,4.924597,0.865031,0.173881,-0.000626,0.003563,0.000723,0.000000,0.000000,0.000000
3.348000,2,7.908846,0.641889,0.000000,0.000000,-0.000000,0.000000,0.000000,0.000000,0.000000
3.348000,3,8.215961,2.153092,-0.001284,-0.007603,0.003463,-0.000308,0.000000,0.000000,0.000000
3.357000,1,4.924597,0.865031,0.173881,-0.000626,0.003563,0.000724,0.000000,0.000000,0.000000
3.357000,2,7.908846,0.641889,0.000000,0.000000,-0.000000,0.000000,0.000000,0.000000,0.000000
3.357000,3,8.215893,2.153079,-0.001287,-0.007603,0.003463,-0.000308,0.000000,0.000000,0.000000
3.365000,1,4.924597,0.865031,0.173881,-0.000626,0.003563,0.000724,0.000000,0.000000,0.000000
3.365000,2,7.908846,0.641889,0.000000,0.000000,-0.000000,0.000000,0.000000,0.000000,0.000000
3.365000,3,8.215832,2.153067,-0.001289,-0.007603,0.003463,-0.000308,0.000000,0.000000,0.000000
3.373000,1,4.924597,0.865031,0.173881,-0.000626,0.003563,0.000724,0.000000,0.000000,0.000000
3.373000,2,7.908846,0.641889,0.000000,0.000000,-0.000000,0.000000,0.000000,0.000000,0.000000
3.373000,3,8.215771,2.153056,-0.001292,-0.007603,0.003463,-0.000308,0.000000,0.000000,0.000000
3.381000,1,4.924597,0.865031,0.173881,-0.000626,0.003563,0.000724,0.000000,0.000000,0.000000
3.381000,2,7.908846,0.641889,0.000000,0.000000,-0.000000,0.000000,0.000000,0.000000,0.000000
3.381000,3,8.215710,2.153044,-0.001294,-0.007603,0.003464,-0.000308,0.000000,0.000000,0.000000
3.390000,1,4.924597,0.865031,0.173881,-0.000626,0.003563,0.000724,0.000000,0.000000,0.000000
3.390000,2,7.908846,0.641889,0.000000,0.000000,-0.000000,0.000000,0.000000,0.000000,0.000000
3.390000,3,8.215641,2.153032,-0.001297,-0.007603,0.003464,-0.000308,0.000000,0.000000,0.000000
3.398000,1,4.924597,0.865031,0.173881,-0.000626,0.003563,0.000724,0.000000,0.000000,0.000000
3.398000,2,7.908846,0.641889,0.000000,0.000000,-0.000000,0.000000,0.000000,0.000000,0.000000
3.398000,3,8.215580,2.153020,-0.001299,-0.007603,0.003464,-0.000308,0.000000,0.000000,0.000000
3.406000,1,4.924597,0.865031,0.173881,-0.000626,0.003563,0.000724,0.000000,0.000000,0.000000
3.406000,2,7.908846,0.641889,0.000000,0.000000,-0.000000,0.000000,0.000000,0.000000,0.000000
3.406000,3,8.215519,2.153009,-0.001302,-0.007603,0.003464,-0.000308,0.000000,0.000000,0.000000
3.415000,1,4.924597,0.865031,0.173881,-0.000626,0.003563,0.000724,0.000000,0.000000,0.000000
3.415000,2,7.908846,0.641889,0.000000,0.000000,-0.000000,0.000000,0.000000,0.000000,0.000000
3.415000,3,8.215450,2.152996,-0.001305,-0.007603,0.003464,-0.000308,0.000000,0.000000,0.000000
3.423000,1,4.924597,0.865031,0.173881,-0.000626,0.003563,0.000724,0.000000,0.000000,0.000000
3.423000,2,7.908846,0.641889,0.000000,0.000000,-0.000000,0.000000,0.000000,0.000000,0.000000
3.423000,3,8.215389,2.152984,-0.001307,-0.007603,0.003464,-0.000308,0.000000,0.000000,0.000000
3.432000,1,4.924597,0.865031,0.173881,-0.000626,0.003564,0.000724,0.000000,0.000000,0.000000
3.432000,2,7.908846,0.641889,0.000000,0.000000,-0.000000,0.000000,0.000000,0.000000,0.000000
3.432000,3,8.215321,2.152972,-0.001310,-0.007603,0.003464,-0.000308,0.000000,0.000000,0.000000
3.440000,1,4.924597,0.865031,0.173881,-0.000626,0.003564,0.000724,0.000000,0.000000,0.000000
3.440000,2,7.908846,0.641889,0.000000,0.000000,-0.000000,0.000000,0.000000,0.000000,0.000000
3.440000,3,8.215260,2.152960,-0.001312,-0.007603,0.003464,-0.000308,0.000000,0.000000,0.000000
3.448000,1,4.924597,0.865031,0.173881,-0.000626,0.003564,0.000724,0.000000,0.000000,0.000000
3.448000,2,7.908846,0.641889,0.000000,0.000000,-0.000000,0.000000,0.000000,0.000000,0.000000
3.448000,3,8.215199,2.152949,-0.001315,-0.007603,0.003465,-0.000308,0.000000,0.000000,0.000000
3.457000,1,4.924597,0.865031,0.173881,-0.000626,0.003564,0.000724,0.000000,0.000000,0.000000
3.457000,2,7.908846,0.641889,0.000000,0.000000,-0.000000,0.000000,0.000000,0.000000,0.000000
3.457000,3,8.215130,2.152936,-0.001318,-0.007603,0.003465,-0.000308,0.000000,0.000000,0.000000
3.465000,1,4.924597,0.865031,0.173881,-0.000626,0.003564,0.000724,0.000000,0.000000,0.000000
3.465000,2,7.908846,0.641889,0.000000,0.000000,-0.000000,0.000000,0.000000,0.000000,0.000000
3.465000,3,8.215069,2.152924,-0.001320,-0.007603,0.003465,-0.000308,0.000000,0.000000,0.000000
3.473000,1,4.924597,0.865031,0.173881,-0.000626,0.003564,0.000724,0.000000,0.000000,0.000000
3.473000,2,7.908846,0.641889,0.000000,0.000000,-0.000000,0.000000,0.000000,0.000000,0.000000
3.473000,3,8.215008,2.152913,-0.001322,-0.007603,0.003465,-0.000308,0.000000,0.000000,0.000000
3.473000,1,4.924597,0.865031,0.173881,-0.000626,0.003564,0.000724,0.000000,0.000000,0.000000
3.473000,2,7.908846,0.641889,0.000000,0.000000,-0.000000,0.000000,0.000000,0.000000,0.000000
3.473000,3,8.215008,2.152913,-0.001322,-0.007603,0.003465,-0.000308,0.000000,0.000000,0.000000
3.475000,1,4.924597,0.865031,0.173881,-0.000626,0.003564,0.000724,0.000000,0.000000,0.000000
3.475000,2,7.908846,0.641889,0.000000,0.000000,-0.000000,0.000000,0.000000,0.000000,0.000000
3.475000,3,8.214993,2.152910,-0.001323,-0.007603,0.003465,-0.000308,0.000000,0.000000,0.000000
3.484000,1,4.924597,0.865031,0.173881,-0.000626,0.003564,0.000724,0.000000,0.000000,0.000000
3.484000,2,7.908846,0.641889,0.000000,0.000000,-0.000000,0.000000,0.000000,0.000000,0.000000
3.484000,3,8.214924,2.152897,-0.001326,-0.007603,0.003465,-0.000308,0.000000,0.000000,0.000000
3.489000,1,4.924597,0.865031,0.173881,-0.000626,0.003564,0.000724,0.000000,0.000000,0.000000
3.489000,2,7.908846,0.641889,0.000000,0.000000,-0.000000,0.000000,0.000000,0.000000,0.000000
3.489000,3,8.214886,2.152890,-0.001327,-0.007603,0.003465,-0.000308,0.000000,0.000000,0.000000
3.499000,1,4.924597,0.865031,0.173881,-0.000626,0.003564,0.000724,0.000000,0.000000,0.000000
3.499000,2,7.908846,0.641889,0.000000,0.000000,-0.000000,0.000000,0.000000,0.000000,0.000000
3.499000,3,8.214809,2.152876,-0.001330,-0.007603,0.003466,-0.000308,0.000000,0.000000,0.000000
3.506000,1,4.924597,0.865031,0.173881,-0.000626,0.003564,0.000724,0.000000,0.000000,0.000000
3.506000,2,7.908846,0.641889,0.000000,0.000000,-0.000000,0.000000,0.000000,0.000000,0.000000
3.506000,3,8.214756,2.152866,-0.001333,-0.007603,0.003466,-0.000308,0.000000,0.000000,0.000000
3.517000,1,4.924597,0.865031,0.173881,-0.000626,0.003564,0.000724,0.000000,0.000000,0.000000
3.517000,2,7.908846,0.641889,0.000000,0.000000,-0.000000,0.000000,0.000000,0.000000,0.000000
3.517000,3,8.214672,2.152850,-0.001336,-0.007603,0.003466,-0.000308,0.000000,0.000000,0.000000
3.523000,1,4.924597,0.865031,0.173881,-0.000626,0.003564,0.000724,0.000000,0.000000,0.000000
3.523000,2,7.908846,0.641889,0.000000,0.000000,-0.000000,0.000000,0.000000,0.000000,0.000000
3.523000,3,8.214626,2.152841,-0.001338,-0.007603,0.003466,-0.000308,0.000000,0.000000,0.000000
3.532000,1,4.924597,0.865031,0.173881,-0.000626,0.003564,0.000724,0.000000,0.000000,0.000000
3.532000,2,7.908846,0.641889,0.000000,0.000000,-0.000000,0.000000,0.000000,0.000000,0.000000
3.532000,3,8.214558,2.152828,-0.001341,-0.007603,0.003466,-0.000308,0.000000,0.000000,0.000000
3.540000,1,4.924597,0.865031,0.173881,-0.000626,0.003564,0.000724,0.000000,0.000000,0.000000
3.540000,2,7.908846,0.641889,0.000000,0.000000,-0.000000,0.000000,0.000000,0.000000,0.000000
3.540000,3,8.214497,2.152817,-0.001343,-0.007603,0.003466,-0.000308,0.000000,0.000000,0.000000
3.548000,1,4.924597,0.865031,0.173881,-0.000626,0.003564,0.000724,0.000000,0.000000,0.000000
3.548000,2,7.908846,0.641889,0.000000,0.000000,-0.000000,0.000000,0.000000,0.000000,0.000000
3.548000,3,8.214436,2.152806,-0.001346,-0.007604,0.003466,-0.000308,0.000000,0.000000,0.000000
3.557000,1,4.924597,0.865031,0.173881,-0.000626,0.003565,0.000724,0.000000,0.000000,0.000000
3.557000,2,7.908846,0.641889,0.000000,0.000000,-0.000000,0.000000,0.000000,0.000000,0.000000
3.557000,3,8.214367,2.152793,-0.001348,-0.007604,0.003467,-0.000308,0.000000,0.000000,0.000000
3.566000,1,4.924597,0.865031,0.173881,-0.000626,0.003565,0.000724,0.000000,0.000000,0.000000
3.566000,2,7.908846,0.641889,0.000000,0.000000,-0.000000,0.000000,0.000000,0.000000,0.000000
3.566000,3,8.214298,2.152780,-0.001351,-0.007604,0.003467,-0.000308,0.000000,0.000000,0.000000
3.574000,1,4.924597,0.865031,0.173881,-0.000626,0.003565,0.000724,0.000000,0.000000,0.000000
3.574000,2,7.908846,0.641889,0.000000,0.000000,-0.000000,0.000000,0.000000,0.000000,0.000000
3.574000,3,8.214237,2.152768,-0.001354,-0.007604,0.003467,-0.000308,0.000000,0.000000,0.000000
3.581000,1,4.924597,0.865031,0.173881,-0.000626,0.003565,0.000724,0.000000,0.000000,0.000000
3.581000,2,7.908846,0.641889,0.000000,0.000000,-0.000000,0.000000,0.000000,0.000000,0.000000
3.581000,3,8.214184,2.152758,-0.001356,-0.007604,0.003467,-0.000308,0.000000,0.000000,0.000000
3.590000,1,4.924597,0.865031,0.173881,-0.000626,0.003565,0.000724,0.000000,0.000000,0.000000
3.590000,2,7.908846,0.641889,0.000000,0.000000,-0.000000,0.000000,0.000000,0.000000,0.000000
3.590000,3,8.214115,2.152745,-0.001358,-0.007604,0.003467,-0.000308,0.000000,0.000000,0.000000
3.599000,1,4.924597,0.865031,0.173881,-0.000626,0.003565,0.000724,0.000000,0.000000,0.000000
3.599000,2,7.908846,0.641889,0.000000,0.000000,-0.000000,0.000000,0.000000,0.000000,0.000000
3.599000,3,8.214046,2.152733,-0.001361,-0.007604,0.003467,-0.000308,0.000000,0.000000,0.000000
3.607000,1,4.924597,0.865031,0.173881,-0.000626,0.003565,0.000724,0.000000,0.000000,0.000000
3.607000,2,7.908846,0.641889,0.000000,0.000000,-0.000000,0.000000,0.000000,0.000000,0.000000
3.607000,3,8.213985,2.152721,-0.001364,-0.007604,0.003467,-0.000308,0.000000,0.000000,0.000000
3.615000,1,4.924597,0.865031,0.173881,-0.000626,0.003565,0.000724,0.000000,0.000000,0.000000
3.615000,2,7.908846,0.641889,0.000000,0.000000,-0.000000,0.000000,0.000000,0.000000,0.000000
3.615000,3,8.213924,2.152710,-0.001366,-0.007604,0.003468,-0.000308,0.000000,0.000000,0.000000
3.623000,1,4.924597,0.865031,0.173881,-0.000626,0.003565,0.000724,0.000000,0.000000,0.000000
3.623000,2,7.908846,0.641889,0.000000,0.000000,-0.000000,0.000000,0.000000,0.000000,0.000000
3.623000,3,8.213863,2.152698,-0.001369,-0.007604,0.003468,-0.000308,0.000000,0.000000,0.000000
3.631000,1,4.924597,0.865031,0.173881,-0.000626,0.003565,0.000724,0.000000,0.000000,0.000000
3.631000,2,7.908846,0.641889,0.000000,0.000000,-0.000000,0.000000,0.000000,0.000000,0.000000
3.631000,3,8.213802,2.152687,-0.001371,-0.007604,0.003468,-0.000307,0.000000,0.000000,0.000000
3.641000,1,4.924597,0.865031,0.173881,-0.000626,0.003565,0.000724,0.000000,0.000000,0.000000
3.641000,2,7.908846,0.641889,0.000000,0.000000,-0.000000,0.000000,0.000000,0.000000,0.000000
3.641000,3,8.213726,2.152673,-0.001374,-0.007604,0.003468,-0.000307,0.000000,0.000000,0.000000
3.649000,1,4.924597,0.865031,0.173881,-0.000626,0.003565,0.000724,0.000000,0.000000,0.000000
3.649000,2,7.908846,0.641889,0.000000,0.000000,-0.000000,0.000000,0.000000,0.000000,0.000000
3.649000,3,8.213665,2.152661,-0.001377,-0.007604,0.003468,-0.000307,0.000000,0.000000,0.000000
3.656000,1,4.924597,0.865031,0.173881,-0.000626,0.003565,0.000724,0.000000,0.000000,0.000000
3.656000,2,7.908846,0.641889,0.000000,0.000000,-0.000000,0.000000,0.000000,0.000000,0.000000
3.656000,3,8.213612,2.152651,-0.001379,-0.007604,0.003468,-0.000307,0.000000,0.000000,0.000000
3.665000,1,4.924597,0.865031,0.173881,-0.000626,0.003565,0.000724,0.000000,0.000000,0.000000
3.665000,2,7.908846,0.641889,0.000000,0.000000,-0.000000,0.000000,0.000000,0.000000,0.000000
3.665000,3,8.213543,2.152638,-0.001382,-0.007604,0.003469,-0.000307,0.000000,0.000000,0.000000
3.673000,1,4.924597,0.865031,0.173881,-0.000626,0.003565,0.000724,0.000000,0.000000,0.000000
3.673000,2,7.908846,0.641889,0.000000,0.000000,-0.000000,0.000000,0.000000,0.000000,0.000000
3.673000,3,8.213482,2.152627,-0.001384,-0.007604,0.003469,-0.000307,0.000000,0.000000,0.000000
3.681000,1,4.924597,0.865031,0.173881,-0.000626,0.003566,0.000724,0.000000,0.000000,0.000000
3.681000,2,7.908846,0.641889,0.000000,0.000000,-0.000000,0.000000,0.000000,0.000000,0.000000
3.681000,3,8.213421,2.152615,-0.001386,-0.007604,0.003469,-0.000307,0.000000,0.000000,0.000000
3.689000,1,4.924597,0.865031,0.173881,-0.000626,0.003566,0.000724,0.000000,0.000000,0.000000
3.689000,2,7.908846,0.641889,0.000000,0.000000,-0.000000,0.000000,0.000000,0.000000,0.000000
3.689000,3,8.213360,2.152604,-0.001389,-0.007604,0.003469,-0.000307,0.000000,0.000000,0.000000
3.698000,1,4.924597,0.865031,0.173881,-0.000626,0.003566,0.000724,0.000000,0.000000,0.000000
3.698000,2,7.908846,0.641889,0.000000,0.000000,-0.000000,0.000000,0.000000,0.000000,0.000000
3.698000,3,8.213291,2.152591,-0.001392,-0.007604,0.003469,-0.000307,0.000000,0.000000,0.000000
3.707000,1,4.924597,0.865031,0.173881,-0.000626,0.003566,0.000724,0.000000,0.000000,0.000000
3.707000,2,7.908846,0.641889,0.000000,0.000000,-0.000000,0.000000,0.000000,0.000000,0.000000
3.707000,3,8.213223,2.152578,-0.001394,-0.007604,0.003469,-0.000307,0.000000,0.000000,0.000000
3.715000,1,4.924597,0.865031,0.173881,-0.000626,0.003566,0.000724,0.000000,0.000000,0.000000
3.715000,2,7.908846,0.641889,0.000000,0.000000,-0.000000,0.000000,0.000000,0.000000,0.000000
3.715000,3,8.213161,2.152567,-0.001397,-0.007604,0.003469,-0.000307,0.000000,0.000000,0.000000
3.722000,1,4.924597,0.865031,0.173881,-0.000626,0.003566,0.000724,0.000000,0.000000,0.000000
3.722000,2,7.908846,0.641889,0.000000,0.000000,-0.000000,0.000000,0.000000,0.000000,0.000000
3.722000,3,8.213108,2.152557,-0.001399,-0.007604,0.003470,-0.000307,0.000000,0.000000,0.000000
3.731000,1,4.924597,0.865031,0.173881,-0.000626,0.003566,0.000724,0.000000,0.000000,0.000000
3.731000,2,7.908846,0.641889,0.000000,0.000000,-0.000000,0.000000,0.000000,0.000000,0.000000
3.731000,3,8.213039,2.152544,-0.001402,-0.007604,0.003470,-0.000307,0.000000,0.000000,0.000000
3.739000,1,4.924597,0.865031,0.173881,-0.000626,0.003566,0.000724,0.000000,0.000000,0.000000
3.739000,2,7.908846,0.641889,0.000000,0.000000,-0.000000,0.000000,0.000000,0.000000,0.000000
3.739000,3,8.212978,2.152532,-0.001404,-0.007604,0.003470,-0.000307,0.000000,0.000000,0.000000
3.748000,1,4.924597,0.865031,0.173881,-0.000626,0.003566,0.000724,0.000000,0.000000,0.000000
3.748000,2,7.908846,0.641889,0.000000,0.000000,-0.000000,0.000000,0.000000,0.000000,0.000000
3.748000,3,8.212910,2.152519,-0.001407,-0.007604,0.003470,-0.000307,0.000000,0.000000,0.000000
3.756000,1,4.924597,0.865031,0.173881,-0.000626,0.003566,0.000724,0.000000,0.000000,0.000000
3.756000,2,7.908846,0.641889,0.000000,0.000000,-0.000000,0.000000,0.000000,0.000000,0.000000
3.756000,3,8.212849,2.152508,-0.001409,-0.007605,0.003470,-0.000307,0.000000,0.000000,0.000000
3.764000,1,4.924597,0.865031,0.173881,-0.000626,0.003566,0.000724,0.000000,0.000000,0.000000
3.764000,2,7.908846,0.641889,0.000000,0.000000,-0.000000,0.000000,0.000000,0.000000,0.000000
3.764000,3,8.212788,2.152497,-0.001412,-0.007605,0.003470,-0.000307,0.000000,0.000000,0.000000
3.773000,1,4.924597,0.865031,0.173881,-0.000626,0.003566,0.000724,0.000000,0.000000,0.000000
3.773000,2,7.908846,0.641889,0.000000,0.000000,-0.000000,0.000000,0.000000,0.000000,0.000000
3.773000,3,8.212719,2.152484,-0.001415,-0.007605,0.003470,-0.000307,0.000000,0.000000,0.000000
3.781000,1,4.924597,0.865031,0.173881,-0.000626,0.003566,0.000724,0.000000,0.000000,0.000000
3.781000,2,7.908846,0.641889,0.000000,0.000000,-0.000000,0.000000,0.000000,0.000000,0.000000
3.781000,3,8.212658,2.152472,-0.001417,-0.007605,0.003471,-0.000307,0.000000,0.000000,0.000000
3.789000,1,4.924597,0.865031,0.173881,-0.000626,0.003566,0.000724,0.000000,0.000000,0.000000
3.789000,2,7.908846,0.641889,0.000000,0.000000,-0.000000,0.000000,0.000000,0.000000,0.000000
3.789000,3,8.212597,2.152461,-0.001420,-0.007605,0.003471,-0.000307,0.000000,0.000000,0.000000
3.798000,1,4.924597,0.865031,0.173881,-0.000626,0.003566,0.000724,0.000000,0.000000,0.000000
3.798000,2,7.908846,0.641889,0.000000,0.000000,-0.000000,0.000000,0.000000,0.000000,0.000000
3.798000,3,8.212528,2.152448,-0.001422,-0.007605,0.003471,-0.000307,0.000000,0.000000,0.000000
3.806000,1,4.924597,0.865031,0.173881,-0.000626,0.003567,0.000724,0.000000,0.000000,0.000000
3.806000,2,7.908846,0.641889,0.000000,0.000000,-0.000000,0.000000,0.000000,0.000000,0.000000
3.806000,3,8.212467,2.152436,-0.001425,-0.007605,0.003471,-0.000307,0.000000,0.000000,0.000000
3.814000,1,4.924597,0.865031,0.173881,-0.000626,0.003567,0.000724,0.000000,0.000000,0.000000
3.814000,2,7.908846,0.641889,0.000000,0.000000,-0.000000,0.000000,0.000000,0.000000,0.000000
3.814000,3,8.212406,2.152425,-0.001427,-0.007605,0.003471,-0.000307,0.000000,0.000000,0.000000
3.823000,1,4.924597,0.865031,0.173881,-0.000627,0.003567,0.000724,0.000000,0.000000,0.000000
3.823000,2,7.908846,0.641889,0.000000,0.000000,-0.000000,0.000000,0.000000,0.000000,0.000000
3.823000,3,8.212337,2.152412,-0.001430,-0.007605,0.003471,-0.000307,0.000000,0.000000,0.000000
3.831000,1,4.924597,0.865031,0.173881,-0.000627,0.003567,0.000724,0.000000,0.000000,0.000000
3.831000,2,7.908846,0.641889,0.000000,0.000000,-0.000000,0.000000,0.000000,0.000000,0.000000
3.831000,3,8.212276,2.152401,-0.001433,-0.007605,0.003472,-0.000307,0.000000,0.000000,0.000000
3.839000,1,4.924597,0.865031,0.173881,-0.000627,0.003567,0.000724,0.000000,0.000000,0.000000
3.839000,2,7.908846,0.641889,0.000000,0.000000,-0.000000,0.000000,0.000000,0.000000,0.000000
3.839000,3,8.212215,2.152389,-0.001435,-0.007605,0.003472,-0.000307,0.000000,0.000000,0.000000
3.848000,1,4.924597,0.865031,0.173881,-0.000627,0.003567,0.000724,0.000000,0.000000,0.000000
3.848000,2,7.908846,0.641889,0.000000,0.000000,-0.000000,0.000000,0.000000,0.000000,0.000000
3.848000,3,8.212147,2.152376,-0.001438,-0.007605,0.003472,-0.000307,0.000000,0.000000,0.000000
3.856000,1,4.924597,0.865031,0.173881,-0.000627,0.003567,0.000724,0.000000,0.000000,0.000000
3.856000,2,7.908846,0.641889,0.000000,0.000000,-0.000000,0.000000,0.000000,0.000000,0.000000
3.856000,3,8.212086,2.152365,-0.001440,-0.007605,0.003472,-0.000307,0.000000,0.000000,0.000000
3.864000,1,4.924597,0.865031,0.173881,-0.000627,0.003567,0.000724,0.000000,0.000000,0.000000
3.864000,2,7.908846,0.641889,0.000000,0.000000,-0.000000,0.000000,0.000000,0.000000,0.000000
3.864000,3,8.212025,2.152354,-0.001443,-0.007605,0.003472,-0.000307,0.000000,0.000000,0.000000
3.873000,1,4.924597,0.865031,0.173881,-0.000627,0.003567,0.000724,0.000000,0.000000,0.000000
3.873000,2,7.908846,0.641889,0.000000,0.000000,-0.000000,0.000000,0.000000,0.000000,0.000000
3.873000,3,8.211956,2.152341,-0.001445,-0.007605,0.003472,-0.000307,0.000000,0.000000,0.000000
3.881000,1,4.924597,0.865031,0.173881,-0.000627,0.003567,0.000724,0.000000,0.000000,0.000000
3.881000,2,7.908846,0.641889,0.000000,0.000000,-0.000000,0.000000,0.000000,0.000000,0.000000
3.881000,3,8.211895,2.152329,-0.001448,-0.007605,0.003472,-0.000307,0.000000,0.000000,0.000000
3.889000,1,4.924597,0.865031,0.173881,-0.000627,0.003567,0.000724,0.000000,0.000000,0.000000
3.889000,2,7.908846,0.641889,0.000000,0.000000,-0.000000,0.000000,0.000000,0.000000,0.000000
3.889000,3,8.211834,2.152318,-0.001450,-0.007605,0.003473,-0.000307,0.000000,0.000000,0.000000
3.898000,1,4.924597,0.865031,0.173881,-0.000627,0.003567,0.000724,0.000000,0.000000,0.000000
3.898000,2,7.908846,0.641889,0.000000,0.000000,-0.000000,0.000000,0.000000,0.000000,0.000000
3.898000,3,8.211765,2.152305,-0.001453,-0.007605,0.003473,-0.000307,0.000000,0.000000,0.000000
3.907000,1,4.924597,0.865031,0.173881,-0.000627,0.003567,0.000724,0.000000,0.000000,0.000000
3.907000,2,7.908846,0.641889,0.000000,0.000000,-0.000000,0.000000,0.000000,0.000000,0.000000
3.907000,3,8.211697,2.152292,-0.001456,-0.007605,0.003473,-0.000307,0.000000,0.000000,0.000000
3.915000,1,4.924597,0.865031,0.173881,-0.000627,0.003567,0.000724,0.000000,0.000000,0.000000
3.915000,2,7.908846,0.641889,0.000000,0.000000,-0.000000,0.000000,0.000000,0.000000,0.000000
3.915000,3,8.211636,2.152281,-0.001458,-0.007605,0.003473,-0.000307,0.000000,0.000000,0.000000
3.923000,1,4.924597,0.865031,0.173881,-0.000627,0.003567,0.000724,0.000000,0.000000,0.000000
3.923000,2,7.908846,0.641889,0.000000,0.000000,-0.000000,0.000000,0.000000,0.000000,0.000000
3.923000,3,8.211575,2.152269,-0.001461,-0.007605,0.003473,-0.000307,0.000000,0.000000,0.000000
3.931000,1,4.924597,0.865031,0.173881,-0.000627,0.003568,0.000724,0.000000,0.000000,0.000000
3.931000,2,7.908846,0.641889,0.000000,0.000000,-0.000000,0.000000,0.000000,0.000000,0.000000
3.931000,3,8.211514,2.152258,-0.001463,-0.007605,0.003473,-0.000307,0.000000,0.000000,0.000000
3.940000,1,4.924597,0.865031,0.173881,-0.000627,0.003568,0.000724,0.000000,0.000000,0.000000
3.940000,2,7.908846,0.641889,0.000000,0.000000,-0.000000,0.000000,0.000000,0.000000,0.000000
3.940000,3,8.211445,2.152245,-0.001466,-0.007605,0.003473,-0.000307,0.000000,0.000000,0.000000
3.948000,1,4.924597,0.865031,0.173881,-0.000627,0.003568,0.000724,0.000000,0.000000,0.000000
3.948000,2,7.908846,0.641889,0.000000,0.000000,-0.000000,0.000000,0.000000,0.000000,0.000000
3.948000,3,8.211384,2.152233,-0.001468,-0.007605,0.003474,-0.000306,0.000000,0.000000,0.000000
3.956000,1,4.924597,0.865031,0.173881,-0.000627,0.003568,0.000724,0.000000,0.000000,0.000000
3.956000,2,7.908846,0.641889,0.000000,0.000000,-0.000000,0.000000,0.000000,0.000000,0.000000
3.956000,3,8.211323,2.152222,-0.001471,-0.007605,0.003474,-0.000306,0.000000,0.000000,0.000000
3.964000,1,4.924597,0.865031,0.173881,-0.000627,0.003568,0.000724,0.000000,0.000000,0.000000
3.964000,2,7.908846,0.641889,0.000000,0.000000,-0.000000,0.000000,0.000000,0.000000,0.000000
3.964000,3,8.211262,2.152210,-0.001473,-0.007606,0.003474,-0.000306,0.000000,0.000000,0.000000
3.973000,1,4.924597,0.865031,0.173881,-0.000627,0.003568,0.000724,0.000000,0.000000,0.000000
3.973000,2,7.908846,0.641889,0.000000,0.000000,-0.000000,0.000000,0.000000,0.000000,0.000000
3.973000,3,8.211193,2.152198,-0.001476,-0.007606,0.003474,-0.000306,0.000000,0.000000,0.000000
3.981000,1,4.924597,0.865031,0.173881,-0.000627,0.003568,0.000725,0.000000,0.000000,0.000000
3.981000,2,7.908846,0.641889,0.000000,0.000000,-0.000000,0.000000,0.000000,0.000000,0.000000
3.981000,3,8.211132,2.152186,-0.001479,-0.007606,0.003474,-0.000306,0.000000,0.000000,0.000000
3.990000,1,4.924597,0.865031,0.173881,-0.000627,0.003568,0.000725,0.000000,0.000000,0.000000
3.990000,2,7.908846,0.641889,0.000000,0.000000,-0.000000,0.000000,0.000000,0.000000,0.000000
3.990000,3,8.211063,2.152173,-0.001481,-0.007606,0.003474,-0.000306,0.000000,0.000000,0.000000
3.998000,1,4.924597,0.865031,0.173881,-0.000627,0.003568,0.000725,0.000000,0.000000,0.000000
3.998000,2,7.908846,0.641889,0.000000,0.000000,-0.000000,0.000000,0.000000,0.000000,0.000000
3.998000,3,8.211002,2.152162,-0.001484,-0.007606,0.003475,-0.000306,0.000000,0.000000,0.000000
4.006000,1,4.924597,0.865031,0.173881,-0.000627,0.003568,0.000725,0.000000,0.000000,0.000000
4.006000,2,7.908846,0.641889,0.000000,0.000000,-0.000000,0.000000,0.000000,0.000000,0.000000
4.006000,3,8.210941,2.152150,-0.001486,-0.007606,0.003475,-0.000306,0.000000,0.000000,0.000000
4.014000,1,4.924597,0.865031,0.173881,-0.000627,0.003568,0.000725,0.000000,0.000000,0.000000
4.014000,2,7.908846,0.641889,0.000000,0.000000,-0.000000,0.000000,0.000000,0.000000,0.000000
4.014000,3,8.210880,2.152139,-0.001489,-0.007606,0.003475,-0.000306,0.000000,0.000000,0.000000
4.023000,1,4.924597,0.865031,0.173881,-0.000627,0.003568,0.000725,0.000000,0.000000,0.000000
4.023000,2,7.908846,0.641889,0.000000,0.000000,-0.000000,0.000000,0.000000,0.000000,0.000000
4.023000,3,8.210812,2.152126,-0.001491,-0.007606,0.003475,-0.000306,0.000000,0.000000,0.000000
4.031000,1,4.924597,0.865031,0.173881,-0.000627,0.003568,0.000725,0.000000,0.000000,0.000000
4.031000,2,7.908846,0.641889,0.000000,0.000000,-0.000000,0.000000,0.000000,0.000000,0.000000
4.031000,3,8.210751,2.152115,-0.001494,-0.007606,0.003475,-0.000306,0.000000,0.000000,0.000000
4.039000,1,4.924597,0.865031,0.173881,-0.000627,0.003568,0.000725,0.000000,0.000000,0.000000
4.039000,2,7.908846,0.641889,0.000000,0.000000,-0.000000,0.000000,0.000000,0.000000,0.000000
4.039000,3,8.210690,2.152103,-0.001496,-0.007606,0.003475,-0.000306,0.000000,0.000000,0.000000
4.048000,1,4.924597,0.865031,0.173881,-0.000627,0.003568,0.000725,0.000000,0.000000,0.000000
4.048000,2,7.908846,0.641889,0.000000,0.000000,-0.000000,0.000000,0.000000,0.000000,0.000000
4.048000,3,8.210621,2.152090,-0.001499,-0.007606,0.003475,-0.000306,0.000000,0.000000,0.000000
4.056000,1,4.924597,0.865031,0.173881,-0.000627,0.003569,0.000725,0.000000,0.000000,0.000000
4.056000,2,7.908846,0.641889,0.000000,0.000000,-0.000000,0.000000,0.000000,0.000000,0.000000
4.056000,3,8.210560,2.152079,-0.001501,-0.007606,0.003476,-0.000306,0.000000,0.000000,0.000000
4.064000,1,4.924597,0.865031,0.173881,-0.000627,0.003569,0.000725,0.000000,0.000000,0.000000
4.064000,2,7.908846,0.641889,0.000000,0.000000,-0.000000,0.000000,0.000000,0.000000,0.000000
4.064000,3,8.210499,2.152067,-0.001504,-0.007606,0.003476,-0.000306,0.000000,0.000000,0.000000
4.073000,1,4.924597,0.865031,0.173881,-0.000627,0.003569,0.000725,0.000000,0.000000,0.000000
4.073000,2,7.908846,0.641889,0.000000,0.000000,-0.000000,0.000000,0.000000,0.000000,0.000000
4.073000,3,8.210430,2.152055,-0.001507,-0.007606,0.003476,-0.000306,0.000000,0.000000,0.000000
4.082000,1,4.924597,0.865031,0.173881,-0.000627,0.003569,0.000725,0.000000,0.000000,0.000000
4.082000,2,7.908846,0.641889,0.000000,0.000000,-0.000000,0.000000,0.000000,0.000000,0.000000
4.082000,3,8.210361,2.152042,-0.001509,-0.007606,0.003476,-0.000306,0.000000,0.000000,0.000000
4.090000,1,4.924597,0.865031,0.173881,-0.000627,0.003569,0.000725,0.000000,0.000000,0.000000
4.090000,2,7.908846,0.641889,0.000000,0.000000,-0.000000,0.000000,0.000000,0.000000,0.000000
4.090000,3,8.210300,2.152030,-0.001512,-0.007606,0.003476,-0.000306,0.000000,0.000000,0.000000
4.098000,1,4.924597,0.865031,0.173881,-0.000627,0.003569,0.000725,0.000000,0.000000,0.000000
4.098000,2,7.908846,0.641889,0.000000,0.000000,-0.000000,0.000000,0.000000,0.000000,0.000000
4.098000,3,8.210239,2.152019,-0.001514,-0.007606,0.003476,-0.000306,0.000000,0.000000,0.000000
4.106000,1,4.924597,0.865031,0.173881,-0.000627,0.003569,0.000725,0.000000,0.000000,0.000000
4.106000,2,7.908846,0.641889,0.000000,0.000000,-0.000000,0.000000,0.000000,0.000000,0.000000
4.106000,3,8.210178,2.152007,-0.001517,-0.007606,0.003476,-0.000306,0.000000,0.000000,0.000000
4.115000,1,4.924597,0.865031,0.173881,-0.000627,0.003569,0.000725,0.000000,0.000000,0.000000
4.115000,2,7.908846,0.641889,0.000000,0.000000,-0.000000,0.000000,0.000000,0.000000,0.000000
4.115000,3,8.210110,2.151994,-0.001520,-0.007606,0.003477,-0.000306,0.000000,0.000000,0.000000
4.123000,1,4.924597,0.865031,0.173881,-0.000627,0.003569,0.000725,0.000000,0.000000,0.000000
4.123000,2,7.908846,0.641889,0.000000,0.000000,-0.000000,0.000000,0.000000,0.000000,0.000000
4.123000,3,8.210049,2.151983,-0.001522,-0.007606,0.003477,-0.000306,0.000000,0.000000,0.000000
4.132000,1,4.924597,0.865031,0.173881,-0.000627,0.003569,0.000725,0.000000,0.000000,0.000000
4.132000,2,7.908846,0.641889,0.000000,0.000000,-0.000000,0.000000,0.000000,0.000000,0.000000
4.132000,3,8.209980,2.151970,-0.001525,-0.007606,0.003477,-0.000306,0.000000,0.000000,0.000000
4.140000,1,4.924597,0.865031,0.173881,-0.000627,0.003569,0.000725,0.000000,0.000000,0.000000
4.140000,2,7.908846,0.641889,0.000000,0.000000,-0.000000,0.000000,0.000000,0.000000,0.000000
4.140000,3,8.209919,2.151959,-0.001527,-0.007606,0.003477,-0.000306,0.000000,0.000000,0.000000
4.148000,1,4.924597,0.865031,0.173881,-0.000627,0.003569,0.000725,0.000000,0.000000,0.000000
4.148000,2,7.908846,0.641889,0.000000,0.000000,-0.000000,0.000000,0.000000,0.000000,0.000000
4.148000,3,8.209858,2.151947,-0.001530,-0.007606,0.003477,-0.000306,0.000000,0.000000,0.000000
4.156000,1,4.924597,0.865031,0.173881,-0.000627,0.003569,0.000725,0.000000,0.000000,0.000000
4.156000,2,7.908846,0.641889,0.000000,0.000000,-0.000000,0.000000,0.000000,0.000000,0.000000
4.156000,3,8.209797,2.151936,-0.001532,-0.007606,0.003477,-0.000306,0.000000,0.000000,0.000000
4.164000,1,4.924597,0.865031,0.173881,-0.000627,0.003569,0.000725,0.000000,0.000000,0.000000
4.164000,2,7.908846,0.641889,0.000000,0.000000,-0.000000,0.000000,0.000000,0.000000,0.000000
4.164000,3,8.209736,2.151924,-0.001535,-0.007606,0.003477,-0.000306,0.000000,0.000000,0.000000
4.173000,1,4.924597,0.865031,0.173881,-0.000627,0.003569,0.000725,0.000000,0.000000,0.000000
4.173000,2,7.908846,0.641889,0.000000,0.000000,-0.000000,0.000000,0.000000,0.000000,0.000000
4.173000,3,8.209667,2.151911,-0.001537,-0.007606,0.003478,-0.000306,0.000000,0.000000,0.000000
4.181000,1,4.924597,0.865031,0.173881,-0.000627,0.003570,0.000725,0.000000,0.000000,0.000000
4.181000,2,7.908846,0.641889,0.000000,0.000000,-0.000000,0.000000,0.000000,0.000000,0.000000
4.181000,3,8.209606,2.151900,-0.001540,-0.007607,0.003478,-0.000306,0.000000,0.000000,0.000000
4.189000,1,4.924597,0.865031,0.173881,-0.000627,0.003570,0.000725,0.000000,0.000000,0.000000
4.189000,2,7.908846,0.641889,0.000000,0.000000,-0.000000,0.000000,0.000000,0.000000,0.000000
4.189000,3,8.209545,2.151889,-0.001542,-0.007607,0.003478,-0.000306,0.000000,0.000000,0.000000
4.198000,1,4.924597,0.865031,0.173881,-0.000627,0.003570,0.000725,0.000000,0.000000,0.000000
4.198000,2,7.908846,0.641889,0.000000,0.000000,-0.000000,0.000000,0.000000,0.000000,0.000000
4.198000,3,8.209476,2.151876,-0.001545,-0.007607,0.003478,-0.000306,0.000000,0.000000,0.000000
4.207000,1,4.924597,0.865031,0.173881,-0.000627,0.003570,0.000725,0.000000,0.000000,0.000000
4.207000,2,7.908846,0.641889,0.000000,0.000000,-0.000000,0.000000,0.000000,0.000000,0.000000
4.207000,3,8.209408,2.151863,-0.001548,-0.007607,0.003478,-0.000306,0.000000,0.000000,0.000000
4.214000,1,4.924597,0.865031,0.173881,-0.000627,0.003570,0.000725,0.000000,0.000000,0.000000
4.214000,2,7.908846,0.641889,0.000000,0.000000,-0.000000,0.000000,0.000000,0.000000,0.000000
4.214000,3,8.209354,2.151853,-0.001550,-0.007607,0.003478,-0.000306,0.000000,0.000000,0.000000
4.222000,1,4.924597,0.865031,0.173881,-0.000627,0.003570,0.000725,0.000000,0.000000,0.000000
4.222000,2,7.908846,0.641889,0.000000,0.000000,-0.000000,0.000000,0.000000,0.000000,0.000000
4.222000,3,8.209293,2.151841,-0.001552,-0.007607,0.003479,-0.000306,0.000000,0.000000,0.000000
4.230000,1,4.924597,0.865031,0.173881,-0.000627,0.003570,0.000725,0.000000,0.000000,0.000000
4.230000,2,7.908846,0.641889,0.000000,0.000000,-0.000000,0.000000,0.000000,0.000000,0.000000
4.230000,3,8.209232,2.151830,-0.001555,-0.007607,0.003479,-0.000306,0.000000,0.000000,0.000000
4.239000,1,4.924597,0.865031,0.173881,-0.000627,0.003570,0.000725,0.000000,0.000000,0.000000
4.239000,2,7.908846,0.641889,0.000000,0.000000,-0.000000,0.000000,0.000000,0.000000,0.000000
4.239000,3,8.209164,2.151817,-0.001557,-0.007607,0.003479,-0.000306,0.000000,0.000000,0.000000
4.248000,1,4.924597,0.865031,0.173881,-0.000627,0.003570,0.000725,0.000000,0.000000,0.000000
4.248000,2,7.908846,0.641889,0.000000,0.000000,-0.000000,0.000000,0.000000,0.000000,0.000000
4.248000,3,8.209095,2.151804,-0.001560,-0.007607,0.003479,-0.000306,0.000000,0.000000,0.000000
4.256000,1,4.924597,0.865031,0.173881,-0.000627,0.003570,0.000725,0.000000,0.000000,0.000000
4.256000,2,7.908846,0.641889,0.000000,0.000000,-0.000000,0.000000,0.000000,0.000000,0.000000
4.256000,3,8.209034,2.151793,-0.001563,-0.007607,0.003479,-0.000306,0.000000,0.000000,0.000000
4.264000,1,4.924597,0.865031,0.173881,-0.000627,0.003570,0.000725,0.000000,0.000000,0.000000
4.264000,2,7.908846,0.641889,0.000000,0.000000,-0.000000,0.000000,0.000000,0.000000,0.000000
4.264000,3,8.208973,2.151781,-0.001565,-0.007607,0.003479,-0.000306,0.000000,0.000000,0.000000
4.272000,1,4.924597,0.865031,0.173881,-0.000627,0.003570,0.000725,0.000000,0.000000,0.000000
4.272000,2,7.908846,0.641889,0.000000,0.000000,-0.000000,0.000000,0.000000,0.000000,0.000000
4.272000,3,8.208912,2.151770,-0.001568,-0.007607,0.003479,-0.000305,0.000000,0.000000,0.000000
4.281000,1,4.924597,0.865031,0.173881,-0.000627,0.003570,0.000725,0.000000,0.000000,0.000000
4.281000,2,7.908846,0.641889,0.000000,0.000000,-0.000000,0.000000,0.000000,0.000000,0.000000
4.281000,3,8.208843,2.151757,-0.001570,-0.007607,0.003480,-0.000305,0.000000,0.000000,0.000000
4.289000,1,4.924597,0.865031,0.173881,-0.000627,0.003570,0.000725,0.000000,0.000000,0.000000
4.289000,2,7.908846,0.641889,0.000000,0.000000,-0.000000,0.000000,0.000000,0.000000,0.000000
4.289000,3,8.208782,2.151746,-0.001573,-0.007607,0.003480,-0.000305,0.000000,0.000000,0.000000
4.297000,1,4.924597,0.865031,0.173881,-0.000627,0.003570,0.000725,0.000000,0.000000,0.000000
4.297000,2,7.908846,0.641889,0.000000,0.000000,-0.000000,0.000000,0.000000,0.000000,0.000000
4.297000,3,8.208721,2.151734,-0.001575,-0.007607,0.003480,-0.000305,0.000000,0.000000,0.000000
4.306000,1,4.924597,0.865031,0.173881,-0.000627,0.003570,0.000725,0.000000,0.000000,0.000000
4.306000,2,7.908846,0.641889,0.000000,0.000000,-0.000000,0.000000,0.000000,0.000000,0.000000
4.306000,3,8.208652,2.151721,-0.001578,-0.007607,0.003480,-0.000305,0.000000,0.000000,0.000000
4.316000,1,4.924597,0.865031,0.173881,-0.000627,0.003571,0.000725,0.000000,0.000000,0.000000
4.316000,2,7.908846,0.641889,0.000000,0.000000,-0.000000,0.000000,0.000000,0.000000,0.000000
4.316000,3,8.208576,2.151707,-0.001581,-0.007607,0.003480,-0.000305,0.000000,0.000000,0.000000
4.322000,1,4.924597,0.865031,0.173881,-0.000627,0.003571,0.000725,0.000000,0.000000,0.000000
4.322000,2,7.908846,0.641889,0.000000,0.000000,-0.000000,0.000000,0.000000,0.000000,0.000000
4.322000,3,8.208530,2.151698,-0.001583,-0.007607,0.003480,-0.000305,0.000000,0.000000,0.000000
4.331000,1,4.924597,0.865031,0.173881,-0.000627,0.003571,0.000725,0.000000,0.000000,0.000000
4.331000,2,7.908846,0.641889,0.000000,0.000000,-0.000000,0.000000,0.000000,0.000000,0.000000
4.331000,3,8.208462,2.151685,-0.001586,-0.007607,0.003480,-0.000305,0.000000,0.000000,0.000000
4.339000,1,4.924597,0.865031,0.173881,-0.000627,0.003571,0.000725,0.000000,0.000000,0.000000
4.339000,2,7.908846,0.641889,0.000000,0.000000,-0.000000,0.000000,0.000000,0.000000,0.000000
4.339000,3,8.208401,2.151674,-0.001588,-0.007607,0.003481,-0.000305,0.000000,0.000000,0.000000
4.348000,1,4.924597,0.865031,0.173881,-0.000627,0.003571,0.000725,0.000000,0.000000,0.000000
4.348000,2,7.908846,0.641889,0.000000,0.000000,-0.000000,0.000000,0.000000,0.000000,0.000000
4.348000,3,8.208332,2.151661,-0.001591,-0.007607,0.003481,-0.000305,0.000000,0.000000,0.000000
4.356000,1,4.924597,0.865031,0.173881,-0.000627,0.003571,0.000725,0.000000,0.000000,0.000000
4.356000,2,7.908846,0.641889,0.000000,0.000000,-0.000000,0.000000,0.000000,0.000000,0.000000
4.356000,3,8.208271,2.151650,-0.001593,-0.007607,0.003481,-0.000305,0.000000,0.000000,0.000000
4.365000,1,4.924597,0.865031,0.173881,-0.000627,0.003571,0.000725,0.000000,0.000000,0.000000
4.365000,2,7.908846,0.641889,0.000000,0.000000,-0.000000,0.000000,0.000000,0.000000,0.000000
4.365000,3,8.208202,2.151637,-0.001596,-0.007607,0.003481,-0.000305,0.000000,0.000000,0.000000
4.373000,1,4.924597,0.865031,0.173881,-0.000627,0.003571,0.000725,0.000000,0.000000,0.000000
4.373000,2,7.908846,0.641889,0.000000,0.000000,-0.000000,0.000000,0.000000,0.000000,0.000000
4.373000,3,8.208141,2.151625,-0.001598,-0.007607,0.003481,-0.000305,0.000000,0.000000,0.000000
4.381000,1,4.924597,0.865031,0.173881,-0.000627,0.003571,0.000725,0.000000,0.000000,0.000000
4.381000,2,7.908846,0.641889,0.000000,0.000000,-0.000000,0.000000,0.000000,0.000000,0.000000
4.381000,3,8.208080,2.151614,-0.001601,-0.007607,0.003481,-0.000305,0.000000,0.000000,0.000000
4.390000,1,4.924597,0.865031,0.173881,-0.000627,0.003571,0.000725,0.000000,0.000000,0.000000
4.390000,2,7.908846,0.641889,0.000000,0.000000,-0.000000,0.000000,0.000000,0.000000,0.000000
4.390000,3,8.208012,2.151601,-0.001604,-0.007608,0.003481,-0.000305,0.000000,0.000000,0.000000
4.398000,1,4.924597,0.865031,0.173881,-0.000627,0.003571,0.000725,0.000000,0.000000,0.000000
4.398000,2,7.908846,0.641889,0.000000,0.000000,-0.000000,0.000000,0.000000,0.000000,0.000000
4.398000,3,8.207951,2.151590,-0.001606,-0.007608,0.003482,-0.000305,0.000000,0.000000,0.000000
4.407000,1,4.924597,0.865031,0.173881,-0.000627,0.003571,0.000725,0.000000,0.000000,0.000000
4.407000,2,7.908846,0.641889,0.000000,0.000000,-0.000000,0.000000,0.000000,0.000000,0.000000
4.407000,3,8.207882,2.151577,-0.001609,-0.007608,0.003482,-0.000305,0.000000,0.000000,0.000000
4.414000,1,4.924597,0.865031,0.173881,-0.000627,0.003571,0.000725,0.000000,0.000000,0.000000
4.414000,2,7.908846,0.641889,0.000000,0.000000,-0.000000,0.000000,0.000000,0.000000,0.000000
4.414000,3,8.207829,2.151567,-0.001611,-0.007608,0.003482,-0.000305,0.000000,0.000000,0.000000
4.424000,1,4.924597,0.865031,0.173881,-0.000627,0.003571,0.000725,0.000000,0.000000,0.000000
4.424000,2,7.908846,0.641889,0.000000,0.000000,-0.000000,0.000000,0.000000,0.000000,0.000000
4.424000,3,8.207752,2.151552,-0.001614,-0.007608,0.003482,-0.000305,0.000000,0.000000,0.000000
4.431000,1,4.924597,0.865031,0.173881,-0.000627,0.003571,0.000725,0.000000,0.000000,0.000000
4.431000,2,7.908846,0.641889,0.000000,0.000000,-0.000000,0.000000,0.000000,0.000000,0.000000
4.431000,3,8.207699,2.151542,-0.001616,-0.007608,0.003482,-0.000305,0.000000,0.000000,0.000000
4.439000,1,4.924597,0.865031,0.173881,-0.000627,0.003572,0.000725,0.000000,0.000000,0.000000
4.439000,2,7.908846,0.641889,0.000000,0.000000,-0.000000,0.000000,0.000000,0.000000,0.000000
4.439000,3,8.207638,2.151531,-0.001618,-0.007608,0.003482,-0.000305,0.000000,0.000000,0.000000
4.448000,1,4.924597,0.865031,0.173881,-0.000627,0.003572,0.000725,0.000000,0.000000,0.000000
4.448000,2,7.908846,0.641889,0.000000,0.000000,-0.000000,0.000000,0.000000,0.000000,0.000000
4.448000,3,8.207569,2.151518,-0.001621,-0.007608,0.003483,-0.000305,0.000000,0.000000,0.000000
4.456000,1,4.924597,0.865031,0.173881,-0.000627,0.003572,0.000725,0.000000,0.000000,0.000000
4.456000,2,7.908846,0.641889,0.000000,0.000000,-0.000000,0.000000,0.000000,0.000000,0.000000
4.456000,3,8.207508,2.151507,-0.001624,-0.007608,0.003483,-0.000305,0.000000,0.000000,0.000000
4.465000,1,4.924597,0.865031,0.173881,-0.000627,0.003572,0.000725,0.000000,0.000000,0.000000
4.465000,2,7.908846,0.641889,0.000000,0.000000,-0.000000,0.000000,0.000000,0.000000,0.000000
4.465000,3,8.207439,2.151494,-0.001626,-0.007608,0.003483,-0.000305,0.000000,0.000000,0.000000
4.473000,1,4.924597,0.865031,0.173881,-0.000627,0.003572,0.000725,0.000000,0.000000,0.000000
4.473000,2,7.908846,0.641889,0.000000,0.000000,-0.000000,0.000000,0.000000,0.000000,0.000000
4.473000,3,8.207378,2.151482,-0.001629,-0.007608,0.003483,-0.000305,0.000000,0.000000,0.000000
4.481000,1,4.924597,0.865031,0.173881,-0.000627,0.003572,0.000725,0.000000,0.000000,0.000000
4.481000,2,7.908846,0.641889,0.000000,0.000000,-0.000000,0.000000,0.000000,0.000000,0.000000
4.481000,3,8.207317,2.151471,-0.001631,-0.007608,0.003483,-0.000305,0.000000,0.000000,0.000000
4.489000,1,4.924597,0.865031,0.173881,-0.000627,0.003572,0.000725,0.000000,0.000000,0.000000
4.489000,2,7.908846,0.641889,0.000000,0.000000,-0.000000,0.000000,0.000000,0.000000,0.000000
4.489000,3,8.207256,2.151459,-0.001634,-0.007608,0.003483,-0.000305,0.000000,0.000000,0.000000
4.498000,1,4.924597,0.865031,0.173881,-0.000627,0.003572,0.000725,0.000000,0.000000,0.000000
4.498000,2,7.908846,0.641889,0.000000,0.000000,-0.000000,0.000000,0.000000,0.000000,0.000000
4.498000,3,8.207188,2.151447,-0.001636,-0.007608,0.003483,-0.000305,0.000000,0.000000,0.000000
4.506000,1,4.924597,0.865031,0.173881,-0.000627,0.003572,0.000725,0.000000,0.000000,0.000000
4.506000,2,7.908846,0.641889,0.000000,0.000000,-0.000000,0.000000,0.000000,0.000000,0.000000
4.506000,3,8.207127,2.151435,-0.001639,-0.007608,0.003484,-0.000305,0.000000,0.000000,0.000000
4.515000,1,4.924597,0.865031,0.173881,-0.000627,0.003572,0.000725,0.000000,0.000000,0.000000
4.515000,2,7.908846,0.641889,0.000000,0.000000,-0.000000,0.000000,0.000000,0.000000,0.000000
4.515000,3,8.207058,2.151422,-0.001642,-0.007608,0.003484,-0.000305,0.000000,0.000000,0.000000
4.523000,1,4.924597,0.865031,0.173881,-0.000627,0.003572,0.000725,0.000000,0.000000,0.000000
4.523000,2,7.908846,0.641889,0.000000,0.000000,-0.000000,0.000000,0.000000,0.000000,0.000000
4.523000,3,8.206997,2.151411,-0.001644,-0.007608,0.003484,-0.000305,0.000000,0.000000,0.000000
4.531000,1,4.924597,0.865031,0.173881,-0.000627,0.003572,0.000725,0.000000,0.000000,0.000000
4.531000,2,7.908846,0.641889,0.000000,0.000000,-0.000000,0.000000,0.000000,0.000000,0.000000
4.531000,3,8.206936,2.151399,-0.001647,-0.007608,0.003484,-0.000305,0.000000,0.000000,0.000000
4.539000,1,4.924597,0.865031,0.173881,-0.000627,0.003572,0.000725,0.000000,0.000000,0.000000
4.539000,2,7.908846,0.641889,0.000000,0.000000,-0.000000,0.000000,0.000000,0.000000,0.000000
4.539000,3,8.206875,2.151388,-0.001649,-0.007608,0.003484,-0.000305,0.000000,0.000000,0.000000
4.547000,1,4.924597,0.865031,0.173881,-0.000628,0.003572,0.000725,0.000000,0.000000,0.000000
4.547000,2,7.908846,0.641889,0.000000,0.000000,-0.000000,0.000000,0.000000,0.000000,0.000000
4.547000,3,8.206814,2.151376,-0.001651,-0.007608,0.003484,-0.000305,0.000000,0.000000,0.000000
4.556000,1,4.924597,0.865031,0.173881,-0.000628,0.003572,0.000725,0.000000,0.000000,0.000000
4.556000,2,7.908846,0.641889,0.000000,0.000000,-0.000000,0.000000,0.000000,0.000000,0.000000
4.556000,3,8.206745,2.151364,-0.001654,-0.007608,0.003484,-0.000305,0.000000,0.000000,0.000000
4.564000,1,4.924597,0.865031,0.173881,-0.000628,0.003573,0.000725,0.000000,0.000000,0.000000
4.564000,2,7.908846,0.641889,0.000000,0.000000,-0.000000,0.000000,0.000000,0.000000,0.000000
4.564000,3,8.206684,2.151352,-0.001657,-0.007608,0.003485,-0.000305,0.000000,0.000000,0.000000
4.573000,1,4.924597,0.865031,0.173881,-0.000628,0.003573,0.000725,0.000000,0.000000,0.000000
4.573000,2,7.908846,0.641889,0.000000,0.000000,-0.000000,0.000000,0.000000,0.000000,0.000000
4.573000,3,8.206615,2.151339,-0.001659,-0.007608,0.003485,-0.000305,0.000000,0.000000,0.000000
4.581000,1,4.924597,0.865031,0.173881,-0.000628,0.003573,0.000725,0.000000,0.000000,0.000000
4.581000,2,7.908846,0.641889,0.000000,0.000000,-0.000000,0.000000,0.000000,0.000000,0.000000
4.581000,3,8.206554,2.151328,-0.001662,-0.007608,0.003485,-0.000305,0.000000,0.000000,0.000000
4.590000,1,4.924597,0.865031,0.173881,-0.000628,0.003573,0.000725,0.000000,0.000000,0.000000
4.590000,2,7.908846,0.641889,0.000000,0.000000,-0.000000,0.000000,0.000000,0.000000,0.000000
4.590000,3,8.206486,2.151315,-0.001664,-0.007608,0.003485,-0.000304,0.000000,0.000000,0.000000
4.598000,1,4.924597,0.865031,0.173881,-0.000628,0.003573,0.000725,0.000000,0.000000,0.000000
4.598000,2,7.908846,0.641889,0.000000,0.000000,-0.000000,0.000000,0.000000,0.000000,0.000000
4.598000,3,8.206425,2.151304,-0.001667,-0.007608,0.003485,-0.000304,0.000000,0.000000,0.000000
4.606000,1,4.924597,0.865031,0.173881,-0.000628,0.003573,0.000726,0.000000,0.000000,0.000000
4.606000,2,7.908846,0.641889,0.000000,0.000000,-0.000000,0.000000,0.000000,0.000000,0.000000
4.606000,3,8.206364,2.151292,-0.001669,-0.007609,0.003485,-0.000304,0.000000,0.000000,0.000000
4.614000,1,4.924597,0.865031,0.173881,-0.000628,0.003573,0.000726,0.000000,0.000000,0.000000
4.614000,2,7.908846,0.641889,0.000000,0.000000,-0.000000,0.000000,0.000000,0.000000,0.000000
4.614000,3,8.206303,2.151281,-0.001672,-0.007609,0.003485,-0.000304,0.000000,0.000000,0.000000
4.622000,1,4.924597,0.865031,0.173881,-0.000628,0.003573,0.000726,0.000000,0.000000,0.000000
4.622000,2,7.908846,0.641889,0.000000,0.000000,-0.000000,0.000000,0.000000,0.000000,0.000000
4.622000,3,8.206242,2.151269,-0.001674,-0.007609,0.003486,-0.000304,0.000000,0.000000,0.000000
4.631000,1,4.924597,0.865031,0.173881,-0.000628,0.003573,0.000726,0.000000,0.000000,0.000000
4.631000,2,7.908846,0.641889,0.000000,0.000000,-0.000000,0.000000,0.000000,0.000000,0.000000
4.631000,3,8.206173,2.151256,-0.001677,-0.007609,0.003486,-0.000304,0.000000,0.000000,0.000000
4.639000,1,4.924597,0.865031,0.173881,-0.000628,0.003573,0.000726,0.000000,0.000000,0.000000
4.639000,2,7.908846,0.641889,0.000000,0.000000,-0.000000,0.000000,0.000000,0.000000,0.000000
4.639000,3,8.206112,2.151245,-0.001679,-0.007609,0.003486,-0.000304,0.000000,0.000000,0.000000
4.648000,1,4.924597,0.865031,0.173881,-0.000628,0.003573,0.000726,0.000000,0.000000,0.000000
4.648000,2,7.908846,0.641889,0.000000,0.000000,-0.000000,0.000000,0.000000,0.000000,0.000000
4.648000,3,8.206043,2.151232,-0.001682,-0.007609,0.003486,-0.000304,0.000000,0.000000,0.000000
4.656000,1,4.924597,0.865031,0.173881,-0.000628,0.003573,0.000726,0.000000,0.000000,0.000000
4.656000,2,7.908846,0.641889,0.000000,0.000000,-0.000000,0.000000,0.000000,0.000000,0.000000
4.656000,3,8.205982,2.151221,-0.001685,-0.007609,0.003486,-0.000304,0.000000,0.000000,0.000000
4.664000,1,4.924597,0.865031,0.173881,-0.000628,0.003573,0.000726,0.000000,0.000000,0.000000
4.664000,2,7.908846,0.641889,0.000000,0.000000,-0.000000,0.000000,0.000000,0.000000,0.000000
4.664000,3,8.205921,2.151209,-0.001687,-0.007609,0.003486,-0.000304,0.000000,0.000000,0.000000
4.673000,1,4.924597,0.865031,0.173881,-0.000628,0.003573,0.000726,0.000000,0.000000,0.000000
4.673000,2,7.908846,0.641889,0.000000,0.000000,-0.000000,0.000000,0.000000,0.000000,0.000000
4.673000,3,8.205853,2.151196,-0.001690,-0.007609,0.003487,-0.000304,0.000000,0.000000,0.000000
4.681000,1,4.924597,0.865031,0.173881,-0.000628,0.003573,0.000726,0.000000,0.000000,0.000000
4.681000,2,7.908846,0.641889,0.000000,0.000000,-0.000000,0.000000,0.000000,0.000000,0.000000
4.681000,3,8.205791,2.151185,-0.001692,-0.007609,0.003487,-0.000304,0.000000,0.000000,0.000000
4.690000,1,4.924597,0.865031,0.173881,-0.000628,0.003574,0.000726,0.000000,0.000000,0.000000
4.690000,2,7.908846,0.641889,0.000000,0.000000,-0.000000,0.000000,0.000000,0.000000,0.000000
4.690000,3,8.205723,2.151172,-0.001695,-0.007609,0.003487,-0.000304,0.000000,0.000000,0.000000
4.698000,1,4.924597,0.865031,0.173881,-0.000628,0.003574,0.000726,0.000000,0.000000,0.000000
4.698000,2,7.908846,0.641889,0.000000,0.000000,-0.000000,0.000000,0.000000,0.000000,0.000000
4.698000,3,8.205662,2.151160,-0.001697,-0.007609,0.003487,-0.000304,0.000000,0.000000,0.000000
4.707000,1,4.924597,0.865031,0.173881,-0.000628,0.003574,0.000726,0.000000,0.000000,0.000000
4.707000,2,7.908846,0.641889,0.000000,0.000000,-0.000000,0.000000,0.000000,0.000000,0.000000
4.707000,3,8.205593,2.151148,-0.001700,-0.007609,0.003487,-0.000304,0.000000,0.000000,0.000000
4.715000,1,4.924597,0.865031,0.173881,-0.000628,0.003574,0.000726,0.000000,0.000000,0.000000
4.715000,2,7.908846,0.641889,0.000000,0.000000,-0.000000,0.000000,0.000000,0.000000,0.000000
4.715000,3,8.205532,2.151136,-0.001703,-0.007609,0.003487,-0.000304,0.000000,0.000000,0.000000
4.722000,1,4.924597,0.865031,0.173881,-0.000628,0.003574,0.000726,0.000000,0.000000,0.000000
4.722000,2,7.908846,0.641889,0.000000,0.000000,-0.000000,0.000000,0.000000,0.000000,0.000000
4.722000,3,8.205479,2.151126,-0.001705,-0.007609,0.003487,-0.000304,0.000000,0.000000,0.000000
4.731000,1,4.924597,0.865031,0.173881,-0.000628,0.003574,0.000726,0.000000,0.000000,0.000000
4.731000,2,7.908846,0.641889,0.000000,0.000000,-0.000000,0.000000,0.000000,0.000000,0.000000
4.731000,3,8.205410,2.151113,-0.001707,-0.007609,0.003488,-0.000304,0.000000,0.000000,0.000000
4.740000,1,4.924597,0.865031,0.173881,-0.000628,0.003574,0.000726,0.000000,0.000000,0.000000
4.740000,2,7.908846,0.641889,0.000000,0.000000,-0.000000,0.000000,0.000000,0.000000,0.000000
4.740000,3,8.205341,2.151100,-0.001710,-0.007609,0.003488,-0.000304,0.000000,0.000000,0.000000
4.749000,1,4.924597,0.865031,0.173881,-0.000628,0.003574,0.000726,0.000000,0.000000,0.000000
4.749000,2,7.908846,0.641889,0.000000,0.000000,-0.000000,0.000000,0.000000,0.000000,0.000000
4.749000,3,8.205273,2.151088,-0.001713,-0.007609,0.003488,-0.000304,0.000000,0.000000,0.000000
4.756000,1,4.924597,0.865031,0.173881,-0.000628,0.003574,0.000726,0.000000,0.000000,0.000000
4.756000,2,7.908846,0.641889,0.000000,0.000000,-0.000000,0.000000,0.000000,0.000000,0.000000
4.756000,3,8.205219,2.151078,-0.001715,-0.007609,0.003488,-0.000304,0.000000,0.000000,0.000000
4.764000,1,4.924597,0.865031,0.173881,-0.000628,0.003574,0.000726,0.000000,0.000000,0.000000
4.764000,2,7.908846,0.641889,0.000000,0.000000,-0.000000,0.000000,0.000000,0.000000,0.000000
4.764000,3,8.205158,2.151066,-0.001717,-0.007609,0.003488,-0.000304,0.000000,0.000000,0.000000
4.772000,1,4.924597,0.865031,0.173881,-0.000628,0.003574,0.000726,0.000000,0.000000,0.000000
4.772000,2,7.908846,0.641889,0.000000,0.000000,-0.000000,0.000000,0.000000,0.000000,0.000000
4.772000,3,8.205097,2.151055,-0.001720,-0.007609,0.003488,-0.000304,0.000000,0.000000,0.000000
4.781000,1,4.924597,0.865031,0.173881,-0.000628,0.003574,0.000726,0.000000,0.000000,0.000000
4.781000,2,7.908846,0.641889,0.000000,0.000000,-0.000000,0.000000,0.000000,0.000000,0.000000
4.781000,3,8.205029,2.151042,-0.001723,-0.007609,0.003488,-0.000304,0.000000,0.000000,0.000000
4.790000,1,4.924597,0.865031,0.173881,-0.000628,0.003574,0.000726,0.000000,0.000000,0.000000
4.790000,2,7.908846,0.641889,0.000000,0.000000,-0.000000,0.000000,0.000000,0.000000,0.000000
4.790000,3,8.204960,2.151029,-0.001725,-0.007609,0.003489,-0.000304,0.000000,0.000000,0.000000
4.798000,1,4.924597,0.865031,0.173881,-0.000628,0.003574,0.000726,0.000000,0.000000,0.000000
4.798000,2,7.908846,0.641889,0.000000,0.000000,-0.000000,0.000000,0.000000,0.000000,0.000000
4.798000,3,8.204899,2.151017,-0.001728,-0.007609,0.003489,-0.000304,0.000000,0.000000,0.000000
4.806000,1,4.924597,0.865031,0.173881,-0.000628,0.003574,0.000726,0.000000,0.000000,0.000000
4.806000,2,7.908846,0.641889,0.000000,0.000000,-0.000000,0.000000,0.000000,0.000000,0.000000
4.806000,3,8.204838,2.151006,-0.001730,-0.007609,0.003489,-0.000304,0.000000,0.000000,0.000000
4.814000,1,4.924597,0.865031,0.173881,-0.000628,0.003574,0.000726,0.000000,0.000000,0.000000
4.814000,2,7.908846,0.641889,0.000000,0.000000,-0.000000,0.000000,0.000000,0.000000,0.000000
4.814000,3,8.204777,2.150995,-0.001733,-0.007610,0.003489,-0.000304,0.000000,0.000000,0.000000
4.823000,1,4.924597,0.865031,0.173881,-0.000628,0.003575,0.000726,0.000000,0.000000,0.000000
4.823000,2,7.908846,0.641889,0.000000,0.000000,-0.000000,0.000000,0.000000,0.000000,0.000000
4.823000,3,8.204708,2.150982,-0.001735,-0.007610,0.003489,-0.000304,0.000000,0.000000,0.000000
4.831000,1,4.924597,0.865031,0.173881,-0.000628,0.003575,0.000726,0.000000,0.000000,0.000000
4.831000,2,7.908846,0.641889,0.000000,0.000000,-0.000000,0.000000,0.000000,0.000000,0.000000
4.831000,3,8.204647,2.150970,-0.001738,-0.007610,0.003489,-0.000304,0.000000,0.000000,0.000000
4.839000,1,4.924597,0.865031,0.173881,-0.000628,0.003575,0.000726,0.000000,0.000000,0.000000
4.839000,2,7.908846,0.641889,0.000000,0.000000,-0.000000,0.000000,0.000000,0.000000,0.000000
4.839000,3,8.204586,2.150959,-0.001740,-0.007610,0.003490,-0.000304,0.000000,0.000000,0.000000
4.848000,1,4.924597,0.865031,0.173881,-0.000628,0.003575,0.000726,0.000000,0.000000,0.000000
4.848000,2,7.908846,0.641889,0.000000,0.000000,-0.000000,0.000000,0.000000,0.000000,0.000000
4.848000,3,8.204517,2.150946,-0.001743,-0.007610,0.003490,-0.000304,0.000000,0.000000,0.000000
4.856000,1,4.924597,0.865031,0.173881,-0.000628,0.003575,0.000726,0.000000,0.000000,0.000000
4.856000,2,7.908846,0.641889,0.000000,0.000000,-0.000000,0.000000,0.000000,0.000000,0.000000
4.856000,3,8.204456,2.150934,-0.001745,-0.007610,0.003490,-0.000304,0.000000,0.000000,0.000000
4.865000,1,4.924597,0.865031,0.173881,-0.000628,0.003575,0.000726,0.000000,0.000000,0.000000
4.865000,2,7.908846,0.641889,0.000000,0.000000,-0.000000,0.000000,0.000000,0.000000,0.000000
4.865000,3,8.204388,2.150922,-0.001748,-0.007610,0.003490,-0.000304,0.000000,0.000000,0.000000
4.873000,1,4.924597,0.865031,0.173881,-0.000628,0.003575,0.000726,0.000000,0.000000,0.000000
4.873000,2,7.908846,0.641889,0.000000,0.000000,-0.000000,0.000000,0.000000,0.000000,0.000000
4.873000,3,8.204327,2.150910,-0.001751,-0.007610,0.003490,-0.000304,0.000000,0.000000,0.000000
4.881000,1,4.924597,0.865031,0.173881,-0.000628,0.003575,0.000726,0.000000,0.000000,0.000000
4.881000,2,7.908846,0.641889,0.000000,0.000000,-0.000000,0.000000,0.000000,0.000000,0.000000
4.881000,3,8.204266,2.150899,-0.001753,-0.007610,0.003490,-0.000304,0.000000,0.000000,0.000000
4.889000,1,4.924597,0.865031,0.173881,-0.000628,0.003575,0.000726,0.000000,0.000000,0.000000
4.889000,2,7.908846,0.641889,0.000000,0.000000,-0.000000,0.000000,0.000000,0.000000,0.000000
4.889000,3,8.204205,2.150887,-0.001755,-0.007610,0.003490,-0.000304,0.000000,0.000000,0.000000
4.897000,1,4.924597,0.865031,0.173881,-0.000628,0.003575,0.000726,0.000000,0.000000,0.000000
4.897000,2,7.908846,0.641889,0.000000,0.000000,-0.000000,0.000000,0.000000,0.000000,0.000000
4.897000,3,8.204144,2.150876,-0.001758,-0.007610,0.003491,-0.000304,0.000000,0.000000,0.000000
4.906000,1,4.924597,0.865031,0.173881,-0.000628,0.003575,0.000726,0.000000,0.000000,0.000000
4.906000,2,7.908846,0.641889,0.000000,0.000000,-0.000000,0.000000,0.000000,0.000000,0.000000
4.906000,3,8.204075,2.150863,-0.001761,-0.007610,0.003491,-0.000304,0.000000,0.000000,0.000000
4.914000,1,4.924597,0.865031,0.173881,-0.000628,0.003575,0.000726,0.000000,0.000000,0.000000
4.914000,2,7.908846,0.641889,0.000000,0.000000,-0.000000,0.000000,0.000000,0.000000,0.000000
4.914000,3,8.204014,2.150851,-0.001763,-0.007610,0.003491,-0.000303,0.000000,0.000000,0.000000
4.922000,1,4.924597,0.865031,0.173881,-0.000628,0.003575,0.000726,0.000000,0.000000,0.000000
4.922000,2,7.908846,0.641889,0.000000,0.000000,-0.000000,0.000000,0.000000,0.000000,0.000000
4.922000,3,8.203953,2.150840,-0.001765,-0.007610,0.003491,-0.000303,0.000000,0.000000,0.000000
4.931000,1,4.924597,0.865031,0.173881,-0.000628,0.003575,0.000726,0.000000,0.000000,0.000000
4.931000,2,7.908846,0.641889,0.000000,0.000000,-0.000000,0.000000,0.000000,0.000000,0.000000
4.931000,3,8.203884,2.150827,-0.001768,-0.007610,0.003491,-0.000303,0.000000,0.000000,0.000000
4.940000,1,4.924597,0.865031,0.173881,-0.000628,0.003575,0.000726,0.000000,0.000000,0.000000
4.940000,2,7.908846,0.641889,0.000000,0.000000,-0.000000,0.000000,0.000000,0.000000,0.000000
4.940000,3,8.203815,2.150814,-0.001771,-0.007610,0.003491,-0.000303,0.000000,0.000000,0.000000
4.948000,1,4.924597,0.865031,0.173881,-0.000628,0.003576,0.000726,0.000000,0.000000,0.000000
4.948000,2,7.908846,0.641889,0.000000,0.000000,-0.000000,0.000000,0.000000,0.000000,0.000000
4.948000,3,8.203754,2.150803,-0.001773,-0.007610,0.003491,-0.000303,0.000000,0.000000,0.000000
4.956000,1,4.924597,0.865031,0.173881,-0.000628,0.003576,0.000726,0.000000,0.000000,0.000000
4.956000,2,7.908846,0.641889,0.000000,0.000000,-0.000000,0.000000,0.000000,0.000000,0.000000
4.956000,3,8.203693,2.150791,-0.001776,-0.007610,0.003492,-0.000303,0.000000,0.000000,0.000000
4.964000,1,4.924597,0.865031,0.173881,-0.000628,0.003576,0.000726,0.000000,0.000000,0.000000
4.964000,2,7.908846,0.641889,0.000000,0.000000,-0.000000,0.000000,0.000000,0.000000,0.000000
4.964000,3,8.203632,2.150780,-0.001778,-0.007610,0.003492,-0.000303,0.000000,0.000000,0.000000
4.973000,1,4.924597,0.865031,0.173881,-0.000628,0.003576,0.000726,0.000000,0.000000,0.000000
4.973000,2,7.908846,0.641889,0.000000,0.000000,-0.000000,0.000000,0.000000,0.000000,0.000000
4.973000,3,8.203564,2.150767,-0.001781,-0.007610,0.003492,-0.000303,0.000000,0.000000,0.000000
4.981000,1,4.924597,0.865031,0.173881,-0.000628,0.003576,0.000726,0.000000,0.000000,0.000000
4.981000,2,7.908846,0.641889,0.000000,0.000000,-0.000000,0.000000,0.000000,0.000000,0.000000
4.981000,3,8.203503,2.150756,-0.001783,-0.007610,0.003492,-0.000303,0.000000,0.000000,0.000000
4.990000,1,4.924597,0.865031,0.173881,-0.000628,0.003576,0.000726,0.000000,0.000000,0.000000
4.990000,2,7.908846,0.641889,0.000000,0.000000,-0.000000,0.000000,0.000000,0.000000,0.000000
4.990000,3,8.203434,2.150743,-0.001786,-0.007610,0.003492,-0.000303,0.000000,0.000000,0.000000
4.998000,1,4.924597,0.865031,0.173881,-0.000628,0.003576,0.000726,0.000000,0.000000,0.000000
4.998000,2,7.908846,0.641889,0.000000,0.000000,-0.000000,0.000000,0.000000,0.000000,0.000000
4.998000,3,8.203373,2.150731,-0.001788,-0.007610,0.003492,-0.000303,0.000000,0.000000,0.000000
5.006000,1,4.924597,0.865031,0.173881,-0.000628,0.003576,0.000726,0.000000,0.000000,0.000000
5.006000,2,7.908846,0.641889,0.000000,0.000000,-0.000000,0.000000,0.000000,0.000000,0.000000
5.006000,3,8.203312,2.150720,-0.001791,-0.007610,0.003493,-0.000303,0.000000,0.000000,0.000000
5.015000,1,4.924597,0.865031,0.173881,-0.000628,0.003576,0.000726,0.000000,0.000000,0.000000
5.015000,2,7.908846,0.641889,0.000000,0.000000,-0.000000,0.000000,0.000000,0.000000,0.000000
5.015000,3,8.203243,2.150707,-0.001794,-0.007610,0.003493,-0.000303,0.000000,0.000000,0.000000
5.023000,1,4.924597,0.865031,0.173881,-0.000628,0.003576,0.000726,0.000000,0.000000,0.000000
5.023000,2,7.908846,0.641889,0.000000,0.000000,-0.000000,0.000000,0.000000,0.000000,0.000000
5.023000,3,8.203182,2.150696,-0.001796,-0.007611,0.003493,-0.000303,0.000000,0.000000,0.000000
5.032000,1,4.924597,0.865031,0.173881,-0.000628,0.003576,0.000726,0.000000,0.000000,0.000000
5.032000,2,7.908846,0.641889,0.000000,0.000000,-0.000000,0.000000,0.000000,0.000000,0.000000
5.032000,3,8.203114,2.150683,-0.001799,-0.007611,0.003493,-0.000303,0.000000,0.000000,0.000000
5.039000,1,4.924597,0.865031,0.173881,-0.000628,0.003576,0.000726,0.000000,0.000000,0.000000
5.039000,2,7.908846,0.641889,0.000000,0.000000,-0.000000,0.000000,0.000000,0.000000,0.000000
5.039000,3,8.203060,2.150673,-0.001801,-0.007611,0.003493,-0.000303,0.000000,0.000000,0.000000
5.048000,1,4.924597,0.865031,0.173881,-0.000628,0.003576,0.000726,0.000000,0.000000,0.000000
5.048000,2,7.908846,0.641889,0.000000,0.000000,-0.000000,0.000000,0.000000,0.000000,0.000000
5.048000,3,8.202991,2.150660,-0.001804,-0.007611,0.003493,-0.000303,0.000000,0.000000,0.000000
5.056000,1,4.924597,0.865031,0.173881,-0.000628,0.003576,0.000726,0.000000,0.000000,0.000000
5.056000,2,7.908846,0.641889,0.000000,0.000000,-0.000000,0.000000,0.000000,0.000000,0.000000
5.056000,3,8.202930,2.150648,-0.001806,-0.007611,0.003493,-0.000303,0.000000,0.000000,0.000000
5.064000,1,4.924597,0.865031,0.173881,-0.000628,0.003576,0.000726,0.000000,0.000000,0.000000
5.064000,2,7.908846,0.641889,0.000000,0.000000,-0.000000,0.000000,0.000000,0.000000,0.000000
5.064000,3,8.202869,2.150637,-0.001808,-0.007611,0.003494,-0.000303,0.000000,0.000000,0.000000
5.073000,1,4.924597,0.865031,0.173881,-0.000628,0.003577,0.000726,0.000000,0.000000,0.000000
5.073000,2,7.908846,0.641889,0.000000,0.000000,-0.000000,0.000000,0.000000,0.000000,0.000000
5.073000,3,8.202801,2.150624,-0.001811,-0.007611,0.003494,-0.000303,0.000000,0.000000,0.000000
5.081000,1,4.924597,0.865031,0.173881,-0.000628,0.003577,0.000726,0.000000,0.000000,0.000000
5.081000,2,7.908846,0.641889,0.000000,0.000000,-0.000000,0.000000,0.000000,0.000000,0.000000
5.081000,3,8.202740,2.150613,-0.001814,-0.007611,0.003494,-0.000303,0.000000,0.000000,0.000000
5.089000,1,4.924597,0.865031,0.173881,-0.000628,0.003577,0.000726,0.000000,0.000000,0.000000
5.089000,2,7.908846,0.641889,0.000000,0.000000,-0.000000,0.000000,0.000000,0.000000,0.000000
5.089000,3,8.202679,2.150601,-0.001816,-0.007611,0.003494,-0.000303,0.000000,0.000000,0.000000
5.098000,1,4.924597,0.865031,0.173881,-0.000628,0.003577,0.000726,0.000000,0.000000,0.000000
5.098000,2,7.908846,0.641889,0.000000,0.000000,-0.000000,0.000000,0.000000,0.000000,0.000000
5.098000,3,8.202610,2.150588,-0.001819,-0.007611,0.003494,-0.000303,0.000000,0.000000,0.000000
5.106000,1,4.924597,0.865031,0.173881,-0.000628,0.003577,0.000726,0.000000,0.000000,0.000000
5.106000,2,7.908846,0.641889,0.000000,0.000000,-0.000000,0.000000,0.000000,0.000000,0.000000
5.106000,3,8.202549,2.150577,-0.001821,-0.007611,0.003494,-0.000303,0.000000,0.000000,0.000000
5.114000,1,4.924597,0.865031,0.173881,-0.000628,0.003577,0.000726,0.000000,0.000000,0.000000
5.114000,2,7.908846,0.641889,0.000000,0.000000,-0.000000,0.000000,0.000000,0.000000,0.000000
5.114000,3,8.202488,2.150565,-0.001824,-0.007611,0.003494,-0.000303,0.000000,0.000000,0.000000
5.123000,1,4.924597,0.865031,0.173881,-0.000628,0.003577,0.000726,0.000000,0.000000,0.000000
5.123000,2,7.908846,0.641889,0.000000,0.000000,-0.000000,0.000000,0.000000,0.000000,0.000000
5.123000,3,8.202419,2.150553,-0.001826,-0.007611,0.003495,-0.000303,0.000000,0.000000,0.000000
5.131000,1,4.924597,0.865031,0.173881,-0.000628,0.003577,0.000726,0.000000,0.000000,0.000000
5.131000,2,7.908846,0.641889,0.000000,0.000000,-0.000000,0.000000,0.000000,0.000000,0.000000
5.131000,3,8.202358,2.150541,-0.001829,-0.007611,0.003495,-0.000303,0.000000,0.000000,0.000000
5.139000,1,4.924597,0.865031,0.173881,-0.000628,0.003577,0.000726,0.000000,0.000000,0.000000
5.139000,2,7.908846,0.641889,0.000000,0.000000,-0.000000,0.000000,0.000000,0.000000,0.000000
5.139000,3,8.202297,2.150530,-0.001831,-0.007611,0.003495,-0.000303,0.000000,0.000000,0.000000
5.148000,1,4.924597,0.865031,0.173881,-0.000628,0.003577,0.000726,0.000000,0.000000,0.000000
5.148000,2,7.908846,0.641889,0.000000,0.000000,-0.000000,0.000000,0.000000,0.000000,0.000000
5.148000,3,8.202229,2.150517,-0.001834,-0.007611,0.003495,-0.000303,0.000000,0.000000,0.000000
5.156000,1,4.924597,0.865031,0.173881,-0.000628,0.003577,0.000726,0.000000,0.000000,0.000000
5.156000,2,7.908846,0.641889,0.000000,0.000000,-0.000000,0.000000,0.000000,0.000000,0.000000
5.156000,3,8.202168,2.150505,-0.001836,-0.007611,0.003495,-0.000303,0.000000,0.000000,0.000000
5.164000,1,4.924597,0.865031,0.173881,-0.000628,0.003577,0.000726,0.000000,0.000000,0.000000
5.164000,2,7.908846,0.641889,0.000000,0.000000,-0.000000,0.000000,0.000000,0.000000,0.000000
5.164000,3,8.202106,2.150494,-0.001839,-0.007611,0.003495,-0.000303,0.000000,0.000000,0.000000
5.173000,1,4.924597,0.865031,0.173881,-0.000628,0.003577,0.000726,0.000000,0.000000,0.000000
5.173000,2,7.908846,0.641889,0.000000,0.000000,-0.000000,0.000000,0.000000,0.000000,0.000000
5.173000,3,8.202038,2.150481,-0.001841,-0.007611,0.003495,-0.000303,0.000000,0.000000,0.000000
5.182000,1,4.924597,0.865031,0.173881,-0.000628,0.003577,0.000726,0.000000,0.000000,0.000000
5.182000,2,7.908846,0.641889,0.000000,0.000000,-0.000000,0.000000,0.000000,0.000000,0.000000
5.182000,3,8.201969,2.150468,-0.001844,-0.007611,0.003496,-0.000303,0.000000,0.000000,0.000000
5.189000,1,4.924597,0.865031,0.173881,-0.000628,0.003577,0.000726,0.000000,0.000000,0.000000
5.189000,2,7.908846,0.641889,0.000000,0.000000,-0.000000,0.000000,0.000000,0.000000,0.000000
5.189000,3,8.201916,2.150458,-0.001846,-0.007611,0.003496,-0.000303,0.000000,0.000000,0.000000
5.198000,1,4.924597,0.865031,0.173881,-0.000628,0.003577,0.000726,0.000000,0.000000,0.000000
5.198000,2,7.908846,0.641889,0.000000,0.000000,-0.000000,0.000000,0.000000,0.000000,0.000000
5.198000,3,8.201847,2.150445,-0.001849,-0.007611,0.003496,-0.000303,0.000000,0.000000,0.000000
5.206000,1,4.924597,0.865031,0.173881,-0.000628,0.003578,0.000726,0.000000,0.000000,0.000000
5.206000,2,7.908846,0.641889,0.000000,0.000000,-0.000000,0.000000,0.000000,0.000000,0.000000
5.206000,3,8.201786,2.150434,-0.001851,-0.007611,0.003496,-0.000303,0.000000,0.000000,0.000000
5.215000,1,4.924597,0.865031,0.173881,-0.000628,0.003578,0.000726,0.000000,0.000000,0.000000
5.215000,2,7.908846,0.641889,0.000000,0.000000,-0.000000,0.000000,0.000000,0.000000,0.000000
5.215000,3,8.201717,2.150421,-0.001854,-0.007611,0.003496,-0.000303,0.000000,0.000000,0.000000
5.223000,1,4.924597,0.865031,0.173881,-0.000628,0.003578,0.000726,0.000000,0.000000,0.000000
5.223000,2,7.908846,0.641889,0.000000,0.000000,-0.000000,0.000000,0.000000,0.000000,0.000000
5.223000,3,8.201656,2.150409,-0.001857,-0.007611,0.003496,-0.000303,0.000000,0.000000,0.000000
5.223000,1,4.924597,0.865031,0.173881,-0.000628,0.003578,0.000726,0.000000,0.000000,0.000000
5.223000,2,7.908846,0.641889,0.000000,0.000000,-0.000000,0.000000,0.000000,0.000000,0.000000
5.223000,3,8.201656,2.150409,-0.001857,-0.007611,0.003496,-0.000303,0.000000,0.000000,0.000000
5.232000,1,4.924597,0.865031,0.173881,-0.000628,0.003578,0.000727,0.000000,0.000000,0.000000
5.232000,2,7.908846,0.641889,0.000000,0.000000,-0.000000,0.000000,0.000000,0.000000,0.000000
5.232000,3,8.201588,2.150397,-0.001859,-0.007611,0.003496,-0.000302,0.000000,0.000000,0.000000
5.234000,1,4.924597,0.865031,0.173881,-0.000628,0.003578,0.000727,0.000000,0.000000,0.000000
5.234000,2,7.908846,0.641889,0.000000,0.000000,-0.000000,0.000000,0.000000,0.000000,0.000000
5.234000,3,8.201572,2.150394,-0.001860,-0.007611,0.003497,-0.000302,0.000000,0.000000,0.000000
5.237000,1,4.924597,0.865031,0.173881,-0.000628,0.003578,0.000727,0.000000,0.000000,0.000000
5.237000,2,7.908846,0.641889,0.000000,0.000000,-0.000000,0.000000,0.000000,0.000000,0.000000
5.237000,3,8.201550,2.150389,-0.001861,-0.007612,0.003497,-0.000302,0.000000,0.000000,0.000000
5.245000,1,4.924597,0.865031,0.173881,-0.000628,0.003578,0.000727,0.000000,0.000000,0.000000
5.245000,2,7.908846,0.641889,0.000000,0.000000,-0.000000,0.000000,0.000000,0.000000,0.000000
5.245000,3,8.201488,2.150378,-0.001863,-0.007612,0.003497,-0.000302,0.000000,0.000000,0.000000
5.254000,1,4.924597,0.865031,0.173881,-0.000628,0.003578,0.000727,0.000000,0.000000,0.000000
5.254000,2,7.908846,0.641889,0.000000,0.000000,-0.000000,0.000000,0.000000,0.000000,0.000000
5.254000,3,8.201420,2.150365,-0.001866,-0.007612,0.003497,-0.000302,0.000000,0.000000,0.000000
5.262000,1,4.924597,0.865031,0.173881,-0.000628,0.003578,0.000727,0.000000,0.000000,0.000000
5.262000,2,7.908846,0.641889,0.000000,0.000000,-0.000000,0.000000,0.000000,0.000000,0.000000
5.262000,3,8.201359,2.150354,-0.001868,-0.007612,0.003497,-0.000302,0.000000,0.000000,0.000000
5.270000,1,4.924597,0.865031,0.173881,-0.000629,0.003578,0.000727,0.000000,0.000000,0.000000
5.270000,2,7.908846,0.641889,0.000000,0.000000,-0.000000,0.000000,0.000000,0.000000,0.000000
5.270000,3,8.201298,2.150342,-0.001871,-0.007612,0.003497,-0.000302,0.000000,0.000000,0.000000
5.279000,1,4.924597,0.865031,0.173881,-0.000629,0.003578,0.000727,0.000000,0.000000,0.000000
5.279000,2,7.908846,0.641889,0.000000,0.000000,-0.000000,0.000000,0.000000,0.000000,0.000000
5.279000,3,8.201229,2.150329,-0.001874,-0.007612,0.003497,-0.000302,0.000000,0.000000,0.000000
5.287000,1,4.924597,0.865031,0.173881,-0.000629,0.003578,0.000727,0.000000,0.000000,0.000000
5.287000,2,7.908846,0.641889,0.000000,0.000000,-0.000000,0.000000,0.000000,0.000000,0.000000
5.287000,3,8.201168,2.150318,-0.001876,-0.007612,0.003497,-0.000302,0.000000,0.000000,0.000000
5.295000,1,4.924597,0.865031,0.173881,-0.000629,0.003578,0.000727,0.000000,0.000000,0.000000
5.295000,2,7.908846,0.641889,0.000000,0.000000,-0.000000,0.000000,0.000000,0.000000,0.000000
5.295000,3,8.201107,2.150306,-0.001878,-0.007612,0.003498,-0.000302,0.000000,0.000000,0.000000
5.304000,1,4.924597,0.865031,0.173881,-0.000629,0.003578,0.000727,0.000000,0.000000,0.000000
5.304000,2,7.908846,0.641889,0.000000,0.000000,-0.000000,0.000000,0.000000,0.000000,0.000000
5.304000,3,8.201038,2.150294,-0.001881,-0.007612,0.003498,-0.000302,0.000000,0.000000,0.000000
5.312000,1,4.924597,0.865031,0.173881,-0.000629,0.003578,0.000727,0.000000,0.000000,0.000000
5.312000,2,7.908846,0.641889,0.000000,0.000000,-0.000000,0.000000,0.000000,0.000000,0.000000
5.312000,3,8.200977,2.150282,-0.001883,-0.007612,0.003498,-0.000302,0.000000,0.000000,0.000000
5.320000,1,4.924597,0.865031,0.173881,-0.000629,0.003578,0.000727,0.000000,0.000000,0.000000
5.320000,2,7.908846,0.641889,0.000000,0.000000,-0.000000,0.000000,0.000000,0.000000,0.000000
5.320000,3,8.200916,2.150271,-0.001886,-0.007612,0.003498,-0.000302,0.000000,0.000000,0.000000
5.329000,1,4.924597,0.865031,0.173881,-0.000629,0.003579,0.000727,0.000000,0.000000,0.000000
5.329000,2,7.908846,0.641889,0.000000,0.000000,-0.000000,0.000000,0.000000,0.000000,0.000000
5.329000,3,8.200848,2.150258,-0.001889,-0.007612,0.003498,-0.000302,0.000000,0.000000,0.000000
5.337000,1,4.924597,0.865031,0.173881,-0.000629,0.003579,0.000727,0.000000,0.000000,0.000000
5.337000,2,7.908846,0.641889,0.000000,0.000000,-0.000000,0.000000,0.000000,0.000000,0.000000
5.337000,3,8.200787,2.150246,-0.001891,-0.007612,0.003498,-0.000302,0.000000,0.000000,0.000000
5.346000,1,4.924597,0.865031,0.173881,-0.000629,0.003579,0.000727,0.000000,0.000000,0.000000
5.346000,2,7.908846,0.641889,0.000000,0.000000,-0.000000,0.000000,0.000000,0.000000,0.000000
5.346000,3,8.200718,2.150234,-0.001894,-0.007612,0.003499,-0.000302,0.000000,0.000000,0.000000
5.354000,1,4.924597,0.865031,0.173881,-0.000629,0.003579,0.000727,0.000000,0.000000,0.000000
5.354000,2,7.908846,0.641889,0.000000,0.000000,-0.000000,0.000000,0.000000,0.000000,0.000000
5.354000,3,8.200657,2.150222,-0.001896,-0.007612,0.003499,-0.000302,0.000000,0.000000,0.000000
5.363000,1,4.924597,0.865031,0.173881,-0.000629,0.003579,0.000727,0.000000,0.000000,0.000000
5.363000,2,7.908846,0.641889,0.000000,0.000000,-0.000000,0.000000,0.000000,0.000000,0.000000
5.363000,3,8.200588,2.150209,-0.001899,-0.007612,0.003499,-0.000302,0.000000,0.000000,0.000000
5.370000,1,4.924597,0.865031,0.173881,-0.000629,0.003579,0.000727,0.000000,0.000000,0.000000
5.370000,2,7.908846,0.641889,0.000000,0.000000,-0.000000,0.000000,0.000000,0.000000,0.000000
5.370000,3,8.200535,2.150199,-0.001901,-0.007612,0.003499,-0.000302,0.000000,0.000000,0.000000
5.379000,1,4.924597,0.865031,0.173881,-0.000629,0.003579,0.000727,0.000000,0.000000,0.000000
5.379000,2,7.908846,0.641889,0.000000,0.000000,-0.000000,0.000000,0.000000,0.000000,0.000000
5.379000,3,8.200466,2.150186,-0.001904,-0.007612,0.003499,-0.000302,0.000000,0.000000,0.000000
5.387000,1,4.924597,0.865031,0.173881,-0.000629,0.003579,0.000727,0.000000,0.000000,0.000000
5.387000,2,7.908846,0.641889,0.000000,0.000000,-0.000000,0.000000,0.000000,0.000000,0.000000
5.387000,3,8.200405,2.150175,-0.001906,-0.007612,0.003499,-0.000302,0.000000,0.000000,0.000000
5.395000,1,4.924597,0.865031,0.173881,-0.000629,0.003579,0.000727,0.000000,0.000000,0.000000
5.395000,2,7.908846,0.641889,0.000000,0.000000,-0.000000,0.000000,0.000000,0.000000,0.000000
5.395000,3,8.200344,2.150163,-0.001909,-0.007612,0.003499,-0.000302,0.000000,0.000000,0.000000
5.404000,1,4.924597,0.865031,0.173881,-0.000629,0.003579,0.000727,0.000000,0.000000,0.000000
5.404000,2,7.908846,0.641889,0.000000,0.000000,-0.000000,0.000000,0.000000,0.000000,0.000000
5.404000,3,8.200275,2.150151,-0.001911,-0.007612,0.003500,-0.000302,0.000000,0.000000,0.000000
5.413000,1,4.924597,0.865031,0.173881,-0.000629,0.003579,0.000727,0.000000,0.000000,0.000000
5.413000,2,7.908846,0.641889,0.000000,0.000000,-0.000000,0.000000,0.000000,0.000000,0.000000
5.413000,3,8.200207,2.150138,-0.001914,-0.007612,0.003500,-0.000302,0.000000,0.000000,0.000000
5.421000,1,4.924597,0.865031,0.173881,-0.000629,0.003579,0.000727,0.000000,0.000000,0.000000
5.421000,2,7.908846,0.641889,0.000000,0.000000,-0.000000,0.000000,0.000000,0.000000,0.000000
5.421000,3,8.200146,2.150126,-0.001916,-0.007612,0.003500,-0.000302,0.000000,0.000000,0.000000
5.429000,1,4.924597,0.865031,0.173881,-0.000629,0.003579,0.000727,0.000000,0.000000,0.000000
5.429000,2,7.908846,0.641889,0.000000,0.000000,-0.000000,0.000000,0.000000,0.000000,0.000000
5.429000,3,8.200085,2.150115,-0.001919,-0.007612,0.003500,-0.000302,0.000000,0.000000,0.000000
5.437000,1,4.924597,0.865031,0.173881,-0.000629,0.003579,0.000727,0.000000,0.000000,0.000000
5.437000,2,7.908846,0.641889,0.000000,0.000000,-0.000000,0.000000,0.000000,0.000000,0.000000
5.437000,3,8.200024,2.150103,-0.001921,-0.007612,0.003500,-0.000302,0.000000,0.000000,0.000000
5.445000,1,4.924597,0.865031,0.173881,-0.000629,0.003579,0.000727,0.000000,0.000000,0.000000
5.445000,2,7.908846,0.641889,0.000000,0.000000,-0.000000,0.000000,0.000000,0.000000,0.000000
5.445000,3,8.199963,2.150092,-0.001924,-0.007612,0.003500,-0.000302,0.000000,0.000000,0.000000
5.453000,1,4.924597,0.865031,0.173881,-0.000629,0.003580,0.000727,0.000000,0.000000,0.000000
5.453000,2,7.908846,0.641889,0.000000,0.000000,-0.000000,0.000000,0.000000,0.000000,0.000000
5.453000,3,8.199902,2.150080,-0.001926,-0.007613,0.003500,-0.000302,0.000000,0.000000,0.000000
5.462000,1,4.924597,0.865031,0.173881,-0.000629,0.003580,0.000727,0.000000,0.000000,0.000000
5.462000,2,7.908846,0.641889,0.000000,0.000000,-0.000000,0.000000,0.000000,0.000000,0.000000
5.462000,3,8.199833,2.150068,-0.001929,-0.007613,0.003501,-0.000302,0.000000,0.000000,0.000000
5.470000,1,4.924597,0.865031,0.173881,-0.000629,0.003580,0.000727,0.000000,0.000000,0.000000
5.470000,2,7.908846,0.641889,0.000000,0.000000,-0.000000,0.000000,0.000000,0.000000,0.000000
5.470000,3,8.199772,2.150056,-0.001931,-0.007613,0.003501,-0.000302,0.000000,0.000000,0.000000
5.478000,1,4.924597,0.865031,0.173881,-0.000629,0.003580,0.000727,0.000000,0.000000,0.000000
5.478000,2,7.908846,0.641889,0.000000,0.000000,-0.000000,0.000000,0.000000,0.000000,0.000000
5.478000,3,8.199711,2.150045,-0.001934,-0.007613,0.003501,-0.000302,0.000000,0.000000,0.000000
5.488000,1,4.924597,0.865031,0.173881,-0.000629,0.003580,0.000727,0.000000,0.000000,0.000000
5.488000,2,7.908846,0.641889,0.000000,0.000000,-0.000000,0.000000,0.000000,0.000000,0.000000
5.488000,3,8.199635,2.150030,-0.001937,-0.007613,0.003501,-0.000302,0.000000,0.000000,0.000000
5.495000,1,4.924597,0.865031,0.173881,-0.000629,0.003580,0.000727,0.000000,0.000000,0.000000
5.495000,2,7.908846,0.641889,0.000000,0.000000,-0.000000,0.000000,0.000000,0.000000,0.000000
5.495000,3,8.199581,2.150020,-0.001939,-0.007613,0.003501,-0.000302,0.000000,0.000000,0.000000
5.504000,1,4.924597,0.865031,0.173881,-0.000629,0.003580,0.000727,0.000000,0.000000,0.000000
5.504000,2,7.908846,0.641889,0.000000,0.000000,-0.000000,0.000000,0.000000,0.000000,0.000000
5.504000,3,8.199512,2.150007,-0.001941,-0.007613,0.003501,-0.000302,0.000000,0.000000,0.000000
5.513000,1,4.924597,0.865031,0.173881,-0.000629,0.003580,0.000727,0.000000,0.000000,0.000000
5.513000,2,7.908846,0.641889,0.000000,0.000000,-0.000000,0.000000,0.000000,0.000000,0.000000
5.513000,3,8.199444,2.149995,-0.001944,-0.007613,0.003501,-0.000302,0.000000,0.000000,0.000000
5.521000,1,4.924597,0.865031,0.173881,-0.000629,0.003580,0.000727,0.000000,0.000000,0.000000
5.521000,2,7.908846,0.641889,0.000000,0.000000,-0.000000,0.000000,0.000000,0.000000,0.000000
5.521000,3,8.199383,2.149983,-0.001947,-0.007613,0.003502,-0.000302,0.000000,0.000000,0.000000
5.529000,1,4.924597,0.865031,0.173881,-0.000629,0.003580,0.000727,0.000000,0.000000,0.000000
5.529000,2,7.908846,0.641889,0.000000,0.000000,-0.000000,0.000000,0.000000,0.000000,0.000000
5.529000,3,8.199322,2.149972,-0.001949,-0.007613,0.003502,-0.000302,0.000000,0.000000,0.000000
5.537000,1,4.924597,0.865031,0.173881,-0.000629,0.003580,0.000727,0.000000,0.000000,0.000000
5.537000,2,7.908846,0.641889,0.000000,0.000000,-0.000000,0.000000,0.000000,0.000000,0.000000
5.537000,3,8.199261,2.149960,-0.001951,-0.007613,0.003502,-0.000302,0.000000,0.000000,0.000000
5.545000,1,4.924597,0.865031,0.173881,-0.000629,0.003580,0.000727,0.000000,0.000000,0.000000
5.545000,2,7.908846,0.641889,0.000000,0.000000,-0.000000,0.000000,0.000000,0.000000,0.000000
5.545000,3,8.199200,2.149949,-0.001954,-0.007613,0.003502,-0.000302,0.000000,0.000000,0.000000
5.554000,1,4.924597,0.865031,0.173881,-0.000629,0.003580,0.000727,0.000000,0.000000,0.000000
5.554000,2,7.908846,0.641889,0.000000,0.000000,-0.000000,0.000000,0.000000,0.000000,0.000000
5.554000,3,8.199131,2.149936,-0.001957,-0.007613,0.003502,-0.000301,0.000000,0.000000,0.000000
5.562000,1,4.924597,0.865031,0.173881,-0.000629,0.003580,0.000727,0.000000,0.000000,0.000000
5.562000,2,7.908846,0.641889,0.000000,0.000000,-0.000000,0.000000,0.000000,0.000000,0.000000
5.562000,3,8.199070,2.149925,-0.001959,-0.007613,0.003502,-0.000301,0.000000,0.000000,0.000000
5.570000,1,4.924597,0.865031,0.173881,-0.000629,0.003580,0.000727,0.000000,0.000000,0.000000
5.570000,2,7.908846,0.641889,0.000000,0.000000,-0.000000,0.000000,0.000000,0.000000,0.000000
5.570000,3,8.199009,2.149913,-0.001961,-0.007613,0.003503,-0.000301,0.000000,0.000000,0.000000
5.578000,1,4.924597,0.865031,0.173881,-0.000629,0.003581,0.000727,0.000000,0.000000,0.000000
5.578000,2,7.908846,0.641889,0.000000,0.000000,-0.000000,0.000000,0.000000,0.000000,0.000000
5.578000,3,8.198948,2.149902,-0.001964,-0.007613,0.003503,-0.000301,0.000000,0.000000,0.000000
5.587000,1,4.924597,0.865031,0.173881,-0.000629,0.003581,0.000727,0.000000,0.000000,0.000000
5.587000,2,7.908846,0.641889,0.000000,0.000000,-0.000000,0.000000,0.000000,0.000000,0.000000
5.587000,3,8.198879,2.149889,-0.001966,-0.007613,0.003503,-0.000301,0.000000,0.000000,0.000000
5.595000,1,4.924597,0.865031,0.173881,-0.000629,0.003581,0.000727,0.000000,0.000000,0.000000
5.595000,2,7.908846,0.641889,0.000000,0.000000,-0.000000,0.000000,0.000000,0.000000,0.000000
5.595000,3,8.198818,2.149877,-0.001969,-0.007613,0.003503,-0.000301,0.000000,0.000000,0.000000
5.604000,1,4.924597,0.865031,0.173881,-0.000629,0.003581,0.000727,0.000000,0.000000,0.000000
5.604000,2,7.908846,0.641889,0.000000,0.000000,-0.000000,0.000000,0.000000,0.000000,0.000000
5.604000,3,8.198750,2.149864,-0.001972,-0.007613,0.003503,-0.000301,0.000000,0.000000,0.000000
5.612000,1,4.924597,0.865031,0.173881,-0.000629,0.003581,0.000727,0.000000,0.000000,0.000000
5.612000,2,7.908846,0.641889,0.000000,0.000000,-0.000000,0.000000,0.000000,0.000000,0.000000
5.612000,3,8.198689,2.149853,-0.001974,-0.007613,0.003503,-0.000301,0.000000,0.000000,0.000000
5.621000,1,4.924597,0.865031,0.173881,-0.000629,0.003581,0.000727,0.000000,0.000000,0.000000
5.621000,2,7.908846,0.641889,0.000000,0.000000,-0.000000,0.000000,0.000000,0.000000,0.000000
5.621000,3,8.198620,2.149840,-0.001977,-0.007613,0.003503,-0.000301,0.000000,0.000000,0.000000
5.628000,1,4.924597,0.865031,0.173881,-0.000629,0.003581,0.000727,0.000000,0.000000,0.000000
5.628000,2,7.908846,0.641889,0.000000,0.000000,-0.000000,0.000000,0.000000,0.000000,0.000000
5.628000,3,8.198566,2.149830,-0.001979,-0.007613,0.003504,-0.000301,0.000000,0.000000,0.000000
5.637000,1,4.924597,0.865031,0.173881,-0.000629,0.003581,0.000727,0.000000,0.000000,0.000000
5.637000,2,7.908846,0.641889,0.000000,0.000000,-0.000000,0.000000,0.000000,0.000000,0.000000
5.637000,3,8.198498,2.149817,-0.001982,-0.007613,0.003504,-0.000301,0.000000,0.000000,0.000000
5.645000,1,4.924597,0.865031,0.173881,-0.000629,0.003581,0.000727,0.000000,0.000000,0.000000
5.645000,2,7.908846,0.641889,0.000000,0.000000,-0.000000,0.000000,0.000000,0.000000,0.000000
5.645000,3,8.198437,2.149806,-0.001984,-0.007613,0.003504,-0.000301,0.000000,0.000000,0.000000
5.653000,1,4.924597,0.865031,0.173881,-0.000629,0.003581,0.000727,0.000000,0.000000,0.000000
5.653000,2,7.908846,0.641889,0.000000,0.000000,-0.000000,0.000000,0.000000,0.000000,0.000000
5.653000,3,8.198376,2.149794,-0.001986,-0.007613,0.003504,-0.000301,0.000000,0.000000,0.000000
5.662000,1,4.924597,0.865031,0.173881,-0.000629,0.003581,0.000727,0.000000,0.000000,0.000000
5.662000,2,7.908846,0.641889,0.000000,0.000000,-0.000000,0.000000,0.000000,0.000000,0.000000
5.662000,3,8.198307,2.149781,-0.001989,-0.007614,0.003504,-0.000301,0.000000,0.000000,0.000000
5.670000,1,4.924597,0.865031,0.173881,-0.000629,0.003581,0.000727,0.000000,0.000000,0.000000
5.670000,2,7.908846,0.641889,0.000000,0.000000,-0.000000,0.000000,0.000000,0.000000,0.000000
5.670000,3,8.198246,2.149770,-0.001991,-0.007614,0.003504,-0.000301,0.000000,0.000000,0.000000
5.678000,1,4.924597,0.865031,0.173881,-0.000629,0.003581,0.000727,0.000000,0.000000,0.000000
5.678000,2,7.908846,0.641889,0.000000,0.000000,-0.000000,0.000000,0.000000,0.000000,0.000000
5.678000,3,8.198185,2.149759,-0.001994,-0.007614,0.003504,-0.000301,0.000000,0.000000,0.000000
5.687000,1,4.924597,0.865031,0.173881,-0.000629,0.003581,0.000727,0.000000,0.000000,0.000000
5.687000,2,7.908846,0.641889,0.000000,0.000000,-0.000000,0.000000,0.000000,0.000000,0.000000
5.687000,3,8.198116,2.149746,-0.001997,-0.007614,0.003505,-0.000301,0.000000,0.000000,0.000000
5.696000,1,4.924597,0.865031,0.173881,-0.000629,0.003581,0.000727,0.000000,0.000000,0.000000
5.696000,2,7.908846,0.641889,0.000000,0.000000,-0.000000,0.000000,0.000000,0.000000,0.000000
5.696000,3,8.198048,2.149733,-0.001999,-0.007614,0.003505,-0.000301,0.000000,0.000000,0.000000
5.704000,1,4.924597,0.865031,0.173881,-0.000629,0.003582,0.000727,0.000000,0.000000,0.000000
5.704000,2,7.908846,0.641889,0.000000,0.000000,-0.000000,0.000000,0.000000,0.000000,0.000000
5.704000,3,8.197987,2.149721,-0.002002,-0.007614,0.003505,-0.000301,0.000000,0.000000,0.000000
5.712000,1,4.924597,0.865031,0.173881,-0.000629,0.003582,0.000727,0.000000,0.000000,0.000000
5.712000,2,7.908846,0.641889,0.000000,0.000000,-0.000000,0.000000,0.000000,0.000000,0.000000
5.712000,3,8.197926,2.149710,-0.002004,-0.007614,0.003505,-0.000301,0.000000,0.000000,0.000000
5.720000,1,4.924597,0.865031,0.173881,-0.000629,0.003582,0.000727,0.000000,0.000000,0.000000
5.720000,2,7.908846,0.641889,0.000000,0.000000,-0.000000,0.000000,0.000000,0.000000,0.000000
5.720000,3,8.197865,2.149698,-0.002007,-0.007614,0.003505,-0.000301,0.000000,0.000000,0.000000
5.728000,1,4.924597,0.865031,0.173881,-0.000629,0.003582,0.000727,0.000000,0.000000,0.000000
5.728000,2,7.908846,0.641889,0.000000,0.000000,-0.000000,0.000000,0.000000,0.000000,0.000000
5.728000,3,8.197803,2.149687,-0.002009,-0.007614,0.003505,-0.000301,0.000000,0.000000,0.000000
5.737000,1,4.924597,0.865031,0.173881,-0.000629,0.003582,0.000727,0.000000,0.000000,0.000000
5.737000,2,7.908846,0.641889,0.000000,0.000000,-0.000000,0.000000,0.000000,0.000000,0.000000
5.737000,3,8.197735,2.149674,-0.002012,-0.007614,0.003505,-0.000301,0.000000,0.000000,0.000000
5.746000,1,4.924597,0.865031,0.173881,-0.000629,0.003582,0.000727,0.000000,0.000000,0.000000
5.746000,2,7.908846,0.641889,0.000000,0.000000,-0.000000,0.000000,0.000000,0.000000,0.000000
5.746000,3,8.197666,2.149661,-0.002014,-0.007614,0.003506,-0.000301,0.000000,0.000000,0.000000
5.754000,1,4.924597,0.865031,0.173881,-0.000629,0.003582,0.000727,0.000000,0.000000,0.000000
5.754000,2,7.908846,0.641889,0.000000,0.000000,-0.000000,0.000000,0.000000,0.000000,0.000000
5.754000,3,8.197605,2.149650,-0.002017,-0.007614,0.003506,-0.000301,0.000000,0.000000,0.000000
5.762000,1,4.924597,0.865031,0.173881,-0.000629,0.003582,0.000727,0.000000,0.000000,0.000000
5.762000,2,7.908846,0.641889,0.000000,0.000000,-0.000000,0.000000,0.000000,0.000000,0.000000
5.762000,3,8.197544,2.149638,-0.002019,-0.007614,0.003506,-0.000301,0.000000,0.000000,0.000000
5.770000,1,4.924597,0.865031,0.173881,-0.000629,0.003582,0.000727,0.000000,0.000000,0.000000
5.770000,2,7.908846,0.641889,0.000000,0.000000,-0.000000,0.000000,0.000000,0.000000,0.000000
5.770000,3,8.197483,2.149627,-0.002022,-0.007614,0.003506,-0.000301,0.000000,0.000000,0.000000
5.780000,1,4.924597,0.865031,0.173881,-0.000629,0.003582,0.000727,0.000000,0.000000,0.000000
5.780000,2,7.908846,0.641889,0.000000,0.000000,-0.000000,0.000000,0.000000,0.000000,0.000000
5.780000,3,8.197407,2.149613,-0.002025,-0.007614,0.003506,-0.000301,0.000000,0.000000,0.000000
5.787000,1,4.924597,0.865031,0.173881,-0.000629,0.003582,0.000727,0.000000,0.000000,0.000000
5.787000,2,7.908846,0.641889,0.000000,0.000000,-0.000000,0.000000,0.000000,0.000000,0.000000
5.787000,3,8.197353,2.149603,-0.002027,-0.007614,0.003506,-0.000301,0.000000,0.000000,0.000000
5.795000,1,4.924597,0.865031,0.173881,-0.000629,0.003582,0.000727,0.000000,0.000000,0.000000
5.795000,2,7.908846,0.641889,0.000000,0.000000,-0.000000,0.000000,0.000000,0.000000,0.000000
5.795000,3,8.197292,2.149591,-0.002029,-0.007614,0.003507,-0.000301,0.000000,0.000000,0.000000
5.804000,1,4.924597,0.865031,0.173881,-0.000629,0.003582,0.000727,0.000000,0.000000,0.000000
5.804000,2,7.908846,0.641889,0.000000,0.000000,-0.000000,0.000000,0.000000,0.000000,0.000000
5.804000,3,8.197224,2.149578,-0.002032,-0.007614,0.003507,-0.000301,0.000000,0.000000,0.000000
5.812000,1,4.924597,0.865031,0.173881,-0.000629,0.003582,0.000727,0.000000,0.000000,0.000000
5.812000,2,7.908846,0.641889,0.000000,0.000000,-0.000000,0.000000,0.000000,0.000000,0.000000
5.812000,3,8.197163,2.149567,-0.002034,-0.007614,0.003507,-0.000301,0.000000,0.000000,0.000000
5.821000,1,4.924597,0.865031,0.173881,-0.000629,0.003582,0.000727,0.000000,0.000000,0.000000
5.821000,2,7.908846,0.641889,0.000000,0.000000,-0.000000,0.000000,0.000000,0.000000,0.000000
5.821000,3,8.197094,2.149554,-0.002037,-0.007614,0.003507,-0.000301,0.000000,0.000000,0.000000
5.829000,1,4.924597,0.865031,0.173881,-0.000629,0.003583,0.000727,0.000000,0.000000,0.000000
5.829000,2,7.908846,0.641889,0.000000,0.000000,-0.000000,0.000000,0.000000,0.000000,0.000000
5.829000,3,8.197033,2.149543,-0.002039,-0.007614,0.003507,-0.000301,0.000000,0.000000,0.000000
5.839000,1,4.924597,0.865031,0.173881,-0.000629,0.003583,0.000727,0.000000,0.000000,0.000000
5.839000,2,7.908846,0.641889,0.000000,0.000000,-0.000000,0.000000,0.000000,0.000000,0.000000
5.839000,3,8.196957,2.149528,-0.002042,-0.007614,0.003507,-0.000301,0.000000,0.000000,0.000000
5.845000,1,4.924597,0.865031,0.173881,-0.000629,0.003583,0.000727,0.000000,0.000000,0.000000
5.845000,2,7.908846,0.641889,0.000000,0.000000,-0.000000,0.000000,0.000000,0.000000,0.000000
5.845000,3,8.196911,2.149520,-0.002044,-0.007614,0.003507,-0.000301,0.000000,0.000000,0.000000
5.854000,1,4.924597,0.865031,0.173881,-0.000629,0.003583,0.000728,0.000000,0.000000,0.000000
5.854000,2,7.908846,0.641889,0.000000,0.000000,-0.000000,0.000000,0.000000,0.000000,0.000000
5.854000,3,8.196842,2.149507,-0.002047,-0.007614,0.003508,-0.000301,0.000000,0.000000,0.000000
5.862000,1,4.924597,0.865031,0.173881,-0.000629,0.003583,0.000728,0.000000,0.000000,0.000000
5.862000,2,7.908846,0.641889,0.000000,0.000000,-0.000000,0.000000,0.000000,0.000000,0.000000
5.862000,3,8.196781,2.149495,-0.002049,-0.007614,0.003508,-0.000301,0.000000,0.000000,0.000000
5.870000,1,4.924597,0.865031,0.173881,-0.000629,0.003583,0.000728,0.000000,0.000000,0.000000
5.870000,2,7.908846,0.641889,0.000000,0.000000,-0.000000,0.000000,0.000000,0.000000,0.000000
5.870000,3,8.196720,2.149484,-0.002052,-0.007614,0.003508,-0.000301,0.000000,0.000000,0.000000
5.878000,1,4.924597,0.865031,0.173881,-0.000629,0.003583,0.000728,0.000000,0.000000,0.000000
5.878000,2,7.908846,0.641889,0.000000,0.000000,-0.000000,0.000000,0.000000,0.000000,0.000000
5.878000,3,8.196659,2.149472,-0.002054,-0.007615,0.003508,-0.000300,0.000000,0.000000,0.000000
5.887000,1,4.924597,0.865031,0.173881,-0.000629,0.003583,0.000728,0.000000,0.000000,0.000000
5.887000,2,7.908846,0.641889,0.000000,0.000000,-0.000000,0.000000,0.000000,0.000000,0.000000
5.887000,3,8.196590,2.149460,-0.002057,-0.007615,0.003508,-0.000300,0.000000,0.000000,0.000000
5.895000,1,4.924597,0.865031,0.173881,-0.000629,0.003583,0.000728,0.000000,0.000000,0.000000
5.895000,2,7.908846,0.641889,0.000000,0.000000,-0.000000,0.000000,0.000000,0.000000,0.000000
5.895000,3,8.196529,2.149448,-0.002059,-0.007615,0.003508,-0.000300,0.000000,0.000000,0.000000
5.903000,1,4.924597,0.865031,0.173881,-0.000629,0.003583,0.000728,0.000000,0.000000,0.000000
5.903000,2,7.908846,0.641889,0.000000,0.000000,-0.000000,0.000000,0.000000,0.000000,0.000000
5.903000,3,8.196468,2.149437,-0.002062,-0.007615,0.003508,-0.000300,0.000000,0.000000,0.000000
5.912000,1,4.924597,0.865031,0.173881,-0.000629,0.003583,0.000728,0.000000,0.000000,0.000000
5.912000,2,7.908846,0.641889,0.000000,0.000000,-0.000000,0.000000,0.000000,0.000000,0.000000
5.912000,3,8.196400,2.149424,-0.002064,-0.007615,0.003509,-0.000300,0.000000,0.000000,0.000000
5.920000,1,4.924597,0.865031,0.173881,-0.000629,0.003583,0.000728,0.000000,0.000000,0.000000
5.920000,2,7.908846,0.641889,0.000000,0.000000,-0.000000,0.000000,0.000000,0.000000,0.000000
5.920000,3,8.196339,2.149412,-0.002067,-0.007615,0.003509,-0.000300,0.000000,0.000000,0.000000
5.929000,1,4.924597,0.865031,0.173881,-0.000629,0.003583,0.000728,0.000000,0.000000,0.000000
5.929000,2,7.908846,0.641889,0.000000,0.000000,-0.000000,0.000000,0.000000,0.000000,0.000000
5.929000,3,8.196270,2.149400,-0.002069,-0.007615,0.003509,-0.000300,0.000000,0.000000,0.000000
5.937000,1,4.924597,0.865031,0.173881,-0.000629,0.003583,0.000728,0.000000,0.000000,0.000000
5.937000,2,7.908846,0.641889,0.000000,0.000000,-0.000000,0.000000,0.000000,0.000000,0.000000
5.937000,3,8.196209,2.149388,-0.002072,-0.007615,0.003509,-0.000300,0.000000,0.000000,0.000000
5.945000,1,4.924597,0.865031,0.173881,-0.000629,0.003583,0.000728,0.000000,0.000000,0.000000
5.945000,2,7.908846,0.641889,0.000000,0.000000,-0.000000,0.000000,0.000000,0.000000,0.000000
5.945000,3,8.196148,2.149377,-0.002074,-0.007615,0.003509,-0.000300,0.000000,0.000000,0.000000
5.953000,1,4.924597,0.865031,0.173881,-0.000629,0.003583,0.000728,0.000000,0.000000,0.000000
5.953000,2,7.908846,0.641889,0.000000,0.000000,-0.000000,0.000000,0.000000,0.000000,0.000000
5.953000,3,8.196087,2.149365,-0.002077,-0.007615,0.003509,-0.000300,0.000000,0.000000,0.000000
5.961000,1,4.924597,0.865031,0.173881,-0.000629,0.003584,0.000728,0.000000,0.000000,0.000000
5.961000,2,7.908846,0.641889,0.000000,0.000000,-0.000000,0.000000,0.000000,0.000000,0.000000
5.961000,3,8.196026,2.149354,-0.002079,-0.007615,0.003509,-0.000300,0.000000,0.000000,0.000000
5.970000,1,4.924597,0.865031,0.173881,-0.000629,0.003584,0.000728,0.000000,0.000000,0.000000
5.970000,2,7.908846,0.641889,0.000000,0.000000,-0.000000,0.000000,0.000000,0.000000,0.000000
5.970000,3,8.195957,2.149341,-0.002082,-0.007615,0.003510,-0.000300,0.000000,0.000000,0.000000
5.978000,1,4.924597,0.865031,0.173881,-0.000629,0.003584,0.000728,0.000000,0.000000,0.000000
5.978000,2,7.908846,0.641889,0.000000,0.000000,-0.000000,0.000000,0.000000,0.000000,0.000000
5.978000,3,8.195896,2.149329,-0.002084,-0.007615,0.003510,-0.000300,0.000000,0.000000,0.000000
5.986000,1,4.924597,0.865031,0.173881,-0.000630,0.003584,0.000728,0.000000,0.000000,0.000000
5.986000,2,7.908846,0.641889,0.000000,0.000000,-0.000000,0.000000,0.000000,0.000000,0.000000
5.986000,3,8.195835,2.149318,-0.002086,-0.007615,0.003510,-0.000300,0.000000,0.000000,0.000000
5.995000,1,4.924597,0.865031,0.173881,-0.000630,0.003584,0.000728,0.000000,0.000000,0.000000
5.995000,2,7.908846,0.641889,0.000000,0.000000,-0.000000,0.000000,0.000000,0.000000,0.000000
5.995000,3,8.195766,2.149305,-0.002089,-0.007615,0.003510,-0.000300,0.000000,0.000000,0.000000
6.004000,1,4.924597,0.865031,0.173881,-0.000630,0.003584,0.000728,0.000000,0.000000,0.000000
6.004000,2,7.908846,0.641889,0.000000,0.000000,-0.000000,0.000000,0.000000,0.000000,0.000000
6.004000,3,8.195698,2.149292,-0.002092,-0.007615,0.003510,-0.000300,0.000000,0.000000,0.000000
6.013000,1,4.924597,0.865031,0.173881,-0.000630,0.003584,0.000728,0.000000,0.000000,0.000000
6.013000,2,7.908846,0.641889,0.000000,0.000000,-0.000000,0.000000,0.000000,0.000000,0.000000
6.013000,3,8.195629,2.149279,-0.002095,-0.007615,0.003510,-0.000300,0.000000,0.000000,0.000000
6.020000,1,4.924597,0.865031,0.173881,-0.000630,0.003584,0.000728,0.000000,0.000000,0.000000
6.020000,2,7.908846,0.641889,0.000000,0.000000,-0.000000,0.000000,0.000000,0.000000,0.000000
6.020000,3,8.195576,2.149269,-0.002097,-0.007615,0.003510,-0.000300,0.000000,0.000000,0.000000
6.029000,1,4.924597,0.865031,0.173881,-0.000630,0.003584,0.000728,0.000000,0.000000,0.000000
6.029000,2,7.908846,0.641889,0.000000,0.000000,-0.000000,0.000000,0.000000,0.000000,0.000000
6.029000,3,8.195507,2.149256,-0.002099,-0.007615,0.003511,-0.000300,0.000000,0.000000,0.000000
6.038000,1,4.924597,0.865031,0.173881,-0.000630,0.003584,0.000728,0.000000,0.000000,0.000000
6.038000,2,7.908846,0.641889,0.000000,0.000000,-0.000000,0.000000,0.000000,0.000000,0.000000
6.038000,3,8.195438,2.149244,-0.002102,-0.007615,0.003511,-0.000300,0.000000,0.000000,0.000000
6.046000,1,4.924597,0.865031,0.173881,-0.000630,0.003584,0.000728,0.000000,0.000000,0.000000
6.046000,2,7.908846,0.641889,0.000000,0.000000,-0.000000,0.000000,0.000000,0.000000,0.000000
6.046000,3,8.195377,2.149232,-0.002104,-0.007615,0.003511,-0.000300,0.000000,0.000000,0.000000
6.053000,1,4.924597,0.865031,0.173881,-0.000630,0.003584,0.000728,0.000000,0.000000,0.000000
6.053000,2,7.908846,0.641889,0.000000,0.000000,-0.000000,0.000000,0.000000,0.000000,0.000000
6.053000,3,8.195324,2.149222,-0.002107,-0.007615,0.003511,-0.000300,0.000000,0.000000,0.000000
6.062000,1,4.924597,0.865031,0.173881,-0.000630,0.003584,0.000728,0.000000,0.000000,0.000000
6.062000,2,7.908846,0.641889,0.000000,0.000000,-0.000000,0.000000,0.000000,0.000000,0.000000
6.062000,3,8.195255,2.149209,-0.002109,-0.007615,0.003511,-0.000300,0.000000,0.000000,0.000000
6.071000,1,4.924597,0.865031,0.173881,-0.000630,0.003584,0.000728,0.000000,0.000000,0.000000
6.071000,2,7.908846,0.641889,0.000000,0.000000,-0.000000,0.000000,0.000000,0.000000,0.000000
6.071000,3,8.195187,2.149196,-0.002112,-0.007615,0.003511,-0.000300,0.000000,0.000000,0.000000
6.079000,1,4.924597,0.865031,0.173881,-0.000630,0.003584,0.000728,0.000000,0.000000,0.000000
6.079000,2,7.908846,0.641889,0.000000,0.000000,-0.000000,0.000000,0.000000,0.000000,0.000000
6.079000,3,8.195126,2.149185,-0.002114,-0.007615,0.003512,-0.000300,0.000000,0.000000,0.000000
6.087000,1,4.924597,0.865031,0.173881,-0.000630,0.003585,0.000728,0.000000,0.000000,0.000000
6.087000,2,7.908846,0.641889,0.000000,0.000000,-0.000000,0.000000,0.000000,0.000000,0.000000
6.087000,3,8.195065,2.149173,-0.002117,-0.007616,0.003512,-0.000300,0.000000,0.000000,0.000000
6.095000,1,4.924597,0.865031,0.173881,-0.000630,0.003585,0.000728,0.000000,0.000000,0.000000
6.095000,2,7.908846,0.641889,0.000000,0.000000,-0.000000,0.000000,0.000000,0.000000,0.000000
6.095000,3,8.195004,2.149162,-0.002119,-0.007616,0.003512,-0.000300,0.000000,0.000000,0.000000
6.103000,1,4.924597,0.865031,0.173881,-0.000630,0.003585,0.000728,0.000000,0.000000,0.000000
6.103000,2,7.908846,0.641889,0.000000,0.000000,-0.000000,0.000000,0.000000,0.000000,0.000000
6.103000,3,8.194942,2.149151,-0.002122,-0.007616,0.003512,-0.000300,0.000000,0.000000,0.000000
6.111000,1,4.924597,0.865031,0.173881,-0.000630,0.003585,0.000728,0.000000,0.000000,0.000000
6.111000,2,7.908846,0.641889,0.000000,0.000000,-0.000000,0.000000,0.000000,0.000000,0.000000
6.111000,3,8.194881,2.149139,-0.002124,-0.007616,0.003512,-0.000300,0.000000,0.000000,0.000000
6.120000,1,4.924597,0.865031,0.173881,-0.000630,0.003585,0.000728,0.000000,0.000000,0.000000
6.120000,2,7.908846,0.641889,0.000000,0.000000,-0.000000,0.000000,0.000000,0.000000,0.000000
6.120000,3,8.194813,2.149126,-0.002127,-0.007616,0.003512,-0.000300,0.000000,0.000000,0.000000
6.129000,1,4.924597,0.865031,0.173881,-0.000630,0.003585,0.000728,0.000000,0.000000,0.000000
6.129000,2,7.908846,0.641889,0.000000,0.000000,-0.000000,0.000000,0.000000,0.000000,0.000000
6.129000,3,8.194744,2.149113,-0.002129,-0.007616,0.003512,-0.000300,0.000000,0.000000,0.000000
6.137000,1,4.924597,0.865031,0.173881,-0.000630,0.003585,0.000728,0.000000,0.000000,0.000000
6.137000,2,7.908846,0.641889,0.000000,0.000000,-0.000000,0.000000,0.000000,0.000000,0.000000
6.137000,3,8.194683,2.149102,-0.002132,-0.007616,0.003513,-0.000300,0.000000,0.000000,0.000000
6.145000,1,4.924597,0.865031,0.173881,-0.000630,0.003585,0.000728,0.000000,0.000000,0.000000
6.145000,2,7.908846,0.641889,0.000000,0.000000,-0.000000,0.000000,0.000000,0.000000,0.000000
6.145000,3,8.194622,2.149091,-0.002134,-0.007616,0.003513,-0.000300,0.000000,0.000000,0.000000
6.154000,1,4.924597,0.865031,0.173881,-0.000630,0.003585,0.000728,0.000000,0.000000,0.000000
6.154000,2,7.908846,0.641889,0.000000,0.000000,-0.000000,0.000000,0.000000,0.000000,0.000000
6.154000,3,8.194553,2.149078,-0.002137,-0.007616,0.003513,-0.000300,0.000000,0.000000,0.000000
6.162000,1,4.924597,0.865031,0.173881,-0.000630,0.003585,0.000728,0.000000,0.000000,0.000000
6.162000,2,7.908846,0.641889,0.000000,0.000000,-0.000000,0.000000,0.000000,0.000000,0.000000
6.162000,3,8.194492,2.149066,-0.002139,-0.007616,0.003513,-0.000300,0.000000,0.000000,0.000000
6.170000,1,4.924597,0.865031,0.173881,-0.000630,0.003585,0.000728,0.000000,0.000000,0.000000
6.170000,2,7.908846,0.641889,0.000000,0.000000,-0.000000,0.000000,0.000000,0.000000,0.000000
6.170000,3,8.194431,2.149055,-0.002142,-0.007616,0.003513,-0.000300,0.000000,0.000000,0.000000
6.179000,1,4.924597,0.865031,0.173881,-0.000630,0.003585,0.000728,0.000000,0.000000,0.000000
6.179000,2,7.908846,0.641889,0.000000,0.000000,-0.000000,0.000000,0.000000,0.000000,0.000000
6.179000,3,8.194363,2.149042,-0.002144,-0.007616,0.003513,-0.000300,0.000000,0.000000,0.000000
6.187000,1,4.924597,0.865031,0.173881,-0.000630,0.003585,0.000728,0.000000,0.000000,0.000000
6.187000,2,7.908846,0.641889,0.000000,0.000000,-0.000000,0.000000,0.000000,0.000000,0.000000
6.187000,3,8.194302,2.149030,-0.002147,-0.007616,0.003513,-0.000300,0.000000,0.000000,0.000000
6.195000,1,4.924597,0.865031,0.173881,-0.000630,0.003585,0.000728,0.000000,0.000000,0.000000
6.195000,2,7.908846,0.641889,0.000000,0.000000,-0.000000,0.000000,0.000000,0.000000,0.000000
6.195000,3,8.194241,2.149019,-0.002149,-0.007616,0.003514,-0.000299,0.000000,0.000000,0.000000
6.204000,1,4.924597,0.865031,0.173881,-0.000630,0.003585,0.000728,0.000000,0.000000,0.000000
6.204000,2,7.908846,0.641889,0.000000,0.000000,-0.000000,0.000000,0.000000,0.000000,0.000000
6.204000,3,8.194172,2.149006,-0.002152,-0.007616,0.003514,-0.000299,0.000000,0.000000,0.000000
6.212000,1,4.924597,0.865031,0.173881,-0.000630,0.003585,0.000728,0.000000,0.000000,0.000000
6.212000,2,7.908846,0.641889,0.000000,0.000000,-0.000000,0.000000,0.000000,0.000000,0.000000
6.212000,3,8.194111,2.148995,-0.002154,-0.007616,0.003514,-0.000299,0.000000,0.000000,0.000000
6.220000,1,4.924597,0.865031,0.173881,-0.000630,0.003586,0.000728,0.000000,0.000000,0.000000
6.220000,2,7.908846,0.641889,0.000000,0.000000,-0.000000,0.000000,0.000000,0.000000,0.000000
6.220000,3,8.194050,2.148983,-0.002157,-0.007616,0.003514,-0.000299,0.000000,0.000000,0.000000
6.229000,1,4.924597,0.865031,0.173881,-0.000630,0.003586,0.000728,0.000000,0.000000,0.000000
6.229000,2,7.908846,0.641889,0.000000,0.000000,-0.000000,0.000000,0.000000,0.000000,0.000000
6.229000,3,8.193981,2.148970,-0.002159,-0.007616,0.003514,-0.000299,0.000000,0.000000,0.000000
6.237000,1,4.924597,0.865031,0.173881,-0.000630,0.003586,0.000728,0.000000,0.000000,0.000000
6.237000,2,7.908846,0.641889,0.000000,0.000000,-0.000000,0.000000,0.000000,0.000000,0.000000
6.237000,3,8.193920,2.148959,-0.002162,-0.007616,0.003514,-0.000299,0.000000,0.000000,0.000000
6.245000,1,4.924597,0.865031,0.173881,-0.000630,0.003586,0.000728,0.000000,0.000000,0.000000
6.245000,2,7.908846,0.641889,0.000000,0.000000,-0.000000,0.000000,0.000000,0.000000,0.000000
6.245000,3,8.193859,2.148947,-0.002164,-0.007616,0.003514,-0.000299,0.000000,0.000000,0.000000
6.254000,1,4.924597,0.865031,0.173881,-0.000630,0.003586,0.000728,0.000000,0.000000,0.000000
6.254000,2,7.908846,0.641889,0.000000,0.000000,-0.000000,0.000000,0.000000,0.000000,0.000000
6.254000,3,8.193790,2.148935,-0.002167,-0.007616,0.003515,-0.000299,0.000000,0.000000,0.000000
6.262000,1,4.924597,0.865031,0.173881,-0.000630,0.003586,0.000728,0.000000,0.000000,0.000000
6.262000,2,7.908846,0.641889,0.000000,0.000000,-0.000000,0.000000,0.000000,0.000000,0.000000
6.262000,3,8.193729,2.148923,-0.002169,-0.007616,0.003515,-0.000299,0.000000,0.000000,0.000000
6.270000,1,4.924597,0.865031,0.173881,-0.000630,0.003586,0.000728,0.000000,0.000000,0.000000
6.270000,2,7.908846,0.641889,0.000000,0.000000,-0.000000,0.000000,0.000000,0.000000,0.000000
6.270000,3,8.193668,2.148912,-0.002172,-0.007616,0.003515,-0.000299,0.000000,0.000000,0.000000
6.278000,1,4.924597,0.865031,0.173881,-0.000630,0.003586,0.000728,0.000000,0.000000,0.000000
6.278000,2,7.908846,0.641889,0.000000,0.000000,-0.000000,0.000000,0.000000,0.000000,0.000000
6.278000,3,8.193607,2.148900,-0.002174,-0.007616,0.003515,-0.000299,0.000000,0.000000,0.000000
6.287000,1,4.924597,0.865031,0.173881,-0.000630,0.003586,0.000728,0.000000,0.000000,0.000000
6.287000,2,7.908846,0.641889,0.000000,0.000000,-0.000000,0.000000,0.000000,0.000000,0.000000
6.287000,3,8.193539,2.148887,-0.002177,-0.007616,0.003515,-0.000299,0.000000,0.000000,0.000000
6.295000,1,4.924597,0.865031,0.173881,-0.000630,0.003586,0.000728,0.000000,0.000000,0.000000
6.295000,2,7.908846,0.641889,0.000000,0.000000,-0.000000,0.000000,0.000000,0.000000,0.000000
6.295000,3,8.193478,2.148876,-0.002179,-0.007617,0.003515,-0.000299,0.000000,0.000000,0.000000
6.304000,1,4.924597,0.865031,0.173881,-0.000630,0.003586,0.000728,0.000000,0.000000,0.000000
6.304000,2,7.908846,0.641889,0.000000,0.000000,-0.000000,0.000000,0.000000,0.000000,0.000000
6.304000,3,8.193409,2.148863,-0.002182,-0.007617,0.003516,-0.000299,0.000000,0.000000,0.000000
6.312000,1,4.924597,0.865031,0.173881,-0.000630,0.003586,0.000728,0.000000,0.000000,0.000000
6.312000,2,7.908846,0.641889,0.000000,0.000000,-0.000000,0.000000,0.000000,0.000000,0.000000
6.312000,3,8.193348,2.148852,-0.002184,-0.007617,0.003516,-0.000299,0.000000,0.000000,0.000000
6.320000,1,4.924597,0.865031,0.173881,-0.000630,0.003586,0.000728,0.000000,0.000000,0.000000
6.320000,2,7.908846,0.641889,0.000000,0.000000,-0.000000,0.000000,0.000000,0.000000,0.000000
6.320000,3,8.193287,2.148840,-0.002187,-0.007617,0.003516,-0.000299,0.000000,0.000000,0.000000
6.329000,1,4.924597,0.865031,0.173881,-0.000630,0.003586,0.000728,0.000000,0.000000,0.000000
6.329000,2,7.908846,0.641889,0.000000,0.000000,-0.000000,0.000000,0.000000,0.000000,0.000000
6.329000,3,8.193218,2.148827,-0.002189,-0.007617,0.003516,-0.000299,0.000000,0.000000,0.000000
6.337000,1,4.924597,0.865031,0.173881,-0.000630,0.003586,0.000728,0.000000,0.000000,0.000000
6.337000,2,7.908846,0.641889,0.000000,0.000000,-0.000000,0.000000,0.000000,0.000000,0.000000
6.337000,3,8.193157,2.148816,-0.002192,-0.007617,0.003516,-0.000299,0.000000,0.000000,0.000000
6.347000,1,4.924597,0.865031,0.173881,-0.000630,0.003587,0.000728,0.000000,0.000000,0.000000
6.347000,2,7.908846,0.641889,0.000000,0.000000,-0.000000,0.000000,0.000000,0.000000,0.000000
6.347000,3,8.193081,2.148802,-0.002195,-0.007617,0.003516,-0.000299,0.000000,0.000000,0.000000
6.354000,1,4.924597,0.865031,0.173881,-0.000630,0.003587,0.000728,0.000000,0.000000,0.000000
6.354000,2,7.908846,0.641889,0.000000,0.000000,-0.000000,0.000000,0.000000,0.000000,0.000000
6.354000,3,8.193027,2.148792,-0.002197,-0.007617,0.003516,-0.000299,0.000000,0.000000,0.000000
6.363000,1,4.924597,0.865031,0.173881,-0.000630,0.003587,0.000728,0.000000,0.000000,0.000000
6.363000,2,7.908846,0.641889,0.000000,0.000000,-0.000000,0.000000,0.000000,0.000000,0.000000
6.363000,3,8.192959,2.148779,-0.002199,-0.007617,0.003517,-0.000299,0.000000,0.000000,0.000000
6.371000,1,4.924597,0.865031,0.173881,-0.000630,0.003587,0.000728,0.000000,0.000000,0.000000
6.371000,2,7.908846,0.641889,0.000000,0.000000,-0.000000,0.000000,0.000000,0.000000,0.000000
6.371000,3,8.192898,2.148767,-0.002202,-0.007617,0.003517,-0.000299,0.000000,0.000000,0.000000
6.379000,1,4.924597,0.865031,0.173881,-0.000630,0.003587,0.000728,0.000000,0.000000,0.000000
6.379000,2,7.908846,0.641889,0.000000,0.000000,-0.000000,0.000000,0.000000,0.000000,0.000000
6.379000,3,8.192837,2.148756,-0.002204,-0.007617,0.003517,-0.000299,0.000000,0.000000,0.000000
6.387000,1,4.924597,0.865031,0.173881,-0.000630,0.003587,0.000728,0.000000,0.000000,0.000000
6.387000,2,7.908846,0.641889,0.000000,0.000000,-0.000000,0.000000,0.000000,0.000000,0.000000
6.387000,3,8.192776,2.148744,-0.002207,-0.007617,0.003517,-0.000299,0.000000,0.000000,0.000000
6.396000,1,4.924597,0.865031,0.173881,-0.000630,0.003587,0.000728,0.000000,0.000000,0.000000
6.396000,2,7.908846,0.641889,0.000000,0.000000,-0.000000,0.000000,0.000000,0.000000,0.000000
6.396000,3,8.192707,2.148731,-0.002209,-0.007617,0.003517,-0.000299,0.000000,0.000000,0.000000
6.404000,1,4.924597,0.865031,0.173881,-0.000630,0.003587,0.000728,0.000000,0.000000,0.000000
6.404000,2,7.908846,0.641889,0.000000,0.000000,-0.000000,0.000000,0.000000,0.000000,0.000000
6.404000,3,8.192646,2.148720,-0.002212,-0.007617,0.003517,-0.000299,0.000000,0.000000,0.000000
6.412000,1,4.924597,0.865031,0.173881,-0.000630,0.003587,0.000728,0.000000,0.000000,0.000000
6.412000,2,7.908846,0.641889,0.000000,0.000000,-0.000000,0.000000,0.000000,0.000000,0.000000
6.412000,3,8.192585,2.148709,-0.002214,-0.007617,0.003517,-0.000299,0.000000,0.000000,0.000000
6.420000,1,4.924597,0.865031,0.173881,-0.000630,0.003587,0.000728,0.000000,0.000000,0.000000
6.420000,2,7.908846,0.641889,0.000000,0.000000,-0.000000,0.000000,0.000000,0.000000,0.000000
6.420000,3,8.192524,2.148697,-0.002216,-0.007617,0.003518,-0.000299,0.000000,0.000000,0.000000
6.429000,1,4.924597,0.865031,0.173881,-0.000630,0.003587,0.000728,0.000000,0.000000,0.000000
6.429000,2,7.908846,0.641889,0.000000,0.000000,-0.000000,0.000000,0.000000,0.000000,0.000000
6.429000,3,8.192455,2.148684,-0.002219,-0.007617,0.003518,-0.000299,0.000000,0.000000,0.000000
6.437000,1,4.924597,0.865031,0.173881,-0.000630,0.003587,0.000728,0.000000,0.000000,0.000000
6.437000,2,7.908846,0.641889,0.000000,0.000000,-0.000000,0.000000,0.000000,0.000000,0.000000
6.437000,3,8.192394,2.148673,-0.002221,-0.007617,0.003518,-0.000299,0.000000,0.000000,0.000000
6.445000,1,4.924597,0.865031,0.173881,-0.000630,0.003587,0.000728,0.000000,0.000000,0.000000
6.445000,2,7.908846,0.641889,0.000000,0.000000,-0.000000,0.000000,0.000000,0.000000,0.000000
6.445000,3,8.192333,2.148661,-0.002224,-0.007617,0.003518,-0.000299,0.000000,0.000000,0.000000
6.454000,1,4.924597,0.865031,0.173881,-0.000630,0.003587,0.000728,0.000000,0.000000,0.000000
6.454000,2,7.908846,0.641889,0.000000,0.000000,-0.000000,0.000000,0.000000,0.000000,0.000000
6.454000,3,8.192265,2.148649,-0.002227,-0.007617,0.003518,-0.000299,0.000000,0.000000,0.000000
6.462000,1,4.924597,0.865031,0.173881,-0.000630,0.003587,0.000728,0.000000,0.000000,0.000000
6.462000,2,7.908846,0.641889,0.000000,0.000000,-0.000000,0.000000,0.000000,0.000000,0.000000
6.462000,3,8.192204,2.148637,-0.002229,-0.007617,0.003518,-0.000299,0.000000,0.000000,0.000000
6.470000,1,4.924597,0.865031,0.173881,-0.000630,0.003588,0.000728,0.000000,0.000000,0.000000
6.470000,2,7.908846,0.641889,0.000000,0.000000,-0.000000,0.000000,0.000000,0.000000,0.000000
6.470000,3,8.192142,2.148626,-0.002231,-0.007617,0.003518,-0.000299,0.000000,0.000000,0.000000
6.479000,1,4.924597,0.865031,0.173881,-0.000630,0.003588,0.000729,0.000000,0.000000,0.000000
6.479000,2,7.908846,0.641889,0.000000,0.000000,-0.000000,0.000000,0.000000,0.000000,0.000000
6.479000,3,8.192074,2.148613,-0.002234,-0.007617,0.003519,-0.000299,0.000000,0.000000,0.000000
6.487000,1,4.924597,0.865031,0.173881,-0.000630,0.003588,0.000729,0.000000,0.000000,0.000000
6.487000,2,7.908846,0.641889,0.000000,0.000000,-0.000000,0.000000,0.000000,0.000000,0.000000
6.487000,3,8.192013,2.148601,-0.002236,-0.007617,0.003519,-0.000299,0.000000,0.000000,0.000000
6.496000,1,4.924597,0.865031,0.173881,-0.000630,0.003588,0.000729,0.000000,0.000000,0.000000
6.496000,2,7.908846,0.641889,0.000000,0.000000,-0.000000,0.000000,0.000000,0.000000,0.000000
6.496000,3,8.191944,2.148588,-0.002239,-0.007617,0.003519,-0.000299,0.000000,0.000000,0.000000
6.503000,1,4.924597,0.865031,0.173881,-0.000630,0.003588,0.000729,0.000000,0.000000,0.000000
6.503000,2,7.908846,0.641889,0.000000,0.000000,-0.000000,0.000000,0.000000,0.000000,0.000000
6.503000,3,8.191891,2.148578,-0.002241,-0.007617,0.003519,-0.000299,0.000000,0.000000,0.000000
6.513000,1,4.924597,0.865031,0.173881,-0.000630,0.003588,0.000729,0.000000,0.000000,0.000000
6.513000,2,7.908846,0.641889,0.000000,0.000000,-0.000000,0.000000,0.000000,0.000000,0.000000
6.513000,3,8.191814,2.148564,-0.002244,-0.007618,0.003519,-0.000299,0.000000,0.000000,0.000000
6.520000,1,4.924597,0.865031,0.173881,-0.000630,0.003588,0.000729,0.000000,0.000000,0.000000
6.520000,2,7.908846,0.641889,0.000000,0.000000,-0.000000,0.000000,0.000000,0.000000,0.000000
6.520000,3,8.191761,2.148554,-0.002246,-0.007618,0.003519,-0.000298,0.000000,0.000000,0.000000
6.528000,1,4.924597,0.865031,0.173881,-0.000630,0.003588,0.000729,0.000000,0.000000,0.000000
6.528000,2,7.908846,0.641889,0.000000,0.000000,-0.000000,0.000000,0.000000,0.000000,0.000000
6.528000,3,8.191700,2.148543,-0.002249,-0.007618,0.003519,-0.000298,0.000000,0.000000,0.000000
6.537000,1,4.924597,0.865031,0.173881,-0.000630,0.003588,0.000729,0.000000,0.000000,0.000000
6.537000,2,7.908846,0.641889,0.000000,0.000000,-0.000000,0.000000,0.000000,0.000000,0.000000
6.537000,3,8.191631,2.148530,-0.002251,-0.007618,0.003520,-0.000298,0.000000,0.000000,0.000000
6.545000,1,4.924597,0.865031,0.173881,-0.000630,0.003588,0.000729,0.000000,0.000000,0.000000
6.545000,2,7.908846,0.641889,0.000000,0.000000,-0.000000,0.000000,0.000000,0.000000,0.000000
6.545000,3,8.191570,2.148518,-0.002254,-0.007618,0.003520,-0.000298,0.000000,0.000000,0.000000
6.553000,1,4.924597,0.865031,0.173881,-0.000630,0.003588,0.000729,0.000000,0.000000,0.000000
6.553000,2,7.908846,0.641889,0.000000,0.000000,-0.000000,0.000000,0.000000,0.000000,0.000000
6.553000,3,8.191509,2.148507,-0.002256,-0.007618,0.003520,-0.000298,0.000000,0.000000,0.000000
6.563000,1,4.924597,0.865031,0.173881,-0.000630,0.003588,0.000729,0.000000,0.000000,0.000000
6.563000,2,7.908846,0.641889,0.000000,0.000000,-0.000000,0.000000,0.000000,0.000000,0.000000
6.563000,3,8.191433,2.148493,-0.002259,-0.007618,0.003520,-0.000298,0.000000,0.000000,0.000000
6.570000,1,4.924597,0.865031,0.173881,-0.000630,0.003588,0.000729,0.000000,0.000000,0.000000
6.570000,2,7.908846,0.641889,0.000000,0.000000,-0.000000,0.000000,0.000000,0.000000,0.000000
6.570000,3,8.191380,2.148483,-0.002261,-0.007618,0.003520,-0.000298,0.000000,0.000000,0.000000
6.578000,1,4.924597,0.865031,0.173881,-0.000630,0.003588,0.000729,0.000000,0.000000,0.000000
6.578000,2,7.908846,0.641889,0.000000,0.000000,-0.000000,0.000000,0.000000,0.000000,0.000000
6.578000,3,8.191319,2.148471,-0.002264,-0.007618,0.003520,-0.000298,0.000000,0.000000,0.000000
6.587000,1,4.924597,0.865031,0.173881,-0.000630,0.003588,0.000729,0.000000,0.000000,0.000000
6.587000,2,7.908846,0.641889,0.000000,0.000000,-0.000000,0.000000,0.000000,0.000000,0.000000
6.587000,3,8.191250,2.148458,-0.002266,-0.007618,0.003520,-0.000298,0.000000,0.000000,0.000000
6.596000,1,4.924597,0.865031,0.173881,-0.000630,0.003589,0.000729,0.000000,0.000000,0.000000
6.596000,2,7.908846,0.641889,0.000000,0.000000,-0.000000,0.000000,0.000000,0.000000,0.000000
6.596000,3,8.191181,2.148445,-0.002269,-0.007618,0.003521,-0.000298,0.000000,0.000000,0.000000
6.603000,1,4.924597,0.865031,0.173881,-0.000630,0.003589,0.000729,0.000000,0.000000,0.000000
6.603000,2,7.908846,0.641889,0.000000,0.000000,-0.000000,0.000000,0.000000,0.000000,0.000000
6.603000,3,8.191128,2.148435,-0.002271,-0.007618,0.003521,-0.000298,0.000000,0.000000,0.000000
6.612000,1,4.924597,0.865031,0.173881,-0.000630,0.003589,0.000729,0.000000,0.000000,0.000000
6.612000,2,7.908846,0.641889,0.000000,0.000000,-0.000000,0.000000,0.000000,0.000000,0.000000
6.612000,3,8.191059,2.148422,-0.002274,-0.007618,0.003521,-0.000298,0.000000,0.000000,0.000000
6.620000,1,4.924597,0.865031,0.173881,-0.000630,0.003589,0.000729,0.000000,0.000000,0.000000
6.620000,2,7.908846,0.641889,0.000000,0.000000,-0.000000,0.000000,0.000000,0.000000,0.000000
6.620000,3,8.190998,2.148411,-0.002276,-0.007618,0.003521,-0.000298,0.000000,0.000000,0.000000
6.628000,1,4.924597,0.865031,0.173881,-0.000630,0.003589,0.000729,0.000000,0.000000,0.000000
6.628000,2,7.908846,0.641889,0.000000,0.000000,-0.000000,0.000000,0.000000,0.000000,0.000000
6.628000,3,8.190937,2.148400,-0.002278,-0.007618,0.003521,-0.000298,0.000000,0.000000,0.000000
6.637000,1,4.924597,0.865031,0.173881,-0.000630,0.003589,0.000729,0.000000,0.000000,0.000000
6.637000,2,7.908846,0.641889,0.000000,0.000000,-0.000000,0.000000,0.000000,0.000000,0.000000
6.637000,3,8.190868,2.148387,-0.002281,-0.007618,0.003521,-0.000298,0.000000,0.000000,0.000000
6.645000,1,4.924597,0.865031,0.173881,-0.000630,0.003589,0.000729,0.000000,0.000000,0.000000
6.645000,2,7.908846,0.641889,0.000000,0.000000,-0.000000,0.000000,0.000000,0.000000,0.000000
6.645000,3,8.190807,2.148375,-0.002284,-0.007618,0.003522,-0.000298,0.000000,0.000000,0.000000
6.653000,1,4.924597,0.865031,0.173881,-0.000630,0.003589,0.000729,0.000000,0.000000,0.000000
6.653000,2,7.908846,0.641889,0.000000,0.000000,-0.000000,0.000000,0.000000,0.000000,0.000000
6.653000,3,8.190746,2.148364,-0.002286,-0.007618,0.003522,-0.000298,0.000000,0.000000,0.000000
6.653000,1,4.924597,0.865031,0.173881,-0.000630,0.003589,0.000729,0.000000,0.000000,0.000000
6.653000,2,7.908846,0.641889,0.000000,0.000000,-0.000000,0.000000,0.000000,0.000000,0.000000
6.653000,3,8.190746,2.148364,-0.002286,-0.007618,0.003522,-0.000298,0.000000,0.000000,0.000000
6.666000,1,4.924597,0.865031,0.173881,-0.000630,0.003589,0.000729,0.000000,0.000000,0.000000
6.666000,2,7.908846,0.641889,0.000000,0.000000,-0.000000,0.000000,0.000000,0.000000,0.000000
6.666000,3,8.190647,2.148345,-0.002290,-0.007618,0.003522,-0.000298,0.000000,0.000000,0.000000
6.669000,1,4.924597,0.865031,0.173881,-0.000630,0.003589,0.000729,0.000000,0.000000,0.000000
6.669000,2,7.908846,0.641889,0.000000,0.000000,-0.000000,0.000000,0.000000,0.000000,0.000000
6.669000,3,8.190624,2.148341,-0.002291,-0.007618,0.003522,-0.000298,0.000000,0.000000,0.000000
6.670000,1,4.924597,0.865031,0.173881,-0.000630,0.003589,0.000729,0.000000,0.000000,0.000000
6.670000,2,7.908846,0.641889,0.000000,0.000000,-0.000000,0.000000,0.000000,0.000000,0.000000
6.670000,3,8.190617,2.148340,-0.002291,-0.007618,0.003522,-0.000298,0.000000,0.000000,0.000000
6.679000,1,4.924597,0.865031,0.173881,-0.000630,0.003589,0.000729,0.000000,0.000000,0.000000
6.679000,2,7.908846,0.641889,0.000000,0.000000,-0.000000,0.000000,0.000000,0.000000,0.000000
6.679000,3,8.190548,2.148327,-0.002294,-0.007618,0.003522,-0.000298,0.000000,0.000000,0.000000
6.687000,1,4.924597,0.865031,0.173881,-0.000630,0.003589,0.000729,0.000000,0.000000,0.000000
6.687000,2,7.908846,0.641889,0.000000,0.000000,-0.000000,0.000000,0.000000,0.000000,0.000000
6.687000,3,8.190487,2.148315,-0.002296,-0.007618,0.003522,-0.000298,0.000000,0.000000,0.000000
6.696000,1,4.924597,0.865031,0.173881,-0.000630,0.003589,0.000729,0.000000,0.000000,0.000000
6.696000,2,7.908846,0.641889,0.000000,0.000000,-0.000000,0.000000,0.000000,0.000000,0.000000
6.696000,3,8.190418,2.148302,-0.002299,-0.007618,0.003522,-0.000298,0.000000,0.000000,0.000000
6.704000,1,4.924597,0.865031,0.173881,-0.000630,0.003589,0.000729,0.000000,0.000000,0.000000
6.704000,2,7.908846,0.641889,0.000000,0.000000,-0.000000,0.000000,0.000000,0.000000,0.000000
6.704000,3,8.190357,2.148291,-0.002301,-0.007618,0.003523,-0.000298,0.000000,0.000000,0.000000
6.712000,1,4.924597,0.865031,0.173881,-0.000631,0.003589,0.000729,0.000000,0.000000,0.000000
6.712000,2,7.908846,0.641889,0.000000,0.000000,-0.000000,0.000000,0.000000,0.000000,0.000000
6.712000,3,8.190296,2.148279,-0.002304,-0.007618,0.003523,-0.000298,0.000000,0.000000,0.000000
6.721000,1,4.924597,0.865031,0.173881,-0.000631,0.003589,0.000729,0.000000,0.000000,0.000000
6.721000,2,7.908846,0.641889,0.000000,0.000000,-0.000000,0.000000,0.000000,0.000000,0.000000
6.721000,3,8.190228,2.148267,-0.002306,-0.007618,0.003523,-0.000298,0.000000,0.000000,0.000000
6.729000,1,4.924597,0.865031,0.173881,-0.000631,0.003590,0.000729,0.000000,0.000000,0.000000
6.729000,2,7.908846,0.641889,0.000000,0.000000,-0.000000,0.000000,0.000000,0.000000,0.000000
6.729000,3,8.190166,2.148255,-0.002309,-0.007619,0.003523,-0.000298,0.000000,0.000000,0.000000
6.737000,1,4.924597,0.865031,0.173881,-0.000631,0.003590,0.000729,0.000000,0.000000,0.000000
6.737000,2,7.908846,0.641889,0.000000,0.000000,-0.000000,0.000000,0.000000,0.000000,0.000000
6.737000,3,8.190105,2.148244,-0.002311,-0.007619,0.003523,-0.000298,0.000000,0.000000,0.000000
6.746000,1,4.924597,0.865031,0.173881,-0.000631,0.003590,0.000729,0.000000,0.000000,0.000000
6.746000,2,7.908846,0.641889,0.000000,0.000000,-0.000000,0.000000,0.000000,0.000000,0.000000
6.746000,3,8.190037,2.148231,-0.002314,-0.007619,0.003523,-0.000298,0.000000,0.000000,0.000000
6.754000,1,4.924597,0.865031,0.173881,-0.000631,0.003590,0.000729,0.000000,0.000000,0.000000
6.754000,2,7.908846,0.641889,0.000000,0.000000,-0.000000,0.000000,0.000000,0.000000,0.000000
6.754000,3,8.189976,2.148219,-0.002316,-0.007619,0.003523,-0.000298,0.000000,0.000000,0.000000
6.763000,1,4.924597,0.865031,0.173881,-0.000631,0.003590,0.000729,0.000000,0.000000,0.000000
6.763000,2,7.908846,0.641889,0.000000,0.000000,-0.000000,0.000000,0.000000,0.000000,0.000000
6.763000,3,8.189907,2.148206,-0.002319,-0.007619,0.003524,-0.000298,0.000000,0.000000,0.000000
6.771000,1,4.924597,0.865031,0.173881,-0.000631,0.003590,0.000729,0.000000,0.000000,0.000000
6.771000,2,7.908846,0.641889,0.000000,0.000000,-0.000000,0.000000,0.000000,0.000000,0.000000
6.771000,3,8.189846,2.148195,-0.002321,-0.007619,0.003524,-0.000298,0.000000,0.000000,0.000000
6.779000,1,4.924597,0.865031,0.173881,-0.000631,0.003590,0.000729,0.000000,0.000000,0.000000
6.779000,2,7.908846,0.641889,0.000000,0.000000,-0.000000,0.000000,0.000000,0.000000,0.000000
6.779000,3,8.189785,2.148184,-0.002323,-0.007619,0.003524,-0.000298,0.000000,0.000000,0.000000
6.787000,1,4.924597,0.865031,0.173881,-0.000631,0.003590,0.000729,0.000000,0.000000,0.000000
6.787000,2,7.908846,0.641889,0.000000,0.000000,-0.000000,0.000000,0.000000,0.000000,0.000000
6.787000,3,8.189724,2.148172,-0.002326,-0.007619,0.003524,-0.000298,0.000000,0.000000,0.000000
6.796000,1,4.924597,0.865031,0.173881,-0.000631,0.003590,0.000729,0.000000,0.000000,0.000000
6.796000,2,7.908846,0.641889,0.000000,0.000000,-0.000000,0.000000,0.000000,0.000000,0.000000
6.796000,3,8.189655,2.148159,-0.002329,-0.007619,0.003524,-0.000298,0.000000,0.000000,0.000000
6.804000,1,4.924597,0.865031,0.173881,-0.000631,0.003590,0.000729,0.000000,0.000000,0.000000
6.804000,2,7.908846,0.641889,0.000000,0.000000,-0.000000,0.000000,0.000000,0.000000,0.000000
6.804000,3,8.189594,2.148148,-0.002331,-0.007619,0.003524,-0.000298,0.000000,0.000000,0.000000
6.812000,1,4.924597,0.865031,0.173881,-0.000631,0.003590,0.000729,0.000000,0.000000,0.000000
6.812000,2,7.908846,0.641889,0.000000,0.000000,-0.000000,0.000000,0.000000,0.000000,0.000000
6.812000,3,8.189533,2.148136,-0.002333,-0.007619,0.003524,-0.000298,0.000000,0.000000,0.000000
6.821000,1,4.924597,0.865031,0.173881,-0.000631,0.003590,0.000729,0.000000,0.000000,0.000000
6.821000,2,7.908846,0.641889,0.000000,0.000000,-0.000000,0.000000,0.000000,0.000000,0.000000
6.821000,3,8.189465,2.148124,-0.002336,-0.007619,0.003525,-0.000298,0.000000,0.000000,0.000000
6.829000,1,4.924597,0.865031,0.173881,-0.000631,0.003590,0.000729,0.000000,0.000000,0.000000
6.829000,2,7.908846,0.641889,0.000000,0.000000,-0.000000,0.000000,0.000000,0.000000,0.000000
6.829000,3,8.189404,2.148112,-0.002338,-0.007619,0.003525,-0.000298,0.000000,0.000000,0.000000
6.838000,1,4.924597,0.865031,0.173881,-0.000631,0.003590,0.000729,0.000000,0.000000,0.000000
6.838000,2,7.908846,0.641889,0.000000,0.000000,-0.000000,0.000000,0.000000,0.000000,0.000000
6.838000,3,8.189335,2.148099,-0.002341,-0.007619,0.003525,-0.000297,0.000000,0.000000,0.000000
6.846000,1,4.924597,0.865031,0.173881,-0.000631,0.003590,0.000729,0.000000,0.000000,0.000000
6.846000,2,7.908846,0.641889,0.000000,0.000000,-0.000000,0.000000,0.000000,0.000000,0.000000
6.846000,3,8.189274,2.148088,-0.002343,-0.007619,0.003525,-0.000297,0.000000,0.000000,0.000000
6.855000,1,4.924597,0.865031,0.173881,-0.000631,0.003591,0.000729,0.000000,0.000000,0.000000
6.855000,2,7.908846,0.641889,0.000000,0.000000,-0.000000,0.000000,0.000000,0.000000,0.000000
6.855000,3,8.189205,2.148075,-0.002346,-0.007619,0.003525,-0.000297,0.000000,0.000000,0.000000
6.862000,1,4.924597,0.865031,0.173881,-0.000631,0.003591,0.000729,0.000000,0.000000,0.000000
6.862000,2,7.908846,0.641889,0.000000,0.000000,-0.000000,0.000000,0.000000,0.000000,0.000000
6.862000,3,8.189152,2.148065,-0.002348,-0.007619,0.003525,-0.000297,0.000000,0.000000,0.000000
6.870000,1,4.924597,0.865031,0.173881,-0.000631,0.003591,0.000729,0.000000,0.000000,0.000000
6.870000,2,7.908846,0.641889,0.000000,0.000000,-0.000000,0.000000,0.000000,0.000000,0.000000
6.870000,3,8.189091,2.148053,-0.002351,-0.007619,0.003526,-0.000297,0.000000,0.000000,0.000000
6.878000,1,4.924597,0.865031,0.173881,-0.000631,0.003591,0.000729,0.000000,0.000000,0.000000
6.878000,2,7.908846,0.641889,0.000000,0.000000,-0.000000,0.000000,0.000000,0.000000,0.000000
6.878000,3,8.189030,2.148042,-0.002353,-0.007619,0.003526,-0.000297,0.000000,0.000000,0.000000
6.887000,1,4.924597,0.865031,0.173881,-0.000631,0.003591,0.000729,0.000000,0.000000,0.000000
6.887000,2,7.908846,0.641889,0.000000,0.000000,-0.000000,0.000000,0.000000,0.000000,0.000000
6.887000,3,8.188961,2.148029,-0.002356,-0.007619,0.003526,-0.000297,0.000000,0.000000,0.000000
6.895000,1,4.924597,0.865031,0.173881,-0.000631,0.003591,0.000729,0.000000,0.000000,0.000000
6.895000,2,7.908846,0.641889,0.000000,0.000000,-0.000000,0.000000,0.000000,0.000000,0.000000
6.895000,3,8.188900,2.148018,-0.002358,-0.007619,0.003526,-0.000297,0.000000,0.000000,0.000000
6.903000,1,4.924597,0.865031,0.173881,-0.000631,0.003591,0.000729,0.000000,0.000000,0.000000
6.903000,2,7.908846,0.641889,0.000000,0.000000,-0.000000,0.000000,0.000000,0.000000,0.000000
6.903000,3,8.188839,2.148006,-0.002360,-0.007619,0.003526,-0.000297,0.000000,0.000000,0.000000
6.912000,1,4.924597,0.865031,0.173881,-0.000631,0.003591,0.000729,0.000000,0.000000,0.000000
6.912000,2,7.908846,0.641889,0.000000,0.000000,-0.000000,0.000000,0.000000,0.000000,0.000000
6.912000,3,8.188770,2.147993,-0.002363,-0.007619,0.003526,-0.000297,0.000000,0.000000,0.000000
6.921000,1,4.924597,0.865031,0.173881,-0.000631,0.003591,0.000729,0.000000,0.000000,0.000000
6.921000,2,7.908846,0.641889,0.000000,0.000000,-0.000000,0.000000,0.000000,0.000000,0.000000
6.921000,3,8.188702,2.147980,-0.002366,-0.007619,0.003526,-0.000297,0.000000,0.000000,0.000000
6.929000,1,4.924597,0.865031,0.173881,-0.000631,0.003591,0.000729,0.000000,0.000000,0.000000
6.929000,2,7.908846,0.641889,0.000000,0.000000,-0.000000,0.000000,0.000000,0.000000,0.000000
6.929000,3,8.188641,2.147969,-0.002368,-0.007619,0.003527,-0.000297,0.000000,0.000000,0.000000
6.937000,1,4.924597,0.865031,0.173881,-0.000631,0.003591,0.000729,0.000000,0.000000,0.000000
6.937000,2,7.908846,0.641889,0.000000,0.000000,-0.000000,0.000000,0.000000,0.000000,0.000000
6.937000,3,8.188580,2.147958,-0.002370,-0.007620,0.003527,-0.000297,0.000000,0.000000,0.000000
6.945000,1,4.924597,0.865031,0.173881,-0.000631,0.003591,0.000729,0.000000,0.000000,0.000000
6.945000,2,7.908846,0.641889,0.000000,0.000000,-0.000000,0.000000,0.000000,0.000000,0.000000
6.945000,3,8.188519,2.147946,-0.002373,-0.007620,0.003527,-0.000297,0.000000,0.000000,0.000000
6.954000,1,4.924597,0.865031,0.173881,-0.000631,0.003591,0.000729,0.000000,0.000000,0.000000
6.954000,2,7.908846,0.641889,0.000000,0.000000,-0.000000,0.000000,0.000000,0.000000,0.000000
6.954000,3,8.188450,2.147933,-0.002375,-0.007620,0.003527,-0.000297,0.000000,0.000000,0.000000
6.962000,1,4.924597,0.865031,0.173881,-0.000631,0.003591,0.000729,0.000000,0.000000,0.000000
6.962000,2,7.908846,0.641889,0.000000,0.000000,-0.000000,0.000000,0.000000,0.000000,0.000000
6.962000,3,8.188389,2.147922,-0.002378,-0.007620,0.003527,-0.000297,0.000000,0.000000,0.000000
6.971000,1,4.924597,0.865031,0.173881,-0.000631,0.003593,0.000730,0.000000,0.000000,0.000000
6.971000,2,7.908846,0.641889,0.000000,0.000000,-0.000000,0.000000,0.000000,0.000000,0.000000
6.971000,3,8.188320,2.147909,-0.002381,-0.007620,0.003530,-0.000297,0.000000,0.000000,0.000000
6.979000,1,4.924597,0.865031,0.173881,-0.000631,0.003593,0.000730,0.000000,0.000000,0.000000
6.979000,2,7.908846,0.641889,0.000000,0.000000,-0.000000,0.000000,0.000000,0.000000,0.000000
6.979000,3,8.188259,2.147897,-0.002383,-0.007621,0.003531,-0.000297,0.000000,0.000000,0.000000
6.987000,1,4.924597,0.865031,0.173881,-0.000631,0.003594,0.000730,0.000000,0.000000,0.000000
6.987000,2,7.908846,0.641889,0.000000,0.000000,-0.000000,0.000000,0.000000,0.000000,0.000000
6.987000,3,8.188198,2.147886,-0.002385,-0.007621,0.003531,-0.000297,0.000000,0.000000,0.000000
6.997000,1,4.924597,0.865031,0.173881,-0.000631,0.003594,0.000730,0.000000,0.000000,0.000000
6.997000,2,7.908846,0.641889,0.000000,0.000000,-0.000000,0.000000,0.000000,0.000000,0.000000
6.997000,3,8.188122,2.147872,-0.002388,-0.007621,0.003531,-0.000297,0.000000,0.000000,0.000000
7.004000,1,4.924597,0.865031,0.173881,-0.000631,0.003594,0.000730,0.000000,0.000000,0.000000
7.004000,2,7.908846,0.641889,0.000000,0.000000,-0.000000,0.000000,0.000000,0.000000,0.000000
7.004000,3,8.188068,2.147862,-0.002390,-0.007621,0.003531,-0.000297,0.000000,0.000000,0.000000
7.013000,1,4.924597,0.865031,0.173881,-0.000631,0.003594,0.000730,0.000000,0.000000,0.000000
7.013000,2,7.908846,0.641889,0.000000,0.000000,-0.000000,0.000000,0.000000,0.000000,0.000000
7.013000,3,8.188000,2.147849,-0.002393,-0.007621,0.003531,-0.000297,0.000000,0.000000,0.000000
7.020000,1,4.924597,0.865031,0.173881,-0.000631,0.003594,0.000730,0.000000,0.000000,0.000000
7.020000,2,7.908846,0.641889,0.000000,0.000000,-0.000000,0.000000,0.000000,0.000000,0.000000
7.020000,3,8.187946,2.147839,-0.002395,-0.007621,0.003531,-0.000297,0.000000,0.000000,0.000000
7.029000,1,4.924597,0.865031,0.173881,-0.000631,0.003594,0.000730,0.000000,0.000000,0.000000
7.029000,2,7.908846,0.641889,0.000000,0.000000,-0.000000,0.000000,0.000000,0.000000,0.000000
7.029000,3,8.187878,2.147826,-0.002398,-0.007621,0.003532,-0.000297,0.000000,0.000000,0.000000
7.037000,1,4.924597,0.865031,0.173881,-0.000631,0.003594,0.000730,0.000000,0.000000,0.000000
7.037000,2,7.908846,0.641889,0.000000,0.000000,-0.000000,0.000000,0.000000,0.000000,0.000000
7.037000,3,8.187817,2.147815,-0.002400,-0.007621,0.003532,-0.000296,0.000000,0.000000,0.000000
7.046000,1,4.924597,0.865031,0.173881,-0.000631,0.003594,0.000730,0.000000,0.000000,0.000000
7.046000,2,7.908846,0.641889,0.000000,0.000000,-0.000000,0.000000,0.000000,0.000000,0.000000
7.046000,3,8.187748,2.147802,-0.002403,-0.007621,0.003532,-0.000296,0.000000,0.000000,0.000000
7.054000,1,4.924597,0.865031,0.173881,-0.000631,0.003594,0.000730,0.000000,0.000000,0.000000
7.054000,2,7.908846,0.641889,0.000000,0.000000,-0.000000,0.000000,0.000000,0.000000,0.000000
7.054000,3,8.187687,2.147790,-0.002405,-0.007621,0.003532,-0.000296,0.000000,0.000000,0.000000
7.066000,1,4.924597,0.865031,0.173881,-0.000631,0.003594,0.000730,0.000000,0.000000,0.000000
7.066000,2,7.908846,0.641889,0.000000,0.000000,-0.000000,0.000000,0.000000,0.000000,0.000000
7.066000,3,8.187595,2.147773,-0.002409,-0.007621,0.003532,-0.000296,0.000000,0.000000,0.000000
7.071000,1,4.924597,0.865031,0.173881,-0.000631,0.003594,0.000730,0.000000,0.000000,0.000000
7.071000,2,7.908846,0.641889,0.000000,0.000000,-0.000000,0.000000,0.000000,0.000000,0.000000
7.071000,3,8.187557,2.147766,-0.002410,-0.007621,0.003532,-0.000296,0.000000,0.000000,0.000000
7.079000,1,4.924597,0.865031,0.173881,-0.000631,0.003594,0.000730,0.000000,0.000000,0.000000
7.079000,2,7.908846,0.641889,0.000000,0.000000,-0.000000,0.000000,0.000000,0.000000,0.000000
7.079000,3,8.187496,2.147754,-0.002413,-0.007621,0.003532,-0.000296,0.000000,0.000000,0.000000
7.087000,1,4.924597,0.865031,0.173881,-0.000631,0.003594,0.000730,0.000000,0.000000,0.000000
7.087000,2,7.908846,0.641889,0.000000,0.000000,-0.000000,0.000000,0.000000,0.000000,0.000000
7.087000,3,8.187435,2.147743,-0.002415,-0.007621,0.003533,-0.000296,0.000000,0.000000,0.000000
7.095000,1,4.924597,0.865031,0.173881,-0.000631,0.003594,0.000730,0.000000,0.000000,0.000000
7.095000,2,7.908846,0.641889,0.000000,0.000000,-0.000000,0.000000,0.000000,0.000000,0.000000
7.095000,3,8.187374,2.147732,-0.002417,-0.007621,0.003533,-0.000296,0.000000,0.000000,0.000000
7.104000,1,4.924597,0.865031,0.173881,-0.000631,0.003594,0.000730,0.000000,0.000000,0.000000
7.104000,2,7.908846,0.641889,0.000000,0.000000,-0.000000,0.000000,0.000000,0.000000,0.000000
7.104000,3,8.187305,2.147719,-0.002420,-0.007621,0.003533,-0.000296,0.000000,0.000000,0.000000
7.112000,1,4.924597,0.865031,0.173881,-0.000631,0.003594,0.000730,0.000000,0.000000,0.000000
7.112000,2,7.908846,0.641889,0.000000,0.000000,-0.000000,0.000000,0.000000,0.000000,0.000000
7.112000,3,8.187244,2.147707,-0.002422,-0.007621,0.003533,-0.000296,0.000000,0.000000,0.000000
7.120000,1,4.924597,0.865031,0.173881,-0.000631,0.003595,0.000730,0.000000,0.000000,0.000000
7.120000,2,7.908846,0.641889,0.000000,0.000000,-0.000000,0.000000,0.000000,0.000000,0.000000
7.120000,3,8.187183,2.147696,-0.002425,-0.007621,0.003533,-0.000296,0.000000,0.000000,0.000000
7.129000,1,4.924597,0.865031,0.173881,-0.000631,0.003595,0.000730,0.000000,0.000000,0.000000
7.129000,2,7.908846,0.641889,0.000000,0.000000,-0.000000,0.000000,0.000000,0.000000,0.000000
7.129000,3,8.187115,2.147683,-0.002427,-0.007621,0.003533,-0.000296,0.000000,0.000000,0.000000
7.137000,1,4.924597,0.865031,0.173881,-0.000631,0.003595,0.000730,0.000000,0.000000,0.000000
7.137000,2,7.908846,0.641889,0.000000,0.000000,-0.000000,0.000000,0.000000,0.000000,0.000000
7.137000,3,8.187054,2.147671,-0.002430,-0.007621,0.003533,-0.000296,0.000000,0.000000,0.000000
7.145000,1,4.924597,0.865031,0.173881,-0.000631,0.003595,0.000730,0.000000,0.000000,0.000000
7.145000,2,7.908846,0.641889,0.000000,0.000000,-0.000000,0.000000,0.000000,0.000000,0.000000
7.145000,3,8.186993,2.147660,-0.002432,-0.007621,0.003534,-0.000296,0.000000,0.000000,0.000000
7.154000,1,4.924597,0.865031,0.173881,-0.000631,0.003595,0.000730,0.000000,0.000000,0.000000
7.154000,2,7.908846,0.641889,0.000000,0.000000,-0.000000,0.000000,0.000000,0.000000,0.000000
7.154000,3,8.186924,2.147647,-0.002435,-0.007621,0.003534,-0.000296,0.000000,0.000000,0.000000
7.162000,1,4.924597,0.865031,0.173881,-0.000631,0.003595,0.000730,0.000000,0.000000,0.000000
7.162000,2,7.908846,0.641889,0.000000,0.000000,-0.000000,0.000000,0.000000,0.000000,0.000000
7.162000,3,8.186863,2.147636,-0.002437,-0.007621,0.003534,-0.000296,0.000000,0.000000,0.000000
7.170000,1,4.924597,0.865031,0.173881,-0.000631,0.003595,0.000730,0.000000,0.000000,0.000000
7.170000,2,7.908846,0.641889,0.000000,0.000000,-0.000000,0.000000,0.000000,0.000000,0.000000
7.170000,3,8.186802,2.147624,-0.002440,-0.007621,0.003534,-0.000296,0.000000,0.000000,0.000000
7.178000,1,4.924597,0.865031,0.173881,-0.000631,0.003595,0.000730,0.000000,0.000000,0.000000
7.178000,2,7.908846,0.641889,0.000000,0.000000,-0.000000,0.000000,0.000000,0.000000,0.000000
7.178000,3,8.186741,2.147613,-0.002442,-0.007622,0.003534,-0.000296,0.000000,0.000000,0.000000
7.187000,1,4.924597,0.865031,0.173881,-0.000631,0.003595,0.000730,0.000000,0.000000,0.000000
7.187000,2,7.908846,0.641889,0.000000,0.000000,-0.000000,0.000000,0.000000,0.000000,0.000000
7.187000,3,8.186672,2.147600,-0.002445,-0.007622,0.003534,-0.000296,0.000000,0.000000,0.000000
7.197000,1,4.924597,0.865031,0.173881,-0.000632,0.003595,0.000730,0.000000,0.000000,0.000000
7.197000,2,7.908846,0.641889,0.000000,0.000000,-0.000000,0.000000,0.000000,0.000000,0.000000
7.197000,3,8.186596,2.147586,-0.002448,-0.007622,0.003534,-0.000296,0.000000,0.000000,0.000000
7.204000,1,4.924597,0.865031,0.173881,-0.000632,0.003595,0.000730,0.000000,0.000000,0.000000
7.204000,2,7.908846,0.641889,0.000000,0.000000,-0.000000,0.000000,0.000000,0.000000,0.000000
7.204000,3,8.186543,2.147576,-0.002450,-0.007622,0.003535,-0.000296,0.000000,0.000000,0.000000
7.212000,1,4.924597,0.865031,0.173881,-0.000632,0.003595,0.000730,0.000000,0.000000,0.000000
7.212000,2,7.908846,0.641889,0.000000,0.000000,-0.000000,0.000000,0.000000,0.000000,0.000000
7.212000,3,8.186481,2.147564,-0.002452,-0.007622,0.003535,-0.000296,0.000000,0.000000,0.000000
7.221000,1,4.924597,0.865031,0.173881,-0.000632,0.003595,0.000730,0.000000,0.000000,0.000000
7.221000,2,7.908846,0.641889,0.000000,0.000000,-0.000000,0.000000,0.000000,0.000000,0.000000
7.221000,3,8.186413,2.147551,-0.002455,-0.007622,0.003535,-0.000296,0.000000,0.000000,0.000000
7.229000,1,4.924597,0.865031,0.173881,-0.000632,0.003595,0.000730,0.000000,0.000000,0.000000
7.229000,2,7.908846,0.641889,0.000000,0.000000,-0.000000,0.000000,0.000000,0.000000,0.000000
7.229000,3,8.186352,2.147540,-0.002457,-0.007622,0.003535,-0.000296,0.000000,0.000000,0.000000
7.239000,1,4.924597,0.865031,0.173881,-0.000632,0.003595,0.000730,0.000000,0.000000,0.000000
7.239000,2,7.908846,0.641889,0.000000,0.000000,-0.000000,0.000000,0.000000,0.000000,0.000000
7.239000,3,8.186275,2.147526,-0.002460,-0.007622,0.003535,-0.000296,0.000000,0.000000,0.000000
7.246000,1,4.924597,0.865031,0.173881,-0.000632,0.003596,0.000730,0.000000,0.000000,0.000000
7.246000,2,7.908846,0.641889,0.000000,0.000000,-0.000000,0.000000,0.000000,0.000000,0.000000
7.246000,3,8.186222,2.147516,-0.002462,-0.007622,0.003535,-0.000296,0.000000,0.000000,0.000000
7.254000,1,4.924597,0.865031,0.173881,-0.000632,0.003596,0.000730,0.000000,0.000000,0.000000
7.254000,2,7.908846,0.641889,0.000000,0.000000,-0.000000,0.000000,0.000000,0.000000,0.000000
7.254000,3,8.186161,2.147504,-0.002464,-0.007622,0.003535,-0.000296,0.000000,0.000000,0.000000
7.262000,1,4.924597,0.865031,0.173881,-0.000632,0.003596,0.000730,0.000000,0.000000,0.000000
7.262000,2,7.908846,0.641889,0.000000,0.000000,-0.000000,0.000000,0.000000,0.000000,0.000000
7.262000,3,8.186100,2.147493,-0.002467,-0.007622,0.003536,-0.000296,0.000000,0.000000,0.000000
7.270000,1,4.924597,0.865031,0.173881,-0.000632,0.003596,0.000730,0.000000,0.000000,0.000000
7.270000,2,7.908846,0.641889,0.000000,0.000000,-0.000000,0.000000,0.000000,0.000000,0.000000
7.270000,3,8.186039,2.147481,-0.002469,-0.007622,0.003536,-0.000296,0.000000,0.000000,0.000000
7.270000,1,4.924597,0.865031,0.173881,-0.000632,0.003596,0.000730,0.000000,0.000000,0.000000
7.270000,2,7.908846,0.641889,0.000000,0.000000,-0.000000,0.000000,0.000000,0.000000,0.000000
7.270000,3,8.186039,2.147481,-0.002469,-0.007622,0.003536,-0.000296,0.000000,0.000000,0.000000
7.271000,1,4.924597,0.865031,0.173881,-0.000632,0.003596,0.000730,0.000000,0.000000,0.000000
7.271000,2,7.908846,0.641889,0.000000,0.000000,-0.000000,0.000000,0.000000,0.000000,0.000000
7.271000,3,8.186031,2.147480,-0.002469,-0.007622,0.003536,-0.000296,0.000000,0.000000,0.000000
7.283000,1,4.924597,0.865031,0.173881,-0.000632,0.003596,0.000730,0.000000,0.000000,0.000000
7.283000,2,7.908846,0.641889,0.000000,0.000000,-0.000000,0.000000,0.000000,0.000000,0.000000
7.283000,3,8.185940,2.147463,-0.002473,-0.007622,0.003536,-0.000296,0.000000,0.000000,0.000000
7.288000,1,4.924597,0.865031,0.173881,-0.000632,0.003596,0.000730,0.000000,0.000000,0.000000
7.288000,2,7.908846,0.641889,0.000000,0.000000,-0.000000,0.000000,0.000000,0.000000,0.000000
7.288000,3,8.185902,2.147455,-0.002474,-0.007622,0.003536,-0.000296,0.000000,0.000000,0.000000
7.297000,1,4.924597,0.865031,0.173881,-0.000632,0.003596,0.000730,0.000000,0.000000,0.000000
7.297000,2,7.908846,0.641889,0.000000,0.000000,-0.000000,0.000000,0.000000,0.000000,0.000000
7.297000,3,8.185833,2.147443,-0.002477,-0.007622,0.003536,-0.000296,0.000000,0.000000,0.000000
7.305000,1,4.924597,0.865031,0.173881,-0.000632,0.003596,0.000730,0.000000,0.000000,0.000000
7.305000,2,7.908846,0.641889,0.000000,0.000000,-0.000000,0.000000,0.000000,0.000000,0.000000
7.305000,3,8.185772,2.147431,-0.002479,-0.007622,0.003536,-0.000296,0.000000,0.000000,0.000000
7.313000,1,4.924597,0.865031,0.173881,-0.000632,0.003596,0.000730,0.000000,0.000000,0.000000
7.313000,2,7.908846,0.641889,0.000000,0.000000,-0.000000,0.000000,0.000000,0.000000,0.000000
7.313000,3,8.185711,2.147420,-0.002482,-0.007622,0.003537,-0.000296,0.000000,0.000000,0.000000
7.322000,1,4.924597,0.865031,0.173881,-0.000632,0.003596,0.000730,0.000000,0.000000,0.000000
7.322000,2,7.908846,0.641889,0.000000,0.000000,-0.000000,0.000000,0.000000,0.000000,0.000000
7.322000,3,8.185642,2.147407,-0.002484,-0.007622,0.003537,-0.000296,0.000000,0.000000,0.000000
7.330000,1,4.924597,0.865031,0.173881,-0.000632,0.003596,0.000730,0.000000,0.000000,0.000000
7.330000,2,7.908846,0.641889,0.000000,0.000000,-0.000000,0.000000,0.000000,0.000000,0.000000
7.330000,3,8.185581,2.147395,-0.002487,-0.007622,0.003537,-0.000296,0.000000,0.000000,0.000000
7.338000,1,4.924597,0.865031,0.173881,-0.000632,0.003596,0.000730,0.000000,0.000000,0.000000
7.338000,2,7.908846,0.641889,0.000000,0.000000,-0.000000,0.000000,0.000000,0.000000,0.000000
7.338000,3,8.185520,2.147384,-0.002489,-0.007622,0.003537,-0.000296,0.000000,0.000000,0.000000
7.346000,1,4.924597,0.865031,0.173881,-0.000632,0.003596,0.000730,0.000000,0.000000,0.000000
7.346000,2,7.908846,0.641889,0.000000,0.000000,-0.000000,0.000000,0.000000,0.000000,0.000000
7.346000,3,8.185459,2.147372,-0.002492,-0.007622,0.003537,-0.000296,0.000000,0.000000,0.000000
7.354000,1,4.924597,0.865031,0.173881,-0.000632,0.003596,0.000730,0.000000,0.000000,0.000000
7.354000,2,7.908846,0.641889,0.000000,0.000000,-0.000000,0.000000,0.000000,0.000000,0.000000
7.354000,3,8.185398,2.147361,-0.002494,-0.007622,0.003537,-0.000295,0.000000,0.000000,0.000000
7.363000,1,4.924597,0.865031,0.173881,-0.000632,0.003596,0.000730,0.000000,0.000000,0.000000
7.363000,2,7.908846,0.641889,0.000000,0.000000,-0.000000,0.000000,0.000000,0.000000,0.000000
7.363000,3,8.185329,2.147348,-0.002497,-0.007622,0.003537,-0.000295,0.000000,0.000000,0.000000
7.371000,1,4.924597,0.865031,0.173881,-0.000632,0.003597,0.000730,0.000000,0.000000,0.000000
7.371000,2,7.908846,0.641889,0.000000,0.000000,-0.000000,0.000000,0.000000,0.000000,0.000000
7.371000,3,8.185268,2.147337,-0.002499,-0.007622,0.003538,-0.000295,0.000000,0.000000,0.000000
7.381000,1,4.924597,0.865031,0.173881,-0.000632,0.003597,0.000730,0.000000,0.000000,0.000000
7.381000,2,7.908846,0.641889,0.000000,0.000000,-0.000000,0.000000,0.000000,0.000000,0.000000
7.381000,3,8.185192,2.147322,-0.002502,-0.007622,0.003538,-0.000295,0.000000,0.000000,0.000000
7.388000,1,4.924597,0.865031,0.173881,-0.000632,0.003597,0.000730,0.000000,0.000000,0.000000
7.388000,2,7.908846,0.641889,0.000000,0.000000,-0.000000,0.000000,0.000000,0.000000,0.000000
7.388000,3,8.185139,2.147312,-0.002504,-0.007622,0.003538,-0.000295,0.000000,0.000000,0.000000
7.397000,1,4.924597,0.865031,0.173881,-0.000632,0.003597,0.000730,0.000000,0.000000,0.000000
7.397000,2,7.908846,0.641889,0.000000,0.000000,-0.000000,0.000000,0.000000,0.000000,0.000000
7.397000,3,8.185070,2.147300,-0.002507,-0.007623,0.003538,-0.000295,0.000000,0.000000,0.000000
7.404000,1,4.924597,0.865031,0.173881,-0.000632,0.003597,0.000730,0.000000,0.000000,0.000000
7.404000,2,7.908846,0.641889,0.000000,0.000000,-0.000000,0.000000,0.000000,0.000000,0.000000
7.404000,3,8.185017,2.147290,-0.002509,-0.007623,0.003538,-0.000295,0.000000,0.000000,0.000000
7.413000,1,4.924597,0.865031,0.173881,-0.000632,0.003597,0.000730,0.000000,0.000000,0.000000
7.413000,2,7.908846,0.641889,0.000000,0.000000,-0.000000,0.000000,0.000000,0.000000,0.000000
7.413000,3,8.184948,2.147277,-0.002511,-0.007623,0.003538,-0.000295,0.000000,0.000000,0.000000
7.421000,1,4.924597,0.865031,0.173881,-0.000632,0.003596,0.000730,0.000000,0.000000,0.000000
7.421000,2,7.908846,0.641889,0.000000,0.000000,-0.000000,0.000000,0.000000,0.000000,0.000000
7.421000,3,8.184887,2.147265,-0.002514,-0.007622,0.003537,-0.000295,0.000000,0.000000,0.000000
7.430000,1,4.924597,0.865031,0.173881,-0.000632,0.003595,0.000730,0.000000,0.000000,0.000000
7.430000,2,7.908846,0.641889,0.000000,0.000000,-0.000000,0.000000,0.000000,0.000000,0.000000
7.430000,3,8.184818,2.147252,-0.002516,-0.007622,0.003536,-0.000296,0.000000,0.000000,0.000000
7.438000,1,4.924597,0.865031,0.173881,-0.000632,0.003595,0.000730,0.000000,0.000000,0.000000
7.438000,2,7.908846,0.641889,0.000000,0.000000,-0.000000,0.000000,0.000000,0.000000,0.000000
7.438000,3,8.184757,2.147241,-0.002519,-0.007622,0.003536,-0.000296,0.000000,0.000000,0.000000
7.448000,1,4.924597,0.865031,0.173881,-0.000632,0.003595,0.000730,0.000000,0.000000,0.000000
7.448000,2,7.908846,0.641889,0.000000,0.000000,-0.000000,0.000000,0.000000,0.000000,0.000000
7.448000,3,8.184681,2.147227,-0.002522,-0.007622,0.003536,-0.000296,0.000000,0.000000,0.000000
7.455000,1,4.924597,0.865031,0.173881,-0.000632,0.003595,0.000730,0.000000,0.000000,0.000000
7.455000,2,7.908846,0.641889,0.000000,0.000000,-0.000000,0.000000,0.000000,0.000000,0.000000
7.455000,3,8.184628,2.147217,-0.002524,-0.007622,0.003536,-0.000296,0.000000,0.000000,0.000000
7.463000,1,4.924597,0.865031,0.173881,-0.000632,0.003595,0.000730,0.000000,0.000000,0.000000
7.463000,2,7.908846,0.641889,0.000000,0.000000,-0.000000,0.000000,0.000000,0.000000,0.000000
7.463000,3,8.184566,2.147205,-0.002526,-0.007622,0.003536,-0.000296,0.000000,0.000000,0.000000
7.471000,1,4.924597,0.865031,0.173881,-0.000632,0.003595,0.000730,0.000000,0.000000,0.000000
7.471000,2,7.908846,0.641889,0.000000,0.000000,-0.000000,0.000000,0.000000,0.000000,0.000000
7.471000,3,8.184505,2.147194,-0.002528,-0.007622,0.003536,-0.000296,0.000000,0.000000,0.000000
7.479000,1,4.924597,0.865031,0.173881,-0.000632,0.003595,0.000730,0.000000,0.000000,0.000000
7.479000,2,7.908846,0.641889,0.000000,0.000000,-0.000000,0.000000,0.000000,0.000000,0.000000
7.479000,3,8.184444,2.147182,-0.002531,-0.007622,0.003536,-0.000295,0.000000,0.000000,0.000000
7.487000,1,4.924597,0.865031,0.173881,-0.000632,0.003596,0.000730,0.000000,0.000000,0.000000
7.487000,2,7.908846,0.641889,0.000000,0.000000,-0.000000,0.000000,0.000000,0.000000,0.000000
7.487000,3,8.184383,2.147171,-0.002533,-0.007622,0.003536,-0.000295,0.000000,0.000000,0.000000
7.496000,1,4.924597,0.865031,0.173881,-0.000632,0.003596,0.000730,0.000000,0.000000,0.000000
7.496000,2,7.908846,0.641889,0.000000,0.000000,-0.000000,0.000000,0.000000,0.000000,0.000000
7.496000,3,8.184315,2.147158,-0.002536,-0.007622,0.003537,-0.000295,0.000000,0.000000,0.000000
7.504000,1,4.924597,0.865031,0.173881,-0.000632,0.003596,0.000730,0.000000,0.000000,0.000000
7.504000,2,7.908846,0.641889,0.000000,0.000000,-0.000000,0.000000,0.000000,0.000000,0.000000
7.504000,3,8.184254,2.147146,-0.002538,-0.007622,0.003537,-0.000295,0.000000,0.000000,0.000000
7.513000,1,4.924597,0.865031,0.173881,-0.000632,0.003596,0.000730,0.000000,0.000000,0.000000
7.513000,2,7.908846,0.641889,0.000000,0.000000,-0.000000,0.000000,0.000000,0.000000,0.000000
7.513000,3,8.184185,2.147134,-0.002541,-0.007622,0.003537,-0.000295,0.000000,0.000000,0.000000
7.521000,1,4.924597,0.865031,0.173881,-0.000632,0.003596,0.000730,0.000000,0.000000,0.000000
7.521000,2,7.908846,0.641889,0.000000,0.000000,-0.000000,0.000000,0.000000,0.000000,0.000000
7.521000,3,8.184124,2.147122,-0.002543,-0.007622,0.003537,-0.000295,0.000000,0.000000,0.000000
7.529000,1,4.924597,0.865031,0.173881,-0.000632,0.003596,0.000730,0.000000,0.000000,0.000000
7.529000,2,7.908846,0.641889,0.000000,0.000000,-0.000000,0.000000,0.000000,0.000000,0.000000
7.529000,3,8.184063,2.147111,-0.002546,-0.007622,0.003537,-0.000295,0.000000,0.000000,0.000000
7.539000,1,4.924597,0.865031,0.173881,-0.000632,0.003596,0.000730,0.000000,0.000000,0.000000
7.539000,2,7.908846,0.641889,0.000000,0.000000,-0.000000,0.000000,0.000000,0.000000,0.000000
7.539000,3,8.183987,2.147096,-0.002549,-0.007622,0.003537,-0.000295,0.000000,0.000000,0.000000
7.546000,1,4.924597,0.865031,0.173881,-0.000632,0.003596,0.000730,0.000000,0.000000,0.000000
7.546000,2,7.908846,0.641889,0.000000,0.000000,-0.000000,0.000000,0.000000,0.000000,0.000000
7.546000,3,8.183933,2.147086,-0.002551,-0.007622,0.003538,-0.000295,0.000000,0.000000,0.000000
7.554000,1,4.924597,0.865031,0.173881,-0.000632,0.003596,0.000730,0.000000,0.000000,0.000000
7.554000,2,7.908846,0.641889,0.000000,0.000000,-0.000000,0.000000,0.000000,0.000000,0.000000
7.554000,3,8.183872,2.147075,-0.002553,-0.007622,0.003538,-0.000295,0.000000,0.000000,0.000000
7.562000,1,4.924597,0.865031,0.173881,-0.000632,0.003596,0.000730,0.000000,0.000000,0.000000
7.562000,2,7.908846,0.641889,0.000000,0.000000,-0.000000,0.000000,0.000000,0.000000,0.000000
7.562000,3,8.183811,2.147063,-0.002555,-0.007622,0.003538,-0.000295,0.000000,0.000000,0.000000
7.571000,1,4.924597,0.865031,0.173881,-0.000632,0.003596,0.000730,0.000000,0.000000,0.000000
7.571000,2,7.908846,0.641889,0.000000,0.000000,-0.000000,0.000000,0.000000,0.000000,0.000000
7.571000,3,8.183743,2.147051,-0.002558,-0.007623,0.003538,-0.000295,0.000000,0.000000,0.000000
7.579000,1,4.924597,0.865031,0.173881,-0.000632,0.003596,0.000730,0.000000,0.000000,0.000000
7.579000,2,7.908846,0.641889,0.000000,0.000000,-0.000000,0.000000,0.000000,0.000000,0.000000
7.579000,3,8.183681,2.147039,-0.002560,-0.007623,0.003538,-0.000295,0.000000,0.000000,0.000000
7.587000,1,4.924597,0.865031,0.173881,-0.000632,0.003596,0.000730,0.000000,0.000000,0.000000
7.587000,2,7.908846,0.641889,0.000000,0.000000,-0.000000,0.000000,0.000000,0.000000,0.000000
7.587000,3,8.183620,2.147028,-0.002563,-0.007623,0.003538,-0.000295,0.000000,0.000000,0.000000
7.596000,1,4.924597,0.865031,0.173881,-0.000632,0.003596,0.000730,0.000000,0.000000,0.000000
7.596000,2,7.908846,0.641889,0.000000,0.000000,-0.000000,0.000000,0.000000,0.000000,0.000000
7.596000,3,8.183552,2.147015,-0.002565,-0.007623,0.003538,-0.000295,0.000000,0.000000,0.000000
7.604000,1,4.924597,0.865031,0.173881,-0.000632,0.003596,0.000730,0.000000,0.000000,0.000000
7.604000,2,7.908846,0.641889,0.000000,0.000000,-0.000000,0.000000,0.000000,0.000000,0.000000
7.604000,3,8.183491,2.147003,-0.002568,-0.007623,0.003539,-0.000295,0.000000,0.000000,0.000000
7.613000,1,4.924597,0.865031,0.173881,-0.000632,0.003597,0.000730,0.000000,0.000000,0.000000
7.613000,2,7.908846,0.641889,0.000000,0.000000,-0.000000,0.000000,0.000000,0.000000,0.000000
7.613000,3,8.183422,2.146991,-0.002570,-0.007623,0.003539,-0.000295,0.000000,0.000000,0.000000
7.621000,1,4.924597,0.865031,0.173881,-0.000632,0.003597,0.000730,0.000000,0.000000,0.000000
7.621000,2,7.908846,0.641889,0.000000,0.000000,-0.000000,0.000000,0.000000,0.000000,0.000000
7.621000,3,8.183361,2.146979,-0.002573,-0.007623,0.003539,-0.000295,0.000000,0.000000,0.000000
7.629000,1,4.924597,0.865031,0.173881,-0.000632,0.003597,0.000730,0.000000,0.000000,0.000000
7.629000,2,7.908846,0.641889,0.000000,0.000000,-0.000000,0.000000,0.000000,0.000000,0.000000
7.629000,3,8.183300,2.146968,-0.002575,-0.007623,0.003539,-0.000295,0.000000,0.000000,0.000000
7.638000,1,4.924597,0.865031,0.173881,-0.000632,0.003597,0.000730,0.000000,0.000000,0.000000
7.638000,2,7.908846,0.641889,0.000000,0.000000,-0.000000,0.000000,0.000000,0.000000,0.000000
7.638000,3,8.183231,2.146955,-0.002578,-0.007623,0.003539,-0.000295,0.000000,0.000000,0.000000
7.646000,1,4.924597,0.865031,0.173881,-0.000632,0.003597,0.000730,0.000000,0.000000,0.000000
7.646000,2,7.908846,0.641889,0.000000,0.000000,-0.000000,0.000000,0.000000,0.000000,0.000000
7.646000,3,8.183170,2.146943,-0.002580,-0.007623,0.003539,-0.000295,0.000000,0.000000,0.000000
7.654000,1,4.924597,0.865031,0.173881,-0.000632,0.003597,0.000730,0.000000,0.000000,0.000000
7.654000,2,7.908846,0.641889,0.000000,0.000000,-0.000000,0.000000,0.000000,0.000000,0.000000
7.654000,3,8.183109,2.146932,-0.002583,-0.007623,0.003539,-0.000295,0.000000,0.000000,0.000000
7.662000,1,4.924597,0.865031,0.173881,-0.000632,0.003597,0.000730,0.000000,0.000000,0.000000
7.662000,2,7.908846,0.641889,0.000000,0.000000,-0.000000,0.000000,0.000000,0.000000,0.000000
7.662000,3,8.183048,2.146920,-0.002585,-0.007623,0.003540,-0.000295,0.000000,0.000000,0.000000
7.671000,1,4.924597,0.865031,0.173881,-0.000632,0.003595,0.000730,0.000000,0.000000,0.000000
7.671000,2,7.908846,0.641889,0.000000,0.000000,-0.000000,0.000000,0.000000,0.000000,0.000000
7.671000,3,8.182980,2.146908,-0.002588,-0.007622,0.003537,-0.000295,0.000000,0.000000,0.000000
7.679000,1,4.924597,0.865031,0.173881,-0.000632,0.003595,0.000730,0.000000,0.000000,0.000000
7.679000,2,7.908846,0.641889,0.000000,0.000000,-0.000000,0.000000,0.000000,0.000000,0.000000
7.679000,3,8.182919,2.146896,-0.002590,-0.007622,0.003537,-0.000295,0.000000,0.000000,0.000000
7.687000,1,4.924597,0.865031,0.173881,-0.000632,0.003595,0.000730,0.000000,0.000000,0.000000
7.687000,2,7.908846,0.641889,0.000000,0.000000,-0.000000,0.000000,0.000000,0.000000,0.000000
7.687000,3,8.182858,2.146885,-0.002592,-0.007622,0.003537,-0.000295,0.000000,0.000000,0.000000
7.696000,1,4.924597,0.865031,0.173881,-0.000632,0.003595,0.000730,0.000000,0.000000,0.000000
7.696000,2,7.908846,0.641889,0.000000,0.000000,-0.000000,0.000000,0.000000,0.000000,0.000000
7.696000,3,8.182789,2.146872,-0.002595,-0.007622,0.003537,-0.000295,0.000000,0.000000,0.000000
7.704000,1,4.924597,0.865031,0.173881,-0.000632,0.003595,0.000730,0.000000,0.000000,0.000000
7.704000,2,7.908846,0.641889,0.000000,0.000000,-0.000000,0.000000,0.000000,0.000000,0.000000
7.704000,3,8.182728,2.146860,-0.002597,-0.007622,0.003537,-0.000295,0.000000,0.000000,0.000000
7.712000,1,4.924597,0.865031,0.173881,-0.000632,0.003595,0.000730,0.000000,0.000000,0.000000
7.712000,2,7.908846,0.641889,0.000000,0.000000,-0.000000,0.000000,0.000000,0.000000,0.000000
7.712000,3,8.182667,2.146849,-0.002600,-0.007622,0.003537,-0.000295,0.000000,0.000000,0.000000
7.721000,1,4.924597,0.865031,0.173881,-0.000632,0.003595,0.000730,0.000000,0.000000,0.000000
7.721000,2,7.908846,0.641889,0.000000,0.000000,-0.000000,0.000000,0.000000,0.000000,0.000000
7.721000,3,8.182598,2.146836,-0.002602,-0.007622,0.003537,-0.000295,0.000000,0.000000,0.000000
7.729000,1,4.924597,0.865031,0.173881,-0.000632,0.003596,0.000730,0.000000,0.000000,0.000000
7.729000,2,7.908846,0.641889,0.000000,0.000000,-0.000000,0.000000,0.000000,0.000000,0.000000
7.729000,3,8.182537,2.146825,-0.002605,-0.007622,0.003538,-0.000295,0.000000,0.000000,0.000000
7.737000,1,4.924597,0.865031,0.173881,-0.000632,0.003596,0.000730,0.000000,0.000000,0.000000
7.737000,2,7.908846,0.641889,0.000000,0.000000,-0.000000,0.000000,0.000000,0.000000,0.000000
7.737000,3,8.182476,2.146813,-0.002607,-0.007622,0.003538,-0.000295,0.000000,0.000000,0.000000
7.746000,1,4.924597,0.865031,0.173881,-0.000632,0.003596,0.000730,0.000000,0.000000,0.000000
7.746000,2,7.908846,0.641889,0.000000,0.000000,-0.000000,0.000000,0.000000,0.000000,0.000000
7.746000,3,8.182407,2.146800,-0.002610,-0.007622,0.003538,-0.000295,0.000000,0.000000,0.000000
7.756000,1,4.924597,0.865031,0.173881,-0.000632,0.003596,0.000730,0.000000,0.000000,0.000000
7.756000,2,7.908846,0.641889,0.000000,0.000000,-0.000000,0.000000,0.000000,0.000000,0.000000
7.756000,3,8.182331,2.146786,-0.002613,-0.007623,0.003538,-0.000295,0.000000,0.000000,0.000000
7.762000,1,4.924597,0.865031,0.173881,-0.000632,0.003596,0.000730,0.000000,0.000000,0.000000
7.762000,2,7.908846,0.641889,0.000000,0.000000,-0.000000,0.000000,0.000000,0.000000,0.000000
7.762000,3,8.182285,2.146777,-0.002614,-0.007623,0.003538,-0.000295,0.000000,0.000000,0.000000
7.771000,1,4.924597,0.865031,0.173881,-0.000632,0.003596,0.000730,0.000000,0.000000,0.000000
7.771000,2,7.908846,0.641889,0.000000,0.000000,-0.000000,0.000000,0.000000,0.000000,0.000000
7.771000,3,8.182217,2.146765,-0.002617,-0.007623,0.003538,-0.000295,0.000000,0.000000,0.000000
7.779000,1,4.924597,0.865031,0.173881,-0.000632,0.003596,0.000730,0.000000,0.000000,0.000000
7.779000,2,7.908846,0.641889,0.000000,0.000000,-0.000000,0.000000,0.000000,0.000000,0.000000
7.779000,3,8.182156,2.146753,-0.002619,-0.007623,0.003539,-0.000295,0.000000,0.000000,0.000000
7.787000,1,4.924597,0.865031,0.173881,-0.000632,0.003596,0.000730,0.000000,0.000000,0.000000
7.787000,2,7.908846,0.641889,0.000000,0.000000,-0.000000,0.000000,0.000000,0.000000,0.000000
7.787000,3,8.182095,2.146742,-0.002622,-0.007623,0.003539,-0.000295,0.000000,0.000000,0.000000
7.796000,1,4.924597,0.865031,0.173881,-0.000632,0.003596,0.000730,0.000000,0.000000,0.000000
7.796000,2,7.908846,0.641889,0.000000,0.000000,-0.000000,0.000000,0.000000,0.000000,0.000000
7.796000,3,8.182026,2.146729,-0.002624,-0.007623,0.003539,-0.000295,0.000000,0.000000,0.000000
7.804000,1,4.924597,0.865031,0.173881,-0.000632,0.003596,0.000730,0.000000,0.000000,0.000000
7.804000,2,7.908846,0.641889,0.000000,0.000000,-0.000000,0.000000,0.000000,0.000000,0.000000
7.804000,3,8.181965,2.146717,-0.002627,-0.007623,0.003539,-0.000295,0.000000,0.000000,0.000000
7.812000,1,4.924597,0.865031,0.173881,-0.000632,0.003596,0.000730,0.000000,0.000000,0.000000
7.812000,2,7.908846,0.641889,0.000000,0.000000,-0.000000,0.000000,0.000000,0.000000,0.000000
7.812000,3,8.181904,2.146706,-0.002629,-0.007623,0.003539,-0.000295,0.000000,0.000000,0.000000
7.821000,1,4.924597,0.865031,0.173881,-0.000632,0.003596,0.000730,0.000000,0.000000,0.000000
7.821000,2,7.908846,0.641889,0.000000,0.000000,-0.000000,0.000000,0.000000,0.000000,0.000000
7.821000,3,8.181835,2.146693,-0.002632,-0.007623,0.003539,-0.000295,0.000000,0.000000,0.000000
7.829000,1,4.924597,0.865031,0.173881,-0.000632,0.003596,0.000730,0.000000,0.000000,0.000000
7.829000,2,7.908846,0.641889,0.000000,0.000000,-0.000000,0.000000,0.000000,0.000000,0.000000
7.829000,3,8.181774,2.146682,-0.002634,-0.007623,0.003539,-0.000295,0.000000,0.000000,0.000000
7.838000,1,4.924597,0.865031,0.173881,-0.000632,0.003596,0.000730,0.000000,0.000000,0.000000
7.838000,2,7.908846,0.641889,0.000000,0.000000,-0.000000,0.000000,0.000000,0.000000,0.000000
7.838000,3,8.181705,2.146669,-0.002637,-0.007623,0.003540,-0.000295,0.000000,0.000000,0.000000
7.845000,1,4.924597,0.865031,0.173881,-0.000632,0.003596,0.000730,0.000000,0.000000,0.000000
7.845000,2,7.908846,0.641889,0.000000,0.000000,-0.000000,0.000000,0.000000,0.000000,0.000000
7.845000,3,8.181652,2.146659,-0.002639,-0.007623,0.003540,-0.000295,0.000000,0.000000,0.000000
7.854000,1,4.924597,0.865031,0.173881,-0.000632,0.003597,0.000730,0.000000,0.000000,0.000000
7.854000,2,7.908846,0.641889,0.000000,0.000000,-0.000000,0.000000,0.000000,0.000000,0.000000
7.854000,3,8.181583,2.146646,-0.002641,-0.007623,0.003540,-0.000295,0.000000,0.000000,0.000000
7.863000,1,4.924597,0.865031,0.173881,-0.000632,0.003597,0.000730,0.000000,0.000000,0.000000
7.863000,2,7.908846,0.641889,0.000000,0.000000,-0.000000,0.000000,0.000000,0.000000,0.000000
7.863000,3,8.181515,2.146633,-0.002644,-0.007623,0.003540,-0.000295,0.000000,0.000000,0.000000
7.871000,1,4.924597,0.865031,0.173881,-0.000632,0.003597,0.000730,0.000000,0.000000,0.000000
7.871000,2,7.908846,0.641889,0.000000,0.000000,-0.000000,0.000000,0.000000,0.000000,0.000000
7.871000,3,8.181454,2.146621,-0.002647,-0.007623,0.003540,-0.000295,0.000000,0.000000,0.000000
7.879000,1,4.924597,0.865031,0.173881,-0.000632,0.003597,0.000730,0.000000,0.000000,0.000000
7.879000,2,7.908846,0.641889,0.000000,0.000000,-0.000000,0.000000,0.000000,0.000000,0.000000
7.879000,3,8.181393,2.146610,-0.002649,-0.007623,0.003540,-0.000295,0.000000,0.000000,0.000000
7.887000,1,4.924597,0.865031,0.173881,-0.000632,0.003597,0.000730,0.000000,0.000000,0.000000
7.887000,2,7.908846,0.641889,0.000000,0.000000,-0.000000,0.000000,0.000000,0.000000,0.000000
7.887000,3,8.181332,2.146599,-0.002651,-0.007623,0.003540,-0.000295,0.000000,0.000000,0.000000
7.895000,1,4.924597,0.865031,0.173881,-0.000632,0.003597,0.000730,0.000000,0.000000,0.000000
7.895000,2,7.908846,0.641889,0.000000,0.000000,-0.000000,0.000000,0.000000,0.000000,0.000000
7.895000,3,8.181271,2.146587,-0.002654,-0.007623,0.003541,-0.000295,0.000000,0.000000,0.000000
7.904000,1,4.924597,0.865031,0.173881,-0.000632,0.003596,0.000730,0.000000,0.000000,0.000000
7.904000,2,7.908846,0.641889,0.000000,0.000000,-0.000000,0.000000,0.000000,0.000000,0.000000
7.904000,3,8.181202,2.146574,-0.002656,-0.007623,0.003539,-0.000295,0.000000,0.000000,0.000000
7.912000,1,4.924597,0.865031,0.173881,-0.000632,0.003595,0.000730,0.000000,0.000000,0.000000
7.912000,2,7.908846,0.641889,0.000000,0.000000,-0.000000,0.000000,0.000000,0.000000,0.000000
7.912000,3,8.181141,2.146563,-0.002659,-0.007623,0.003538,-0.000295,0.000000,0.000000,0.000000
7.920000,1,4.924597,0.865031,0.173881,-0.000632,0.003595,0.000730,0.000000,0.000000,0.000000
7.920000,2,7.908846,0.641889,0.000000,0.000000,-0.000000,0.000000,0.000000,0.000000,0.000000
7.920000,3,8.181080,2.146551,-0.002661,-0.007622,0.003538,-0.000295,0.000000,0.000000,0.000000
7.929000,1,4.924597,0.865031,0.173881,-0.000632,0.003595,0.000730,0.000000,0.000000,0.000000
7.929000,2,7.908846,0.641889,0.000000,0.000000,-0.000000,0.000000,0.000000,0.000000,0.000000
7.929000,3,8.181011,2.146538,-0.002664,-0.007623,0.003538,-0.000295,0.000000,0.000000,0.000000
7.937000,1,4.924597,0.865031,0.173881,-0.000632,0.003595,0.000730,0.000000,0.000000,0.000000
7.937000,2,7.908846,0.641889,0.000000,0.000000,-0.000000,0.000000,0.000000,0.000000,0.000000
7.937000,3,8.180950,2.146527,-0.002666,-0.007623,0.003538,-0.000295,0.000000,0.000000,0.000000
7.945000,1,4.924597,0.865031,0.173881,-0.000632,0.003595,0.000730,0.000000,0.000000,0.000000
7.945000,2,7.908846,0.641889,0.000000,0.000000,-0.000000,0.000000,0.000000,0.000000,0.000000
7.945000,3,8.180889,2.146516,-0.002668,-0.007623,0.003538,-0.000295,0.000000,0.000000,0.000000
7.954000,1,4.924597,0.865031,0.173881,-0.000632,0.003595,0.000730,0.000000,0.000000,0.000000
7.954000,2,7.908846,0.641889,0.000000,0.000000,-0.000000,0.000000,0.000000,0.000000,0.000000
7.954000,3,8.180820,2.146503,-0.002671,-0.007623,0.003539,-0.000295,0.000000,0.000000,0.000000
7.962000,1,4.924597,0.865031,0.173881,-0.000632,0.003596,0.000730,0.000000,0.000000,0.000000
7.962000,2,7.908846,0.641889,0.000000,0.000000,-0.000000,0.000000,0.000000,0.000000,0.000000
7.962000,3,8.180759,2.146491,-0.002673,-0.007623,0.003539,-0.000295,0.000000,0.000000,0.000000
7.970000,1,4.924597,0.865031,0.173881,-0.000632,0.003596,0.000730,0.000000,0.000000,0.000000
7.970000,2,7.908846,0.641889,0.000000,0.000000,-0.000000,0.000000,0.000000,0.000000,0.000000
7.970000,3,8.180698,2.146480,-0.002676,-0.007623,0.003539,-0.000295,0.000000,0.000000,0.000000
7.979000,1,4.924597,0.865031,0.173881,-0.000632,0.003596,0.000730,0.000000,0.000000,0.000000
7.979000,2,7.908846,0.641889,0.000000,0.000000,-0.000000,0.000000,0.000000,0.000000,0.000000
7.979000,3,8.180630,2.146467,-0.002678,-0.007623,0.003539,-0.000295,0.000000,0.000000,0.000000
7.987000,1,4.924597,0.865031,0.173881,-0.000632,0.003596,0.000730,0.000000,0.000000,0.000000
7.987000,2,7.908846,0.641889,0.000000,0.000000,-0.000000,0.000000,0.000000,0.000000,0.000000
7.987000,3,8.180569,2.146456,-0.002681,-0.007623,0.003539,-0.000295,0.000000,0.000000,0.000000
7.996000,1,4.924597,0.865031,0.173881,-0.000632,0.003596,0.000730,0.000000,0.000000,0.000000
7.996000,2,7.908846,0.641889,0.000000,0.000000,-0.000000,0.000000,0.000000,0.000000,0.000000
7.996000,3,8.180500,2.146443,-0.002683,-0.007623,0.003539,-0.000295,0.000000,0.000000,0.000000
8.004000,1,4.924597,0.865031,0.173881,-0.000632,0.003596,0.000730,0.000000,0.000000,0.000000
8.004000,2,7.908846,0.641889,0.000000,0.000000,-0.000000,0.000000,0.000000,0.000000,0.000000
8.004000,3,8.180439,2.146431,-0.002686,-0.007623,0.003539,-0.000295,0.000000,0.000000,0.000000
8.012000,1,4.924597,0.865031,0.173881,-0.000632,0.003596,0.000730,0.000000,0.000000,0.000000
8.012000,2,7.908846,0.641889,0.000000,0.000000,-0.000000,0.000000,0.000000,0.000000,0.000000
8.012000,3,8.180378,2.146420,-0.002688,-0.007623,0.003540,-0.000295,0.000000,0.000000,0.000000
8.021000,1,4.924597,0.865031,0.173881,-0.000632,0.003596,0.000730,0.000000,0.000000,0.000000
8.021000,2,7.908846,0.641889,0.000000,0.000000,-0.000000,0.000000,0.000000,0.000000,0.000000
8.021000,3,8.180309,2.146407,-0.002691,-0.007623,0.003540,-0.000295,0.000000,0.000000,0.000000
8.029000,1,4.924597,0.865031,0.173881,-0.000632,0.003596,0.000730,0.000000,0.000000,0.000000
8.029000,2,7.908846,0.641889,0.000000,0.000000,-0.000000,0.000000,0.000000,0.000000,0.000000
8.029000,3,8.180248,2.146395,-0.002693,-0.007623,0.003540,-0.000295,0.000000,0.000000,0.000000
8.038000,1,4.924597,0.865031,0.173881,-0.000632,0.003596,0.000730,0.000000,0.000000,0.000000
8.038000,2,7.908846,0.641889,0.000000,0.000000,-0.000000,0.000000,0.000000,0.000000,0.000000
8.038000,3,8.180180,2.146383,-0.002696,-0.007623,0.003540,-0.000294,0.000000,0.000000,0.000000
8.046000,1,4.924597,0.865031,0.173881,-0.000632,0.003596,0.000730,0.000000,0.000000,0.000000
8.046000,2,7.908846,0.641889,0.000000,0.000000,-0.000000,0.000000,0.000000,0.000000,0.000000
8.046000,3,8.180119,2.146371,-0.002698,-0.007623,0.003540,-0.000294,0.000000,0.000000,0.000000
8.053000,1,4.924597,0.865031,0.173881,-0.000632,0.003596,0.000730,0.000000,0.000000,0.000000
8.053000,2,7.908846,0.641889,0.000000,0.000000,-0.000000,0.000000,0.000000,0.000000,0.000000
8.053000,3,8.180065,2.146361,-0.002700,-0.007623,0.003540,-0.000294,0.000000,0.000000,0.000000
8.062000,1,4.924597,0.865031,0.173881,-0.000632,0.003596,0.000730,0.000000,0.000000,0.000000
8.062000,2,7.908846,0.641889,0.000000,0.000000,-0.000000,0.000000,0.000000,0.000000,0.000000
8.062000,3,8.179996,2.146348,-0.002703,-0.007623,0.003540,-0.000294,0.000000,0.000000,0.000000
8.070000,1,4.924597,0.865031,0.173881,-0.000632,0.003596,0.000730,0.000000,0.000000,0.000000
8.070000,2,7.908846,0.641889,0.000000,0.000000,-0.000000,0.000000,0.000000,0.000000,0.000000
8.070000,3,8.179935,2.146337,-0.002705,-0.007623,0.003541,-0.000294,0.000000,0.000000,0.000000
8.079000,1,4.924597,0.865031,0.173881,-0.000632,0.003596,0.000730,0.000000,0.000000,0.000000
8.079000,2,7.908846,0.641889,0.000000,0.000000,-0.000000,0.000000,0.000000,0.000000,0.000000
8.079000,3,8.179867,2.146324,-0.002708,-0.007623,0.003541,-0.000294,0.000000,0.000000,0.000000
8.087000,1,4.924597,0.865031,0.173881,-0.000632,0.003596,0.000730,0.000000,0.000000,0.000000
8.087000,2,7.908846,0.641889,0.000000,0.000000,-0.000000,0.000000,0.000000,0.000000,0.000000
8.087000,3,8.179806,2.146312,-0.002710,-0.007623,0.003541,-0.000294,0.000000,0.000000,0.000000
8.095000,1,4.924597,0.865031,0.173881,-0.000632,0.003597,0.000730,0.000000,0.000000,0.000000
8.095000,2,7.908846,0.641889,0.000000,0.000000,-0.000000,0.000000,0.000000,0.000000,0.000000
8.095000,3,8.179745,2.146301,-0.002712,-0.007623,0.003541,-0.000294,0.000000,0.000000,0.000000
8.104000,1,4.924597,0.865031,0.173881,-0.000632,0.003597,0.000730,0.000000,0.000000,0.000000
8.104000,2,7.908846,0.641889,0.000000,0.000000,-0.000000,0.000000,0.000000,0.000000,0.000000
8.104000,3,8.179676,2.146288,-0.002715,-0.007623,0.003541,-0.000294,0.000000,0.000000,0.000000
8.113000,1,4.924597,0.865031,0.173881,-0.000632,0.003597,0.000730,0.000000,0.000000,0.000000
8.113000,2,7.908846,0.641889,0.000000,0.000000,-0.000000,0.000000,0.000000,0.000000,0.000000
8.113000,3,8.179607,2.146275,-0.002718,-0.007623,0.003541,-0.000294,0.000000,0.000000,0.000000
8.120000,1,4.924597,0.865031,0.173881,-0.000632,0.003597,0.000730,0.000000,0.000000,0.000000
8.120000,2,7.908846,0.641889,0.000000,0.000000,-0.000000,0.000000,0.000000,0.000000,0.000000
8.120000,3,8.179554,2.146265,-0.002720,-0.007623,0.003541,-0.000294,0.000000,0.000000,0.000000
8.129000,1,4.924597,0.865031,0.173881,-0.000632,0.003597,0.000730,0.000000,0.000000,0.000000
8.129000,2,7.908846,0.641889,0.000000,0.000000,-0.000000,0.000000,0.000000,0.000000,0.000000
8.129000,3,8.179485,2.146252,-0.002722,-0.007623,0.003542,-0.000294,0.000000,0.000000,0.000000
8.137000,1,4.924597,0.865031,0.173881,-0.000632,0.003597,0.000730,0.000000,0.000000,0.000000
8.137000,2,7.908846,0.641889,0.000000,0.000000,-0.000000,0.000000,0.000000,0.000000,0.000000
8.137000,3,8.179424,2.146241,-0.002725,-0.007623,0.003542,-0.000294,0.000000,0.000000,0.000000
8.145000,1,4.924597,0.865031,0.173881,-0.000632,0.003597,0.000730,0.000000,0.000000,0.000000
8.145000,2,7.908846,0.641889,0.000000,0.000000,-0.000000,0.000000,0.000000,0.000000,0.000000
8.145000,3,8.179363,2.146230,-0.002727,-0.007624,0.003542,-0.000294,0.000000,0.000000,0.000000
8.154000,1,4.924597,0.865031,0.173881,-0.000632,0.003595,0.000730,0.000000,0.000000,0.000000
8.154000,2,7.908846,0.641889,0.000000,0.000000,-0.000000,0.000000,0.000000,0.000000,0.000000
8.154000,3,8.179295,2.146217,-0.002730,-0.007623,0.003539,-0.000294,0.000000,0.000000,0.000000
8.162000,1,4.924597,0.865031,0.173881,-0.000632,0.003595,0.000730,0.000000,0.000000,0.000000
8.162000,2,7.908846,0.641889,0.000000,0.000000,-0.000000,0.000000,0.000000,0.000000,0.000000
8.162000,3,8.179234,2.146205,-0.002732,-0.007623,0.003539,-0.000294,0.000000,0.000000,0.000000
8.171000,1,4.924597,0.865031,0.173881,-0.000632,0.003595,0.000730,0.000000,0.000000,0.000000
8.171000,2,7.908846,0.641889,0.000000,0.000000,-0.000000,0.000000,0.000000,0.000000,0.000000
8.171000,3,8.179165,2.146192,-0.002735,-0.007623,0.003539,-0.000294,0.000000,0.000000,0.000000
8.179000,1,4.924597,0.865031,0.173881,-0.000632,0.003595,0.000730,0.000000,0.000000,0.000000
8.179000,2,7.908846,0.641889,0.000000,0.000000,-0.000000,0.000000,0.000000,0.000000,0.000000
8.179000,3,8.179104,2.146181,-0.002737,-0.007623,0.003539,-0.000294,0.000000,0.000000,0.000000
8.188000,1,4.924597,0.865031,0.173881,-0.000632,0.003595,0.000730,0.000000,0.000000,0.000000
8.188000,2,7.908846,0.641889,0.000000,0.000000,-0.000000,0.000000,0.000000,0.000000,0.000000
8.188000,3,8.179035,2.146168,-0.002740,-0.007623,0.003540,-0.000294,0.000000,0.000000,0.000000
8.195000,1,4.924597,0.865031,0.173881,-0.000632,0.003595,0.000730,0.000000,0.000000,0.000000
8.195000,2,7.908846,0.641889,0.000000,0.000000,-0.000000,0.000000,0.000000,0.000000,0.000000
8.195000,3,8.178982,2.146158,-0.002742,-0.007623,0.003540,-0.000294,0.000000,0.000000,0.000000
8.204000,1,4.924597,0.865031,0.173881,-0.000632,0.003596,0.000730,0.000000,0.000000,0.000000
8.204000,2,7.908846,0.641889,0.000000,0.000000,-0.000000,0.000000,0.000000,0.000000,0.000000
8.204000,3,8.178913,2.146145,-0.002745,-0.007623,0.003540,-0.000294,0.000000,0.000000,0.000000
8.212000,1,4.924597,0.865031,0.173881,-0.000632,0.003596,0.000730,0.000000,0.000000,0.000000
8.212000,2,7.908846,0.641889,0.000000,0.000000,-0.000000,0.000000,0.000000,0.000000,0.000000
8.212000,3,8.178852,2.146134,-0.002747,-0.007623,0.003540,-0.000294,0.000000,0.000000,0.000000
8.220000,1,4.924597,0.865031,0.173881,-0.000632,0.003596,0.000730,0.000000,0.000000,0.000000
8.220000,2,7.908846,0.641889,0.000000,0.000000,-0.000000,0.000000,0.000000,0.000000,0.000000
8.220000,3,8.178791,2.146122,-0.002749,-0.007623,0.003540,-0.000294,0.000000,0.000000,0.000000
8.229000,1,4.924597,0.865031,0.173881,-0.000632,0.003596,0.000730,0.000000,0.000000,0.000000
8.229000,2,7.908846,0.641889,0.000000,0.000000,-0.000000,0.000000,0.000000,0.000000,0.000000
8.229000,3,8.178722,2.146109,-0.002752,-0.007623,0.003540,-0.000294,0.000000,0.000000,0.000000
8.237000,1,4.924597,0.865031,0.173881,-0.000632,0.003596,0.000730,0.000000,0.000000,0.000000
8.237000,2,7.908846,0.641889,0.000000,0.000000,-0.000000,0.000000,0.000000,0.000000,0.000000
8.237000,3,8.178661,2.146098,-0.002754,-0.007623,0.003540,-0.000294,0.000000,0.000000,0.000000
8.246000,1,4.924597,0.865031,0.173881,-0.000632,0.003596,0.000730,0.000000,0.000000,0.000000
8.246000,2,7.908846,0.641889,0.000000,0.000000,-0.000000,0.000000,0.000000,0.000000,0.000000
8.246000,3,8.178593,2.146085,-0.002757,-0.007623,0.003541,-0.000294,0.000000,0.000000,0.000000
8.254000,1,4.924597,0.865031,0.173881,-0.000632,0.003596,0.000730,0.000000,0.000000,0.000000
8.254000,2,7.908846,0.641889,0.000000,0.000000,-0.000000,0.000000,0.000000,0.000000,0.000000
8.254000,3,8.178532,2.146074,-0.002759,-0.007623,0.003541,-0.000294,0.000000,0.000000,0.000000
8.262000,1,4.924597,0.865031,0.173881,-0.000632,0.003596,0.000730,0.000000,0.000000,0.000000
8.262000,2,7.908846,0.641889,0.000000,0.000000,-0.000000,0.000000,0.000000,0.000000,0.000000
8.262000,3,8.178471,2.146062,-0.002762,-0.007623,0.003541,-0.000294,0.000000,0.000000,0.000000
8.271000,1,4.924597,0.865031,0.173881,-0.000632,0.003596,0.000730,0.000000,0.000000,0.000000
8.271000,2,7.908846,0.641889,0.000000,0.000000,-0.000000,0.000000,0.000000,0.000000,0.000000
8.271000,3,8.178402,2.146049,-0.002764,-0.007623,0.003541,-0.000294,0.000000,0.000000,0.000000
8.279000,1,4.924597,0.865031,0.173881,-0.000632,0.003596,0.000730,0.000000,0.000000,0.000000
8.279000,2,7.908846,0.641889,0.000000,0.000000,-0.000000,0.000000,0.000000,0.000000,0.000000
8.279000,3,8.178341,2.146038,-0.002767,-0.007623,0.003541,-0.000294,0.000000,0.000000,0.000000
8.288000,1,4.924597,0.865031,0.173881,-0.000632,0.003596,0.000730,0.000000,0.000000,0.000000
8.288000,2,7.908846,0.641889,0.000000,0.000000,-0.000000,0.000000,0.000000,0.000000,0.000000
8.288000,3,8.178272,2.146025,-0.002769,-0.007623,0.003541,-0.000294,0.000000,0.000000,0.000000
8.296000,1,4.924597,0.865031,0.173881,-0.000632,0.003596,0.000730,0.000000,0.000000,0.000000
8.296000,2,7.908846,0.641889,0.000000,0.000000,-0.000000,0.000000,0.000000,0.000000,0.000000
8.296000,3,8.178211,2.146013,-0.002772,-0.007623,0.003541,-0.000294,0.000000,0.000000,0.000000
8.304000,1,4.924597,0.865031,0.173881,-0.000632,0.003596,0.000730,0.000000,0.000000,0.000000
8.304000,2,7.908846,0.641889,0.000000,0.000000,-0.000000,0.000000,0.000000,0.000000,0.000000
8.304000,3,8.178150,2.146002,-0.002774,-0.007623,0.003542,-0.000294,0.000000,0.000000,0.000000
8.313000,1,4.924597,0.865031,0.173881,-0.000632,0.003596,0.000730,0.000000,0.000000,0.000000
8.313000,2,7.908846,0.641889,0.000000,0.000000,-0.000000,0.000000,0.000000,0.000000,0.000000
8.313000,3,8.178082,2.145989,-0.002777,-0.007623,0.003542,-0.000294,0.000000,0.000000,0.000000
8.321000,1,4.924597,0.865031,0.173881,-0.000632,0.003596,0.000730,0.000000,0.000000,0.000000
8.321000,2,7.908846,0.641889,0.000000,0.000000,-0.000000,0.000000,0.000000,0.000000,0.000000
8.321000,3,8.178020,2.145978,-0.002779,-0.007624,0.003542,-0.000294,0.000000,0.000000,0.000000
8.330000,1,4.924597,0.865031,0.173881,-0.000632,0.003597,0.000730,0.000000,0.000000,0.000000
8.330000,2,7.908846,0.641889,0.000000,0.000000,-0.000000,0.000000,0.000000,0.000000,0.000000
8.330000,3,8.177952,2.145965,-0.002782,-0.007624,0.003542,-0.000294,0.000000,0.000000,0.000000
8.338000,1,4.924597,0.865031,0.173881,-0.000632,0.003597,0.000730,0.000000,0.000000,0.000000
8.338000,2,7.908846,0.641889,0.000000,0.000000,-0.000000,0.000000,0.000000,0.000000,0.000000
8.338000,3,8.177891,2.145953,-0.002784,-0.007624,0.003542,-0.000294,0.000000,0.000000,0.000000
8.346000,1,4.924597,0.865031,0.173881,-0.000632,0.003597,0.000730,0.000000,0.000000,0.000000
8.346000,2,7.908846,0.641889,0.000000,0.000000,-0.000000,0.000000,0.000000,0.000000,0.000000
8.346000,3,8.177830,2.145942,-0.002786,-0.007624,0.003542,-0.000294,0.000000,0.000000,0.000000
8.354000,1,4.924597,0.865031,0.173881,-0.000632,0.003597,0.000730,0.000000,0.000000,0.000000
8.354000,2,7.908846,0.641889,0.000000,0.000000,-0.000000,0.000000,0.000000,0.000000,0.000000
8.354000,3,8.177769,2.145931,-0.002789,-0.007624,0.003542,-0.000294,0.000000,0.000000,0.000000
8.363000,1,4.924597,0.865031,0.173881,-0.000632,0.003597,0.000730,0.000000,0.000000,0.000000
8.363000,2,7.908846,0.641889,0.000000,0.000000,-0.000000,0.000000,0.000000,0.000000,0.000000
8.363000,3,8.177700,2.145918,-0.002791,-0.007624,0.003543,-0.000294,0.000000,0.000000,0.000000
8.371000,1,4.924597,0.865031,0.173881,-0.000632,0.003597,0.000730,0.000000,0.000000,0.000000
8.371000,2,7.908846,0.641889,0.000000,0.000000,-0.000000,0.000000,0.000000,0.000000,0.000000
8.371000,3,8.177639,2.145906,-0.002794,-0.007624,0.003543,-0.000294,0.000000,0.000000,0.000000
8.379000,1,4.924597,0.865031,0.173881,-0.000632,0.003597,0.000730,0.000000,0.000000,0.000000
8.379000,2,7.908846,0.641889,0.000000,0.000000,-0.000000,0.000000,0.000000,0.000000,0.000000
8.379000,3,8.177578,2.145895,-0.002796,-0.007624,0.003543,-0.000294,0.000000,0.000000,0.000000
8.388000,1,4.924597,0.865031,0.173881,-0.000632,0.003596,0.000730,0.000000,0.000000,0.000000
8.388000,2,7.908846,0.641889,0.000000,0.000000,-0.000000,0.000000,0.000000,0.000000,0.000000
8.388000,3,8.177509,2.145882,-0.002799,-0.007623,0.003541,-0.000294,0.000000,0.000000,0.000000
8.396000,1,4.924597,0.865031,0.173881,-0.000632,0.003595,0.000730,0.000000,0.000000,0.000000
8.396000,2,7.908846,0.641889,0.000000,0.000000,-0.000000,0.000000,0.000000,0.000000,0.000000
8.396000,3,8.177448,2.145870,-0.002801,-0.007623,0.003540,-0.000294,0.000000,0.000000,0.000000
8.404000,1,4.924597,0.865031,0.173881,-0.000632,0.003595,0.000730,0.000000,0.000000,0.000000
8.404000,2,7.908846,0.641889,0.000000,0.000000,-0.000000,0.000000,0.000000,0.000000,0.000000
8.404000,3,8.177387,2.145859,-0.002803,-0.007623,0.003540,-0.000294,0.000000,0.000000,0.000000
8.412000,1,4.924597,0.865031,0.173881,-0.000632,0.003595,0.000730,0.000000,0.000000,0.000000
8.412000,2,7.908846,0.641889,0.000000,0.000000,-0.000000,0.000000,0.000000,0.000000,0.000000
8.412000,3,8.177326,2.145848,-0.002806,-0.007623,0.003540,-0.000294,0.000000,0.000000,0.000000
8.421000,1,4.924597,0.865031,0.173881,-0.000632,0.003595,0.000730,0.000000,0.000000,0.000000
8.421000,2,7.908846,0.641889,0.000000,0.000000,-0.000000,0.000000,0.000000,0.000000,0.000000
8.421000,3,8.177258,2.145835,-0.002808,-0.007623,0.003541,-0.000294,0.000000,0.000000,0.000000
8.429000,1,4.924597,0.865031,0.173881,-0.000632,0.003595,0.000730,0.000000,0.000000,0.000000
8.429000,2,7.908846,0.641889,0.000000,0.000000,-0.000000,0.000000,0.000000,0.000000,0.000000
8.429000,3,8.177197,2.145823,-0.002811,-0.007623,0.003541,-0.000294,0.000000,0.000000,0.000000
8.437000,1,4.924597,0.865031,0.173881,-0.000632,0.003595,0.000730,0.000000,0.000000,0.000000
8.437000,2,7.908846,0.641889,0.000000,0.000000,-0.000000,0.000000,0.000000,0.000000,0.000000
8.437000,3,8.177135,2.145812,-0.002813,-0.007623,0.003541,-0.000294,0.000000,0.000000,0.000000
8.446000,1,4.924597,0.865031,0.173881,-0.000632,0.003596,0.000730,0.000000,0.000000,0.000000
8.446000,2,7.908846,0.641889,0.000000,0.000000,-0.000000,0.000000,0.000000,0.000000,0.000000
8.446000,3,8.177067,2.145799,-0.002816,-0.007623,0.003541,-0.000294,0.000000,0.000000,0.000000
8.454000,1,4.924597,0.865031,0.173881,-0.000632,0.003596,0.000730,0.000000,0.000000,0.000000
8.454000,2,7.908846,0.641889,0.000000,0.000000,-0.000000,0.000000,0.000000,0.000000,0.000000
8.454000,3,8.177006,2.145787,-0.002818,-0.007623,0.003541,-0.000294,0.000000,0.000000,0.000000
8.463000,1,4.924597,0.865031,0.173881,-0.000632,0.003596,0.000730,0.000000,0.000000,0.000000
8.463000,2,7.908846,0.641889,0.000000,0.000000,-0.000000,0.000000,0.000000,0.000000,0.000000
8.463000,3,8.176937,2.145775,-0.002821,-0.007623,0.003541,-0.000294,0.000000,0.000000,0.000000
8.471000,1,4.924597,0.865031,0.173881,-0.000632,0.003596,0.000730,0.000000,0.000000,0.000000
8.471000,2,7.908846,0.641889,0.000000,0.000000,-0.000000,0.000000,0.000000,0.000000,0.000000
8.471000,3,8.176876,2.145763,-0.002823,-0.007623,0.003541,-0.000294,0.000000,0.000000,0.000000
8.479000,1,4.924597,0.865031,0.173881,-0.000632,0.003596,0.000730,0.000000,0.000000,0.000000
8.479000,2,7.908846,0.641889,0.000000,0.000000,-0.000000,0.000000,0.000000,0.000000,0.000000
8.479000,3,8.176815,2.145752,-0.002825,-0.007623,0.003542,-0.000294,0.000000,0.000000,0.000000
8.488000,1,4.924597,0.865031,0.173881,-0.000632,0.003596,0.000730,0.000000,0.000000,0.000000
8.488000,2,7.908846,0.641889,0.000000,0.000000,-0.000000,0.000000,0.000000,0.000000,0.000000
8.488000,3,8.176746,2.145739,-0.002828,-0.007623,0.003542,-0.000294,0.000000,0.000000,0.000000
8.496000,1,4.924597,0.865031,0.173881,-0.000632,0.003596,0.000730,0.000000,0.000000,0.000000
8.496000,2,7.908846,0.641889,0.000000,0.000000,-0.000000,0.000000,0.000000,0.000000,0.000000
8.496000,3,8.176685,2.145727,-0.002830,-0.007624,0.003542,-0.000294,0.000000,0.000000,0.000000
8.504000,1,4.924597,0.865031,0.173881,-0.000632,0.003596,0.000730,0.000000,0.000000,0.000000
8.504000,2,7.908846,0.641889,0.000000,0.000000,-0.000000,0.000000,0.000000,0.000000,0.000000
8.504000,3,8.176624,2.145716,-0.002833,-0.007624,0.003542,-0.000294,0.000000,0.000000,0.000000
8.512000,1,4.924597,0.865031,0.173881,-0.000632,0.003596,0.000730,0.000000,0.000000,0.000000
8.512000,2,7.908846,0.641889,0.000000,0.000000,-0.000000,0.000000,0.000000,0.000000,0.000000
8.512000,3,8.176563,2.145705,-0.002835,-0.007624,0.003542,-0.000294,0.000000,0.000000,0.000000
8.520000,1,4.924597,0.865031,0.173881,-0.000632,0.003596,0.000730,0.000000,0.000000,0.000000
8.520000,2,7.908846,0.641889,0.000000,0.000000,-0.000000,0.000000,0.000000,0.000000,0.000000
8.520000,3,8.176502,2.145693,-0.002837,-0.007624,0.003542,-0.000294,0.000000,0.000000,0.000000
8.528000,1,4.924597,0.865031,0.173881,-0.000632,0.003596,0.000730,0.000000,0.000000,0.000000
8.528000,2,7.908846,0.641889,0.000000,0.000000,-0.000000,0.000000,0.000000,0.000000,0.000000
8.528000,3,8.176441,2.145682,-0.002840,-0.007624,0.003542,-0.000294,0.000000,0.000000,0.000000
8.537000,1,4.924597,0.865031,0.173881,-0.000632,0.003596,0.000730,0.000000,0.000000,0.000000
8.537000,2,7.908846,0.641889,0.000000,0.000000,-0.000000,0.000000,0.000000,0.000000,0.000000
8.537000,3,8.176373,2.145669,-0.002842,-0.007624,0.003543,-0.000294,0.000000,0.000000,0.000000
8.545000,1,4.924597,0.865031,0.173881,-0.000632,0.003596,0.000730,0.000000,0.000000,0.000000
8.545000,2,7.908846,0.641889,0.000000,0.000000,-0.000000,0.000000,0.000000,0.000000,0.000000
8.545000,3,8.176311,2.145657,-0.002845,-0.007624,0.003543,-0.000294,0.000000,0.000000,0.000000
8.554000,1,4.924597,0.865031,0.173881,-0.000632,0.003596,0.000730,0.000000,0.000000,0.000000
8.554000,2,7.908846,0.641889,0.000000,0.000000,-0.000000,0.000000,0.000000,0.000000,0.000000
8.554000,3,8.176243,2.145644,-0.002847,-0.007624,0.003543,-0.000294,0.000000,0.000000,0.000000
8.562000,1,4.924597,0.865031,0.173881,-0.000632,0.003596,0.000730,0.000000,0.000000,0.000000
8.562000,2,7.908846,0.641889,0.000000,0.000000,-0.000000,0.000000,0.000000,0.000000,0.000000
8.562000,3,8.176182,2.145633,-0.002850,-0.007624,0.003543,-0.000294,0.000000,0.000000,0.000000
8.571000,1,4.924597,0.865031,0.173881,-0.000632,0.003597,0.000730,0.000000,0.000000,0.000000
8.571000,2,7.908846,0.641889,0.000000,0.000000,-0.000000,0.000000,0.000000,0.000000,0.000000
8.571000,3,8.176113,2.145620,-0.002852,-0.007624,0.003543,-0.000294,0.000000,0.000000,0.000000
8.579000,1,4.924597,0.865031,0.173881,-0.000632,0.003597,0.000730,0.000000,0.000000,0.000000
8.579000,2,7.908846,0.641889,0.000000,0.000000,-0.000000,0.000000,0.000000,0.000000,0.000000
8.579000,3,8.176052,2.145609,-0.002855,-0.007624,0.003543,-0.000294,0.000000,0.000000,0.000000
8.588000,1,4.924597,0.865031,0.173881,-0.000632,0.003597,0.000730,0.000000,0.000000,0.000000
8.588000,2,7.908846,0.641889,0.000000,0.000000,-0.000000,0.000000,0.000000,0.000000,0.000000
8.588000,3,8.175983,2.145596,-0.002857,-0.007624,0.003543,-0.000294,0.000000,0.000000,0.000000
8.595000,1,4.924597,0.865031,0.173881,-0.000632,0.003597,0.000730,0.000000,0.000000,0.000000
8.595000,2,7.908846,0.641889,0.000000,0.000000,-0.000000,0.000000,0.000000,0.000000,0.000000
8.595000,3,8.175930,2.145586,-0.002859,-0.007624,0.003544,-0.000293,0.000000,0.000000,0.000000
8.604000,1,4.924597,0.865031,0.173881,-0.000632,0.003597,0.000730,0.000000,0.000000,0.000000
8.604000,2,7.908846,0.641889,0.000000,0.000000,-0.000000,0.000000,0.000000,0.000000,0.000000
8.604000,3,8.175861,2.145573,-0.002862,-0.007624,0.003544,-0.000293,0.000000,0.000000,0.000000
8.612000,1,4.924597,0.865031,0.173881,-0.000632,0.003597,0.000730,0.000000,0.000000,0.000000
8.612000,2,7.908846,0.641889,0.000000,0.000000,-0.000000,0.000000,0.000000,0.000000,0.000000
8.612000,3,8.175800,2.145561,-0.002864,-0.007624,0.003544,-0.000293,0.000000,0.000000,0.000000
8.621000,1,4.924597,0.865031,0.173881,-0.000632,0.003597,0.000730,0.000000,0.000000,0.000000
8.621000,2,7.908846,0.641889,0.000000,0.000000,-0.000000,0.000000,0.000000,0.000000,0.000000
8.621000,3,8.175732,2.145549,-0.002867,-0.007624,0.003544,-0.000293,0.000000,0.000000,0.000000
8.629000,1,4.924597,0.865031,0.173881,-0.000632,0.003597,0.000730,0.000000,0.000000,0.000000
8.629000,2,7.908846,0.641889,0.000000,0.000000,-0.000000,0.000000,0.000000,0.000000,0.000000
8.629000,3,8.175671,2.145537,-0.002869,-0.007624,0.003544,-0.000293,0.000000,0.000000,0.000000
8.638000,1,4.924597,0.865031,0.173881,-0.000632,0.003595,0.000730,0.000000,0.000000,0.000000
8.638000,2,7.908846,0.641889,0.000000,0.000000,-0.000000,0.000000,0.000000,0.000000,0.000000
8.638000,3,8.175602,2.145524,-0.002872,-0.007623,0.003542,-0.000294,0.000000,0.000000,0.000000
8.646000,1,4.924597,0.865031,0.173881,-0.000632,0.003595,0.000730,0.000000,0.000000,0.000000
8.646000,2,7.908846,0.641889,0.000000,0.000000,-0.000000,0.000000,0.000000,0.000000,0.000000
8.646000,3,8.175541,2.145513,-0.002874,-0.007623,0.003541,-0.000294,0.000000,0.000000,0.000000
8.654000,1,4.924597,0.865031,0.173881,-0.000632,0.003595,0.000730,0.000000,0.000000,0.000000
8.654000,2,7.908846,0.641889,0.000000,0.000000,-0.000000,0.000000,0.000000,0.000000,0.000000
8.654000,3,8.175480,2.145501,-0.002877,-0.007623,0.003542,-0.000294,0.000000,0.000000,0.000000
8.662000,1,4.924597,0.865031,0.173881,-0.000632,0.003595,0.000730,0.000000,0.000000,0.000000
8.662000,2,7.908846,0.641889,0.000000,0.000000,-0.000000,0.000000,0.000000,0.000000,0.000000
8.662000,3,8.175419,2.145490,-0.002879,-0.007623,0.003542,-0.000294,0.000000,0.000000,0.000000
8.670000,1,4.924597,0.865031,0.173881,-0.000632,0.003595,0.000730,0.000000,0.000000,0.000000
8.670000,2,7.908846,0.641889,0.000000,0.000000,-0.000000,0.000000,0.000000,0.000000,0.000000
8.670000,3,8.175358,2.145478,-0.002881,-0.007623,0.003542,-0.000294,0.000000,0.000000,0.000000
8.680000,1,4.924597,0.865031,0.173881,-0.000632,0.003595,0.000730,0.000000,0.000000,0.000000
8.680000,2,7.908846,0.641889,0.000000,0.000000,-0.000000,0.000000,0.000000,0.000000,0.000000
8.680000,3,8.175282,2.145464,-0.002884,-0.007624,0.003542,-0.000294,0.000000,0.000000,0.000000
8.687000,1,4.924597,0.865031,0.173881,-0.000632,0.003596,0.000730,0.000000,0.000000,0.000000
8.687000,2,7.908846,0.641889,0.000000,0.000000,-0.000000,0.000000,0.000000,0.000000,0.000000
8.687000,3,8.175228,2.145454,-0.002886,-0.007624,0.003542,-0.000294,0.000000,0.000000,0.000000
8.696000,1,4.924597,0.865031,0.173881,-0.000632,0.003596,0.000730,0.000000,0.000000,0.000000
8.696000,2,7.908846,0.641889,0.000000,0.000000,-0.000000,0.000000,0.000000,0.000000,0.000000
8.696000,3,8.175159,2.145441,-0.002889,-0.007624,0.003542,-0.000294,0.000000,0.000000,0.000000
8.704000,1,4.924597,0.865031,0.173881,-0.000632,0.003596,0.000730,0.000000,0.000000,0.000000
8.704000,2,7.908846,0.641889,0.000000,0.000000,-0.000000,0.000000,0.000000,0.000000,0.000000
8.704000,3,8.175098,2.145430,-0.002891,-0.007624,0.003542,-0.000294,0.000000,0.000000,0.000000
8.712000,1,4.924597,0.865031,0.173881,-0.000632,0.003596,0.000730,0.000000,0.000000,0.000000
8.712000,2,7.908846,0.641889,0.000000,0.000000,-0.000000,0.000000,0.000000,0.000000,0.000000
8.712000,3,8.175037,2.145418,-0.002894,-0.007624,0.003543,-0.000293,0.000000,0.000000,0.000000
8.720000,1,4.924597,0.865031,0.173881,-0.000632,0.003596,0.000730,0.000000,0.000000,0.000000
8.720000,2,7.908846,0.641889,0.000000,0.000000,-0.000000,0.000000,0.000000,0.000000,0.000000
8.720000,3,8.174976,2.145407,-0.002896,-0.007624,0.003543,-0.000293,0.000000,0.000000,0.000000
8.728000,1,4.924597,0.865031,0.173881,-0.000632,0.003596,0.000730,0.000000,0.000000,0.000000
8.728000,2,7.908846,0.641889,0.000000,0.000000,-0.000000,0.000000,0.000000,0.000000,0.000000
8.728000,3,8.174915,2.145396,-0.002898,-0.007624,0.003543,-0.000293,0.000000,0.000000,0.000000
8.737000,1,4.924597,0.865031,0.173881,-0.000632,0.003596,0.000730,0.000000,0.000000,0.000000
8.737000,2,7.908846,0.641889,0.000000,0.000000,-0.000000,0.000000,0.000000,0.000000,0.000000
8.737000,3,8.174847,2.145383,-0.002901,-0.007624,0.003543,-0.000293,0.000000,0.000000,0.000000
8.745000,1,4.924597,0.865031,0.173881,-0.000632,0.003596,0.000730,0.000000,0.000000,0.000000
8.745000,2,7.908846,0.641889,0.000000,0.000000,-0.000000,0.000000,0.000000,0.000000,0.000000
8.745000,3,8.174786,2.145371,-0.002903,-0.007624,0.003543,-0.000293,0.000000,0.000000,0.000000
8.753000,1,4.924597,0.865031,0.173881,-0.000632,0.003596,0.000730,0.000000,0.000000,0.000000
8.753000,2,7.908846,0.641889,0.000000,0.000000,-0.000000,0.000000,0.000000,0.000000,0.000000
8.753000,3,8.174725,2.145360,-0.002906,-0.007624,0.003543,-0.000293,0.000000,0.000000,0.000000
8.762000,1,4.924597,0.865031,0.173881,-0.000632,0.003596,0.000730,0.000000,0.000000,0.000000
8.762000,2,7.908846,0.641889,0.000000,0.000000,-0.000000,0.000000,0.000000,0.000000,0.000000
8.762000,3,8.174656,2.145347,-0.002908,-0.007624,0.003543,-0.000293,0.000000,0.000000,0.000000
8.770000,1,4.924597,0.865031,0.173881,-0.000632,0.003596,0.000730,0.000000,0.000000,0.000000
8.770000,2,7.908846,0.641889,0.000000,0.000000,-0.000000,0.000000,0.000000,0.000000,0.000000
8.770000,3,8.174595,2.145335,-0.002911,-0.007624,0.003544,-0.000293,0.000000,0.000000,0.000000
8.779000,1,4.924597,0.865031,0.173881,-0.000632,0.003596,0.000730,0.000000,0.000000,0.000000
8.779000,2,7.908846,0.641889,0.000000,0.000000,-0.000000,0.000000,0.000000,0.000000,0.000000
8.779000,3,8.174526,2.145323,-0.002913,-0.007624,0.003544,-0.000293,0.000000,0.000000,0.000000
8.787000,1,4.924597,0.865031,0.173881,-0.000632,0.003596,0.000730,0.000000,0.000000,0.000000
8.787000,2,7.908846,0.641889,0.000000,0.000000,-0.000000,0.000000,0.000000,0.000000,0.000000
8.787000,3,8.174465,2.145311,-0.002916,-0.007624,0.003544,-0.000293,0.000000,0.000000,0.000000
8.795000,1,4.924597,0.865031,0.173881,-0.000632,0.003596,0.000730,0.000000,0.000000,0.000000
8.795000,2,7.908846,0.641889,0.000000,0.000000,-0.000000,0.000000,0.000000,0.000000,0.000000
8.795000,3,8.174404,2.145300,-0.002918,-0.007624,0.003544,-0.000293,0.000000,0.000000,0.000000
8.805000,1,4.924597,0.865031,0.173881,-0.000632,0.003596,0.000730,0.000000,0.000000,0.000000
8.805000,2,7.908846,0.641889,0.000000,0.000000,-0.000000,0.000000,0.000000,0.000000,0.000000
8.805000,3,8.174328,2.145285,-0.002921,-0.007624,0.003544,-0.000293,0.000000,0.000000,0.000000
8.812000,1,4.924597,0.865031,0.173881,-0.000632,0.003597,0.000730,0.000000,0.000000,0.000000
8.812000,2,7.908846,0.641889,0.000000,0.000000,-0.000000,0.000000,0.000000,0.000000,0.000000
8.812000,3,8.174274,2.145275,-0.002923,-0.007624,0.003544,-0.000293,0.000000,0.000000,0.000000
8.821000,1,4.924597,0.865031,0.173881,-0.000632,0.003597,0.000730,0.000000,0.000000,0.000000
8.821000,2,7.908846,0.641889,0.000000,0.000000,-0.000000,0.000000,0.000000,0.000000,0.000000
8.821000,3,8.174206,2.145262,-0.002926,-0.007624,0.003544,-0.000293,0.000000,0.000000,0.000000
8.829000,1,4.924597,0.865031,0.173881,-0.000632,0.003597,0.000730,0.000000,0.000000,0.000000
8.829000,2,7.908846,0.641889,0.000000,0.000000,-0.000000,0.000000,0.000000,0.000000,0.000000
8.829000,3,8.174145,2.145251,-0.002928,-0.007624,0.003545,-0.000293,0.000000,0.000000,0.000000
8.837000,1,4.924597,0.865031,0.173881,-0.000632,0.003597,0.000730,0.000000,0.000000,0.000000
8.837000,2,7.908846,0.641889,0.000000,0.000000,-0.000000,0.000000,0.000000,0.000000,0.000000
8.837000,3,8.174084,2.145240,-0.002930,-0.007624,0.003545,-0.000293,0.000000,0.000000,0.000000
8.845000,1,4.924597,0.865031,0.173881,-0.000632,0.003597,0.000730,0.000000,0.000000,0.000000
8.845000,2,7.908846,0.641889,0.000000,0.000000,-0.000000,0.000000,0.000000,0.000000,0.000000
8.845000,3,8.174023,2.145228,-0.002933,-0.007624,0.003545,-0.000293,0.000000,0.000000,0.000000
8.854000,1,4.924597,0.865031,0.173881,-0.000632,0.003597,0.000730,0.000000,0.000000,0.000000
8.854000,2,7.908846,0.641889,0.000000,0.000000,-0.000000,0.000000,0.000000,0.000000,0.000000
8.854000,3,8.173954,2.145215,-0.002935,-0.007624,0.003545,-0.000293,0.000000,0.000000,0.000000
8.862000,1,4.924597,0.865031,0.173881,-0.000632,0.003597,0.000730,0.000000,0.000000,0.000000
8.862000,2,7.908846,0.641889,0.000000,0.000000,-0.000000,0.000000,0.000000,0.000000,0.000000
8.862000,3,8.173893,2.145204,-0.002938,-0.007624,0.003545,-0.000293,0.000000,0.000000,0.000000
8.873000,1,4.924597,0.865031,0.173881,-0.000632,0.003596,0.000730,0.000000,0.000000,0.000000
8.873000,2,7.908846,0.641889,0.000000,0.000000,-0.000000,0.000000,0.000000,0.000000,0.000000
8.873000,3,8.173809,2.145188,-0.002941,-0.007624,0.003543,-0.000293,0.000000,0.000000,0.000000
8.879000,1,4.924597,0.865031,0.173881,-0.000632,0.003595,0.000730,0.000000,0.000000,0.000000
8.879000,2,7.908846,0.641889,0.000000,0.000000,-0.000000,0.000000,0.000000,0.000000,0.000000
8.879000,3,8.173763,2.145180,-0.002943,-0.007624,0.003543,-0.000293,0.000000,0.000000,0.000000
8.887000,1,4.924597,0.865031,0.173881,-0.000632,0.003595,0.000730,0.000000,0.000000,0.000000
8.887000,2,7.908846,0.641889,0.000000,0.000000,-0.000000,0.000000,0.000000,0.000000,0.000000
8.887000,3,8.173702,2.145168,-0.002945,-0.007624,0.003543,-0.000293,0.000000,0.000000,0.000000
8.896000,1,4.924597,0.865031,0.173881,-0.000632,0.003595,0.000730,0.000000,0.000000,0.000000
8.896000,2,7.908846,0.641889,0.000000,0.000000,-0.000000,0.000000,0.000000,0.000000,0.000000
8.896000,3,8.173634,2.145155,-0.002948,-0.007624,0.003543,-0.000293,0.000000,0.000000,0.000000
8.904000,1,4.924597,0.865031,0.173881,-0.000632,0.003595,0.000730,0.000000,0.000000,0.000000
8.904000,2,7.908846,0.641889,0.000000,0.000000,-0.000000,0.000000,0.000000,0.000000,0.000000
8.904000,3,8.173573,2.145144,-0.002950,-0.007624,0.003543,-0.000293,0.000000,0.000000,0.000000
8.913000,1,4.924597,0.865031,0.173881,-0.000632,0.003595,0.000730,0.000000,0.000000,0.000000
8.913000,2,7.908846,0.641889,0.000000,0.000000,-0.000000,0.000000,0.000000,0.000000,0.000000
8.913000,3,8.173504,2.145131,-0.002953,-0.007624,0.003543,-0.000293,0.000000,0.000000,0.000000
8.920000,1,4.924597,0.865031,0.173881,-0.000632,0.003596,0.000730,0.000000,0.000000,0.000000
8.920000,2,7.908846,0.641889,0.000000,0.000000,-0.000000,0.000000,0.000000,0.000000,0.000000
8.920000,3,8.173450,2.145121,-0.002955,-0.007624,0.003543,-0.000293,0.000000,0.000000,0.000000
8.929000,1,4.924597,0.865031,0.173881,-0.000632,0.003596,0.000730,0.000000,0.000000,0.000000
8.929000,2,7.908846,0.641889,0.000000,0.000000,-0.000000,0.000000,0.000000,0.000000,0.000000
8.929000,3,8.173382,2.145108,-0.002957,-0.007624,0.003543,-0.000293,0.000000,0.000000,0.000000
8.937000,1,4.924597,0.865031,0.173881,-0.000632,0.003596,0.000730,0.000000,0.000000,0.000000
8.937000,2,7.908846,0.641889,0.000000,0.000000,-0.000000,0.000000,0.000000,0.000000,0.000000
8.937000,3,8.173321,2.145097,-0.002960,-0.007624,0.003543,-0.000293,0.000000,0.000000,0.000000
8.945000,1,4.924597,0.865031,0.173881,-0.000632,0.003596,0.000730,0.000000,0.000000,0.000000
8.945000,2,7.908846,0.641889,0.000000,0.000000,-0.000000,0.000000,0.000000,0.000000,0.000000
8.945000,3,8.173260,2.145085,-0.002962,-0.007624,0.003544,-0.000293,0.000000,0.000000,0.000000
8.954000,1,4.924597,0.865031,0.173881,-0.000632,0.003596,0.000730,0.000000,0.000000,0.000000
8.954000,2,7.908846,0.641889,0.000000,0.000000,-0.000000,0.000000,0.000000,0.000000,0.000000
8.954000,3,8.173191,2.145072,-0.002965,-0.007624,0.003544,-0.000293,0.000000,0.000000,0.000000
8.962000,1,4.924597,0.865031,0.173881,-0.000632,0.003596,0.000730,0.000000,0.000000,0.000000
8.962000,2,7.908846,0.641889,0.000000,0.000000,-0.000000,0.000000,0.000000,0.000000,0.000000
8.962000,3,8.173130,2.145061,-0.002967,-0.007624,0.003544,-0.000293,0.000000,0.000000,0.000000
8.970000,1,4.924597,0.865031,0.173881,-0.000632,0.003596,0.000730,0.000000,0.000000,0.000000
8.970000,2,7.908846,0.641889,0.000000,0.000000,-0.000000,0.000000,0.000000,0.000000,0.000000
8.970000,3,8.173069,2.145049,-0.002969,-0.007624,0.003544,-0.000293,0.000000,0.000000,0.000000
8.979000,1,4.924597,0.865031,0.173881,-0.000632,0.003596,0.000730,0.000000,0.000000,0.000000
8.979000,2,7.908846,0.641889,0.000000,0.000000,-0.000000,0.000000,0.000000,0.000000,0.000000
8.979000,3,8.173000,2.145036,-0.002972,-0.007624,0.003544,-0.000293,0.000000,0.000000,0.000000
8.987000,1,4.924597,0.865031,0.173881,-0.000632,0.003596,0.000730,0.000000,0.000000,0.000000
8.987000,2,7.908846,0.641889,0.000000,0.000000,-0.000000,0.000000,0.000000,0.000000,0.000000
8.987000,3,8.172939,2.145025,-0.002974,-0.007624,0.003544,-0.000293,0.000000,0.000000,0.000000
8.996000,1,4.924597,0.865031,0.173881,-0.000632,0.003596,0.000730,0.000000,0.000000,0.000000
8.996000,2,7.908846,0.641889,0.000000,0.000000,-0.000000,0.000000,0.000000,0.000000,0.000000
8.996000,3,8.172871,2.145012,-0.002977,-0.007624,0.003544,-0.000293,0.000000,0.000000,0.000000
9.004000,1,4.924597,0.865031,0.173881,-0.000632,0.003596,0.000730,0.000000,0.000000,0.000000
9.004000,2,7.908846,0.641889,0.000000,0.000000,-0.000000,0.000000,0.000000,0.000000,0.000000
9.004000,3,8.172810,2.145001,-0.002979,-0.007624,0.003545,-0.000293,0.000000,0.000000,0.000000
9.012000,1,4.924597,0.865031,0.173881,-0.000632,0.003596,0.000730,0.000000,0.000000,0.000000
9.012000,2,7.908846,0.641889,0.000000,0.000000,-0.000000,0.000000,0.000000,0.000000,0.000000
9.012000,3,8.172749,2.144989,-0.002982,-0.007624,0.003545,-0.000293,0.000000,0.000000,0.000000
9.021000,1,4.924597,0.865031,0.173881,-0.000632,0.003596,0.000730,0.000000,0.000000,0.000000
9.021000,2,7.908846,0.641889,0.000000,0.000000,-0.000000,0.000000,0.000000,0.000000,0.000000
9.021000,3,8.172680,2.144976,-0.002984,-0.007624,0.003545,-0.000293,0.000000,0.000000,0.000000
9.029000,1,4.924597,0.865031,0.173881,-0.000632,0.003596,0.000730,0.000000,0.000000,0.000000
9.029000,2,7.908846,0.641889,0.000000,0.000000,-0.000000,0.000000,0.000000,0.000000,0.000000
9.029000,3,8.172619,2.144965,-0.002987,-0.007624,0.003545,-0.000293,0.000000,0.000000,0.000000
9.037000,1,4.924597,0.865031,0.173881,-0.000632,0.003596,0.000730,0.000000,0.000000,0.000000
9.037000,2,7.908846,0.641889,0.000000,0.000000,-0.000000,0.000000,0.000000,0.000000,0.000000
9.037000,3,8.172558,2.144953,-0.002989,-0.007624,0.003545,-0.000293,0.000000,0.000000,0.000000
9.045000,1,4.924597,0.865031,0.173881,-0.000632,0.003596,0.000730,0.000000,0.000000,0.000000
9.045000,2,7.908846,0.641889,0.000000,0.000000,-0.000000,0.000000,0.000000,0.000000,0.000000
9.045000,3,8.172497,2.144942,-0.002991,-0.007624,0.003545,-0.000293,0.000000,0.000000,0.000000
9.054000,1,4.924597,0.865031,0.173881,-0.000632,0.003597,0.000730,0.000000,0.000000,0.000000
9.054000,2,7.908846,0.641889,0.000000,0.000000,-0.000000,0.000000,0.000000,0.000000,0.000000
9.054000,3,8.172428,2.144929,-0.002994,-0.007624,0.003545,-0.000293,0.000000,0.000000,0.000000
9.062000,1,4.924597,0.865031,0.173881,-0.000632,0.003597,0.000730,0.000000,0.000000,0.000000
9.062000,2,7.908846,0.641889,0.000000,0.000000,-0.000000,0.000000,0.000000,0.000000,0.000000
9.062000,3,8.172367,2.144918,-0.002996,-0.007624,0.003546,-0.000293,0.000000,0.000000,0.000000
9.070000,1,4.924597,0.865031,0.173881,-0.000632,0.003597,0.000730,0.000000,0.000000,0.000000
9.070000,2,7.908846,0.641889,0.000000,0.000000,-0.000000,0.000000,0.000000,0.000000,0.000000
9.070000,3,8.172306,2.144906,-0.002999,-0.007625,0.003546,-0.000293,0.000000,0.000000,0.000000
9.079000,1,4.924597,0.865031,0.173881,-0.000632,0.003597,0.000730,0.000000,0.000000,0.000000
9.079000,2,7.908846,0.641889,0.000000,0.000000,-0.000000,0.000000,0.000000,0.000000,0.000000
9.079000,3,8.172237,2.144893,-0.003001,-0.007625,0.003546,-0.000293,0.000000,0.000000,0.000000
9.087000,1,4.924597,0.865031,0.173881,-0.000632,0.003597,0.000730,0.000000,0.000000,0.000000
9.087000,2,7.908846,0.641889,0.000000,0.000000,-0.000000,0.000000,0.000000,0.000000,0.000000
9.087000,3,8.172176,2.144882,-0.003004,-0.007625,0.003546,-0.000293,0.000000,0.000000,0.000000
9.096000,1,4.924597,0.865031,0.173881,-0.000632,0.003597,0.000730,0.000000,0.000000,0.000000
9.096000,2,7.908846,0.641889,0.000000,0.000000,-0.000000,0.000000,0.000000,0.000000,0.000000
9.096000,3,8.172108,2.144869,-0.003006,-0.007625,0.003546,-0.000293,0.000000,0.000000,0.000000
9.103000,1,4.924597,0.865031,0.173881,-0.000632,0.003597,0.000730,0.000000,0.000000,0.000000
9.103000,2,7.908846,0.641889,0.000000,0.000000,-0.000000,0.000000,0.000000,0.000000,0.000000
9.103000,3,8.172054,2.144859,-0.003008,-0.007625,0.003546,-0.000293,0.000000,0.000000,0.000000
9.113000,1,4.924597,0.865032,0.173881,-0.000632,0.003596,0.000730,0.000000,0.000000,0.000000
9.113000,2,7.908846,0.641889,0.000000,0.000000,-0.000000,0.000000,0.000000,0.000000,0.000000
9.113000,3,8.171978,2.144845,-0.003011,-0.007624,0.003545,-0.000293,0.000000,0.000000,0.000000
9.120000,1,4.924597,0.865032,0.173881,-0.000632,0.003595,0.000730,0.000000,0.000000,0.000000
9.120000,2,7.908846,0.641889,0.000000,0.000000,-0.000000,0.000000,0.000000,0.000000,0.000000
9.120000,3,8.171925,2.144835,-0.003013,-0.007624,0.003544,-0.000293,0.000000,0.000000,0.000000
9.129000,1,4.924597,0.865032,0.173881,-0.000632,0.003595,0.000730,0.000000,0.000000,0.000000
9.129000,2,7.908846,0.641889,0.000000,0.000000,-0.000000,0.000000,0.000000,0.000000,0.000000
9.129000,3,8.171856,2.144822,-0.003016,-0.007624,0.003544,-0.000293,0.000000,0.000000,0.000000
9.137000,1,4.924597,0.865032,0.173881,-0.000632,0.003595,0.000730,0.000000,0.000000,0.000000
9.137000,2,7.908846,0.641889,0.000000,0.000000,-0.000000,0.000000,0.000000,0.000000,0.000000
9.137000,3,8.171795,2.144810,-0.003018,-0.007624,0.003544,-0.000293,0.000000,0.000000,0.000000
9.145000,1,4.924597,0.865032,0.173881,-0.000632,0.003595,0.000730,0.000000,0.000000,0.000000
9.145000,2,7.908846,0.641889,0.000000,0.000000,-0.000000,0.000000,0.000000,0.000000,0.000000
9.145000,3,8.171734,2.144799,-0.003021,-0.007624,0.003544,-0.000293,0.000000,0.000000,0.000000
9.154000,1,4.924597,0.865032,0.173881,-0.000632,0.003595,0.000730,0.000000,0.000000,0.000000
9.154000,2,7.908846,0.641889,0.000000,0.000000,-0.000000,0.000000,0.000000,0.000000,0.000000
9.154000,3,8.171665,2.144786,-0.003023,-0.007624,0.003544,-0.000293,0.000000,0.000000,0.000000
9.163000,1,4.924597,0.865032,0.173881,-0.000632,0.003596,0.000730,0.000000,0.000000,0.000000
9.163000,2,7.908846,0.641889,0.000000,0.000000,-0.000000,0.000000,0.000000,0.000000,0.000000
9.163000,3,8.171597,2.144773,-0.003026,-0.007624,0.003544,-0.000293,0.000000,0.000000,0.000000
9.171000,1,4.924597,0.865032,0.173881,-0.000632,0.003596,0.000730,0.000000,0.000000,0.000000
9.171000,2,7.908846,0.641889,0.000000,0.000000,-0.000000,0.000000,0.000000,0.000000,0.000000
9.171000,3,8.171535,2.144762,-0.003028,-0.007624,0.003544,-0.000293,0.000000,0.000000,0.000000
9.179000,1,4.924597,0.865032,0.173881,-0.000632,0.003596,0.000730,0.000000,0.000000,0.000000
9.179000,2,7.908846,0.641889,0.000000,0.000000,-0.000000,0.000000,0.000000,0.000000,0.000000
9.179000,3,8.171474,2.144750,-0.003031,-0.007624,0.003545,-0.000293,0.000000,0.000000,0.000000
9.187000,1,4.924597,0.865032,0.173881,-0.000632,0.003596,0.000730,0.000000,0.000000,0.000000
9.187000,2,7.908846,0.641889,0.000000,0.000000,-0.000000,0.000000,0.000000,0.000000,0.000000
9.187000,3,8.171413,2.144739,-0.003033,-0.007624,0.003545,-0.000293,0.000000,0.000000,0.000000
9.196000,1,4.924597,0.865032,0.173881,-0.000632,0.003596,0.000730,0.000000,0.000000,0.000000
9.196000,2,7.908846,0.641889,0.000000,0.000000,-0.000000,0.000000,0.000000,0.000000,0.000000
9.196000,3,8.171345,2.144726,-0.003036,-0.007624,0.003545,-0.000293,0.000000,0.000000,0.000000
9.204000,1,4.924597,0.865032,0.173881,-0.000632,0.003596,0.000730,0.000000,0.000000,0.000000
9.204000,2,7.908846,0.641889,0.000000,0.000000,-0.000000,0.000000,0.000000,0.000000,0.000000
9.204000,3,8.171284,2.144715,-0.003038,-0.007624,0.003545,-0.000293,0.000000,0.000000,0.000000
9.212000,1,4.924597,0.865032,0.173881,-0.000632,0.003596,0.000730,0.000000,0.000000,0.000000
9.212000,2,7.908846,0.641889,0.000000,0.000000,-0.000000,0.000000,0.000000,0.000000,0.000000
9.212000,3,8.171223,2.144703,-0.003040,-0.007624,0.003545,-0.000293,0.000000,0.000000,0.000000
9.220000,1,4.924597,0.865032,0.173881,-0.000632,0.003596,0.000730,0.000000,0.000000,0.000000
9.220000,2,7.908846,0.641889,0.000000,0.000000,-0.000000,0.000000,0.000000,0.000000,0.000000
9.220000,3,8.171162,2.144692,-0.003043,-0.007624,0.003545,-0.000293,0.000000,0.000000,0.000000
9.229000,1,4.924597,0.865032,0.173881,-0.000632,0.003596,0.000730,0.000000,0.000000,0.000000
9.229000,2,7.908846,0.641889,0.000000,0.000000,-0.000000,0.000000,0.000000,0.000000,0.000000
9.229000,3,8.171093,2.144679,-0.003045,-0.007624,0.003545,-0.000293,0.000000,0.000000,0.000000
9.237000,1,4.924597,0.865032,0.173881,-0.000632,0.003596,0.000730,0.000000,0.000000,0.000000
9.237000,2,7.908846,0.641889,0.000000,0.000000,-0.000000,0.000000,0.000000,0.000000,0.000000
9.237000,3,8.171032,2.144667,-0.003048,-0.007624,0.003546,-0.000293,0.000000,0.000000,0.000000
9.246000,1,4.924597,0.865032,0.173881,-0.000632,0.003596,0.000730,0.000000,0.000000,0.000000
9.246000,2,7.908846,0.641889,0.000000,0.000000,-0.000000,0.000000,0.000000,0.000000,0.000000
9.246000,3,8.170963,2.144655,-0.003050,-0.007625,0.003546,-0.000293,0.000000,0.000000,0.000000
9.254000,1,4.924597,0.865032,0.173881,-0.000632,0.003596,0.000730,0.000000,0.000000,0.000000
9.254000,2,7.908846,0.641889,0.000000,0.000000,-0.000000,0.000000,0.000000,0.000000,0.000000
9.254000,3,8.170902,2.144643,-0.003053,-0.007625,0.003546,-0.000293,0.000000,0.000000,0.000000
9.262000,1,4.924597,0.865032,0.173881,-0.000632,0.003596,0.000730,0.000000,0.000000,0.000000
9.262000,2,7.908846,0.641889,0.000000,0.000000,-0.000000,0.000000,0.000000,0.000000,0.000000
9.262000,3,8.170841,2.144632,-0.003055,-0.007625,0.003546,-0.000293,0.000000,0.000000,0.000000
9.271000,1,4.924597,0.865032,0.173881,-0.000632,0.003596,0.000730,0.000000,0.000000,0.000000
9.271000,2,7.908846,0.641889,0.000000,0.000000,-0.000000,0.000000,0.000000,0.000000,0.000000
9.271000,3,8.170773,2.144619,-0.003058,-0.007625,0.003546,-0.000292,0.000000,0.000000,0.000000
9.279000,1,4.924597,0.865032,0.173881,-0.000632,0.003596,0.000730,0.000000,0.000000,0.000000
9.279000,2,7.908846,0.641889,0.000000,0.000000,-0.000000,0.000000,0.000000,0.000000,0.000000
9.279000,3,8.170712,2.144607,-0.003060,-0.007625,0.003546,-0.000292,0.000000,0.000000,0.000000
9.287000,1,4.924597,0.865032,0.173881,-0.000632,0.003597,0.000730,0.000000,0.000000,0.000000
9.287000,2,7.908846,0.641889,0.000000,0.000000,-0.000000,0.000000,0.000000,0.000000,0.000000
9.287000,3,8.170650,2.144596,-0.003062,-0.007625,0.003546,-0.000292,0.000000,0.000000,0.000000
9.295000,1,4.924597,0.865032,0.173881,-0.000632,0.003597,0.000730,0.000000,0.000000,0.000000
9.295000,2,7.908846,0.641889,0.000000,0.000000,-0.000000,0.000000,0.000000,0.000000,0.000000
9.295000,3,8.170589,2.144584,-0.003065,-0.007625,0.003547,-0.000292,0.000000,0.000000,0.000000
9.304000,1,4.924597,0.865032,0.173881,-0.000632,0.003597,0.000730,0.000000,0.000000,0.000000
9.304000,2,7.908846,0.641889,0.000000,0.000000,-0.000000,0.000000,0.000000,0.000000,0.000000
9.304000,3,8.170521,2.144572,-0.003067,-0.007625,0.003547,-0.000292,0.000000,0.000000,0.000000
9.313000,1,4.924597,0.865032,0.173881,-0.000632,0.003597,0.000730,0.000000,0.000000,0.000000
9.313000,2,7.908846,0.641889,0.000000,0.000000,-0.000000,0.000000,0.000000,0.000000,0.000000
9.313000,3,8.170452,2.144559,-0.003070,-0.007625,0.003547,-0.000292,0.000000,0.000000,0.000000
9.320000,1,4.924597,0.865032,0.173881,-0.000632,0.003597,0.000730,0.000000,0.000000,0.000000
9.320000,2,7.908846,0.641889,0.000000,0.000000,-0.000000,0.000000,0.000000,0.000000,0.000000
9.320000,3,8.170399,2.144549,-0.003072,-0.007625,0.003547,-0.000292,0.000000,0.000000,0.000000
9.330000,1,4.924597,0.865032,0.173881,-0.000632,0.003597,0.000730,0.000000,0.000000,0.000000
9.330000,2,7.908846,0.641889,0.000000,0.000000,-0.000000,0.000000,0.000000,0.000000,0.000000
9.330000,3,8.170322,2.144534,-0.003075,-0.007625,0.003547,-0.000292,0.000000,0.000000,0.000000
9.338000,1,4.924597,0.865032,0.173881,-0.000632,0.003597,0.000730,0.000000,0.000000,0.000000
9.338000,2,7.908846,0.641889,0.000000,0.000000,-0.000000,0.000000,0.000000,0.000000,0.000000
9.338000,3,8.170261,2.144523,-0.003077,-0.007625,0.003547,-0.000292,0.000000,0.000000,0.000000
9.346000,1,4.924597,0.865032,0.173881,-0.000632,0.003597,0.000730,0.000000,0.000000,0.000000
9.346000,2,7.908846,0.641889,0.000000,0.000000,-0.000000,0.000000,0.000000,0.000000,0.000000
9.346000,3,8.170200,2.144511,-0.003079,-0.007625,0.003548,-0.000292,0.000000,0.000000,0.000000
9.354000,1,4.924597,0.865032,0.173881,-0.000632,0.003596,0.000730,0.000000,0.000000,0.000000
9.354000,2,7.908846,0.641889,0.000000,0.000000,-0.000000,0.000000,0.000000,0.000000,0.000000
9.354000,3,8.170139,2.144500,-0.003082,-0.007625,0.003546,-0.000292,0.000000,0.000000,0.000000
9.362000,1,4.924597,0.865032,0.173881,-0.000632,0.003595,0.000730,0.000000,0.000000,0.000000
9.362000,2,7.908846,0.641889,0.000000,0.000000,-0.000000,0.000000,0.000000,0.000000,0.000000
9.362000,3,8.170078,2.144489,-0.003084,-0.007624,0.003545,-0.000293,0.000000,0.000000,0.000000
9.371000,1,4.924597,0.865032,0.173881,-0.000632,0.003595,0.000730,0.000000,0.000000,0.000000
9.371000,2,7.908846,0.641889,0.000000,0.000000,-0.000000,0.000000,0.000000,0.000000,0.000000
9.371000,3,8.170010,2.144476,-0.003087,-0.007624,0.003545,-0.000293,0.000000,0.000000,0.000000
9.379000,1,4.924597,0.865032,0.173881,-0.000632,0.003595,0.000730,0.000000,0.000000,0.000000
9.379000,2,7.908846,0.641889,0.000000,0.000000,-0.000000,0.000000,0.000000,0.000000,0.000000
9.379000,3,8.169949,2.144464,-0.003089,-0.007624,0.003545,-0.000293,0.000000,0.000000,0.000000
9.387000,1,4.924597,0.865032,0.173881,-0.000632,0.003595,0.000730,0.000000,0.000000,0.000000
9.387000,2,7.908846,0.641889,0.000000,0.000000,-0.000000,0.000000,0.000000,0.000000,0.000000
9.387000,3,8.169888,2.144453,-0.003091,-0.007624,0.003545,-0.000292,0.000000,0.000000,0.000000
9.395000,1,4.924597,0.865032,0.173881,-0.000632,0.003595,0.000730,0.000000,0.000000,0.000000
9.395000,2,7.908846,0.641889,0.000000,0.000000,-0.000000,0.000000,0.000000,0.000000,0.000000
9.395000,3,8.169827,2.144441,-0.003094,-0.007624,0.003545,-0.000292,0.000000,0.000000,0.000000
9.404000,1,4.924597,0.865032,0.173881,-0.000632,0.003596,0.000730,0.000000,0.000000,0.000000
9.404000,2,7.908846,0.641889,0.000000,0.000000,-0.000000,0.000000,0.000000,0.000000,0.000000
9.404000,3,8.169758,2.144428,-0.003096,-0.007624,0.003545,-0.000292,0.000000,0.000000,0.000000
9.412000,1,4.924597,0.865032,0.173881,-0.000632,0.003596,0.000730,0.000000,0.000000,0.000000
9.412000,2,7.908846,0.641889,0.000000,0.000000,-0.000000,0.000000,0.000000,0.000000,0.000000
9.412000,3,8.169697,2.144417,-0.003099,-0.007624,0.003546,-0.000292,0.000000,0.000000,0.000000
9.420000,1,4.924597,0.865032,0.173881,-0.000632,0.003596,0.000730,0.000000,0.000000,0.000000
9.420000,2,7.908846,0.641889,0.000000,0.000000,-0.000000,0.000000,0.000000,0.000000,0.000000
9.420000,3,8.169636,2.144406,-0.003101,-0.007624,0.003546,-0.000292,0.000000,0.000000,0.000000
9.429000,1,4.924597,0.865032,0.173881,-0.000632,0.003596,0.000730,0.000000,0.000000,0.000000
9.429000,2,7.908846,0.641889,0.000000,0.000000,-0.000000,0.000000,0.000000,0.000000,0.000000
9.429000,3,8.169567,2.144393,-0.003104,-0.007625,0.003546,-0.000292,0.000000,0.000000,0.000000
9.437000,1,4.924597,0.865032,0.173881,-0.000632,0.003596,0.000730,0.000000,0.000000,0.000000
9.437000,2,7.908846,0.641889,0.000000,0.000000,-0.000000,0.000000,0.000000,0.000000,0.000000
9.437000,3,8.169506,2.144381,-0.003106,-0.007625,0.003546,-0.000292,0.000000,0.000000,0.000000
9.445000,1,4.924597,0.865032,0.173881,-0.000632,0.003596,0.000730,0.000000,0.000000,0.000000
9.445000,2,7.908846,0.641889,0.000000,0.000000,-0.000000,0.000000,0.000000,0.000000,0.000000
9.445000,3,8.169445,2.144370,-0.003108,-0.007625,0.003546,-0.000292,0.000000,0.000000,0.000000
9.454000,1,4.924597,0.865032,0.173881,-0.000632,0.003596,0.000730,0.000000,0.000000,0.000000
9.454000,2,7.908846,0.641889,0.000000,0.000000,-0.000000,0.000000,0.000000,0.000000,0.000000
9.454000,3,8.169376,2.144357,-0.003111,-0.007625,0.003546,-0.000292,0.000000,0.000000,0.000000
9.463000,1,4.924597,0.865032,0.173881,-0.000632,0.003596,0.000730,0.000000,0.000000,0.000000
9.463000,2,7.908846,0.641889,0.000000,0.000000,-0.000000,0.000000,0.000000,0.000000,0.000000
9.463000,3,8.169308,2.144344,-0.003114,-0.007625,0.003546,-0.000292,0.000000,0.000000,0.000000
9.471000,1,4.924597,0.865032,0.173881,-0.000632,0.003596,0.000730,0.000000,0.000000,0.000000
9.471000,2,7.908846,0.641889,0.000000,0.000000,-0.000000,0.000000,0.000000,0.000000,0.000000
9.471000,3,8.169247,2.144333,-0.003116,-0.007625,0.003547,-0.000292,0.000000,0.000000,0.000000
9.479000,1,4.924597,0.865032,0.173881,-0.000632,0.003596,0.000730,0.000000,0.000000,0.000000
9.479000,2,7.908846,0.641889,0.000000,0.000000,-0.000000,0.000000,0.000000,0.000000,0.000000
9.479000,3,8.169186,2.144321,-0.003118,-0.007625,0.003547,-0.000292,0.000000,0.000000,0.000000
9.487000,1,4.924597,0.865032,0.173881,-0.000632,0.003596,0.000730,0.000000,0.000000,0.000000
9.487000,2,7.908846,0.641889,0.000000,0.000000,-0.000000,0.000000,0.000000,0.000000,0.000000
9.487000,3,8.169125,2.144310,-0.003121,-0.007625,0.003547,-0.000292,0.000000,0.000000,0.000000
9.496000,1,4.924597,0.865032,0.173881,-0.000632,0.003596,0.000730,0.000000,0.000000,0.000000
9.496000,2,7.908846,0.641889,0.000000,0.000000,-0.000000,0.000000,0.000000,0.000000,0.000000
9.496000,3,8.169056,2.144297,-0.003123,-0.007625,0.003547,-0.000292,0.000000,0.000000,0.000000
9.504000,1,4.924597,0.865032,0.173881,-0.000632,0.003596,0.000730,0.000000,0.000000,0.000000
9.504000,2,7.908846,0.641889,0.000000,0.000000,-0.000000,0.000000,0.000000,0.000000,0.000000
9.504000,3,8.168995,2.144285,-0.003126,-0.007625,0.003547,-0.000292,0.000000,0.000000,0.000000
9.513000,1,4.924597,0.865032,0.173881,-0.000632,0.003596,0.000730,0.000000,0.000000,0.000000
9.513000,2,7.908846,0.641889,0.000000,0.000000,-0.000000,0.000000,0.000000,0.000000,0.000000
9.513000,3,8.168926,2.144273,-0.003128,-0.007625,0.003547,-0.000292,0.000000,0.000000,0.000000
9.521000,1,4.924597,0.865032,0.173881,-0.000632,0.003596,0.000730,0.000000,0.000000,0.000000
9.521000,2,7.908846,0.641889,0.000000,0.000000,-0.000000,0.000000,0.000000,0.000000,0.000000
9.521000,3,8.168865,2.144261,-0.003131,-0.007625,0.003547,-0.000292,0.000000,0.000000,0.000000
9.529000,1,4.924597,0.865032,0.173881,-0.000632,0.003597,0.000730,0.000000,0.000000,0.000000
9.529000,2,7.908846,0.641889,0.000000,0.000000,-0.000000,0.000000,0.000000,0.000000,0.000000
9.529000,3,8.168804,2.144250,-0.003133,-0.007625,0.003548,-0.000292,0.000000,0.000000,0.000000
9.537000,1,4.924597,0.865032,0.173881,-0.000632,0.003597,0.000730,0.000000,0.000000,0.000000
9.537000,2,7.908846,0.641889,0.000000,0.000000,-0.000000,0.000000,0.000000,0.000000,0.000000
9.537000,3,8.168743,2.144238,-0.003135,-0.007625,0.003548,-0.000292,0.000000,0.000000,0.000000
9.546000,1,4.924597,0.865032,0.173881,-0.000632,0.003597,0.000730,0.000000,0.000000,0.000000
9.546000,2,7.908846,0.641889,0.000000,0.000000,-0.000000,0.000000,0.000000,0.000000,0.000000
9.546000,3,8.168674,2.144225,-0.003138,-0.007625,0.003548,-0.000292,0.000000,0.000000,0.000000
9.554000,1,4.924597,0.865032,0.173881,-0.000632,0.003597,0.000730,0.000000,0.000000,0.000000
9.554000,2,7.908846,0.641889,0.000000,0.000000,-0.000000,0.000000,0.000000,0.000000,0.000000
9.554000,3,8.168613,2.144214,-0.003140,-0.007625,0.003548,-0.000292,0.000000,0.000000,0.000000
9.562000,1,4.924597,0.865032,0.173881,-0.000632,0.003597,0.000730,0.000000,0.000000,0.000000
9.562000,2,7.908846,0.641889,0.000000,0.000000,-0.000000,0.000000,0.000000,0.000000,0.000000
9.562000,3,8.168552,2.144202,-0.003143,-0.007625,0.003548,-0.000292,0.000000,0.000000,0.000000
9.570000,1,4.924597,0.865032,0.173881,-0.000632,0.003597,0.000730,0.000000,0.000000,0.000000
9.570000,2,7.908846,0.641889,0.000000,0.000000,-0.000000,0.000000,0.000000,0.000000,0.000000
9.570000,3,8.168491,2.144191,-0.003145,-0.007625,0.003548,-0.000292,0.000000,0.000000,0.000000
9.579000,1,4.924597,0.865032,0.173881,-0.000632,0.003597,0.000730,0.000000,0.000000,0.000000
9.579000,2,7.908846,0.641889,0.000000,0.000000,-0.000000,0.000000,0.000000,0.000000,0.000000
9.579000,3,8.168423,2.144178,-0.003148,-0.007625,0.003548,-0.000292,0.000000,0.000000,0.000000
9.587000,1,4.924597,0.865032,0.173881,-0.000632,0.003597,0.000730,0.000000,0.000000,0.000000
9.587000,2,7.908846,0.641889,0.000000,0.000000,-0.000000,0.000000,0.000000,0.000000,0.000000
9.587000,3,8.168362,2.144167,-0.003150,-0.007625,0.003549,-0.000292,0.000000,0.000000,0.000000
9.596000,1,4.924597,0.865032,0.173881,-0.000632,0.003596,0.000730,0.000000,0.000000,0.000000
9.596000,2,7.908846,0.641889,0.000000,0.000000,-0.000000,0.000000,0.000000,0.000000,0.000000
9.596000,3,8.168293,2.144154,-0.003153,-0.007625,0.003548,-0.000292,0.000000,0.000000,0.000000
9.604000,1,4.924597,0.865032,0.173881,-0.000632,0.003595,0.000730,0.000000,0.000000,0.000000
9.604000,2,7.908846,0.641889,0.000000,0.000000,-0.000000,0.000000,0.000000,0.000000,0.000000
9.604000,3,8.168232,2.144142,-0.003155,-0.007625,0.003546,-0.000292,0.000000,0.000000,0.000000
9.612000,1,4.924597,0.865032,0.173881,-0.000632,0.003595,0.000730,0.000000,0.000000,0.000000
9.612000,2,7.908846,0.641889,0.000000,0.000000,-0.000000,0.000000,0.000000,0.000000,0.000000
9.612000,3,8.168171,2.144131,-0.003157,-0.007625,0.003546,-0.000292,0.000000,0.000000,0.000000
9.620000,1,4.924597,0.865032,0.173881,-0.000632,0.003595,0.000730,0.000000,0.000000,0.000000
9.620000,2,7.908846,0.641889,0.000000,0.000000,-0.000000,0.000000,0.000000,0.000000,0.000000
9.620000,3,8.168110,2.144120,-0.003160,-0.007625,0.003546,-0.000292,0.000000,0.000000,0.000000
9.628000,1,4.924597,0.865032,0.173881,-0.000632,0.003595,0.000730,0.000000,0.000000,0.000000
9.628000,2,7.908846,0.641889,0.000000,0.000000,-0.000000,0.000000,0.000000,0.000000,0.000000
9.628000,3,8.168049,2.144108,-0.003162,-0.007625,0.003546,-0.000292,0.000000,0.000000,0.000000
9.637000,1,4.924597,0.865032,0.173881,-0.000632,0.003595,0.000730,0.000000,0.000000,0.000000
9.637000,2,7.908846,0.641889,0.000000,0.000000,-0.000000,0.000000,0.000000,0.000000,0.000000
9.637000,3,8.167980,2.144095,-0.003164,-0.007625,0.003546,-0.000292,0.000000,0.000000,0.000000
9.645000,1,4.924597,0.865032,0.173881,-0.000632,0.003597,0.000730,0.000000,0.000000,0.000000
9.645000,2,7.908846,0.641889,0.000000,0.000000,-0.000000,0.000000,0.000000,0.000000,0.000000
9.645000,3,8.167919,2.144084,-0.003167,-0.007625,0.003549,-0.000292,0.000000,0.000000,0.000000
9.654000,1,4.924597,0.865032,0.173881,-0.000632,0.003596,0.000730,0.000000,0.000000,0.000000
9.654000,2,7.908846,0.641889,0.000000,0.000000,-0.000000,0.000000,0.000000,0.000000,0.000000
9.654000,3,8.167850,2.144071,-0.003169,-0.007625,0.003547,-0.000292,0.000000,0.000000,0.000000
9.662000,1,4.924597,0.865032,0.173881,-0.000632,0.003596,0.000730,0.000000,0.000000,0.000000
9.662000,2,7.908846,0.641889,0.000000,0.000000,-0.000000,0.000000,0.000000,0.000000,0.000000
9.662000,3,8.167789,2.144059,-0.003172,-0.007625,0.003547,-0.000292,0.000000,0.000000,0.000000
9.670000,1,4.924597,0.865032,0.173881,-0.000632,0.003596,0.000730,0.000000,0.000000,0.000000
9.670000,2,7.908846,0.641889,0.000000,0.000000,-0.000000,0.000000,0.000000,0.000000,0.000000
9.670000,3,8.167728,2.144048,-0.003174,-0.007625,0.003547,-0.000292,0.000000,0.000000,0.000000
9.679000,1,4.924597,0.865032,0.173881,-0.000632,0.003596,0.000730,0.000000,0.000000,0.000000
9.679000,2,7.908846,0.641889,0.000000,0.000000,-0.000000,0.000000,0.000000,0.000000,0.000000
9.679000,3,8.167660,2.144035,-0.003177,-0.007625,0.003547,-0.000292,0.000000,0.000000,0.000000
9.688000,1,4.924597,0.865032,0.173881,-0.000632,0.003596,0.000730,0.000000,0.000000,0.000000
9.688000,2,7.908846,0.641889,0.000000,0.000000,-0.000000,0.000000,0.000000,0.000000,0.000000
9.688000,3,8.167591,2.144022,-0.003179,-0.007625,0.003547,-0.000292,0.000000,0.000000,0.000000
9.696000,1,4.924597,0.865032,0.173881,-0.000632,0.003596,0.000730,0.000000,0.000000,0.000000
9.696000,2,7.908846,0.641889,0.000000,0.000000,-0.000000,0.000000,0.000000,0.000000,0.000000
9.696000,3,8.167530,2.144011,-0.003182,-0.007625,0.003548,-0.000292,0.000000,0.000000,0.000000
9.704000,1,4.924597,0.865032,0.173881,-0.000632,0.003596,0.000730,0.000000,0.000000,0.000000
9.704000,2,7.908846,0.641889,0.000000,0.000000,-0.000000,0.000000,0.000000,0.000000,0.000000
9.704000,3,8.167469,2.143999,-0.003184,-0.007625,0.003548,-0.000292,0.000000,0.000000,0.000000
9.712000,1,4.924597,0.865032,0.173881,-0.000632,0.003596,0.000730,0.000000,0.000000,0.000000
9.712000,2,7.908846,0.641889,0.000000,0.000000,-0.000000,0.000000,0.000000,0.000000,0.000000
9.712000,3,8.167408,2.143988,-0.003186,-0.007625,0.003548,-0.000292,0.000000,0.000000,0.000000
9.721000,1,4.924597,0.865032,0.173881,-0.000632,0.003596,0.000730,0.000000,0.000000,0.000000
9.721000,2,7.908846,0.641889,0.000000,0.000000,-0.000000,0.000000,0.000000,0.000000,0.000000
9.721000,3,8.167339,2.143975,-0.003189,-0.007625,0.003548,-0.000292,0.000000,0.000000,0.000000
9.729000,1,4.924597,0.865032,0.173881,-0.000632,0.003596,0.000730,0.000000,0.000000,0.000000
9.729000,2,7.908846,0.641889,0.000000,0.000000,-0.000000,0.000000,0.000000,0.000000,0.000000
9.729000,3,8.167278,2.143964,-0.003191,-0.007625,0.003548,-0.000292,0.000000,0.000000,0.000000
9.737000,1,4.924597,0.865032,0.173881,-0.000632,0.003596,0.000730,0.000000,0.000000,0.000000
9.737000,2,7.908846,0.641889,0.000000,0.000000,-0.000000,0.000000,0.000000,0.000000,0.000000
9.737000,3,8.167217,2.143952,-0.003194,-0.007625,0.003548,-0.000292,0.000000,0.000000,0.000000
9.746000,1,4.924597,0.865032,0.173881,-0.000632,0.003596,0.000730,0.000000,0.000000,0.000000
9.746000,2,7.908846,0.641889,0.000000,0.000000,-0.000000,0.000000,0.000000,0.000000,0.000000
9.746000,3,8.167149,2.143939,-0.003196,-0.007625,0.003548,-0.000292,0.000000,0.000000,0.000000
9.754000,1,4.924597,0.865032,0.173881,-0.000632,0.003596,0.000730,0.000000,0.000000,0.000000
9.754000,2,7.908846,0.641889,0.000000,0.000000,-0.000000,0.000000,0.000000,0.000000,0.000000
9.754000,3,8.167088,2.143928,-0.003199,-0.007625,0.003549,-0.000292,0.000000,0.000000,0.000000
9.762000,1,4.924597,0.865032,0.173881,-0.000632,0.003597,0.000730,0.000000,0.000000,0.000000
9.762000,2,7.908846,0.641889,0.000000,0.000000,-0.000000,0.000000,0.000000,0.000000,0.000000
9.762000,3,8.167027,2.143916,-0.003201,-0.007625,0.003549,-0.000292,0.000000,0.000000,0.000000
9.771000,1,4.924597,0.865032,0.173881,-0.000632,0.003597,0.000730,0.000000,0.000000,0.000000
9.771000,2,7.908846,0.641889,0.000000,0.000000,-0.000000,0.000000,0.000000,0.000000,0.000000
9.771000,3,8.166958,2.143903,-0.003204,-0.007625,0.003549,-0.000292,0.000000,0.000000,0.000000
9.779000,1,4.924597,0.865032,0.173881,-0.000632,0.003597,0.000730,0.000000,0.000000,0.000000
9.779000,2,7.908846,0.641889,0.000000,0.000000,-0.000000,0.000000,0.000000,0.000000,0.000000
9.779000,3,8.166897,2.143892,-0.003206,-0.007625,0.003549,-0.000292,0.000000,0.000000,0.000000
9.788000,1,4.924597,0.865032,0.173881,-0.000632,0.003597,0.000730,0.000000,0.000000,0.000000
9.788000,2,7.908846,0.641889,0.000000,0.000000,-0.000000,0.000000,0.000000,0.000000,0.000000
9.788000,3,8.166828,2.143879,-0.003209,-0.007625,0.003549,-0.000292,0.000000,0.000000,0.000000
9.796000,1,4.924597,0.865032,0.173881,-0.000632,0.003597,0.000730,0.000000,0.000000,0.000000
9.796000,2,7.908846,0.641889,0.000000,0.000000,-0.000000,0.000000,0.000000,0.000000,0.000000
9.796000,3,8.166767,2.143868,-0.003211,-0.007625,0.003549,-0.000292,0.000000,0.000000,0.000000
9.804000,1,4.924597,0.865032,0.173881,-0.000632,0.003597,0.000730,0.000000,0.000000,0.000000
9.804000,2,7.908846,0.641889,0.000000,0.000000,-0.000000,0.000000,0.000000,0.000000,0.000000
9.804000,3,8.166706,2.143856,-0.003213,-0.007625,0.003549,-0.000292,0.000000,0.000000,0.000000
9.812000,1,4.924597,0.865032,0.173881,-0.000632,0.003597,0.000730,0.000000,0.000000,0.000000
9.812000,2,7.908846,0.641889,0.000000,0.000000,-0.000000,0.000000,0.000000,0.000000,0.000000
9.812000,3,8.166645,2.143845,-0.003216,-0.007626,0.003550,-0.000292,0.000000,0.000000,0.000000
9.820000,1,4.924597,0.865032,0.173881,-0.000632,0.003597,0.000730,0.000000,0.000000,0.000000
9.820000,2,7.908846,0.641889,0.000000,0.000000,-0.000000,0.000000,0.000000,0.000000,0.000000
9.820000,3,8.166584,2.143833,-0.003218,-0.007626,0.003550,-0.000292,0.000000,0.000000,0.000000
9.829000,1,4.924597,0.865032,0.173881,-0.000632,0.003597,0.000730,0.000000,0.000000,0.000000
9.829000,2,7.908846,0.641889,0.000000,0.000000,-0.000000,0.000000,0.000000,0.000000,0.000000
9.829000,3,8.166515,2.143821,-0.003221,-0.007626,0.003550,-0.000291,0.000000,0.000000,0.000000
9.837000,1,4.924597,0.865032,0.173881,-0.000632,0.003596,0.000730,0.000000,0.000000,0.000000
9.837000,2,7.908846,0.641889,0.000000,0.000000,-0.000000,0.000000,0.000000,0.000000,0.000000
9.837000,3,8.166454,2.143809,-0.003223,-0.007625,0.003548,-0.000292,0.000000,0.000000,0.000000
9.845000,1,4.924597,0.865032,0.173881,-0.000632,0.003595,0.000730,0.000000,0.000000,0.000000
9.845000,2,7.908846,0.641889,0.000000,0.000000,-0.000000,0.000000,0.000000,0.000000,0.000000
9.845000,3,8.166393,2.143798,-0.003225,-0.007625,0.003547,-0.000292,0.000000,0.000000,0.000000
9.854000,1,4.924597,0.865032,0.173881,-0.000632,0.003595,0.000730,0.000000,0.000000,0.000000
9.854000,2,7.908846,0.641889,0.000000,0.000000,-0.000000,0.000000,0.000000,0.000000,0.000000
9.854000,3,8.166325,2.143785,-0.003228,-0.007625,0.003547,-0.000292,0.000000,0.000000,0.000000
9.862000,1,4.924597,0.865032,0.173881,-0.000632,0.003595,0.000730,0.000000,0.000000,0.000000
9.862000,2,7.908846,0.641889,0.000000,0.000000,-0.000000,0.000000,0.000000,0.000000,0.000000
9.862000,3,8.166264,2.143773,-0.003230,-0.007625,0.003547,-0.000292,0.000000,0.000000,0.000000
9.870000,1,4.924597,0.865032,0.173881,-0.000632,0.003595,0.000730,0.000000,0.000000,0.000000
9.870000,2,7.908846,0.641889,0.000000,0.000000,-0.000000,0.000000,0.000000,0.000000,0.000000
9.870000,3,8.166203,2.143762,-0.003232,-0.007625,0.003547,-0.000292,0.000000,0.000000,0.000000
9.878000,1,4.924597,0.865032,0.173881,-0.000632,0.003596,0.000730,0.000000,0.000000,0.000000
9.878000,2,7.908846,0.641889,0.000000,0.000000,-0.000000,0.000000,0.000000,0.000000,0.000000
9.878000,3,8.166142,2.143750,-0.003235,-0.007625,0.003548,-0.000292,0.000000,0.000000,0.000000
9.887000,1,4.924597,0.865032,0.173881,-0.000632,0.003596,0.000730,0.000000,0.000000,0.000000
9.887000,2,7.908846,0.641889,0.000000,0.000000,-0.000000,0.000000,0.000000,0.000000,0.000000
9.887000,3,8.166073,2.143738,-0.003237,-0.007625,0.003548,-0.000292,0.000000,0.000000,0.000000
9.895000,1,4.924597,0.865032,0.173881,-0.000632,0.003596,0.000730,0.000000,0.000000,0.000000
9.895000,2,7.908846,0.641889,0.000000,0.000000,-0.000000,0.000000,0.000000,0.000000,0.000000
9.895000,3,8.166012,2.143726,-0.003240,-0.007625,0.003548,-0.000292,0.000000,0.000000,0.000000
9.904000,1,4.924597,0.865032,0.173881,-0.000632,0.003596,0.000730,0.000000,0.000000,0.000000
9.904000,2,7.908846,0.641889,0.000000,0.000000,-0.000000,0.000000,0.000000,0.000000,0.000000
9.904000,3,8.165943,2.143713,-0.003242,-0.007625,0.003548,-0.000292,0.000000,0.000000,0.000000
9.913000,1,4.924597,0.865032,0.173881,-0.000632,0.003596,0.000730,0.000000,0.000000,0.000000
9.913000,2,7.908846,0.641889,0.000000,0.000000,-0.000000,0.000000,0.000000,0.000000,0.000000
9.913000,3,8.165874,2.143700,-0.003245,-0.007625,0.003548,-0.000292,0.000000,0.000000,0.000000
9.921000,1,4.924597,0.865032,0.173881,-0.000632,0.003596,0.000730,0.000000,0.000000,0.000000
9.921000,2,7.908846,0.641889,0.000000,0.000000,-0.000000,0.000000,0.000000,0.000000,0.000000
9.921000,3,8.165813,2.143689,-0.003247,-0.007625,0.003548,-0.000292,0.000000,0.000000,0.000000
9.929000,1,4.924597,0.865032,0.173881,-0.000632,0.003596,0.000730,0.000000,0.000000,0.000000
9.929000,2,7.908846,0.641889,0.000000,0.000000,-0.000000,0.000000,0.000000,0.000000,0.000000
9.929000,3,8.165752,2.143677,-0.003250,-0.007625,0.003548,-0.000292,0.000000,0.000000,0.000000
9.937000,1,4.924597,0.865032,0.173881,-0.000632,0.003596,0.000730,0.000000,0.000000,0.000000
9.937000,2,7.908846,0.641889,0.000000,0.000000,-0.000000,0.000000,0.000000,0.000000,0.000000
9.937000,3,8.165691,2.143666,-0.003252,-0.007625,0.003549,-0.000292,0.000000,0.000000,0.000000
9.945000,1,4.924597,0.865032,0.173881,-0.000632,0.003596,0.000730,0.000000,0.000000,0.000000
9.945000,2,7.908846,0.641889,0.000000,0.000000,-0.000000,0.000000,0.000000,0.000000,0.000000
9.945000,3,8.165630,2.143655,-0.003254,-0.007625,0.003549,-0.000291,0.000000,0.000000,0.000000
9.954000,1,4.924597,0.865032,0.173881,-0.000632,0.003596,0.000730,0.000000,0.000000,0.000000
9.954000,2,7.908846,0.641889,0.000000,0.000000,-0.000000,0.000000,0.000000,0.000000,0.000000
9.954000,3,8.165562,2.143642,-0.003257,-0.007625,0.003549,-0.000291,0.000000,0.000000,0.000000
9.962000,1,4.924597,0.865032,0.173881,-0.000632,0.003596,0.000730,0.000000,0.000000,0.000000
9.962000,2,7.908846,0.641889,0.000000,0.000000,-0.000000,0.000000,0.000000,0.000000,0.000000
9.962000,3,8.165501,2.143630,-0.003259,-0.007625,0.003549,-0.000291,0.000000,0.000000,0.000000
9.973000,1,4.924597,0.865032,0.173881,-0.000632,0.003596,0.000730,0.000000,0.000000,0.000000
9.973000,2,7.908846,0.641889,0.000000,0.000000,-0.000000,0.000000,0.000000,0.000000,0.000000
9.973000,3,8.165417,2.143615,-0.003262,-0.007625,0.003549,-0.000291,0.000000,0.000000,0.000000
9.979000,1,4.924597,0.865032,0.173881,-0.000632,0.003596,0.000730,0.000000,0.000000,0.000000
9.979000,2,7.908846,0.641889,0.000000,0.000000,-0.000000,0.000000,0.000000,0.000000,0.000000
9.979000,3,8.165371,2.143606,-0.003264,-0.007625,0.003549,-0.000291,0.000000,0.000000,0.000000
9.987000,1,4.924597,0.865032,0.173881,-0.000632,0.003596,0.000730,0.000000,0.000000,0.000000
9.987000,2,7.908846,0.641889,0.000000,0.000000,-0.000000,0.000000,0.000000,0.000000,0.000000
9.987000,3,8.165310,2.143595,-0.003267,-0.007625,0.003550,-0.000291,0.000000,0.000000,0.000000
9.995000,1,4.924597,0.865032,0.173881,-0.000632,0.003596,0.000730,0.000000,0.000000,0.000000
9.995000,2,7.908846,0.641889,0.000000,0.000000,-0.000000,0.000000,0.000000,0.000000,0.000000
9.995000,3,8.165249,2.143583,-0.003269,-0.007626,0.003550,-0.000291,0.000000,0.000000,0.000000
10.004000,1,4.924597,0.865032,0.173881,-0.000632,0.003597,0.000730,0.000000,0.000000,0.000000
10.004000,2,7.908846,0.641889,0.000000,0.000000,-0.000000,0.000000,0.000000,0.000000,0.000000
10.004000,3,8.165180,2.143570,-0.003272,-0.007626,0.003550,-0.000291,0.000000,0.000000,0.000000
10.012000,1,4.924597,0.865032,0.173881,-0.000632,0.003597,0.000730,0.000000,0.000000,0.000000
10.012000,2,7.908846,0.641889,0.000000,0.000000,-0.000000,0.000000,0.000000,0.000000,0.000000
10.012000,3,8.165119,2.143559,-0.003274,-0.007626,0.003550,-0.000291,0.000000,0.000000,0.000000
10.021000,1,4.924597,0.865032,0.173881,-0.000632,0.003597,0.000730,0.000000,0.000000,0.000000
10.021000,2,7.908846,0.641889,0.000000,0.000000,-0.000000,0.000000,0.000000,0.000000,0.000000
10.021000,3,8.165051,2.143546,-0.003276,-0.007626,0.003550,-0.000291,0.000000,0.000000,0.000000
10.029000,1,4.924597,0.865032,0.173881,-0.000632,0.003597,0.000730,0.000000,0.000000,0.000000
10.029000,2,7.908846,0.641889,0.000000,0.000000,-0.000000,0.000000,0.000000,0.000000,0.000000
10.029000,3,8.164989,2.143534,-0.003279,-0.007626,0.003550,-0.000291,0.000000,0.000000,0.000000
10.038000,1,4.924597,0.865032,0.173881,-0.000632,0.003597,0.000730,0.000000,0.000000,0.000000
10.038000,2,7.908846,0.641889,0.000000,0.000000,-0.000000,0.000000,0.000000,0.000000,0.000000
10.038000,3,8.164921,2.143522,-0.003281,-0.007626,0.003550,-0.000291,0.000000,0.000000,0.000000
10.046000,1,4.924597,0.865032,0.173881,-0.000632,0.003597,0.000730,0.000000,0.000000,0.000000
10.046000,2,7.908846,0.641889,0.000000,0.000000,-0.000000,0.000000,0.000000,0.000000,0.000000
10.046000,3,8.164860,2.143510,-0.003284,-0.007626,0.003551,-0.000291,0.000000,0.000000,0.000000
10.054000,1,4.924597,0.865032,0.173881,-0.000632,0.003597,0.000730,0.000000,0.000000,0.000000
10.054000,2,7.908846,0.641889,0.000000,0.000000,-0.000000,0.000000,0.000000,0.000000,0.000000
10.054000,3,8.164799,2.143499,-0.003286,-0.007626,0.003551,-0.000291,0.000000,0.000000,0.000000
10.062000,1,4.924597,0.865032,0.173881,-0.000632,0.003597,0.000730,0.000000,0.000000,0.000000
10.062000,2,7.908846,0.641889,0.000000,0.000000,-0.000000,0.000000,0.000000,0.000000,0.000000
10.062000,3,8.164738,2.143487,-0.003288,-0.007626,0.003551,-0.000291,0.000000,0.000000,0.000000
10.071000,1,4.924597,0.865032,0.173881,-0.000632,0.003597,0.000730,0.000000,0.000000,0.000000
10.071000,2,7.908846,0.641889,0.000000,0.000000,-0.000000,0.000000,0.000000,0.000000,0.000000
10.071000,3,8.164669,2.143474,-0.003291,-0.007626,0.003551,-0.000291,0.000000,0.000000,0.000000
10.079000,1,4.924597,0.865032,0.173881,-0.000632,0.003596,0.000730,0.000000,0.000000,0.000000
10.079000,2,7.908846,0.641889,0.000000,0.000000,-0.000000,0.000000,0.000000,0.000000,0.000000
10.079000,3,8.164608,2.143463,-0.003293,-0.007625,0.003549,-0.000291,0.000000,0.000000,0.000000
10.087000,1,4.924597,0.865032,0.173881,-0.000632,0.003595,0.000730,0.000000,0.000000,0.000000
10.087000,2,7.908846,0.641889,0.000000,0.000000,-0.000000,0.000000,0.000000,0.000000,0.000000
10.087000,3,8.164547,2.143451,-0.003296,-0.007625,0.003548,-0.000291,0.000000,0.000000,0.000000
10.096000,1,4.924597,0.865032,0.173881,-0.000632,0.003595,0.000730,0.000000,0.000000,0.000000
10.096000,2,7.908846,0.641889,0.000000,0.000000,-0.000000,0.000000,0.000000,0.000000,0.000000
10.096000,3,8.164478,2.143439,-0.003298,-0.007625,0.003548,-0.000291,0.000000,0.000000,0.000000
10.106000,1,4.924597,0.865032,0.173881,-0.000632,0.003595,0.000730,0.000000,0.000000,0.000000
10.106000,2,7.908846,0.641889,0.000000,0.000000,-0.000000,0.000000,0.000000,0.000000,0.000000
10.106000,3,8.164402,2.143424,-0.003301,-0.007625,0.003549,-0.000291,0.000000,0.000000,0.000000
10.113000,1,4.924597,0.865032,0.173881,-0.000632,0.003595,0.000730,0.000000,0.000000,0.000000
10.113000,2,7.908846,0.641889,0.000000,0.000000,-0.000000,0.000000,0.000000,0.000000,0.000000
10.113000,3,8.164349,2.143414,-0.003303,-0.007625,0.003549,-0.000291,0.000000,0.000000,0.000000
10.121000,1,4.924597,0.865032,0.173881,-0.000632,0.003596,0.000730,0.000000,0.000000,0.000000
10.121000,2,7.908846,0.641889,0.000000,0.000000,-0.000000,0.000000,0.000000,0.000000,0.000000
10.121000,3,8.164288,2.143403,-0.003306,-0.007625,0.003549,-0.000291,0.000000,0.000000,0.000000
10.129000,1,4.924597,0.865032,0.173881,-0.000632,0.003596,0.000730,0.000000,0.000000,0.000000
10.129000,2,7.908846,0.641889,0.000000,0.000000,-0.000000,0.000000,0.000000,0.000000,0.000000
10.129000,3,8.164227,2.143391,-0.003308,-0.007625,0.003549,-0.000291,0.000000,0.000000,0.000000
10.137000,1,4.924597,0.865032,0.173881,-0.000632,0.003596,0.000730,0.000000,0.000000,0.000000
10.137000,2,7.908846,0.641889,0.000000,0.000000,-0.000000,0.000000,0.000000,0.000000,0.000000
10.137000,3,8.164165,2.143380,-0.003310,-0.007625,0.003549,-0.000291,0.000000,0.000000,0.000000
10.146000,1,4.924597,0.865032,0.173881,-0.000632,0.003596,0.000730,0.000000,0.000000,0.000000
10.146000,2,7.908846,0.641889,0.000000,0.000000,-0.000000,0.000000,0.000000,0.000000,0.000000
10.146000,3,8.164097,2.143367,-0.003313,-0.007625,0.003549,-0.000291,0.000000,0.000000,0.000000
10.154000,1,4.924597,0.865032,0.173881,-0.000632,0.003596,0.000730,0.000000,0.000000,0.000000
10.154000,2,7.908846,0.641889,0.000000,0.000000,-0.000000,0.000000,0.000000,0.000000,0.000000
10.154000,3,8.164036,2.143356,-0.003315,-0.007625,0.003549,-0.000291,0.000000,0.000000,0.000000
10.162000,1,4.924597,0.865032,0.173881,-0.000632,0.003596,0.000730,0.000000,0.000000,0.000000
10.162000,2,7.908846,0.641889,0.000000,0.000000,-0.000000,0.000000,0.000000,0.000000,0.000000
10.162000,3,8.163975,2.143344,-0.003318,-0.007625,0.003549,-0.000291,0.000000,0.000000,0.000000
10.171000,1,4.924597,0.865032,0.173881,-0.000632,0.003596,0.000730,0.000000,0.000000,0.000000
10.171000,2,7.908846,0.641889,0.000000,0.000000,-0.000000,0.000000,0.000000,0.000000,0.000000
10.171000,3,8.163906,2.143331,-0.003320,-0.007626,0.003550,-0.000291,0.000000,0.000000,0.000000
10.179000,1,4.924597,0.865032,0.173881,-0.000632,0.003596,0.000730,0.000000,0.000000,0.000000
10.179000,2,7.908846,0.641889,0.000000,0.000000,-0.000000,0.000000,0.000000,0.000000,0.000000
10.179000,3,8.163845,2.143320,-0.003322,-0.007626,0.003550,-0.000291,0.000000,0.000000,0.000000
10.188000,1,4.924597,0.865032,0.173881,-0.000632,0.003596,0.000730,0.000000,0.000000,0.000000
10.188000,2,7.908846,0.641889,0.000000,0.000000,-0.000000,0.000000,0.000000,0.000000,0.000000
10.188000,3,8.163776,2.143307,-0.003325,-0.007626,0.003550,-0.000291,0.000000,0.000000,0.000000
10.196000,1,4.924597,0.865032,0.173881,-0.000632,0.003596,0.000730,0.000000,0.000000,0.000000
10.196000,2,7.908846,0.641889,0.000000,0.000000,-0.000000,0.000000,0.000000,0.000000,0.000000
10.196000,3,8.163715,2.143296,-0.003327,-0.007626,0.003550,-0.000291,0.000000,0.000000,0.000000
10.204000,1,4.924597,0.865032,0.173881,-0.000632,0.003596,0.000730,0.000000,0.000000,0.000000
10.204000,2,7.908846,0.641889,0.000000,0.000000,-0.000000,0.000000,0.000000,0.000000,0.000000
10.204000,3,8.163654,2.143284,-0.003330,-0.007626,0.003550,-0.000291,0.000000,0.000000,0.000000
10.212000,1,4.924597,0.865032,0.173881,-0.000632,0.003596,0.000730,0.000000,0.000000,0.000000
10.212000,2,7.908846,0.641889,0.000000,0.000000,-0.000000,0.000000,0.000000,0.000000,0.000000
10.212000,3,8.163593,2.143273,-0.003332,-0.007626,0.003550,-0.000291,0.000000,0.000000,0.000000
10.221000,1,4.924597,0.865032,0.173881,-0.000632,0.003596,0.000730,0.000000,0.000000,0.000000
10.221000,2,7.908846,0.641889,0.000000,0.000000,-0.000000,0.000000,0.000000,0.000000,0.000000
10.221000,3,8.163525,2.143260,-0.003335,-0.007626,0.003550,-0.000291,0.000000,0.000000,0.000000
10.229000,1,4.924597,0.865032,0.173881,-0.000632,0.003596,0.000730,0.000000,0.000000,0.000000
10.229000,2,7.908846,0.641889,0.000000,0.000000,-0.000000,0.000000,0.000000,0.000000,0.000000
10.229000,3,8.163464,2.143248,-0.003337,-0.007626,0.003551,-0.000291,0.000000,0.000000,0.000000
10.238000,1,4.924597,0.865032,0.173881,-0.000632,0.003596,0.000730,0.000000,0.000000,0.000000
10.238000,2,7.908846,0.641889,0.000000,0.000000,-0.000000,0.000000,0.000000,0.000000,0.000000
10.238000,3,8.163395,2.143235,-0.003340,-0.007626,0.003551,-0.000291,0.000000,0.000000,0.000000
10.246000,1,4.924597,0.865032,0.173881,-0.000632,0.003597,0.000730,0.000000,0.000000,0.000000
10.246000,2,7.908846,0.641889,0.000000,0.000000,-0.000000,0.000000,0.000000,0.000000,0.000000
10.246000,3,8.163334,2.143224,-0.003342,-0.007626,0.003551,-0.000291,0.000000,0.000000,0.000000
10.254000,1,4.924597,0.865032,0.173881,-0.000632,0.003597,0.000730,0.000000,0.000000,0.000000
10.254000,2,7.908846,0.641889,0.000000,0.000000,-0.000000,0.000000,0.000000,0.000000,0.000000
10.254000,3,8.163273,2.143213,-0.003344,-0.007626,0.003551,-0.000291,0.000000,0.000000,0.000000
10.263000,1,4.924597,0.865032,0.173881,-0.000632,0.003597,0.000730,0.000000,0.000000,0.000000
10.263000,2,7.908846,0.641889,0.000000,0.000000,-0.000000,0.000000,0.000000,0.000000,0.000000
10.263000,3,8.163204,2.143200,-0.003347,-0.007626,0.003551,-0.000291,0.000000,0.000000,0.000000
10.271000,1,4.924597,0.865032,0.173881,-0.000632,0.003597,0.000730,0.000000,0.000000,0.000000
10.271000,2,7.908846,0.641889,0.000000,0.000000,-0.000000,0.000000,0.000000,0.000000,0.000000
10.271000,3,8.163143,2.143188,-0.003349,-0.007626,0.003551,-0.000291,0.000000,0.000000,0.000000
10.279000,1,4.924597,0.865032,0.173881,-0.000632,0.003597,0.000730,0.000000,0.000000,0.000000
10.279000,2,7.908846,0.641889,0.000000,0.000000,-0.000000,0.000000,0.000000,0.000000,0.000000
10.279000,3,8.163082,2.143177,-0.003352,-0.007626,0.003552,-0.000291,0.000000,0.000000,0.000000
10.288000,1,4.924597,0.865032,0.173881,-0.000632,0.003597,0.000730,0.000000,0.000000,0.000000
10.288000,2,7.908846,0.641889,0.000000,0.000000,-0.000000,0.000000,0.000000,0.000000,0.000000
10.288000,3,8.163013,2.143164,-0.003354,-0.007626,0.003552,-0.000291,0.000000,0.000000,0.000000
10.296000,1,4.924597,0.865032,0.173881,-0.000632,0.003597,0.000730,0.000000,0.000000,0.000000
10.296000,2,7.908846,0.641889,0.000000,0.000000,-0.000000,0.000000,0.000000,0.000000,0.000000
10.296000,3,8.162952,2.143152,-0.003357,-0.007626,0.003552,-0.000291,0.000000,0.000000,0.000000
10.304000,1,4.924597,0.865032,0.173881,-0.000632,0.003597,0.000730,0.000000,0.000000,0.000000
10.304000,2,7.908846,0.641889,0.000000,0.000000,-0.000000,0.000000,0.000000,0.000000,0.000000
10.304000,3,8.162891,2.143141,-0.003359,-0.007626,0.003552,-0.000291,0.000000,0.000000,0.000000
10.312000,1,4.924597,0.865032,0.173881,-0.000632,0.003597,0.000730,0.000000,0.000000,0.000000
10.312000,2,7.908846,0.641889,0.000000,0.000000,-0.000000,0.000000,0.000000,0.000000,0.000000
10.312000,3,8.162830,2.143130,-0.003361,-0.007626,0.003552,-0.000291,0.000000,0.000000,0.000000
10.321000,1,4.924597,0.865032,0.173881,-0.000632,0.003596,0.000730,0.000000,0.000000,0.000000
10.321000,2,7.908846,0.641889,0.000000,0.000000,-0.000000,0.000000,0.000000,0.000000,0.000000
10.321000,3,8.162762,2.143117,-0.003364,-0.007626,0.003550,-0.000291,0.000000,0.000000,0.000000
10.329000,1,4.924597,0.865032,0.173881,-0.000632,0.003595,0.000730,0.000000,0.000000,0.000000
10.329000,2,7.908846,0.641889,0.000000,0.000000,-0.000000,0.000000,0.000000,0.000000,0.000000
10.329000,3,8.162701,2.143105,-0.003366,-0.007625,0.003549,-0.000291,0.000000,0.000000,0.000000
10.338000,1,4.924597,0.865032,0.173881,-0.000632,0.003595,0.000730,0.000000,0.000000,0.000000
10.338000,2,7.908846,0.641889,0.000000,0.000000,-0.000000,0.000000,0.000000,0.000000,0.000000
10.338000,3,8.162632,2.143092,-0.003369,-0.007625,0.003549,-0.000291,0.000000,0.000000,0.000000
10.346000,1,4.924597,0.865032,0.173881,-0.000632,0.003595,0.000730,0.000000,0.000000,0.000000
10.346000,2,7.908846,0.641889,0.000000,0.000000,-0.000000,0.000000,0.000000,0.000000,0.000000
10.346000,3,8.162571,2.143081,-0.003371,-0.007626,0.003550,-0.000291,0.000000,0.000000,0.000000
10.354000,1,4.924597,0.865032,0.173881,-0.000632,0.003595,0.000730,0.000000,0.000000,0.000000
10.354000,2,7.908846,0.641889,0.000000,0.000000,-0.000000,0.000000,0.000000,0.000000,0.000000
10.354000,3,8.162510,2.143070,-0.003373,-0.007626,0.003550,-0.000291,0.000000,0.000000,0.000000
10.363000,1,4.924597,0.865032,0.173881,-0.000632,0.003596,0.000730,0.000000,0.000000,0.000000
10.363000,2,7.908846,0.641889,0.000000,0.000000,-0.000000,0.000000,0.000000,0.000000,0.000000
10.363000,3,8.162441,2.143057,-0.003376,-0.007626,0.003550,-0.000291,0.000000,0.000000,0.000000
10.371000,1,4.924597,0.865032,0.173881,-0.000632,0.003596,0.000730,0.000000,0.000000,0.000000
10.371000,2,7.908846,0.641889,0.000000,0.000000,-0.000000,0.000000,0.000000,0.000000,0.000000
10.371000,3,8.162380,2.143045,-0.003378,-0.007626,0.003550,-0.000291,0.000000,0.000000,0.000000
10.379000,1,4.924597,0.865032,0.173881,-0.000632,0.003596,0.000730,0.000000,0.000000,0.000000
10.379000,2,7.908846,0.641889,0.000000,0.000000,-0.000000,0.000000,0.000000,0.000000,0.000000
10.379000,3,8.162319,2.143034,-0.003381,-0.007626,0.003550,-0.000291,0.000000,0.000000,0.000000
10.388000,1,4.924597,0.865032,0.173881,-0.000632,0.003596,0.000730,0.000000,0.000000,0.000000
10.388000,2,7.908846,0.641889,0.000000,0.000000,-0.000000,0.000000,0.000000,0.000000,0.000000
10.388000,3,8.162251,2.143021,-0.003383,-0.007626,0.003550,-0.000291,0.000000,0.000000,0.000000
10.396000,1,4.924597,0.865032,0.173881,-0.000632,0.003596,0.000730,0.000000,0.000000,0.000000
10.396000,2,7.908846,0.641889,0.000000,0.000000,-0.000000,0.000000,0.000000,0.000000,0.000000
10.396000,3,8.162189,2.143009,-0.003386,-0.007626,0.003550,-0.000291,0.000000,0.000000,0.000000
10.405000,1,4.924597,0.865032,0.173881,-0.000632,0.003596,0.000730,0.000000,0.000000,0.000000
10.405000,2,7.908846,0.641889,0.000000,0.000000,-0.000000,0.000000,0.000000,0.000000,0.000000
10.405000,3,8.162121,2.142997,-0.003388,-0.007626,0.003551,-0.000291,0.000000,0.000000,0.000000
10.413000,1,4.924597,0.865032,0.173881,-0.000632,0.003596,0.000730,0.000000,0.000000,0.000000
10.413000,2,7.908846,0.641889,0.000000,0.000000,-0.000000,0.000000,0.000000,0.000000,0.000000
10.413000,3,8.162060,2.142985,-0.003391,-0.007626,0.003551,-0.000291,0.000000,0.000000,0.000000
10.421000,1,4.924597,0.865032,0.173881,-0.000632,0.003596,0.000730,0.000000,0.000000,0.000000
10.421000,2,7.908846,0.641889,0.000000,0.000000,-0.000000,0.000000,0.000000,0.000000,0.000000
10.421000,3,8.161999,2.142974,-0.003393,-0.007626,0.003551,-0.000291,0.000000,0.000000,0.000000
10.429000,1,4.924597,0.865032,0.173881,-0.000632,0.003596,0.000730,0.000000,0.000000,0.000000
10.429000,2,7.908846,0.641889,0.000000,0.000000,-0.000000,0.000000,0.000000,0.000000,0.000000
10.429000,3,8.161938,2.142962,-0.003395,-0.007626,0.003551,-0.000291,0.000000,0.000000,0.000000
10.437000,1,4.924597,0.865032,0.173881,-0.000632,0.003596,0.000730,0.000000,0.000000,0.000000
10.437000,2,7.908846,0.641889,0.000000,0.000000,-0.000000,0.000000,0.000000,0.000000,0.000000
10.437000,3,8.161877,2.142951,-0.003398,-0.007626,0.003551,-0.000291,0.000000,0.000000,0.000000
10.445000,1,4.924597,0.865032,0.173881,-0.000632,0.003596,0.000730,0.000000,0.000000,0.000000
10.445000,2,7.908846,0.641889,0.000000,0.000000,-0.000000,0.000000,0.000000,0.000000,0.000000
10.445000,3,8.161816,2.142939,-0.003400,-0.007626,0.003551,-0.000291,0.000000,0.000000,0.000000
10.454000,1,4.924597,0.865032,0.173881,-0.000632,0.003596,0.000730,0.000000,0.000000,0.000000
10.454000,2,7.908846,0.641889,0.000000,0.000000,-0.000000,0.000000,0.000000,0.000000,0.000000
10.454000,3,8.161747,2.142926,-0.003402,-0.007626,0.003552,-0.000291,0.000000,0.000000,0.000000
10.462000,1,4.924597,0.865032,0.173881,-0.000632,0.003596,0.000730,0.000000,0.000000,0.000000
10.462000,2,7.908846,0.641889,0.000000,0.000000,-0.000000,0.000000,0.000000,0.000000,0.000000
10.462000,3,8.161686,2.142915,-0.003405,-0.007626,0.003552,-0.000291,0.000000,0.000000,0.000000
10.471000,1,4.924597,0.865032,0.173881,-0.000632,0.003596,0.000730,0.000000,0.000000,0.000000
10.471000,2,7.908846,0.641889,0.000000,0.000000,-0.000000,0.000000,0.000000,0.000000,0.000000
10.471000,3,8.161617,2.142902,-0.003407,-0.007626,0.003552,-0.000291,0.000000,0.000000,0.000000
10.479000,1,4.924597,0.865032,0.173881,-0.000632,0.003596,0.000730,0.000000,0.000000,0.000000
10.479000,2,7.908846,0.641889,0.000000,0.000000,-0.000000,0.000000,0.000000,0.000000,0.000000
10.479000,3,8.161556,2.142891,-0.003410,-0.007626,0.003552,-0.000291,0.000000,0.000000,0.000000
10.487000,1,4.924597,0.865032,0.173881,-0.000632,0.003597,0.000730,0.000000,0.000000,0.000000
10.487000,2,7.908846,0.641889,0.000000,0.000000,-0.000000,0.000000,0.000000,0.000000,0.000000
10.487000,3,8.161495,2.142879,-0.003412,-0.007626,0.003552,-0.000291,0.000000,0.000000,0.000000
10.496000,1,4.924597,0.865032,0.173881,-0.000632,0.003597,0.000730,0.000000,0.000000,0.000000
10.496000,2,7.908846,0.641889,0.000000,0.000000,-0.000000,0.000000,0.000000,0.000000,0.000000
10.496000,3,8.161427,2.142866,-0.003415,-0.007626,0.003552,-0.000291,0.000000,0.000000,0.000000
10.504000,1,4.924597,0.865032,0.173881,-0.000632,0.003597,0.000730,0.000000,0.000000,0.000000
10.504000,2,7.908846,0.641889,0.000000,0.000000,-0.000000,0.000000,0.000000,0.000000,0.000000
10.504000,3,8.161366,2.142855,-0.003417,-0.007626,0.003552,-0.000290,0.000000,0.000000,0.000000
10.513000,1,4.924597,0.865032,0.173881,-0.000632,0.003597,0.000730,0.000000,0.000000,0.000000
10.513000,2,7.908846,0.641889,0.000000,0.000000,-0.000000,0.000000,0.000000,0.000000,0.000000
10.513000,3,8.161297,2.142842,-0.003420,-0.007626,0.003553,-0.000290,0.000000,0.000000,0.000000
10.521000,1,4.924597,0.865032,0.173881,-0.000632,0.003597,0.000730,0.000000,0.000000,0.000000
10.521000,2,7.908846,0.641889,0.000000,0.000000,-0.000000,0.000000,0.000000,0.000000,0.000000
10.521000,3,8.161236,2.142831,-0.003422,-0.007626,0.003553,-0.000290,0.000000,0.000000,0.000000
10.529001,1,4.924597,0.865032,0.173881,-0.000632,0.003597,0.000730,0.000000,0.000000,0.000000
10.529001,2,7.908846,0.641889,0.000000,0.000000,-0.000000,0.000000,0.000000,0.000000,0.000000
10.529001,3,8.161175,2.142819,-0.003424,-0.007626,0.003553,-0.000290,0.000000,0.000000,0.000000
10.537001,1,4.924597,0.865032,0.173881,-0.000632,0.003597,0.000730,0.000000,0.000000,0.000000
10.537001,2,7.908846,0.641889,0.000000,0.000000,-0.000000,0.000000,0.000000,0.000000,0.000000
10.537001,3,8.161114,2.142808,-0.003427,-0.007626,0.003553,-0.000290,0.000000,0.000000,0.000000
10.546001,1,4.924597,0.865032,0.173881,-0.000632,0.003597,0.000730,0.000000,0.000000,0.000000
10.546001,2,7.908846,0.641889,0.000000,0.000000,-0.000000,0.000000,0.000000,0.000000,0.000000
10.546001,3,8.161045,2.142795,-0.003429,-0.007626,0.003553,-0.000290,0.000000,0.000000,0.000000
10.554001,1,4.924597,0.865032,0.173881,-0.000632,0.003597,0.000730,0.000000,0.000000,0.000000
10.554001,2,7.908846,0.641889,0.000000,0.000000,-0.000000,0.000000,0.000000,0.000000,0.000000
10.554001,3,8.160984,2.142783,-0.003431,-0.007626,0.003553,-0.000290,0.000000,0.000000,0.000000
10.563001,1,4.924597,0.865032,0.173881,-0.000632,0.003596,0.000730,0.000000,0.000000,0.000000
10.563001,2,7.908846,0.641889,0.000000,0.000000,-0.000000,0.000000,0.000000,0.000000,0.000000
10.563001,3,8.160915,2.142771,-0.003434,-0.007626,0.003552,-0.000290,0.000000,0.000000,0.000000
10.571001,1,4.924597,0.865032,0.173881,-0.000632,0.003595,0.000730,0.000000,0.000000,0.000000
10.571001,2,7.908846,0.641889,0.000000,0.000000,-0.000000,0.000000,0.000000,0.000000,0.000000
10.571001,3,8.160854,2.142759,-0.003436,-0.007626,0.003551,-0.000291,0.000000,0.000000,0.000000
10.579001,1,4.924597,0.865032,0.173881,-0.000632,0.003595,0.000730,0.000000,0.000000,0.000000
10.579001,2,7.908846,0.641889,0.000000,0.000000,-0.000000,0.000000,0.000000,0.000000,0.000000
10.579001,3,8.160793,2.142748,-0.003439,-0.007626,0.003551,-0.000291,0.000000,0.000000,0.000000
10.587001,1,4.924597,0.865032,0.173881,-0.000632,0.003595,0.000730,0.000000,0.000000,0.000000
10.587001,2,7.908846,0.641889,0.000000,0.000000,-0.000000,0.000000,0.000000,0.000000,0.000000
10.587001,3,8.160732,2.142736,-0.003441,-0.007626,0.003551,-0.000291,0.000000,0.000000,0.000000
10.596001,1,4.924597,0.865032,0.173881,-0.000632,0.003595,0.000730,0.000000,0.000000,0.000000
10.596001,2,7.908846,0.641889,0.000000,0.000000,-0.000000,0.000000,0.000000,0.000000,0.000000
10.596001,3,8.160664,2.142723,-0.003444,-0.007626,0.003551,-0.000291,0.000000,0.000000,0.000000
10.604001,1,4.924597,0.865032,0.173881,-0.000632,0.003596,0.000730,0.000000,0.000000,0.000000
10.604001,2,7.908846,0.641889,0.000000,0.000000,-0.000000,0.000000,0.000000,0.000000,0.000000
10.604001,3,8.160603,2.142712,-0.003446,-0.007626,0.003551,-0.000291,0.000000,0.000000,0.000000
10.612001,1,4.924597,0.865032,0.173881,-0.000632,0.003596,0.000730,0.000000,0.000000,0.000000
10.612001,2,7.908846,0.641889,0.000000,0.000000,-0.000000,0.000000,0.000000,0.000000,0.000000
10.612001,3,8.160542,2.142700,-0.003448,-0.007626,0.003551,-0.000291,0.000000,0.000000,0.000000
10.621001,1,4.924597,0.865032,0.173881,-0.000632,0.003596,0.000730,0.000000,0.000000,0.000000
10.621001,2,7.908846,0.641889,0.000000,0.000000,-0.000000,0.000000,0.000000,0.000000,0.000000
10.621001,3,8.160473,2.142688,-0.003451,-0.007626,0.003551,-0.000290,0.000000,0.000000,0.000000
10.629001,1,4.924597,0.865032,0.173881,-0.000632,0.003596,0.000730,0.000000,0.000000,0.000000
10.629001,2,7.908846,0.641889,0.000000,0.000000,-0.000000,0.000000,0.000000,0.000000,0.000000
10.629001,3,8.160412,2.142676,-0.003453,-0.007626,0.003551,-0.000290,0.000000,0.000000,0.000000
10.637001,1,4.924597,0.865032,0.173881,-0.000632,0.003596,0.000730,0.000000,0.000000,0.000000
10.637001,2,7.908846,0.641889,0.000000,0.000000,-0.000000,0.000000,0.000000,0.000000,0.000000
10.637001,3,8.160351,2.142665,-0.003456,-0.007626,0.003552,-0.000290,0.000000,0.000000,0.000000
10.645001,1,4.924597,0.865032,0.173881,-0.000632,0.003596,0.000730,0.000000,0.000000,0.000000
10.645001,2,7.908846,0.641889,0.000000,0.000000,-0.000000,0.000000,0.000000,0.000000,0.000000
10.645001,3,8.160290,2.142653,-0.003458,-0.007626,0.003552,-0.000290,0.000000,0.000000,0.000000
10.655001,1,4.924597,0.865032,0.173881,-0.000632,0.003596,0.000730,0.000000,0.000000,0.000000
10.655001,2,7.908846,0.641889,0.000000,0.000000,-0.000000,0.000000,0.000000,0.000000,0.000000
10.655001,3,8.160213,2.142639,-0.003461,-0.007626,0.003552,-0.000290,0.000000,0.000000,0.000000
10.662001,1,4.924597,0.865032,0.173881,-0.000632,0.003596,0.000730,0.000000,0.000000,0.000000
10.662001,2,7.908846,0.641889,0.000000,0.000000,-0.000000,0.000000,0.000000,0.000000,0.000000
10.662001,3,8.160160,2.142629,-0.003463,-0.007626,0.003552,-0.000290,0.000000,0.000000,0.000000
10.670001,1,4.924597,0.865032,0.173881,-0.000632,0.003596,0.000730,0.000000,0.000000,0.000000
10.670001,2,7.908846,0.641889,0.000000,0.000000,-0.000000,0.000000,0.000000,0.000000,0.000000
10.670001,3,8.160099,2.142617,-0.003465,-0.007626,0.003552,-0.000290,0.000000,0.000000,0.000000
10.678001,1,4.924597,0.865032,0.173881,-0.000632,0.003596,0.000730,0.000000,0.000000,0.000000
10.678001,2,7.908846,0.641889,0.000000,0.000000,-0.000000,0.000000,0.000000,0.000000,0.000000
10.678001,3,8.160038,2.142606,-0.003468,-0.007626,0.003552,-0.000290,0.000000,0.000000,0.000000
10.687001,1,4.924597,0.865032,0.173881,-0.000632,0.003596,0.000730,0.000000,0.000000,0.000000
10.687001,2,7.908846,0.641889,0.000000,0.000000,-0.000000,0.000000,0.000000,0.000000,0.000000
10.687001,3,8.159969,2.142593,-0.003470,-0.007626,0.003552,-0.000290,0.000000,0.000000,0.000000
10.696001,1,4.924597,0.865032,0.173881,-0.000632,0.003596,0.000730,0.000000,0.000000,0.000000
10.696001,2,7.908846,0.641889,0.000000,0.000000,-0.000000,0.000000,0.000000,0.000000,0.000000
10.696001,3,8.159901,2.142580,-0.003473,-0.007626,0.003553,-0.000290,0.000000,0.000000,0.000000
10.704001,1,4.924597,0.865032,0.173881,-0.000632,0.003596,0.000730,0.000000,0.000000,0.000000
10.704001,2,7.908846,0.641889,0.000000,0.000000,-0.000000,0.000000,0.000000,0.000000,0.000000
10.704001,3,8.159840,2.142569,-0.003475,-0.007626,0.003553,-0.000290,0.000000,0.000000,0.000000
10.712001,1,4.924597,0.865032,0.173881,-0.000632,0.003596,0.000730,0.000000,0.000000,0.000000
10.712001,2,7.908846,0.641889,0.000000,0.000000,-0.000000,0.000000,0.000000,0.000000,0.000000
10.712001,3,8.159779,2.142557,-0.003477,-0.007626,0.003553,-0.000290,0.000000,0.000000,0.000000
10.720001,1,4.924597,0.865032,0.173881,-0.000632,0.003596,0.000730,0.000000,0.000000,0.000000
10.720001,2,7.908846,0.641889,0.000000,0.000000,-0.000000,0.000000,0.000000,0.000000,0.000000
10.720001,3,8.159718,2.142546,-0.003480,-0.007626,0.003553,-0.000290,0.000000,0.000000,0.000000
10.728001,1,4.924597,0.865032,0.173881,-0.000632,0.003597,0.000730,0.000000,0.000000,0.000000
10.728001,2,7.908846,0.641889,0.000000,0.000000,-0.000000,0.000000,0.000000,0.000000,0.000000
10.728001,3,8.159657,2.142534,-0.003482,-0.007626,0.003553,-0.000290,0.000000,0.000000,0.000000
10.737001,1,4.924597,0.865032,0.173881,-0.000632,0.003597,0.000730,0.000000,0.000000,0.000000
10.737001,2,7.908846,0.641889,0.000000,0.000000,-0.000000,0.000000,0.000000,0.000000,0.000000
10.737001,3,8.159588,2.142522,-0.003485,-0.007626,0.003553,-0.000290,0.000000,0.000000,0.000000
10.746001,1,4.924597,0.865032,0.173881,-0.000632,0.003597,0.000730,0.000000,0.000000,0.000000
10.746001,2,7.908846,0.641889,0.000000,0.000000,-0.000000,0.000000,0.000000,0.000000,0.000000
10.746001,3,8.159519,2.142509,-0.003487,-0.007627,0.003554,-0.000290,0.000000,0.000000,0.000000
10.754001,1,4.924597,0.865032,0.173881,-0.000632,0.003597,0.000730,0.000000,0.000000,0.000000
10.754001,2,7.908846,0.641889,0.000000,0.000000,-0.000000,0.000000,0.000000,0.000000,0.000000
10.754001,3,8.159458,2.142497,-0.003490,-0.007627,0.003554,-0.000290,0.000000,0.000000,0.000000
10.763001,1,4.924597,0.865032,0.173881,-0.000632,0.003597,0.000730,0.000000,0.000000,0.000000
10.763001,2,7.908846,0.641889,0.000000,0.000000,-0.000000,0.000000,0.000000,0.000000,0.000000
10.763001,3,8.159389,2.142484,-0.003492,-0.007627,0.003554,-0.000290,0.000000,0.000000,0.000000
10.771001,1,4.924597,0.865032,0.173881,-0.000632,0.003597,0.000730,0.000000,0.000000,0.000000
10.771001,2,7.908846,0.641889,0.000000,0.000000,-0.000000,0.000000,0.000000,0.000000,0.000000
10.771001,3,8.159328,2.142473,-0.003494,-0.007627,0.003554,-0.000290,0.000000,0.000000,0.000000
10.779001,1,4.924597,0.865032,0.173881,-0.000632,0.003597,0.000730,0.000000,0.000000,0.000000
10.779001,2,7.908846,0.641889,0.000000,0.000000,-0.000000,0.000000,0.000000,0.000000,0.000000
10.779001,3,8.159267,2.142462,-0.003497,-0.007627,0.003554,-0.000290,0.000000,0.000000,0.000000
10.787001,1,4.924597,0.865032,0.173881,-0.000632,0.003597,0.000730,0.000000,0.000000,0.000000
10.787001,2,7.908846,0.641889,0.000000,0.000000,-0.000000,0.000000,0.000000,0.000000,0.000000
10.787001,3,8.159206,2.142450,-0.003499,-0.007627,0.003554,-0.000290,0.000000,0.000000,0.000000
10.795001,1,4.924597,0.865032,0.173881,-0.000632,0.003597,0.000730,0.000000,0.000000,0.000000
10.795001,2,7.908846,0.641889,0.000000,0.000000,-0.000000,0.000000,0.000000,0.000000,0.000000
10.795001,3,8.159145,2.142439,-0.003501,-0.007627,0.003554,-0.000290,0.000000,0.000000,0.000000
10.804001,1,4.924597,0.865032,0.173881,-0.000632,0.003596,0.000730,0.000000,0.000000,0.000000
10.804001,2,7.908846,0.641889,0.000000,0.000000,-0.000000,0.000000,0.000000,0.000000,0.000000
10.804001,3,8.159077,2.142426,-0.003504,-0.007626,0.003553,-0.000290,0.000000,0.000000,0.000000
10.812001,1,4.924597,0.865032,0.173881,-0.000632,0.003595,0.000730,0.000000,0.000000,0.000000
10.812001,2,7.908846,0.641889,0.000000,0.000000,-0.000000,0.000000,0.000000,0.000000,0.000000
10.812001,3,8.159016,2.142414,-0.003506,-0.007626,0.003552,-0.000290,0.000000,0.000000,0.000000
10.821001,1,4.924597,0.865032,0.173881,-0.000632,0.003595,0.000730,0.000000,0.000000,0.000000
10.821001,2,7.908846,0.641889,0.000000,0.000000,-0.000000,0.000000,0.000000,0.000000,0.000000
10.821001,3,8.158947,2.142401,-0.003509,-0.007626,0.003552,-0.000290,0.000000,0.000000,0.000000
10.829001,1,4.924597,0.865032,0.173881,-0.000632,0.003595,0.000730,0.000000,0.000000,0.000000
10.829001,2,7.908846,0.641889,0.000000,0.000000,-0.000000,0.000000,0.000000,0.000000,0.000000
10.829001,3,8.158886,2.142390,-0.003511,-0.007626,0.003552,-0.000290,0.000000,0.000000,0.000000
10.838001,1,4.924597,0.865032,0.173881,-0.000632,0.003596,0.000730,0.000000,0.000000,0.000000
10.838001,2,7.908846,0.641889,0.000000,0.000000,-0.000000,0.000000,0.000000,0.000000,0.000000
10.838001,3,8.158817,2.142377,-0.003514,-0.007626,0.003552,-0.000290,0.000000,0.000000,0.000000
10.847001,1,4.924597,0.865032,0.173881,-0.000632,0.003596,0.000730,0.000000,0.000000,0.000000
10.847001,2,7.908846,0.641889,0.000000,0.000000,-0.000000,0.000000,0.000000,0.000000,0.000000
10.847001,3,8.158749,2.142364,-0.003517,-0.007626,0.003552,-0.000290,0.000000,0.000000,0.000000
10.854001,1,4.924597,0.865032,0.173881,-0.000632,0.003596,0.000730,0.000000,0.000000,0.000000
10.854001,2,7.908846,0.641889,0.000000,0.000000,-0.000000,0.000000,0.000000,0.000000,0.000000
10.854001,3,8.158695,2.142354,-0.003519,-0.007626,0.003552,-0.000290,0.000000,0.000000,0.000000
10.862001,1,4.924597,0.865032,0.173881,-0.000632,0.003596,0.000730,0.000000,0.000000,0.000000
10.862001,2,7.908846,0.641889,0.000000,0.000000,-0.000000,0.000000,0.000000,0.000000,0.000000
10.862001,3,8.158634,2.142343,-0.003521,-0.007626,0.003552,-0.000290,0.000000,0.000000,0.000000
10.871001,1,4.924597,0.865032,0.173881,-0.000632,0.003596,0.000730,0.000000,0.000000,0.000000
10.871001,2,7.908846,0.641889,0.000000,0.000000,-0.000000,0.000000,0.000000,0.000000,0.000000
10.871001,3,8.158566,2.142330,-0.003523,-0.007626,0.003553,-0.000290,0.000000,0.000000,0.000000
10.880001,1,4.924597,0.865032,0.173881,-0.000632,0.003596,0.000730,0.000000,0.000000,0.000000
10.880001,2,7.908846,0.641889,0.000000,0.000000,-0.000000,0.000000,0.000000,0.000000,0.000000
10.880001,3,8.158497,2.142317,-0.003526,-0.007626,0.003553,-0.000290,0.000000,0.000000,0.000000
10.887001,1,4.924597,0.865032,0.173881,-0.000632,0.003596,0.000730,0.000000,0.000000,0.000000
10.887001,2,7.908846,0.641889,0.000000,0.000000,-0.000000,0.000000,0.000000,0.000000,0.000000
10.887001,3,8.158443,2.142307,-0.003528,-0.007626,0.003553,-0.000290,0.000000,0.000000,0.000000
10.895001,1,4.924597,0.865032,0.173881,-0.000632,0.003596,0.000730,0.000000,0.000000,0.000000
10.895001,2,7.908846,0.641889,0.000000,0.000000,-0.000000,0.000000,0.000000,0.000000,0.000000
10.895001,3,8.158382,2.142296,-0.003530,-0.007626,0.003553,-0.000290,0.000000,0.000000,0.000000
10.904001,1,4.924597,0.865032,0.173881,-0.000632,0.003596,0.000730,0.000000,0.000000,0.000000
10.904001,2,7.908846,0.641889,0.000000,0.000000,-0.000000,0.000000,0.000000,0.000000,0.000000
10.904001,3,8.158314,2.142283,-0.003533,-0.007626,0.003553,-0.000290,0.000000,0.000000,0.000000
10.912001,1,4.924597,0.865032,0.173881,-0.000632,0.003596,0.000730,0.000000,0.000000,0.000000
10.912001,2,7.908846,0.641889,0.000000,0.000000,-0.000000,0.000000,0.000000,0.000000,0.000000
10.912001,3,8.158253,2.142271,-0.003535,-0.007626,0.003553,-0.000290,0.000000,0.000000,0.000000
10.921001,1,4.924597,0.865032,0.173881,-0.000632,0.003596,0.000730,0.000000,0.000000,0.000000
10.921001,2,7.908846,0.641889,0.000000,0.000000,-0.000000,0.000000,0.000000,0.000000,0.000000
10.921001,3,8.158184,2.142258,-0.003538,-0.007627,0.003553,-0.000290,0.000000,0.000000,0.000000
10.929001,1,4.924597,0.865032,0.173881,-0.000632,0.003596,0.000730,0.000000,0.000000,0.000000
10.929001,2,7.908846,0.641889,0.000000,0.000000,-0.000000,0.000000,0.000000,0.000000,0.000000
10.929001,3,8.158123,2.142247,-0.003540,-0.007627,0.003554,-0.000290,0.000000,0.000000,0.000000
10.937001,1,4.924597,0.865032,0.173881,-0.000632,0.003596,0.000730,0.000000,0.000000,0.000000
10.937001,2,7.908846,0.641889,0.000000,0.000000,-0.000000,0.000000,0.000000,0.000000,0.000000
10.937001,3,8.158062,2.142236,-0.003543,-0.007627,0.003554,-0.000290,0.000000,0.000000,0.000000
10.945001,1,4.924597,0.865032,0.173881,-0.000632,0.003596,0.000730,0.000000,0.000000,0.000000
10.945001,2,7.908846,0.641889,0.000000,0.000000,-0.000000,0.000000,0.000000,0.000000,0.000000
10.945001,3,8.158001,2.142224,-0.003545,-0.007627,0.003554,-0.000290,0.000000,0.000000,0.000000
10.954001,1,4.924597,0.865032,0.173881,-0.000632,0.003596,0.000730,0.000000,0.000000,0.000000
10.954001,2,7.908846,0.641889,0.000000,0.000000,-0.000000,0.000000,0.000000,0.000000,0.000000
10.954001,3,8.157932,2.142211,-0.003548,-0.007627,0.003554,-0.000290,0.000000,0.000000,0.000000
10.962001,1,4.924597,0.865032,0.173881,-0.000632,0.003596,0.000730,0.000000,0.000000,0.000000
10.962001,2,7.908846,0.641889,0.000000,0.000000,-0.000000,0.000000,0.000000,0.000000,0.000000
10.962001,3,8.157871,2.142200,-0.003550,-0.007627,0.003554,-0.000290,0.000000,0.000000,0.000000
10.972001,1,4.924597,0.865032,0.173881,-0.000632,0.003597,0.000730,0.000000,0.000000,0.000000
10.972001,2,7.908846,0.641889,0.000000,0.000000,-0.000000,0.000000,0.000000,0.000000,0.000000
10.972001,3,8.157795,2.142185,-0.003553,-0.007627,0.003554,-0.000290,0.000000,0.000000,0.000000
10.979001,1,4.924597,0.865032,0.173881,-0.000632,0.003597,0.000730,0.000000,0.000000,0.000000
10.979001,2,7.908846,0.641889,0.000000,0.000000,-0.000000,0.000000,0.000000,0.000000,0.000000
10.979001,3,8.157742,2.142175,-0.003555,-0.007627,0.003554,-0.000290,0.000000,0.000000,0.000000
10.987001,1,4.924597,0.865032,0.173881,-0.000632,0.003597,0.000730,0.000000,0.000000,0.000000
10.987001,2,7.908846,0.641889,0.000000,0.000000,-0.000000,0.000000,0.000000,0.000000,0.000000
10.987001,3,8.157681,2.142164,-0.003557,-0.007627,0.003555,-0.000290,0.000000,0.000000,0.000000
10.995001,1,4.924597,0.865032,0.173881,-0.000632,0.003597,0.000730,0.000000,0.000000,0.000000
10.995001,2,7.908846,0.641889,0.000000,0.000000,-0.000000,0.000000,0.000000,0.000000,0.000000
10.995001,3,8.157619,2.142153,-0.003559,-0.007627,0.003555,-0.000290,0.000000,0.000000,0.000000
11.004001,1,4.924597,0.865032,0.173881,-0.000632,0.003597,0.000730,0.000000,0.000000,0.000000
11.004001,2,7.908846,0.641889,0.000000,0.000000,-0.000000,0.000000,0.000000,0.000000,0.000000
11.004001,3,8.157551,2.142140,-0.003562,-0.007627,0.003555,-0.000290,0.000000,0.000000,0.000000
11.012001,1,4.924597,0.865032,0.173881,-0.000632,0.003597,0.000730,0.000000,0.000000,0.000000
11.012001,2,7.908846,0.641889,0.000000,0.000000,-0.000000,0.000000,0.000000,0.000000,0.000000
11.012001,3,8.157490,2.142128,-0.003564,-0.007627,0.003555,-0.000290,0.000000,0.000000,0.000000
11.020001,1,4.924597,0.865032,0.173881,-0.000632,0.003597,0.000730,0.000000,0.000000,0.000000
11.020001,2,7.908846,0.641889,0.000000,0.000000,-0.000000,0.000000,0.000000,0.000000,0.000000
11.020001,3,8.157429,2.142117,-0.003567,-0.007627,0.003555,-0.000290,0.000000,0.000000,0.000000
11.029001,1,4.924597,0.865032,0.173881,-0.000632,0.003597,0.000730,0.000000,0.000000,0.000000
11.029001,2,7.908846,0.641889,0.000000,0.000000,-0.000000,0.000000,0.000000,0.000000,0.000000
11.029001,3,8.157360,2.142104,-0.003569,-0.007627,0.003555,-0.000290,0.000000,0.000000,0.000000
11.037001,1,4.924597,0.865032,0.173881,-0.000632,0.003597,0.000730,0.000000,0.000000,0.000000
11.037001,2,7.908846,0.641889,0.000000,0.000000,-0.000000,0.000000,0.000000,0.000000,0.000000
11.037001,3,8.157299,2.142092,-0.003572,-0.007627,0.003555,-0.000290,0.000000,0.000000,0.000000
11.045001,1,4.924597,0.865033,0.173881,-0.000632,0.003597,0.000730,0.000000,0.000000,0.000000
11.045001,2,7.908846,0.641889,0.000000,0.000000,-0.000000,0.000000,0.000000,0.000000,0.000000
11.045001,3,8.157238,2.142081,-0.003574,-0.007627,0.003555,-0.000290,0.000000,0.000000,0.000000
11.054001,1,4.924597,0.865033,0.173881,-0.000632,0.003596,0.000730,0.000000,0.000000,0.000000
11.054001,2,7.908846,0.641889,0.000000,0.000000,-0.000000,0.000000,0.000000,0.000000,0.000000
11.054001,3,8.157169,2.142068,-0.003577,-0.007626,0.003553,-0.000290,0.000000,0.000000,0.000000
11.062001,1,4.924597,0.865033,0.173881,-0.000632,0.003595,0.000730,0.000000,0.000000,0.000000
11.062001,2,7.908846,0.641889,0.000000,0.000000,-0.000000,0.000000,0.000000,0.000000,0.000000
11.062001,3,8.157108,2.142057,-0.003579,-0.007626,0.003553,-0.000290,0.000000,0.000000,0.000000
11.070001,1,4.924597,0.865033,0.173881,-0.000632,0.003595,0.000730,0.000000,0.000000,0.000000
11.070001,2,7.908846,0.641889,0.000000,0.000000,-0.000000,0.000000,0.000000,0.000000,0.000000
11.070001,3,8.157047,2.142045,-0.003581,-0.007626,0.003553,-0.000290,0.000000,0.000000,0.000000
11.079001,1,4.924597,0.865033,0.173881,-0.000632,0.003596,0.000730,0.000000,0.000000,0.000000
11.079001,2,7.908846,0.641889,0.000000,0.000000,-0.000000,0.000000,0.000000,0.000000,0.000000
11.079001,3,8.156979,2.142032,-0.003584,-0.007626,0.003553,-0.000290,0.000000,0.000000,0.000000
11.087001,1,4.924597,0.865033,0.173881,-0.000632,0.003596,0.000730,0.000000,0.000000,0.000000
11.087001,2,7.908846,0.641889,0.000000,0.000000,-0.000000,0.000000,0.000000,0.000000,0.000000
11.087001,3,8.156918,2.142021,-0.003586,-0.007626,0.003553,-0.000290,0.000000,0.000000,0.000000
11.095001,1,4.924597,0.865033,0.173881,-0.000632,0.003596,0.000730,0.000000,0.000000,0.000000
11.095001,2,7.908846,0.641889,0.000000,0.000000,-0.000000,0.000000,0.000000,0.000000,0.000000
11.095001,3,8.156857,2.142009,-0.003588,-0.007626,0.003553,-0.000290,0.000000,0.000000,0.000000
11.104001,1,4.924597,0.865033,0.173881,-0.000632,0.003596,0.000730,0.000000,0.000000,0.000000
11.104001,2,7.908846,0.641889,0.000000,0.000000,-0.000000,0.000000,0.000000,0.000000,0.000000
11.104001,3,8.156788,2.141997,-0.003591,-0.007627,0.003554,-0.000290,0.000000,0.000000,0.000000
11.112001,1,4.924597,0.865033,0.173881,-0.000632,0.003596,0.000730,0.000000,0.000000,0.000000
11.112001,2,7.908846,0.641889,0.000000,0.000000,-0.000000,0.000000,0.000000,0.000000,0.000000
11.112001,3,8.156727,2.141985,-0.003593,-0.007627,0.003554,-0.000290,0.000000,0.000000,0.000000
11.121001,1,4.924597,0.865033,0.173881,-0.000632,0.003596,0.000730,0.000000,0.000000,0.000000
11.121001,2,7.908846,0.641889,0.000000,0.000000,-0.000000,0.000000,0.000000,0.000000,0.000000
11.121001,3,8.156658,2.141972,-0.003596,-0.007627,0.003554,-0.000290,0.000000,0.000000,0.000000
11.129001,1,4.924597,0.865033,0.173881,-0.000632,0.003596,0.000730,0.000000,0.000000,0.000000
11.129001,2,7.908846,0.641889,0.000000,0.000000,-0.000000,0.000000,0.000000,0.000000,0.000000
11.129001,3,8.156597,2.141961,-0.003598,-0.007627,0.003554,-0.000290,0.000000,0.000000,0.000000
11.137001,1,4.924597,0.865033,0.173881,-0.000632,0.003596,0.000730,0.000000,0.000000,0.000000
11.137001,2,7.908846,0.641889,0.000000,0.000000,-0.000000,0.000000,0.000000,0.000000,0.000000
11.137001,3,8.156536,2.141949,-0.003601,-0.007627,0.003554,-0.000290,0.000000,0.000000,0.000000
11.146001,1,4.924597,0.865033,0.173881,-0.000632,0.003596,0.000730,0.000000,0.000000,0.000000
11.146001,2,7.908846,0.641889,0.000000,0.000000,-0.000000,0.000000,0.000000,0.000000,0.000000
11.146001,3,8.156467,2.141937,-0.003603,-0.007627,0.003554,-0.000290,0.000000,0.000000,0.000000
11.154001,1,4.924597,0.865033,0.173881,-0.000632,0.003596,0.000730,0.000000,0.000000,0.000000
11.154001,2,7.908846,0.641889,0.000000,0.000000,-0.000000,0.000000,0.000000,0.000000,0.000000
11.154001,3,8.156406,2.141925,-0.003605,-0.007627,0.003554,-0.000290,0.000000,0.000000,0.000000
11.163001,1,4.924597,0.865033,0.173881,-0.000632,0.003596,0.000730,0.000000,0.000000,0.000000
11.163001,2,7.908846,0.641889,0.000000,0.000000,-0.000000,0.000000,0.000000,0.000000,0.000000
11.163001,3,8.156338,2.141912,-0.003608,-0.007627,0.003555,-0.000290,0.000000,0.000000,0.000000
11.171001,1,4.924597,0.865033,0.173881,-0.000632,0.003596,0.000730,0.000000,0.000000,0.000000
11.171001,2,7.908846,0.641889,0.000000,0.000000,-0.000000,0.000000,0.000000,0.000000,0.000000
11.171001,3,8.156277,2.141901,-0.003610,-0.007627,0.003555,-0.000290,0.000000,0.000000,0.000000
11.179001,1,4.924597,0.865033,0.173881,-0.000632,0.003596,0.000730,0.000000,0.000000,0.000000
11.179001,2,7.908846,0.641889,0.000000,0.000000,-0.000000,0.000000,0.000000,0.000000,0.000000
11.179001,3,8.156216,2.141889,-0.003613,-0.007627,0.003555,-0.000289,0.000000,0.000000,0.000000
11.187001,1,4.924597,0.865033,0.173881,-0.000632,0.003596,0.000730,0.000000,0.000000,0.000000
11.187001,2,7.908846,0.641889,0.000000,0.000000,-0.000000,0.000000,0.000000,0.000000,0.000000
11.187001,3,8.156155,2.141878,-0.003615,-0.007627,0.003555,-0.000289,0.000000,0.000000,0.000000
11.196001,1,4.924597,0.865033,0.173881,-0.000632,0.003596,0.000730,0.000000,0.000000,0.000000
11.196001,2,7.908846,0.641889,0.000000,0.000000,-0.000000,0.000000,0.000000,0.000000,0.000000
11.196001,3,8.156086,2.141865,-0.003618,-0.007627,0.003555,-0.000289,0.000000,0.000000,0.000000
11.204001,1,4.924597,0.865033,0.173881,-0.000632,0.003597,0.000730,0.000000,0.000000,0.000000
11.204001,2,7.908846,0.641889,0.000000,0.000000,-0.000000,0.000000,0.000000,0.000000,0.000000
11.204001,3,8.156025,2.141854,-0.003620,-0.007627,0.003555,-0.000289,0.000000,0.000000,0.000000
11.212001,1,4.924597,0.865033,0.173881,-0.000632,0.003597,0.000730,0.000000,0.000000,0.000000
11.212001,2,7.908846,0.641889,0.000000,0.000000,-0.000000,0.000000,0.000000,0.000000,0.000000
11.212001,3,8.155964,2.141842,-0.003622,-0.007627,0.003555,-0.000289,0.000000,0.000000,0.000000
11.220001,1,4.924597,0.865033,0.173881,-0.000632,0.003597,0.000730,0.000000,0.000000,0.000000
11.220001,2,7.908846,0.641889,0.000000,0.000000,-0.000000,0.000000,0.000000,0.000000,0.000000
11.220001,3,8.155903,2.141831,-0.003625,-0.007627,0.003556,-0.000289,0.000000,0.000000,0.000000
11.229001,1,4.924597,0.865033,0.173881,-0.000632,0.003597,0.000730,0.000000,0.000000,0.000000
11.229001,2,7.908846,0.641889,0.000000,0.000000,-0.000000,0.000000,0.000000,0.000000,0.000000
11.229001,3,8.155834,2.141818,-0.003627,-0.007627,0.003556,-0.000289,0.000000,0.000000,0.000000
11.237001,1,4.924597,0.865033,0.173881,-0.000632,0.003597,0.000730,0.000000,0.000000,0.000000
11.237001,2,7.908846,0.641889,0.000000,0.000000,-0.000000,0.000000,0.000000,0.000000,0.000000
11.237001,3,8.155773,2.141806,-0.003630,-0.007627,0.003556,-0.000289,0.000000,0.000000,0.000000
11.246001,1,4.924597,0.865033,0.173881,-0.000632,0.003597,0.000730,0.000000,0.000000,0.000000
11.246001,2,7.908846,0.641889,0.000000,0.000000,-0.000000,0.000000,0.000000,0.000000,0.000000
11.246001,3,8.155704,2.141793,-0.003632,-0.007627,0.003556,-0.000289,0.000000,0.000000,0.000000
11.253001,1,4.924597,0.865033,0.173881,-0.000632,0.003597,0.000730,0.000000,0.000000,0.000000
11.253001,2,7.908846,0.641889,0.000000,0.000000,-0.000000,0.000000,0.000000,0.000000,0.000000
11.253001,3,8.155651,2.141783,-0.003634,-0.007627,0.003556,-0.000289,0.000000,0.000000,0.000000
11.263001,1,4.924597,0.865033,0.173881,-0.000632,0.003597,0.000730,0.000000,0.000000,0.000000
11.263001,2,7.908846,0.641889,0.000000,0.000000,-0.000000,0.000000,0.000000,0.000000,0.000000
11.263001,3,8.155575,2.141769,-0.003637,-0.007627,0.003556,-0.000289,0.000000,0.000000,0.000000
11.271001,1,4.924597,0.865033,0.173881,-0.000632,0.003597,0.000730,0.000000,0.000000,0.000000
11.271001,2,7.908846,0.641889,0.000000,0.000000,-0.000000,0.000000,0.000000,0.000000,0.000000
11.271001,3,8.155514,2.141758,-0.003639,-0.007627,0.003556,-0.000289,0.000000,0.000000,0.000000
11.280001,1,4.924597,0.865033,0.173881,-0.000632,0.003597,0.000730,0.000000,0.000000,0.000000
11.280001,2,7.908846,0.641889,0.000000,0.000000,-0.000000,0.000000,0.000000,0.000000,0.000000
11.280001,3,8.155445,2.141745,-0.003642,-0.007627,0.003557,-0.000289,0.000000,0.000000,0.000000
11.287001,1,4.924597,0.865033,0.173881,-0.000632,0.003597,0.000730,0.000000,0.000000,0.000000
11.287001,2,7.908846,0.641889,0.000000,0.000000,-0.000000,0.000000,0.000000,0.000000,0.000000
11.287001,3,8.155392,2.141735,-0.003644,-0.007627,0.003557,-0.000289,0.000000,0.000000,0.000000
11.296001,1,4.924597,0.865033,0.173881,-0.000632,0.003596,0.000730,0.000000,0.000000,0.000000
11.296001,2,7.908846,0.641889,0.000000,0.000000,-0.000000,0.000000,0.000000,0.000000,0.000000
11.296001,3,8.155323,2.141722,-0.003647,-0.007627,0.003554,-0.000289,0.000000,0.000000,0.000000
11.304001,1,4.924597,0.865033,0.173881,-0.000632,0.003595,0.000730,0.000000,0.000000,0.000000
11.304001,2,7.908846,0.641889,0.000000,0.000000,-0.000000,0.000000,0.000000,0.000000,0.000000
11.304001,3,8.155262,2.141711,-0.003649,-0.007627,0.003554,-0.000289,0.000000,0.000000,0.000000
11.312001,1,4.924597,0.865033,0.173881,-0.000632,0.003595,0.000730,0.000000,0.000000,0.000000
11.312001,2,7.908846,0.641889,0.000000,0.000000,-0.000000,0.000000,0.000000,0.000000,0.000000
11.312001,3,8.155201,2.141699,-0.003651,-0.007627,0.003554,-0.000289,0.000000,0.000000,0.000000
11.320001,1,4.924597,0.865033,0.173881,-0.000632,0.003596,0.000730,0.000000,0.000000,0.000000
11.320001,2,7.908846,0.641889,0.000000,0.000000,-0.000000,0.000000,0.000000,0.000000,0.000000
11.320001,3,8.155140,2.141688,-0.003654,-0.007627,0.003554,-0.000289,0.000000,0.000000,0.000000
11.329001,1,4.924597,0.865033,0.173881,-0.000632,0.003596,0.000730,0.000000,0.000000,0.000000
11.329001,2,7.908846,0.641889,0.000000,0.000000,-0.000000,0.000000,0.000000,0.000000,0.000000
11.329001,3,8.155071,2.141675,-0.003656,-0.007627,0.003554,-0.000289,0.000000,0.000000,0.000000
11.338001,1,4.924597,0.865033,0.173881,-0.000632,0.003596,0.000730,0.000000,0.000000,0.000000
11.338001,2,7.908846,0.641889,0.000000,0.000000,-0.000000,0.000000,0.000000,0.000000,0.000000
11.338001,3,8.155003,2.141662,-0.003659,-0.007627,0.003555,-0.000289,0.000000,0.000000,0.000000
11.345001,1,4.924597,0.865033,0.173881,-0.000632,0.003596,0.000730,0.000000,0.000000,0.000000
11.345001,2,7.908846,0.641889,0.000000,0.000000,-0.000000,0.000000,0.000000,0.000000,0.000000
11.345001,3,8.154949,2.141652,-0.003661,-0.007627,0.003555,-0.000289,0.000000,0.000000,0.000000
11.354001,1,4.924597,0.865033,0.173881,-0.000632,0.003596,0.000730,0.000000,0.000000,0.000000
11.354001,2,7.908846,0.641889,0.000000,0.000000,-0.000000,0.000000,0.000000,0.000000,0.000000
11.354001,3,8.154881,2.141639,-0.003663,-0.007627,0.003555,-0.000289,0.000000,0.000000,0.000000
11.362001,1,4.924597,0.865033,0.173881,-0.000632,0.003596,0.000730,0.000000,0.000000,0.000000
11.362001,2,7.908846,0.641889,0.000000,0.000000,-0.000000,0.000000,0.000000,0.000000,0.000000
11.362001,3,8.154819,2.141628,-0.003666,-0.007627,0.003555,-0.000289,0.000000,0.000000,0.000000
11.372001,1,4.924597,0.865033,0.173881,-0.000632,0.003596,0.000730,0.000000,0.000000,0.000000
11.372001,2,7.908846,0.641889,0.000000,0.000000,-0.000000,0.000000,0.000000,0.000000,0.000000
11.372001,3,8.154743,2.141613,-0.003669,-0.007627,0.003555,-0.000289,0.000000,0.000000,0.000000
11.380001,1,4.924597,0.865033,0.173881,-0.000632,0.003596,0.000730,0.000000,0.000000,0.000000
11.380001,2,7.908846,0.641889,0.000000,0.000000,-0.000000,0.000000,0.000000,0.000000,0.000000
11.380001,3,8.154682,2.141602,-0.003671,-0.007627,0.003555,-0.000289,0.000000,0.000000,0.000000
11.388001,1,4.924597,0.865033,0.173881,-0.000632,0.003596,0.000730,0.000000,0.000000,0.000000
11.388001,2,7.908846,0.641889,0.000000,0.000000,-0.000000,0.000000,0.000000,0.000000,0.000000
11.388001,3,8.154621,2.141590,-0.003673,-0.007627,0.003555,-0.000289,0.000000,0.000000,0.000000
11.396001,1,4.924597,0.865033,0.173881,-0.000632,0.003596,0.000730,0.000000,0.000000,0.000000
11.396001,2,7.908846,0.641889,0.000000,0.000000,-0.000000,0.000000,0.000000,0.000000,0.000000
11.396001,3,8.154560,2.141579,-0.003676,-0.007627,0.003556,-0.000289,0.000000,0.000000,0.000000
11.404001,1,4.924597,0.865033,0.173881,-0.000632,0.003596,0.000730,0.000000,0.000000,0.000000
11.404001,2,7.908846,0.641889,0.000000,0.000000,-0.000000,0.000000,0.000000,0.000000,0.000000
11.404001,3,8.154499,2.141567,-0.003678,-0.007627,0.003556,-0.000289,0.000000,0.000000,0.000000
11.413001,1,4.924597,0.865033,0.173881,-0.000632,0.003596,0.000730,0.000000,0.000000,0.000000
11.413001,2,7.908846,0.641889,0.000000,0.000000,-0.000000,0.000000,0.000000,0.000000,0.000000
11.413001,3,8.154430,2.141555,-0.003680,-0.007627,0.003556,-0.000289,0.000000,0.000000,0.000000
11.421001,1,4.924597,0.865033,0.173881,-0.000632,0.003596,0.000730,0.000000,0.000000,0.000000
11.421001,2,7.908846,0.641889,0.000000,0.000000,-0.000000,0.000000,0.000000,0.000000,0.000000
11.421001,3,8.154369,2.141543,-0.003683,-0.007627,0.003556,-0.000289,0.000000,0.000000,0.000000
11.429001,1,4.924597,0.865033,0.173881,-0.000632,0.003596,0.000730,0.000000,0.000000,0.000000
11.429001,2,7.908846,0.641889,0.000000,0.000000,-0.000000,0.000000,0.000000,0.000000,0.000000
11.429001,3,8.154308,2.141532,-0.003685,-0.007627,0.003556,-0.000289,0.000000,0.000000,0.000000
11.438001,1,4.924597,0.865033,0.173881,-0.000632,0.003596,0.000730,0.000000,0.000000,0.000000
11.438001,2,7.908846,0.641889,0.000000,0.000000,-0.000000,0.000000,0.000000,0.000000,0.000000
11.438001,3,8.154240,2.141519,-0.003688,-0.007627,0.003556,-0.000289,0.000000,0.000000,0.000000
11.446001,1,4.924597,0.865033,0.173881,-0.000632,0.003596,0.000730,0.000000,0.000000,0.000000
11.446001,2,7.908846,0.641889,0.000000,0.000000,-0.000000,0.000000,0.000000,0.000000,0.000000
11.446001,3,8.154179,2.141507,-0.003690,-0.007627,0.003556,-0.000289,0.000000,0.000000,0.000000
11.454001,1,4.924597,0.865033,0.173881,-0.000632,0.003597,0.000730,0.000000,0.000000,0.000000
11.454001,2,7.908846,0.641889,0.000000,0.000000,-0.000000,0.000000,0.000000,0.000000,0.000000
11.454001,3,8.154118,2.141496,-0.003692,-0.007627,0.003557,-0.000289,0.000000,0.000000,0.000000
11.463001,1,4.924597,0.865033,0.173881,-0.000632,0.003597,0.000730,0.000000,0.000000,0.000000
11.463001,2,7.908846,0.641889,0.000000,0.000000,-0.000000,0.000000,0.000000,0.000000,0.000000
11.463001,3,8.154049,2.141483,-0.003695,-0.007627,0.003557,-0.000289,0.000000,0.000000,0.000000
11.471001,1,4.924597,0.865033,0.173881,-0.000632,0.003597,0.000730,0.000000,0.000000,0.000000
11.471001,2,7.908846,0.641889,0.000000,0.000000,-0.000000,0.000000,0.000000,0.000000,0.000000
11.471001,3,8.153988,2.141472,-0.003697,-0.007627,0.003557,-0.000289,0.000000,0.000000,0.000000
11.480001,1,4.924597,0.865033,0.173881,-0.000632,0.003597,0.000730,0.000000,0.000000,0.000000
11.480001,2,7.908846,0.641889,0.000000,0.000000,-0.000000,0.000000,0.000000,0.000000,0.000000
11.480001,3,8.153919,2.141459,-0.003700,-0.007627,0.003557,-0.000289,0.000000,0.000000,0.000000
11.488001,1,4.924597,0.865033,0.173881,-0.000632,0.003597,0.000730,0.000000,0.000000,0.000000
11.488001,2,7.908846,0.641889,0.000000,0.000000,-0.000000,0.000000,0.000000,0.000000,0.000000
11.488001,3,8.153858,2.141447,-0.003702,-0.007628,0.003558,-0.000289,0.000000,0.000000,0.000000
11.496001,1,4.924597,0.865033,0.173881,-0.000632,0.003597,0.000730,0.000000,0.000000,0.000000
11.496001,2,7.908846,0.641889,0.000000,0.000000,-0.000000,0.000000,0.000000,0.000000,0.000000
11.496001,3,8.153797,2.141436,-0.003704,-0.007628,0.003557,-0.000289,0.000000,0.000000,0.000000
11.504001,1,4.924597,0.865033,0.173881,-0.000632,0.003597,0.000730,0.000000,0.000000,0.000000
11.504001,2,7.908846,0.641889,0.000000,0.000000,-0.000000,0.000000,0.000000,0.000000,0.000000
11.504001,3,8.153736,2.141424,-0.003707,-0.007628,0.003558,-0.000289,0.000000,0.000000,0.000000
11.513001,1,4.924597,0.865033,0.173881,-0.000632,0.003597,0.000730,0.000000,0.000000,0.000000
11.513001,2,7.908846,0.641889,0.000000,0.000000,-0.000000,0.000000,0.000000,0.000000,0.000000
11.513001,3,8.153667,2.141412,-0.003709,-0.007628,0.003558,-0.000289,0.000000,0.000000,0.000000
11.521001,1,4.924597,0.865033,0.173881,-0.000632,0.003597,0.000730,0.000000,0.000000,0.000000
11.521001,2,7.908846,0.641889,0.000000,0.000000,-0.000000,0.000000,0.000000,0.000000,0.000000
11.521001,3,8.153606,2.141400,-0.003712,-0.007628,0.003558,-0.000289,0.000000,0.000000,0.000000
11.530001,1,4.924597,0.865033,0.173881,-0.000632,0.003596,0.000730,0.000000,0.000000,0.000000
11.530001,2,7.908846,0.641889,0.000000,0.000000,-0.000000,0.000000,0.000000,0.000000,0.000000
11.530001,3,8.153538,2.141387,-0.003714,-0.007627,0.003555,-0.000289,0.000000,0.000000,0.000000
11.538001,1,4.924597,0.865033,0.173881,-0.000632,0.003595,0.000730,0.000000,0.000000,0.000000
11.538001,2,7.908846,0.641889,0.000000,0.000000,-0.000000,0.000000,0.000000,0.000000,0.000000
11.538001,3,8.153477,2.141376,-0.003717,-0.007627,0.003555,-0.000289,0.000000,0.000000,0.000000
11.546001,1,4.924597,0.865033,0.173881,-0.000632,0.003595,0.000730,0.000000,0.000000,0.000000
11.546001,2,7.908846,0.641889,0.000000,0.000000,-0.000000,0.000000,0.000000,0.000000,0.000000
11.546001,3,8.153416,2.141364,-0.003719,-0.007627,0.003555,-0.000289,0.000000,0.000000,0.000000
11.554001,1,4.924597,0.865033,0.173881,-0.000632,0.003596,0.000730,0.000000,0.000000,0.000000
11.554001,2,7.908846,0.641889,0.000000,0.000000,-0.000000,0.000000,0.000000,0.000000,0.000000
11.554001,3,8.153355,2.141353,-0.003721,-0.007627,0.003555,-0.000289,0.000000,0.000000,0.000000
11.562001,1,4.924597,0.865033,0.173881,-0.000632,0.003596,0.000730,0.000000,0.000000,0.000000
11.562001,2,7.908846,0.641889,0.000000,0.000000,-0.000000,0.000000,0.000000,0.000000,0.000000
11.562001,3,8.153294,2.141341,-0.003723,-0.007627,0.003555,-0.000289,0.000000,0.000000,0.000000
11.571001,1,4.924597,0.865033,0.173881,-0.000632,0.003596,0.000730,0.000000,0.000000,0.000000
11.571001,2,7.908846,0.641889,0.000000,0.000000,-0.000000,0.000000,0.000000,0.000000,0.000000
11.571001,3,8.153225,2.141329,-0.003726,-0.007627,0.003556,-0.000289,0.000000,0.000000,0.000000
11.579001,1,4.924597,0.865033,0.173881,-0.000632,0.003596,0.000730,0.000000,0.000000,0.000000
11.579001,2,7.908846,0.641889,0.000000,0.000000,-0.000000,0.000000,0.000000,0.000000,0.000000
11.579001,3,8.153164,2.141317,-0.003728,-0.007627,0.003556,-0.000289,0.000000,0.000000,0.000000
11.587001,1,4.924597,0.865033,0.173881,-0.000632,0.003596,0.000730,0.000000,0.000000,0.000000
11.587001,2,7.908846,0.641889,0.000000,0.000000,-0.000000,0.000000,0.000000,0.000000,0.000000
11.587001,3,8.153103,2.141306,-0.003731,-0.007627,0.003556,-0.000289,0.000000,0.000000,0.000000
11.597001,1,4.924597,0.865033,0.173881,-0.000632,0.003596,0.000730,0.000000,0.000000,0.000000
11.597001,2,7.908846,0.641889,0.000000,0.000000,-0.000000,0.000000,0.000000,0.000000,0.000000
11.597001,3,8.153027,2.141291,-0.003734,-0.007627,0.003556,-0.000289,0.000000,0.000000,0.000000
11.604001,1,4.924597,0.865033,0.173881,-0.000632,0.003596,0.000730,0.000000,0.000000,0.000000
11.604001,2,7.908846,0.641889,0.000000,0.000000,-0.000000,0.000000,0.000000,0.000000,0.000000
11.604001,3,8.152973,2.141281,-0.003736,-0.007627,0.003556,-0.000289,0.000000,0.000000,0.000000
11.612001,1,4.924597,0.865033,0.173881,-0.000632,0.003596,0.000730,0.000000,0.000000,0.000000
11.612001,2,7.908846,0.641889,0.000000,0.000000,-0.000000,0.000000,0.000000,0.000000,0.000000
11.612001,3,8.152912,2.141270,-0.003738,-0.007627,0.003556,-0.000289,0.000000,0.000000,0.000000
11.621001,1,4.924597,0.865033,0.173881,-0.000632,0.003596,0.000730,0.000000,0.000000,0.000000
11.621001,2,7.908846,0.641889,0.000000,0.000000,-0.000000,0.000000,0.000000,0.000000,0.000000
11.621001,3,8.152843,2.141257,-0.003741,-0.007627,0.003556,-0.000289,0.000000,0.000000,0.000000
11.631001,1,4.924597,0.865033,0.173881,-0.000632,0.003596,0.000730,0.000000,0.000000,0.000000
11.631001,2,7.908846,0.641889,0.000000,0.000000,-0.000000,0.000000,0.000000,0.000000,0.000000
11.631001,3,8.152767,2.141243,-0.003743,-0.007627,0.003557,-0.000289,0.000000,0.000000,0.000000
11.637001,1,4.924597,0.865033,0.173881,-0.000632,0.003596,0.000730,0.000000,0.000000,0.000000
11.637001,2,7.908846,0.641889,0.000000,0.000000,-0.000000,0.000000,0.000000,0.000000,0.000000
11.637001,3,8.152721,2.141234,-0.003745,-0.007627,0.003557,-0.000289,0.000000,0.000000,0.000000
11.646001,1,4.924597,0.865033,0.173881,-0.000632,0.003596,0.000730,0.000000,0.000000,0.000000
11.646001,2,7.908846,0.641889,0.000000,0.000000,-0.000000,0.000000,0.000000,0.000000,0.000000
11.646001,3,8.152653,2.141221,-0.003748,-0.007627,0.003557,-0.000289,0.000000,0.000000,0.000000
11.654001,1,4.924597,0.865033,0.173881,-0.000632,0.003596,0.000730,0.000000,0.000000,0.000000
11.654001,2,7.908846,0.641889,0.000000,0.000000,-0.000000,0.000000,0.000000,0.000000,0.000000
11.654001,3,8.152592,2.141210,-0.003750,-0.007627,0.003557,-0.000289,0.000000,0.000000,0.000000
11.662001,1,4.924597,0.865033,0.173881,-0.000632,0.003596,0.000730,0.000000,0.000000,0.000000
11.662001,2,7.908846,0.641889,0.000000,0.000000,-0.000000,0.000000,0.000000,0.000000,0.000000
11.662001,3,8.152531,2.141198,-0.003752,-0.007627,0.003557,-0.000289,0.000000,0.000000,0.000000
11.671001,1,4.924597,0.865033,0.173881,-0.000632,0.003596,0.000730,0.000000,0.000000,0.000000
11.671001,2,7.908846,0.641889,0.000000,0.000000,-0.000000,0.000000,0.000000,0.000000,0.000000
11.671001,3,8.152462,2.141186,-0.003755,-0.007628,0.003557,-0.000289,0.000000,0.000000,0.000000
11.679001,1,4.924597,0.865033,0.173881,-0.000632,0.003596,0.000730,0.000000,0.000000,0.000000
11.679001,2,7.908846,0.641889,0.000000,0.000000,-0.000000,0.000000,0.000000,0.000000,0.000000
11.679001,3,8.152401,2.141174,-0.003757,-0.007628,0.003557,-0.000289,0.000000,0.000000,0.000000
11.687001,1,4.924597,0.865033,0.173881,-0.000632,0.003597,0.000730,0.000000,0.000000,0.000000
11.687001,2,7.908846,0.641889,0.000000,0.000000,-0.000000,0.000000,0.000000,0.000000,0.000000
11.687001,3,8.152340,2.141163,-0.003760,-0.007628,0.003558,-0.000289,0.000000,0.000000,0.000000
11.696001,1,4.924597,0.865033,0.173881,-0.000632,0.003597,0.000730,0.000000,0.000000,0.000000
11.696001,2,7.908846,0.641889,0.000000,0.000000,-0.000000,0.000000,0.000000,0.000000,0.000000
11.696001,3,8.152271,2.141150,-0.003762,-0.007628,0.003558,-0.000289,0.000000,0.000000,0.000000
11.704001,1,4.924597,0.865033,0.173881,-0.000632,0.003597,0.000730,0.000000,0.000000,0.000000
11.704001,2,7.908846,0.641889,0.000000,0.000000,-0.000000,0.000000,0.000000,0.000000,0.000000
11.704001,3,8.152210,2.141138,-0.003764,-0.007628,0.003558,-0.000289,0.000000,0.000000,0.000000
11.714001,1,4.924597,0.865033,0.173881,-0.000632,0.003597,0.000730,0.000000,0.000000,0.000000
11.714001,2,7.908846,0.641889,0.000000,0.000000,-0.000000,0.000000,0.000000,0.000000,0.000000
11.714001,3,8.152134,2.141124,-0.003767,-0.007628,0.003558,-0.000289,0.000000,0.000000,0.000000
11.720001,1,4.924597,0.865033,0.173881,-0.000632,0.003597,0.000730,0.000000,0.000000,0.000000
11.720001,2,7.908846,0.641889,0.000000,0.000000,-0.000000,0.000000,0.000000,0.000000,0.000000
11.720001,3,8.152088,2.141115,-0.003769,-0.007628,0.003558,-0.000289,0.000000,0.000000,0.000000
11.730001,1,4.924597,0.865033,0.173881,-0.000632,0.003597,0.000730,0.000000,0.000000,0.000000
11.730001,2,7.908846,0.641889,0.000000,0.000000,-0.000000,0.000000,0.000000,0.000000,0.000000
11.730001,3,8.152012,2.141101,-0.003772,-0.007628,0.003558,-0.000288,0.000000,0.000000,0.000000
11.738001,1,4.924597,0.865033,0.173881,-0.000632,0.003597,0.000730,0.000000,0.000000,0.000000
11.738001,2,7.908846,0.641889,0.000000,0.000000,-0.000000,0.000000,0.000000,0.000000,0.000000
11.738001,3,8.151951,2.141090,-0.003774,-0.007628,0.003559,-0.000288,0.000000,0.000000,0.000000
11.746001,1,4.924597,0.865033,0.173881,-0.000632,0.003597,0.000730,0.000000,0.000000,0.000000
11.746001,2,7.908846,0.641889,0.000000,0.000000,-0.000000,0.000000,0.000000,0.000000,0.000000
11.746001,3,8.151890,2.141078,-0.003777,-0.007628,0.003559,-0.000288,0.000000,0.000000,0.000000
11.754001,1,4.924597,0.865033,0.173881,-0.000632,0.003597,0.000730,0.000000,0.000000,0.000000
11.754001,2,7.908846,0.641889,0.000000,0.000000,-0.000000,0.000000,0.000000,0.000000,0.000000
11.754001,3,8.151829,2.141067,-0.003779,-0.007628,0.003559,-0.000288,0.000000,0.000000,0.000000
11.763001,1,4.924597,0.865033,0.173881,-0.000632,0.003597,0.000730,0.000000,0.000000,0.000000
11.763001,2,7.908846,0.641889,0.000000,0.000000,-0.000000,0.000000,0.000000,0.000000,0.000000
11.763001,3,8.151760,2.141054,-0.003781,-0.007628,0.003559,-0.000288,0.000000,0.000000,0.000000
11.771001,1,4.924597,0.865033,0.173881,-0.000632,0.003596,0.000730,0.000000,0.000000,0.000000
11.771001,2,7.908846,0.641889,0.000000,0.000000,-0.000000,0.000000,0.000000,0.000000,0.000000
11.771001,3,8.151699,2.141042,-0.003784,-0.007627,0.003557,-0.000289,0.000000,0.000000,0.000000
11.779001,1,4.924597,0.865033,0.173881,-0.000632,0.003595,0.000730,0.000000,0.000000,0.000000
11.779001,2,7.908846,0.641889,0.000000,0.000000,-0.000000,0.000000,0.000000,0.000000,0.000000
11.779001,3,8.151638,2.141031,-0.003786,-0.007627,0.003556,-0.000289,0.000000,0.000000,0.000000
11.787001,1,4.924597,0.865033,0.173881,-0.000632,0.003595,0.000730,0.000000,0.000000,0.000000
11.787001,2,7.908846,0.641889,0.000000,0.000000,-0.000000,0.000000,0.000000,0.000000,0.000000
11.787001,3,8.151577,2.141020,-0.003788,-0.007627,0.003556,-0.000289,0.000000,0.000000,0.000000
11.796001,1,4.924597,0.865033,0.173881,-0.000632,0.003596,0.000730,0.000000,0.000000,0.000000
11.796001,2,7.908846,0.641889,0.000000,0.000000,-0.000000,0.000000,0.000000,0.000000,0.000000
11.796001,3,8.151508,2.141007,-0.003791,-0.007627,0.003556,-0.000289,0.000000,0.000000,0.000000
11.804001,1,4.924597,0.865033,0.173881,-0.000632,0.003596,0.000730,0.000000,0.000000,0.000000
11.804001,2,7.908846,0.641889,0.000000,0.000000,-0.000000,0.000000,0.000000,0.000000,0.000000
11.804001,3,8.151447,2.140995,-0.003793,-0.007627,0.003557,-0.000289,0.000000,0.000000,0.000000
11.812001,1,4.924597,0.865033,0.173881,-0.000632,0.003596,0.000730,0.000000,0.000000,0.000000
11.812001,2,7.908846,0.641889,0.000000,0.000000,-0.000000,0.000000,0.000000,0.000000,0.000000
11.812001,3,8.151386,2.140984,-0.003796,-0.007627,0.003557,-0.000289,0.000000,0.000000,0.000000
11.820001,1,4.924597,0.865033,0.173881,-0.000632,0.003596,0.000730,0.000000,0.000000,0.000000
11.820001,2,7.908846,0.641889,0.000000,0.000000,-0.000000,0.000000,0.000000,0.000000,0.000000
11.820001,3,8.151325,2.140972,-0.003798,-0.007627,0.003557,-0.000289,0.000000,0.000000,0.000000
11.829001,1,4.924597,0.865033,0.173881,-0.000632,0.003596,0.000730,0.000000,0.000000,0.000000
11.829001,2,7.908846,0.641889,0.000000,0.000000,-0.000000,0.000000,0.000000,0.000000,0.000000
11.829001,3,8.151257,2.140960,-0.003801,-0.007627,0.003557,-0.000289,0.000000,0.000000,0.000000
11.837001,1,4.924597,0.865033,0.173881,-0.000632,0.003596,0.000730,0.000000,0.000000,0.000000
11.837001,2,7.908846,0.641889,0.000000,0.000000,-0.000000,0.000000,0.000000,0.000000,0.000000
11.837001,3,8.151196,2.140948,-0.003803,-0.007627,0.003557,-0.000289,0.000000,0.000000,0.000000
11.845001,1,4.924597,0.865033,0.173881,-0.000632,0.003596,0.000730,0.000000,0.000000,0.000000
11.845001,2,7.908846,0.641889,0.000000,0.000000,-0.000000,0.000000,0.000000,0.000000,0.000000
11.845001,3,8.151134,2.140937,-0.003805,-0.007628,0.003557,-0.000289,0.000000,0.000000,0.000000
11.854001,1,4.924597,0.865033,0.173881,-0.000632,0.003596,0.000730,0.000000,0.000000,0.000000
11.854001,2,7.908846,0.641889,0.000000,0.000000,-0.000000,0.000000,0.000000,0.000000,0.000000
11.854001,3,8.151066,2.140924,-0.003808,-0.007628,0.003557,-0.000288,0.000000,0.000000,0.000000
11.863001,1,4.924597,0.865033,0.173881,-0.000632,0.003596,0.000730,0.000000,0.000000,0.000000
11.863001,2,7.908846,0.641889,0.000000,0.000000,-0.000000,0.000000,0.000000,0.000000,0.000000
11.863001,3,8.150997,2.140911,-0.003810,-0.007628,0.003558,-0.000288,0.000000,0.000000,0.000000
11.871001,1,4.924597,0.865033,0.173881,-0.000632,0.003596,0.000730,0.000000,0.000000,0.000000
11.871001,2,7.908846,0.641889,0.000000,0.000000,-0.000000,0.000000,0.000000,0.000000,0.000000
11.871001,3,8.150936,2.140899,-0.003813,-0.007628,0.003558,-0.000288,0.000000,0.000000,0.000000
11.879001,1,4.924597,0.865033,0.173881,-0.000632,0.003596,0.000730,0.000000,0.000000,0.000000
11.879001,2,7.908846,0.641889,0.000000,0.000000,-0.000000,0.000000,0.000000,0.000000,0.000000
11.879001,3,8.150875,2.140888,-0.003815,-0.007628,0.003558,-0.000288,0.000000,0.000000,0.000000
11.887001,1,4.924597,0.865033,0.173881,-0.000632,0.003596,0.000730,0.000000,0.000000,0.000000
11.887001,2,7.908846,0.641889,0.000000,0.000000,-0.000000,0.000000,0.000000,0.000000,0.000000
11.887001,3,8.150814,2.140877,-0.003817,-0.007628,0.003558,-0.000288,0.000000,0.000000,0.000000
11.896001,1,4.924597,0.865033,0.173881,-0.000632,0.003596,0.000730,0.000000,0.000000,0.000000
11.896001,2,7.908846,0.641889,0.000000,0.000000,-0.000000,0.000000,0.000000,0.000000,0.000000
11.896001,3,8.150745,2.140864,-0.003820,-0.007628,0.003558,-0.000288,0.000000,0.000000,0.000000
11.905001,1,4.924597,0.865033,0.173881,-0.000632,0.003596,0.000730,0.000000,0.000000,0.000000
11.905001,2,7.908846,0.641889,0.000000,0.000000,-0.000000,0.000000,0.000000,0.000000,0.000000
11.905001,3,8.150677,2.140851,-0.003822,-0.007628,0.003558,-0.000288,0.000000,0.000000,0.000000
11.912001,1,4.924597,0.865033,0.173881,-0.000632,0.003596,0.000730,0.000000,0.000000,0.000000
11.912001,2,7.908846,0.641889,0.000000,0.000000,-0.000000,0.000000,0.000000,0.000000,0.000000
11.912001,3,8.150623,2.140841,-0.003824,-0.007628,0.003558,-0.000288,0.000000,0.000000,0.000000
11.921001,1,4.924597,0.865033,0.173881,-0.000632,0.003596,0.000730,0.000000,0.000000,0.000000
11.921001,2,7.908846,0.641889,0.000000,0.000000,-0.000000,0.000000,0.000000,0.000000,0.000000
11.921001,3,8.150555,2.140828,-0.003827,-0.007628,0.003559,-0.000288,0.000000,0.000000,0.000000
11.929001,1,4.924597,0.865033,0.173881,-0.000632,0.003597,0.000730,0.000000,0.000000,0.000000
11.929001,2,7.908846,0.641889,0.000000,0.000000,-0.000000,0.000000,0.000000,0.000000,0.000000
11.929001,3,8.150494,2.140816,-0.003829,-0.007628,0.003559,-0.000288,0.000000,0.000000,0.000000
11.937001,1,4.924597,0.865033,0.173881,-0.000632,0.003597,0.000730,0.000000,0.000000,0.000000
11.937001,2,7.908846,0.641889,0.000000,0.000000,-0.000000,0.000000,0.000000,0.000000,0.000000
11.937001,3,8.150433,2.140805,-0.003832,-0.007628,0.003559,-0.000288,0.000000,0.000000,0.000000
11.946001,1,4.924597,0.865033,0.173881,-0.000632,0.003597,0.000730,0.000000,0.000000,0.000000
11.946001,2,7.908846,0.641889,0.000000,0.000000,-0.000000,0.000000,0.000000,0.000000,0.000000
11.946001,3,8.150364,2.140792,-0.003834,-0.007628,0.003559,-0.000288,0.000000,0.000000,0.000000
11.954001,1,4.924597,0.865033,0.173881,-0.000632,0.003597,0.000730,0.000000,0.000000,0.000000
11.954001,2,7.908846,0.641889,0.000000,0.000000,-0.000000,0.000000,0.000000,0.000000,0.000000
11.954001,3,8.150303,2.140781,-0.003837,-0.007628,0.003559,-0.000288,0.000000,0.000000,0.000000
11.962001,1,4.924597,0.865033,0.173881,-0.000632,0.003597,0.000730,0.000000,0.000000,0.000000
11.962001,2,7.908846,0.641889,0.000000,0.000000,-0.000000,0.000000,0.000000,0.000000,0.000000
11.962001,3,8.150242,2.140769,-0.003839,-0.007628,0.003559,-0.000288,0.000000,0.000000,0.000000
11.972001,1,4.924597,0.865033,0.173881,-0.000632,0.003597,0.000730,0.000000,0.000000,0.000000
11.972001,2,7.908846,0.641889,0.000000,0.000000,-0.000000,0.000000,0.000000,0.000000,0.000000
11.972001,3,8.150166,2.140755,-0.003842,-0.007628,0.003559,-0.000288,0.000000,0.000000,0.000000
11.980001,1,4.924597,0.865033,0.173881,-0.000632,0.003597,0.000730,0.000000,0.000000,0.000000
11.980001,2,7.908846,0.641889,0.000000,0.000000,-0.000000,0.000000,0.000000,0.000000,0.000000
11.980001,3,8.150105,2.140743,-0.003844,-0.007628,0.003560,-0.000288,0.000000,0.000000,0.000000
11.987001,1,4.924597,0.865033,0.173881,-0.000632,0.003597,0.000730,0.000000,0.000000,0.000000
11.987001,2,7.908846,0.641889,0.000000,0.000000,-0.000000,0.000000,0.000000,0.000000,0.000000
11.987001,3,8.150051,2.140733,-0.003846,-0.007628,0.003560,-0.000288,0.000000,0.000000,0.000000
11.996001,1,4.924597,0.865033,0.173881,-0.000632,0.003597,0.000730,0.000000,0.000000,0.000000
11.996001,2,7.908846,0.641889,0.000000,0.000000,-0.000000,0.000000,0.000000,0.000000,0.000000
11.996001,3,8.149982,2.140721,-0.003849,-0.007628,0.003560,-0.000288,0.000000,0.000000,0.000000
12.004001,1,4.924597,0.865033,0.173881,-0.000632,0.003597,0.000730,0.000000,0.000000,0.000000
12.004001,2,7.908846,0.641889,0.000000,0.000000,-0.000000,0.000000,0.000000,0.000000,0.000000
12.004001,3,8.149921,2.140709,-0.003851,-0.007628,0.003560,-0.000288,0.000000,0.000000,0.000000
12.012001,1,4.924597,0.865033,0.173881,-0.000632,0.003597,0.000730,0.000000,0.000000,0.000000
12.012001,2,7.908846,0.641889,0.000000,0.000000,-0.000000,0.000000,0.000000,0.000000,0.000000
12.012001,3,8.149860,2.140698,-0.003853,-0.007628,0.003560,-0.000288,0.000000,0.000000,0.000000
12.020001,1,4.924597,0.865033,0.173881,-0.000632,0.003596,0.000730,0.000000,0.000000,0.000000
12.020001,2,7.908846,0.641889,0.000000,0.000000,-0.000000,0.000000,0.000000,0.000000,0.000000
12.020001,3,8.149799,2.140686,-0.003856,-0.007628,0.003558,-0.000288,0.000000,0.000000,0.000000
12.029001,1,4.924597,0.865033,0.173881,-0.000632,0.003595,0.000730,0.000000,0.000000,0.000000
12.029001,2,7.908846,0.641889,0.000000,0.000000,-0.000000,0.000000,0.000000,0.000000,0.000000
12.029001,3,8.149731,2.140673,-0.003858,-0.007628,0.003557,-0.000288,0.000000,0.000000,0.000000
12.038001,1,4.924597,0.865033,0.173881,-0.000632,0.003596,0.000730,0.000000,0.000000,0.000000
12.038001,2,7.908846,0.641889,0.000000,0.000000,-0.000000,0.000000,0.000000,0.000000,0.000000
12.038001,3,8.149662,2.140661,-0.003861,-0.007628,0.003558,-0.000288,0.000000,0.000000,0.000000
12.046001,1,4.924597,0.865033,0.173881,-0.000632,0.003596,0.000730,0.000000,0.000000,0.000000
12.046001,2,7.908846,0.641889,0.000000,0.000000,-0.000000,0.000000,0.000000,0.000000,0.000000
12.046001,3,8.149601,2.140649,-0.003863,-0.007628,0.003558,-0.000288,0.000000,0.000000,0.000000
12.055001,1,4.924597,0.865033,0.173881,-0.000632,0.003596,0.000730,0.000000,0.000000,0.000000
12.055001,2,7.908846,0.641889,0.000000,0.000000,-0.000000,0.000000,0.000000,0.000000,0.000000
12.055001,3,8.149532,2.140636,-0.003866,-0.007628,0.003558,-0.000288,0.000000,0.000000,0.000000
12.063001,1,4.924597,0.865033,0.173881,-0.000632,0.003596,0.000730,0.000000,0.000000,0.000000
12.063001,2,7.908846,0.641889,0.000000,0.000000,-0.000000,0.000000,0.000000,0.000000,0.000000
12.063001,3,8.149471,2.140625,-0.003868,-0.007628,0.003558,-0.000288,0.000000,0.000000,0.000000
12.071001,1,4.924597,0.865033,0.173881,-0.000632,0.003596,0.000730,0.000000,0.000000,0.000000
12.071001,2,7.908846,0.641889,0.000000,0.000000,-0.000000,0.000000,0.000000,0.000000,0.000000
12.071001,3,8.149410,2.140613,-0.003870,-0.007628,0.003558,-0.000288,0.000000,0.000000,0.000000
12.080001,1,4.924597,0.865033,0.173881,-0.000632,0.003596,0.000730,0.000000,0.000000,0.000000
12.080001,2,7.908846,0.641889,0.000000,0.000000,-0.000000,0.000000,0.000000,0.000000,0.000000
12.080001,3,8.149342,2.140600,-0.003873,-0.007628,0.003558,-0.000288,0.000000,0.000000,0.000000
12.087001,1,4.924597,0.865033,0.173881,-0.000632,0.003596,0.000730,0.000000,0.000000,0.000000
12.087001,2,7.908846,0.641889,0.000000,0.000000,-0.000000,0.000000,0.000000,0.000000,0.000000
12.087001,3,8.149288,2.140590,-0.003875,-0.007628,0.003558,-0.000288,0.000000,0.000000,0.000000
12.096001,1,4.924597,0.865033,0.173881,-0.000632,0.003596,0.000730,0.000000,0.000000,0.000000
12.096001,2,7.908846,0.641889,0.000000,0.000000,-0.000000,0.000000,0.000000,0.000000,0.000000
12.096001,3,8.149220,2.140578,-0.003877,-0.007628,0.003559,-0.000288,0.000000,0.000000,0.000000
12.104001,1,4.924597,0.865033,0.173881,-0.000632,0.003596,0.000730,0.000000,0.000000,0.000000
12.104001,2,7.908846,0.641889,0.000000,0.000000,-0.000000,0.000000,0.000000,0.000000,0.000000
12.104001,3,8.149158,2.140566,-0.003880,-0.007628,0.003559,-0.000288,0.000000,0.000000,0.000000
12.113001,1,4.924597,0.865033,0.173881,-0.000632,0.003596,0.000730,0.000000,0.000000,0.000000
12.113001,2,7.908846,0.641889,0.000000,0.000000,-0.000000,0.000000,0.000000,0.000000,0.000000
12.113001,3,8.149090,2.140553,-0.003882,-0.007628,0.003559,-0.000288,0.000000,0.000000,0.000000
12.121001,1,4.924597,0.865033,0.173881,-0.000632,0.003596,0.000730,0.000000,0.000000,0.000000
12.121001,2,7.908846,0.641889,0.000000,0.000000,-0.000000,0.000000,0.000000,0.000000,0.000000
12.121001,3,8.149029,2.140542,-0.003885,-0.007628,0.003559,-0.000288,0.000000,0.000000,0.000000
12.130001,1,4.924597,0.865033,0.173881,-0.000632,0.003596,0.000730,0.000000,0.000000,0.000000
12.130001,2,7.908846,0.641889,0.000000,0.000000,-0.000000,0.000000,0.000000,0.000000,0.000000
12.130001,3,8.148960,2.140529,-0.003887,-0.007628,0.003559,-0.000288,0.000000,0.000000,0.000000
12.138001,1,4.924597,0.865033,0.173881,-0.000632,0.003596,0.000730,0.000000,0.000000,0.000000
12.138001,2,7.908846,0.641889,0.000000,0.000000,-0.000000,0.000000,0.000000,0.000000,0.000000
12.138001,3,8.148899,2.140517,-0.003890,-0.007628,0.003559,-0.000288,0.000000,0.000000,0.000000
12.146001,1,4.924597,0.865033,0.173881,-0.000632,0.003596,0.000730,0.000000,0.000000,0.000000
12.146001,2,7.908846,0.641889,0.000000,0.000000,-0.000000,0.000000,0.000000,0.000000,0.000000
12.146001,3,8.148838,2.140506,-0.003892,-0.007628,0.003559,-0.000288,0.000000,0.000000,0.000000
12.154001,1,4.924597,0.865033,0.173881,-0.000632,0.003596,0.000730,0.000000,0.000000,0.000000
12.154001,2,7.908846,0.641889,0.000000,0.000000,-0.000000,0.000000,0.000000,0.000000,0.000000
12.154001,3,8.148777,2.140495,-0.003894,-0.007628,0.003560,-0.000288,0.000000,0.000000,0.000000
12.163001,1,4.924597,0.865033,0.173881,-0.000632,0.003597,0.000730,0.000000,0.000000,0.000000
12.163001,2,7.908846,0.641889,0.000000,0.000000,-0.000000,0.000000,0.000000,0.000000,0.000000
12.163001,3,8.148708,2.140482,-0.003897,-0.007628,0.003560,-0.000288,0.000000,0.000000,0.000000
12.171001,1,4.924597,0.865033,0.173881,-0.000632,0.003597,0.000730,0.000000,0.000000,0.000000
12.171001,2,7.908846,0.641889,0.000000,0.000000,-0.000000,0.000000,0.000000,0.000000,0.000000
12.171001,3,8.148647,2.140470,-0.003899,-0.007628,0.003560,-0.000288,0.000000,0.000000,0.000000
12.179001,1,4.924597,0.865033,0.173881,-0.000632,0.003597,0.000730,0.000000,0.000000,0.000000
12.179001,2,7.908846,0.641889,0.000000,0.000000,-0.000000,0.000000,0.000000,0.000000,0.000000
12.179001,3,8.148586,2.140459,-0.003901,-0.007628,0.003560,-0.000288,0.000000,0.000000,0.000000
12.188001,1,4.924597,0.865033,0.173881,-0.000632,0.003597,0.000730,0.000000,0.000000,0.000000
12.188001,2,7.908846,0.641889,0.000000,0.000000,-0.000000,0.000000,0.000000,0.000000,0.000000
12.188001,3,8.148518,2.140446,-0.003904,-0.007628,0.003560,-0.000288,0.000000,0.000000,0.000000
12.196001,1,4.924597,0.865033,0.173881,-0.000632,0.003597,0.000730,0.000000,0.000000,0.000000
12.196001,2,7.908846,0.641889,0.000000,0.000000,-0.000000,0.000000,0.000000,0.000000,0.000000
12.196001,3,8.148457,2.140435,-0.003906,-0.007628,0.003560,-0.000288,0.000000,0.000000,0.000000
12.204001,1,4.924597,0.865033,0.173881,-0.000632,0.003597,0.000730,0.000000,0.000000,0.000000
12.204001,2,7.908846,0.641889,0.000000,0.000000,-0.000000,0.000000,0.000000,0.000000,0.000000
12.204001,3,8.148396,2.140423,-0.003909,-0.007628,0.003560,-0.000288,0.000000,0.000000,0.000000
12.213001,1,4.924597,0.865033,0.173881,-0.000632,0.003597,0.000730,0.000000,0.000000,0.000000
12.213001,2,7.908846,0.641889,0.000000,0.000000,-0.000000,0.000000,0.000000,0.000000,0.000000
12.213001,3,8.148327,2.140410,-0.003911,-0.007628,0.003561,-0.000288,0.000000,0.000000,0.000000
12.221001,1,4.924597,0.865033,0.173881,-0.000632,0.003597,0.000730,0.000000,0.000000,0.000000
12.221001,2,7.908846,0.641889,0.000000,0.000000,-0.000000,0.000000,0.000000,0.000000,0.000000
12.221001,3,8.148266,2.140399,-0.003913,-0.007628,0.003561,-0.000288,0.000000,0.000000,0.000000
12.229001,1,4.924597,0.865033,0.173881,-0.000632,0.003597,0.000730,0.000000,0.000000,0.000000
12.229001,2,7.908846,0.641889,0.000000,0.000000,-0.000000,0.000000,0.000000,0.000000,0.000000
12.229001,3,8.148205,2.140387,-0.003916,-0.007628,0.003561,-0.000288,0.000000,0.000000,0.000000
12.237001,1,4.924597,0.865033,0.173881,-0.000632,0.003597,0.000730,0.000000,0.000000,0.000000
12.237001,2,7.908846,0.641889,0.000000,0.000000,-0.000000,0.000000,0.000000,0.000000,0.000000
12.237001,3,8.148144,2.140376,-0.003918,-0.007628,0.003561,-0.000288,0.000000,0.000000,0.000000
12.246001,1,4.924597,0.865033,0.173881,-0.000632,0.003597,0.000730,0.000000,0.000000,0.000000
12.246001,2,7.908846,0.641889,0.000000,0.000000,-0.000000,0.000000,0.000000,0.000000,0.000000
12.246001,3,8.148075,2.140363,-0.003921,-0.007629,0.003561,-0.000288,0.000000,0.000000,0.000000
12.254001,1,4.924597,0.865033,0.173881,-0.000632,0.003597,0.000730,0.000000,0.000000,0.000000
12.254001,2,7.908846,0.641889,0.000000,0.000000,-0.000000,0.000000,0.000000,0.000000,0.000000
12.254001,3,8.148014,2.140352,-0.003923,-0.007629,0.003561,-0.000288,0.000000,0.000000,0.000000
12.262001,1,4.924597,0.865033,0.173881,-0.000632,0.003596,0.000730,0.000000,0.000000,0.000000
12.262001,2,7.908846,0.641889,0.000000,0.000000,-0.000000,0.000000,0.000000,0.000000,0.000000
12.262001,3,8.147953,2.140340,-0.003925,-0.007628,0.003559,-0.000288,0.000000,0.000000,0.000000
12.271001,1,4.924597,0.865033,0.173881,-0.000632,0.003595,0.000730,0.000000,0.000000,0.000000
12.271001,2,7.908846,0.641889,0.000000,0.000000,-0.000000,0.000000,0.000000,0.000000,0.000000
12.271001,3,8.147884,2.140327,-0.003928,-0.007628,0.003559,-0.000288,0.000000,0.000000,0.000000
12.279001,1,4.924597,0.865033,0.173881,-0.000632,0.003596,0.000730,0.000000,0.000000,0.000000
12.279001,2,7.908846,0.641889,0.000000,0.000000,-0.000000,0.000000,0.000000,0.000000,0.000000
12.279001,3,8.147823,2.140316,-0.003930,-0.007628,0.003559,-0.000288,0.000000,0.000000,0.000000
12.288001,1,4.924597,0.865033,0.173881,-0.000632,0.003596,0.000730,0.000000,0.000000,0.000000
12.288001,2,7.908846,0.641889,0.000000,0.000000,-0.000000,0.000000,0.000000,0.000000,0.000000
12.288001,3,8.147755,2.140303,-0.003933,-0.007628,0.003559,-0.000288,0.000000,0.000000,0.000000
12.296001,1,4.924597,0.865033,0.173881,-0.000632,0.003596,0.000730,0.000000,0.000000,0.000000
12.296001,2,7.908846,0.641889,0.000000,0.000000,-0.000000,0.000000,0.000000,0.000000,0.000000
12.296001,3,8.147694,2.140291,-0.003935,-0.007628,0.003559,-0.000288,0.000000,0.000000,0.000000
12.304001,1,4.924597,0.865033,0.173881,-0.000632,0.003596,0.000730,0.000000,0.000000,0.000000
12.304001,2,7.908846,0.641889,0.000000,0.000000,-0.000000,0.000000,0.000000,0.000000,0.000000
12.304001,3,8.147633,2.140280,-0.003937,-0.007628,0.003559,-0.000288,0.000000,0.000000,0.000000
12.312001,1,4.924597,0.865033,0.173881,-0.000632,0.003596,0.000730,0.000000,0.000000,0.000000
12.312001,2,7.908846,0.641889,0.000000,0.000000,-0.000000,0.000000,0.000000,0.000000,0.000000
12.312001,3,8.147572,2.140269,-0.003940,-0.007628,0.003559,-0.000288,0.000000,0.000000,0.000000
12.321001,1,4.924597,0.865033,0.173881,-0.000632,0.003596,0.000730,0.000000,0.000000,0.000000
12.321001,2,7.908846,0.641889,0.000000,0.000000,-0.000000,0.000000,0.000000,0.000000,0.000000
12.321001,3,8.147503,2.140256,-0.003942,-0.007628,0.003559,-0.000288,0.000000,0.000000,0.000000
12.330001,1,4.924597,0.865033,0.173881,-0.000632,0.003596,0.000730,0.000000,0.000000,0.000000
12.330001,2,7.908846,0.641889,0.000000,0.000000,-0.000000,0.000000,0.000000,0.000000,0.000000
12.330001,3,8.147434,2.140243,-0.003945,-0.007628,0.003560,-0.000288,0.000000,0.000000,0.000000
12.338001,1,4.924597,0.865033,0.173881,-0.000632,0.003596,0.000730,0.000000,0.000000,0.000000
12.338001,2,7.908846,0.641889,0.000000,0.000000,-0.000000,0.000000,0.000000,0.000000,0.000000
12.338001,3,8.147373,2.140231,-0.003947,-0.007628,0.003560,-0.000288,0.000000,0.000000,0.000000
12.346001,1,4.924597,0.865033,0.173881,-0.000632,0.003596,0.000730,0.000000,0.000000,0.000000
12.346001,2,7.908846,0.641889,0.000000,0.000000,-0.000000,0.000000,0.000000,0.000000,0.000000
12.346001,3,8.147312,2.140220,-0.003949,-0.007628,0.003560,-0.000288,0.000000,0.000000,0.000000
12.354001,1,4.924597,0.865033,0.173881,-0.000632,0.003596,0.000730,0.000000,0.000000,0.000000
12.354001,2,7.908846,0.641889,0.000000,0.000000,-0.000000,0.000000,0.000000,0.000000,0.000000
12.354001,3,8.147251,2.140208,-0.003952,-0.007628,0.003560,-0.000288,0.000000,0.000000,0.000000
12.362001,1,4.924597,0.865033,0.173881,-0.000632,0.003596,0.000730,0.000000,0.000000,0.000000
12.362001,2,7.908846,0.641889,0.000000,0.000000,-0.000000,0.000000,0.000000,0.000000,0.000000
12.362001,3,8.147190,2.140197,-0.003954,-0.007628,0.003560,-0.000288,0.000000,0.000000,0.000000
12.370001,1,4.924597,0.865033,0.173881,-0.000632,0.003596,0.000730,0.000000,0.000000,0.000000
12.370001,2,7.908846,0.641889,0.000000,0.000000,-0.000000,0.000000,0.000000,0.000000,0.000000
12.370001,3,8.147129,2.140186,-0.003956,-0.007628,0.003560,-0.000288,0.000000,0.000000,0.000000
12.379001,1,4.924597,0.865033,0.173881,-0.000632,0.003596,0.000730,0.000000,0.000000,0.000000
12.379001,2,7.908846,0.641889,0.000000,0.000000,-0.000000,0.000000,0.000000,0.000000,0.000000
12.379001,3,8.147060,2.140173,-0.003959,-0.007628,0.003560,-0.000288,0.000000,0.000000,0.000000
12.387001,1,4.924597,0.865033,0.173881,-0.000632,0.003596,0.000730,0.000000,0.000000,0.000000
12.387001,2,7.908846,0.641889,0.000000,0.000000,-0.000000,0.000000,0.000000,0.000000,0.000000
12.387001,3,8.146999,2.140161,-0.003961,-0.007628,0.003561,-0.000288,0.000000,0.000000,0.000000
12.396001,1,4.924597,0.865033,0.173881,-0.000632,0.003596,0.000730,0.000000,0.000000,0.000000
12.396001,2,7.908846,0.641889,0.000000,0.000000,-0.000000,0.000000,0.000000,0.000000,0.000000
12.396001,3,8.146931,2.140148,-0.003964,-0.007628,0.003561,-0.000288,0.000000,0.000000,0.000000
12.404001,1,4.924597,0.865033,0.173881,-0.000632,0.003596,0.000730,0.000000,0.000000,0.000000
12.404001,2,7.908846,0.641889,0.000000,0.000000,-0.000000,0.000000,0.000000,0.000000,0.000000
12.404001,3,8.146870,2.140137,-0.003966,-0.007628,0.003561,-0.000288,0.000000,0.000000,0.000000
12.412001,1,4.924597,0.865033,0.173881,-0.000632,0.003597,0.000730,0.000000,0.000000,0.000000
12.412001,2,7.908846,0.641889,0.000000,0.000000,-0.000000,0.000000,0.000000,0.000000,0.000000
12.412001,3,8.146809,2.140126,-0.003968,-0.007628,0.003561,-0.000287,0.000000,0.000000,0.000000
12.421001,1,4.924597,0.865033,0.173881,-0.000632,0.003597,0.000730,0.000000,0.000000,0.000000
12.421001,2,7.908846,0.641889,0.000000,0.000000,-0.000000,0.000000,0.000000,0.000000,0.000000
12.421001,3,8.146740,2.140113,-0.003971,-0.007629,0.003561,-0.000287,0.000000,0.000000,0.000000
12.429001,1,4.924597,0.865033,0.173881,-0.000632,0.003597,0.000730,0.000000,0.000000,0.000000
12.429001,2,7.908846,0.641889,0.000000,0.000000,-0.000000,0.000000,0.000000,0.000000,0.000000
12.429001,3,8.146679,2.140101,-0.003973,-0.007629,0.003561,-0.000287,0.000000,0.000000,0.000000
12.437001,1,4.924597,0.865033,0.173881,-0.000632,0.003597,0.000730,0.000000,0.000000,0.000000
12.437001,2,7.908846,0.641889,0.000000,0.000000,-0.000000,0.000000,0.000000,0.000000,0.000000
12.437001,3,8.146618,2.140090,-0.003976,-0.007629,0.003561,-0.000287,0.000000,0.000000,0.000000
12.446001,1,4.924597,0.865033,0.173881,-0.000632,0.003597,0.000730,0.000000,0.000000,0.000000
12.446001,2,7.908846,0.641889,0.000000,0.000000,-0.000000,0.000000,0.000000,0.000000,0.000000
12.446001,3,8.146549,2.140077,-0.003978,-0.007629,0.003562,-0.000287,0.000000,0.000000,0.000000
12.454001,1,4.924597,0.865033,0.173881,-0.000632,0.003597,0.000730,0.000000,0.000000,0.000000
12.454001,2,7.908846,0.641889,0.000000,0.000000,-0.000000,0.000000,0.000000,0.000000,0.000000
12.454001,3,8.146488,2.140065,-0.003980,-0.007629,0.003562,-0.000287,0.000000,0.000000,0.000000
12.463001,1,4.924597,0.865033,0.173881,-0.000632,0.003597,0.000730,0.000000,0.000000,0.000000
12.463001,2,7.908846,0.641889,0.000000,0.000000,-0.000000,0.000000,0.000000,0.000000,0.000000
12.463001,3,8.146420,2.140053,-0.003983,-0.007629,0.003562,-0.000287,0.000000,0.000000,0.000000
12.471001,1,4.924597,0.865033,0.173881,-0.000632,0.003597,0.000730,0.000000,0.000000,0.000000
12.471001,2,7.908846,0.641889,0.000000,0.000000,-0.000000,0.000000,0.000000,0.000000,0.000000
12.471001,3,8.146358,2.140041,-0.003985,-0.007629,0.003562,-0.000287,0.000000,0.000000,0.000000
12.479001,1,4.924597,0.865033,0.173881,-0.000632,0.003597,0.000730,0.000000,0.000000,0.000000
12.479001,2,7.908846,0.641889,0.000000,0.000000,-0.000000,0.000000,0.000000,0.000000,0.000000
12.479001,3,8.146297,2.140030,-0.003988,-0.007629,0.003562,-0.000287,0.000000,0.000000,0.000000
12.488001,1,4.924597,0.865033,0.173881,-0.000632,0.003597,0.000730,0.000000,0.000000,0.000000
12.488001,2,7.908846,0.641889,0.000000,0.000000,-0.000000,0.000000,0.000000,0.000000,0.000000
12.488001,3,8.146229,2.140017,-0.003990,-0.007629,0.003562,-0.000287,0.000000,0.000000,0.000000
12.496001,1,4.924597,0.865033,0.173881,-0.000632,0.003596,0.000730,0.000000,0.000000,0.000000
12.496001,2,7.908846,0.641889,0.000000,0.000000,-0.000000,0.000000,0.000000,0.000000,0.000000
12.496001,3,8.146168,2.140005,-0.003993,-0.007628,0.003561,-0.000287,0.000000,0.000000,0.000000
12.504001,1,4.924597,0.865033,0.173881,-0.000632,0.003596,0.000730,0.000000,0.000000,0.000000
12.504001,2,7.908846,0.641889,0.000000,0.000000,-0.000000,0.000000,0.000000,0.000000,0.000000
12.504001,3,8.146107,2.139994,-0.003995,-0.007628,0.003560,-0.000288,0.000000,0.000000,0.000000
12.513001,1,4.924597,0.865033,0.173881,-0.000632,0.003595,0.000730,0.000000,0.000000,0.000000
12.513001,2,7.908846,0.641889,0.000000,0.000000,-0.000000,0.000000,0.000000,0.000000,0.000000
12.513001,3,8.146038,2.139981,-0.003997,-0.007628,0.003560,-0.000288,0.000000,0.000000,0.000000
12.521001,1,4.924597,0.865033,0.173881,-0.000632,0.003596,0.000730,0.000000,0.000000,0.000000
12.521001,2,7.908846,0.641889,0.000000,0.000000,-0.000000,0.000000,0.000000,0.000000,0.000000
12.521001,3,8.145977,2.139970,-0.004000,-0.007628,0.003560,-0.000288,0.000000,0.000000,0.000000
12.529001,1,4.924597,0.865033,0.173881,-0.000632,0.003596,0.000730,0.000000,0.000000,0.000000
12.529001,2,7.908846,0.641889,0.000000,0.000000,-0.000000,0.000000,0.000000,0.000000,0.000000
12.529001,3,8.145916,2.139958,-0.004002,-0.007628,0.003560,-0.000287,0.000000,0.000000,0.000000
12.538001,1,4.924597,0.865033,0.173881,-0.000632,0.003596,0.000730,0.000000,0.000000,0.000000
12.538001,2,7.908846,0.641889,0.000000,0.000000,-0.000000,0.000000,0.000000,0.000000,0.000000
12.538001,3,8.145847,2.139945,-0.004005,-0.007628,0.003560,-0.000287,0.000000,0.000000,0.000000
12.546001,1,4.924597,0.865033,0.173881,-0.000632,0.003596,0.000730,0.000000,0.000000,0.000000
12.546001,2,7.908846,0.641889,0.000000,0.000000,-0.000000,0.000000,0.000000,0.000000,0.000000
12.546001,3,8.145786,2.139934,-0.004007,-0.007628,0.003560,-0.000287,0.000000,0.000000,0.000000
12.556001,1,4.924597,0.865033,0.173881,-0.000632,0.003596,0.000730,0.000000,0.000000,0.000000
12.556001,2,7.908846,0.641889,0.000000,0.000000,-0.000000,0.000000,0.000000,0.000000,0.000000
12.556001,3,8.145710,2.139920,-0.004010,-0.007628,0.003560,-0.000287,0.000000,0.000000,0.000000
12.563001,1,4.924597,0.865033,0.173881,-0.000632,0.003596,0.000730,0.000000,0.000000,0.000000
12.563001,2,7.908846,0.641889,0.000000,0.000000,-0.000000,0.000000,0.000000,0.000000,0.000000
12.563001,3,8.145657,2.139910,-0.004012,-0.007628,0.003560,-0.000287,0.000000,0.000000,0.000000
12.571001,1,4.924597,0.865033,0.173881,-0.000632,0.003596,0.000730,0.000000,0.000000,0.000000
12.571001,2,7.908846,0.641889,0.000000,0.000000,-0.000000,0.000000,0.000000,0.000000,0.000000
12.571001,3,8.145596,2.139898,-0.004014,-0.007628,0.003561,-0.000287,0.000000,0.000000,0.000000
12.579001,1,4.924597,0.865033,0.173881,-0.000632,0.003596,0.000730,0.000000,0.000000,0.000000
12.579001,2,7.908846,0.641889,0.000000,0.000000,-0.000000,0.000000,0.000000,0.000000,0.000000
12.579001,3,8.145535,2.139887,-0.004016,-0.007628,0.003561,-0.000287,0.000000,0.000000,0.000000
12.587001,1,4.924597,0.865033,0.173881,-0.000632,0.003596,0.000730,0.000000,0.000000,0.000000
12.587001,2,7.908846,0.641889,0.000000,0.000000,-0.000000,0.000000,0.000000,0.000000,0.000000
12.587001,3,8.145473,2.139875,-0.004019,-0.007628,0.003561,-0.000287,0.000000,0.000000,0.000000
12.596001,1,4.924597,0.865033,0.173881,-0.000632,0.003596,0.000730,0.000000,0.000000,0.000000
12.596001,2,7.908846,0.641889,0.000000,0.000000,-0.000000,0.000000,0.000000,0.000000,0.000000
12.596001,3,8.145405,2.139862,-0.004021,-0.007628,0.003561,-0.000287,0.000000,0.000000,0.000000
12.604001,1,4.924597,0.865033,0.173881,-0.000632,0.003596,0.000730,0.000000,0.000000,0.000000
12.604001,2,7.908846,0.641889,0.000000,0.000000,-0.000000,0.000000,0.000000,0.000000,0.000000
12.604001,3,8.145344,2.139851,-0.004024,-0.007629,0.003561,-0.000287,0.000000,0.000000,0.000000
12.612001,1,4.924597,0.865033,0.173881,-0.000632,0.003596,0.000730,0.000000,0.000000,0.000000
12.612001,2,7.908846,0.641889,0.000000,0.000000,-0.000000,0.000000,0.000000,0.000000,0.000000
12.612001,3,8.145283,2.139839,-0.004026,-0.007629,0.003561,-0.000287,0.000000,0.000000,0.000000
12.620001,1,4.924597,0.865033,0.173881,-0.000632,0.003596,0.000730,0.000000,0.000000,0.000000
12.620001,2,7.908846,0.641889,0.000000,0.000000,-0.000000,0.000000,0.000000,0.000000,0.000000
12.620001,3,8.145222,2.139828,-0.004028,-0.007629,0.003561,-0.000287,0.000000,0.000000,0.000000
12.630001,1,4.924597,0.865033,0.173881,-0.000632,0.003596,0.000730,0.000000,0.000000,0.000000
12.630001,2,7.908846,0.641889,0.000000,0.000000,-0.000000,0.000000,0.000000,0.000000,0.000000
12.630001,3,8.145145,2.139814,-0.004031,-0.007629,0.003562,-0.000287,0.000000,0.000000,0.000000
12.638001,1,4.924597,0.865033,0.173881,-0.000632,0.003596,0.000730,0.000000,0.000000,0.000000
12.638001,2,7.908846,0.641889,0.000000,0.000000,-0.000000,0.000000,0.000000,0.000000,0.000000
12.638001,3,8.145084,2.139802,-0.004033,-0.007629,0.003562,-0.000287,0.000000,0.000000,0.000000
12.646001,1,4.924597,0.865033,0.173881,-0.000632,0.003596,0.000730,0.000000,0.000000,0.000000
12.646001,2,7.908846,0.641889,0.000000,0.000000,-0.000000,0.000000,0.000000,0.000000,0.000000
12.646001,3,8.145023,2.139791,-0.004036,-0.007629,0.003562,-0.000287,0.000000,0.000000,0.000000
12.654001,1,4.924597,0.865033,0.173881,-0.000632,0.003597,0.000730,0.000000,0.000000,0.000000
12.654001,2,7.908846,0.641889,0.000000,0.000000,-0.000000,0.000000,0.000000,0.000000,0.000000
12.654001,3,8.144962,2.139779,-0.004038,-0.007629,0.003562,-0.000287,0.000000,0.000000,0.000000
12.663001,1,4.924597,0.865033,0.173881,-0.000632,0.003597,0.000730,0.000000,0.000000,0.000000
12.663001,2,7.908846,0.641889,0.000000,0.000000,-0.000000,0.000000,0.000000,0.000000,0.000000
12.663001,3,8.144894,2.139766,-0.004041,-0.007629,0.003562,-0.000287,0.000000,0.000000,0.000000
12.671001,1,4.924597,0.865033,0.173881,-0.000632,0.003597,0.000730,0.000000,0.000000,0.000000
12.671001,2,7.908846,0.641889,0.000000,0.000000,-0.000000,0.000000,0.000000,0.000000,0.000000
12.671001,3,8.144833,2.139755,-0.004043,-0.007629,0.003562,-0.000287,0.000000,0.000000,0.000000
12.680001,1,4.924597,0.865033,0.173881,-0.000632,0.003597,0.000730,0.000000,0.000000,0.000000
12.680001,2,7.908846,0.641889,0.000000,0.000000,-0.000000,0.000000,0.000000,0.000000,0.000000
12.680001,3,8.144764,2.139742,-0.004045,-0.007629,0.003563,-0.000287,0.000000,0.000000,0.000000
12.688001,1,4.924597,0.865033,0.173881,-0.000632,0.003597,0.000730,0.000000,0.000000,0.000000
12.688001,2,7.908846,0.641889,0.000000,0.000000,-0.000000,0.000000,0.000000,0.000000,0.000000
12.688001,3,8.144703,2.139731,-0.004048,-0.007629,0.003563,-0.000287,0.000000,0.000000,0.000000
12.697001,1,4.924597,0.865033,0.173881,-0.000632,0.003597,0.000730,0.000000,0.000000,0.000000
12.697001,2,7.908846,0.641889,0.000000,0.000000,-0.000000,0.000000,0.000000,0.000000,0.000000
12.697001,3,8.144634,2.139718,-0.004050,-0.007629,0.003563,-0.000287,0.000000,0.000000,0.000000
12.705001,1,4.924597,0.865033,0.173881,-0.000632,0.003597,0.000730,0.000000,0.000000,0.000000
12.705001,2,7.908846,0.641889,0.000000,0.000000,-0.000000,0.000000,0.000000,0.000000,0.000000
12.705001,3,8.144573,2.139706,-0.004053,-0.007629,0.003563,-0.000287,0.000000,0.000000,0.000000
12.713001,1,4.924597,0.865033,0.173881,-0.000632,0.003597,0.000730,0.000000,0.000000,0.000000
12.713001,2,7.908846,0.641889,0.000000,0.000000,-0.000000,0.000000,0.000000,0.000000,0.000000
12.713001,3,8.144512,2.139695,-0.004055,-0.007629,0.003563,-0.000287,0.000000,0.000000,0.000000
12.721001,1,4.924597,0.865033,0.173881,-0.000632,0.003597,0.000730,0.000000,0.000000,0.000000
12.721001,2,7.908846,0.641889,0.000000,0.000000,-0.000000,0.000000,0.000000,0.000000,0.000000
12.721001,3,8.144451,2.139683,-0.004057,-0.007629,0.003563,-0.000287,0.000000,0.000000,0.000000
12.729001,1,4.924597,0.865033,0.173881,-0.000632,0.003597,0.000730,0.000000,0.000000,0.000000
12.729001,2,7.908846,0.641889,0.000000,0.000000,-0.000000,0.000000,0.000000,0.000000,0.000000
12.729001,3,8.144390,2.139672,-0.004059,-0.007629,0.003563,-0.000287,0.000000,0.000000,0.000000
12.739001,1,4.924597,0.865034,0.173881,-0.000632,0.003597,0.000730,0.000000,0.000000,0.000000
12.739001,2,7.908846,0.641889,0.000000,0.000000,-0.000000,0.000000,0.000000,0.000000,0.000000
12.739001,3,8.144314,2.139658,-0.004062,-0.007629,0.003563,-0.000287,0.000000,0.000000,0.000000
12.746001,1,4.924597,0.865034,0.173881,-0.000632,0.003596,0.000730,0.000000,0.000000,0.000000
12.746001,2,7.908846,0.641889,0.000000,0.000000,-0.000000,0.000000,0.000000,0.000000,0.000000
12.746001,3,8.144260,2.139648,-0.004064,-0.007628,0.003561,-0.000287,0.000000,0.000000,0.000000
12.755001,1,4.924597,0.865034,0.173881,-0.000632,0.003596,0.000730,0.000000,0.000000,0.000000
12.755001,2,7.908846,0.641889,0.000000,0.000000,-0.000000,0.000000,0.000000,0.000000,0.000000
12.755001,3,8.144192,2.139635,-0.004067,-0.007628,0.003561,-0.000287,0.000000,0.000000,0.000000
12.763001,1,4.924597,0.865034,0.173881,-0.000632,0.003596,0.000730,0.000000,0.000000,0.000000
12.763001,2,7.908846,0.641889,0.000000,0.000000,-0.000000,0.000000,0.000000,0.000000,0.000000
12.763001,3,8.144131,2.139623,-0.004069,-0.007628,0.003561,-0.000287,0.000000,0.000000,0.000000
12.771001,1,4.924597,0.865034,0.173881,-0.000632,0.003596,0.000730,0.000000,0.000000,0.000000
12.771001,2,7.908846,0.641889,0.000000,0.000000,-0.000000,0.000000,0.000000,0.000000,0.000000
12.771001,3,8.144070,2.139612,-0.004072,-0.007628,0.003561,-0.000287,0.000000,0.000000,0.000000
12.780001,1,4.924597,0.865034,0.173881,-0.000632,0.003596,0.000730,0.000000,0.000000,0.000000
12.780001,2,7.908846,0.641889,0.000000,0.000000,-0.000000,0.000000,0.000000,0.000000,0.000000
12.780001,3,8.144001,2.139599,-0.004074,-0.007629,0.003561,-0.000287,0.000000,0.000000,0.000000
12.788001,1,4.924597,0.865034,0.173881,-0.000632,0.003596,0.000730,0.000000,0.000000,0.000000
12.788001,2,7.908846,0.641889,0.000000,0.000000,-0.000000,0.000000,0.000000,0.000000,0.000000
12.788001,3,8.143940,2.139588,-0.004076,-0.007629,0.003561,-0.000287,0.000000,0.000000,0.000000
12.796001,1,4.924597,0.865034,0.173881,-0.000632,0.003596,0.000730,0.000000,0.000000,0.000000
12.796001,2,7.908846,0.641889,0.000000,0.000000,-0.000000,0.000000,0.000000,0.000000,0.000000
12.796001,3,8.143879,2.139576,-0.004079,-0.007629,0.003561,-0.000287,0.000000,0.000000,0.000000
12.805001,1,4.924597,0.865034,0.173881,-0.000632,0.003596,0.000730,0.000000,0.000000,0.000000
12.805001,2,7.908846,0.641889,0.000000,0.000000,-0.000000,0.000000,0.000000,0.000000,0.000000
12.805001,3,8.143810,2.139563,-0.004081,-0.007629,0.003562,-0.000287,0.000000,0.000000,0.000000
12.813001,1,4.924597,0.865034,0.173881,-0.000632,0.003596,0.000730,0.000000,0.000000,0.000000
12.813001,2,7.908846,0.641889,0.000000,0.000000,-0.000000,0.000000,0.000000,0.000000,0.000000
12.813001,3,8.143749,2.139552,-0.004084,-0.007629,0.003562,-0.000287,0.000000,0.000000,0.000000
12.822001,1,4.924597,0.865034,0.173881,-0.000632,0.003596,0.000730,0.000000,0.000000,0.000000
12.822001,2,7.908846,0.641889,0.000000,0.000000,-0.000000,0.000000,0.000000,0.000000,0.000000
12.822001,3,8.143681,2.139539,-0.004086,-0.007629,0.003562,-0.000287,0.000000,0.000000,0.000000
12.829001,1,4.924597,0.865034,0.173881,-0.000632,0.003596,0.000730,0.000000,0.000000,0.000000
12.829001,2,7.908846,0.641889,0.000000,0.000000,-0.000000,0.000000,0.000000,0.000000,0.000000
12.829001,3,8.143627,2.139529,-0.004088,-0.007629,0.003562,-0.000287,0.000000,0.000000,0.000000
12.838001,1,4.924597,0.865034,0.173881,-0.000632,0.003596,0.000730,0.000000,0.000000,0.000000
12.838001,2,7.908846,0.641889,0.000000,0.000000,-0.000000,0.000000,0.000000,0.000000,0.000000
12.838001,3,8.143559,2.139516,-0.004091,-0.007629,0.003562,-0.000287,0.000000,0.000000,0.000000
12.846001,1,4.924597,0.865034,0.173881,-0.000632,0.003596,0.000730,0.000000,0.000000,0.000000
12.846001,2,7.908846,0.641889,0.000000,0.000000,-0.000000,0.000000,0.000000,0.000000,0.000000
12.846001,3,8.143497,2.139505,-0.004093,-0.007629,0.003562,-0.000287,0.000000,0.000000,0.000000
12.856001,1,4.924597,0.865034,0.173881,-0.000632,0.003596,0.000730,0.000000,0.000000,0.000000
12.856001,2,7.908846,0.641889,0.000000,0.000000,-0.000000,0.000000,0.000000,0.000000,0.000000
12.856001,3,8.143421,2.139490,-0.004096,-0.007629,0.003562,-0.000287,0.000000,0.000000,0.000000
12.864001,1,4.924597,0.865034,0.173881,-0.000632,0.003596,0.000730,0.000000,0.000000,0.000000
12.864001,2,7.908846,0.641889,0.000000,0.000000,-0.000000,0.000000,0.000000,0.000000,0.000000
12.864001,3,8.143360,2.139479,-0.004098,-0.007629,0.003563,-0.000287,0.000000,0.000000,0.000000
12.872001,1,4.924597,0.865034,0.173881,-0.000632,0.003596,0.000730,0.000000,0.000000,0.000000
12.872001,2,7.908846,0.641889,0.000000,0.000000,-0.000000,0.000000,0.000000,0.000000,0.000000
12.872001,3,8.143299,2.139467,-0.004100,-0.007629,0.003563,-0.000287,0.000000,0.000000,0.000000
12.879001,1,4.924597,0.865034,0.173881,-0.000632,0.003596,0.000730,0.000000,0.000000,0.000000
12.879001,2,7.908846,0.641889,0.000000,0.000000,-0.000000,0.000000,0.000000,0.000000,0.000000
12.879001,3,8.143246,2.139457,-0.004102,-0.007629,0.003563,-0.000287,0.000000,0.000000,0.000000
12.888001,1,4.924597,0.865034,0.173881,-0.000632,0.003596,0.000730,0.000000,0.000000,0.000000
12.888001,2,7.908846,0.641889,0.000000,0.000000,-0.000000,0.000000,0.000000,0.000000,0.000000
12.888001,3,8.143177,2.139445,-0.004105,-0.007629,0.003563,-0.000287,0.000000,0.000000,0.000000
12.896001,1,4.924597,0.865034,0.173881,-0.000632,0.003597,0.000730,0.000000,0.000000,0.000000
12.896001,2,7.908846,0.641889,0.000000,0.000000,-0.000000,0.000000,0.000000,0.000000,0.000000
12.896001,3,8.143116,2.139433,-0.004107,-0.007629,0.003563,-0.000287,0.000000,0.000000,0.000000
12.904001,1,4.924597,0.865034,0.173881,-0.000632,0.003597,0.000730,0.000000,0.000000,0.000000
12.904001,2,7.908846,0.641889,0.000000,0.000000,-0.000000,0.000000,0.000000,0.000000,0.000000
12.904001,3,8.143055,2.139422,-0.004110,-0.007629,0.003563,-0.000287,0.000000,0.000000,0.000000
12.913001,1,4.924597,0.865034,0.173881,-0.000632,0.003597,0.000730,0.000000,0.000000,0.000000
12.913001,2,7.908846,0.641889,0.000000,0.000000,-0.000000,0.000000,0.000000,0.000000,0.000000
12.913001,3,8.142986,2.139409,-0.004112,-0.007629,0.003563,-0.000287,0.000000,0.000000,0.000000
12.921001,1,4.924597,0.865034,0.173881,-0.000632,0.003597,0.000730,0.000000,0.000000,0.000000
12.921001,2,7.908846,0.641889,0.000000,0.000000,-0.000000,0.000000,0.000000,0.000000,0.000000
12.921001,3,8.142925,2.139397,-0.004115,-0.007629,0.003564,-0.000287,0.000000,0.000000,0.000000
12.929001,1,4.924597,0.865034,0.173881,-0.000632,0.003597,0.000730,0.000000,0.000000,0.000000
12.929001,2,7.908846,0.641889,0.000000,0.000000,-0.000000,0.000000,0.000000,0.000000,0.000000
12.929001,3,8.142864,2.139386,-0.004117,-0.007629,0.003564,-0.000287,0.000000,0.000000,0.000000
12.938001,1,4.924597,0.865034,0.173881,-0.000632,0.003597,0.000730,0.000000,0.000000,0.000000
12.938001,2,7.908846,0.641889,0.000000,0.000000,-0.000000,0.000000,0.000000,0.000000,0.000000
12.938001,3,8.142796,2.139373,-0.004119,-0.007629,0.003564,-0.000287,0.000000,0.000000,0.000000
12.946001,1,4.924597,0.865034,0.173881,-0.000632,0.003597,0.000730,0.000000,0.000000,0.000000
12.946001,2,7.908846,0.641889,0.000000,0.000000,-0.000000,0.000000,0.000000,0.000000,0.000000
12.946001,3,8.142735,2.139362,-0.004122,-0.007629,0.003564,-0.000287,0.000000,0.000000,0.000000
12.955001,1,4.924597,0.865034,0.173881,-0.000632,0.003597,0.000730,0.000000,0.000000,0.000000
12.955001,2,7.908846,0.641889,0.000000,0.000000,-0.000000,0.000000,0.000000,0.000000,0.000000
12.955001,3,8.142666,2.139349,-0.004124,-0.007629,0.003564,-0.000287,0.000000,0.000000,0.000000
12.963001,1,4.924597,0.865034,0.173881,-0.000632,0.003597,0.000730,0.000000,0.000000,0.000000
12.963001,2,7.908846,0.641889,0.000000,0.000000,-0.000000,0.000000,0.000000,0.000000,0.000000
12.963001,3,8.142605,2.139337,-0.004127,-0.007629,0.003564,-0.000287,0.000000,0.000000,0.000000
12.971001,1,4.924597,0.865034,0.173881,-0.000632,0.003597,0.000730,0.000000,0.000000,0.000000
12.971001,2,7.908846,0.641889,0.000000,0.000000,-0.000000,0.000000,0.000000,0.000000,0.000000
12.971001,3,8.142544,2.139326,-0.004129,-0.007629,0.003565,-0.000286,0.000000,0.000000,0.000000
12.980001,1,4.924597,0.865034,0.173881,-0.000632,0.003597,0.000730,0.000000,0.000000,0.000000
12.980001,2,7.908846,0.641889,0.000000,0.000000,-0.000000,0.000000,0.000000,0.000000,0.000000
12.980001,3,8.142475,2.139313,-0.004131,-0.007629,0.003565,-0.000286,0.000000,0.000000,0.000000
12.988001,1,4.924597,0.865034,0.173881,-0.000632,0.003596,0.000730,0.000000,0.000000,0.000000
12.988001,2,7.908846,0.641889,0.000000,0.000000,-0.000000,0.000000,0.000000,0.000000,0.000000
12.988001,3,8.142414,2.139302,-0.004134,-0.007629,0.003562,-0.000287,0.000000,0.000000,0.000000
12.996001,1,4.924597,0.865034,0.173881,-0.000632,0.003596,0.000730,0.000000,0.000000,0.000000
12.996001,2,7.908846,0.641889,0.000000,0.000000,-0.000000,0.000000,0.000000,0.000000,0.000000
12.996001,3,8.142353,2.139290,-0.004136,-0.007629,0.003562,-0.000287,0.000000,0.000000,0.000000
13.006001,1,4.924597,0.865034,0.173881,-0.000632,0.003596,0.000730,0.000000,0.000000,0.000000
13.006001,2,7.908846,0.641889,0.000000,0.000000,-0.000000,0.000000,0.000000,0.000000,0.000000
13.006001,3,8.142277,2.139276,-0.004139,-0.007629,0.003562,-0.000287,0.000000,0.000000,0.000000
13.013001,1,4.924597,0.865034,0.173881,-0.000632,0.003596,0.000730,0.000000,0.000000,0.000000
13.013001,2,7.908846,0.641889,0.000000,0.000000,-0.000000,0.000000,0.000000,0.000000,0.000000
13.013001,3,8.142223,2.139266,-0.004141,-0.007629,0.003562,-0.000287,0.000000,0.000000,0.000000
13.021001,1,4.924597,0.865034,0.173881,-0.000632,0.003596,0.000730,0.000000,0.000000,0.000000
13.021001,2,7.908846,0.641889,0.000000,0.000000,-0.000000,0.000000,0.000000,0.000000,0.000000
13.021001,3,8.142162,2.139254,-0.004143,-0.007629,0.003562,-0.000287,0.000000,0.000000,0.000000
13.030001,1,4.924597,0.865034,0.173881,-0.000632,0.003596,0.000730,0.000000,0.000000,0.000000
13.030001,2,7.908846,0.641889,0.000000,0.000000,-0.000000,0.000000,0.000000,0.000000,0.000000
13.030001,3,8.142094,2.139241,-0.004146,-0.007629,0.003562,-0.000287,0.000000,0.000000,0.000000
13.038001,1,4.924597,0.865034,0.173881,-0.000632,0.003596,0.000730,0.000000,0.000000,0.000000
13.038001,2,7.908846,0.641889,0.000000,0.000000,-0.000000,0.000000,0.000000,0.000000,0.000000
13.038001,3,8.142033,2.139230,-0.004148,-0.007629,0.003563,-0.000287,0.000000,0.000000,0.000000
13.048001,1,4.924597,0.865034,0.173881,-0.000632,0.003596,0.000730,0.000000,0.000000,0.000000
13.048001,2,7.908846,0.641889,0.000000,0.000000,-0.000000,0.000000,0.000000,0.000000,0.000000
13.048001,3,8.141956,2.139216,-0.004151,-0.007629,0.003563,-0.000287,0.000000,0.000000,0.000000
13.056001,1,4.924597,0.865034,0.173881,-0.000632,0.003596,0.000730,0.000000,0.000000,0.000000
13.056001,2,7.908846,0.641889,0.000000,0.000000,-0.000000,0.000000,0.000000,0.000000,0.000000
13.056001,3,8.141895,2.139204,-0.004153,-0.007629,0.003563,-0.000287,0.000000,0.000000,0.000000
13.063001,1,4.924597,0.865034,0.173881,-0.000632,0.003596,0.000730,0.000000,0.000000,0.000000
13.063001,2,7.908846,0.641889,0.000000,0.000000,-0.000000,0.000000,0.000000,0.000000,0.000000
13.063001,3,8.141842,2.139194,-0.004155,-0.007629,0.003563,-0.000287,0.000000,0.000000,0.000000
13.071001,1,4.924597,0.865034,0.173881,-0.000632,0.003596,0.000730,0.000000,0.000000,0.000000
13.071001,2,7.908846,0.641889,0.000000,0.000000,-0.000000,0.000000,0.000000,0.000000,0.000000
13.071001,3,8.141781,2.139183,-0.004158,-0.007629,0.003563,-0.000287,0.000000,0.000000,0.000000
13.080001,1,4.924597,0.865034,0.173881,-0.000632,0.003596,0.000730,0.000000,0.000000,0.000000
13.080001,2,7.908846,0.641889,0.000000,0.000000,-0.000000,0.000000,0.000000,0.000000,0.000000
13.080001,3,8.141712,2.139170,-0.004160,-0.007629,0.003563,-0.000287,0.000000,0.000000,0.000000
13.088001,1,4.924597,0.865034,0.173881,-0.000632,0.003597,0.000730,0.000000,0.000000,0.000000
13.088001,2,7.908846,0.641889,0.000000,0.000000,-0.000000,0.000000,0.000000,0.000000,0.000000
13.088001,3,8.141651,2.139158,-0.004162,-0.007630,0.003565,-0.000286,0.000000,0.000000,0.000000
13.097001,1,4.924597,0.865034,0.173881,-0.000632,0.003596,0.000730,0.000000,0.000000,0.000000
13.097001,2,7.908846,0.641889,0.000000,0.000000,-0.000000,0.000000,0.000000,0.000000,0.000000
13.097001,3,8.141582,2.139146,-0.004165,-0.007629,0.003564,-0.000286,0.000000,0.000000,0.000000
13.105001,1,4.924597,0.865034,0.173881,-0.000632,0.003596,0.000730,0.000000,0.000000,0.000000
13.105001,2,7.908846,0.641889,0.000000,0.000000,-0.000000,0.000000,0.000000,0.000000,0.000000
13.105001,3,8.141521,2.139134,-0.004167,-0.007629,0.003564,-0.000286,0.000000,0.000000,0.000000
13.114001,1,4.924597,0.865034,0.173881,-0.000632,0.003596,0.000730,0.000000,0.000000,0.000000
13.114001,2,7.908846,0.641889,0.000000,0.000000,-0.000000,0.000000,0.000000,0.000000,0.000000
13.114001,3,8.141453,2.139121,-0.004170,-0.007629,0.003564,-0.000286,0.000000,0.000000,0.000000
13.121001,1,4.924597,0.865034,0.173881,-0.000632,0.003596,0.000730,0.000000,0.000000,0.000000
13.121001,2,7.908846,0.641889,0.000000,0.000000,-0.000000,0.000000,0.000000,0.000000,0.000000
13.121001,3,8.141399,2.139111,-0.004172,-0.007629,0.003564,-0.000286,0.000000,0.000000,0.000000
13.131001,1,4.924597,0.865034,0.173881,-0.000632,0.003597,0.000730,0.000000,0.000000,0.000000
13.131001,2,7.908846,0.641889,0.000000,0.000000,-0.000000,0.000000,0.000000,0.000000,0.000000
13.131001,3,8.141323,2.139097,-0.004175,-0.007629,0.003564,-0.000286,0.000000,0.000000,0.000000
13.138001,1,4.924597,0.865034,0.173881,-0.000632,0.003597,0.000730,0.000000,0.000000,0.000000
13.138001,2,7.908846,0.641889,0.000000,0.000000,-0.000000,0.000000,0.000000,0.000000,0.000000
13.138001,3,8.141270,2.139087,-0.004177,-0.007629,0.003564,-0.000286,0.000000,0.000000,0.000000
13.147001,1,4.924597,0.865034,0.173881,-0.000632,0.003597,0.000730,0.000000,0.000000,0.000000
13.147001,2,7.908846,0.641889,0.000000,0.000000,-0.000000,0.000000,0.000000,0.000000,0.000000
13.147001,3,8.141201,2.139074,-0.004179,-0.007629,0.003565,-0.000286,0.000000,0.000000,0.000000
13.155001,1,4.924597,0.865034,0.173881,-0.000632,0.003597,0.000730,0.000000,0.000000,0.000000
13.155001,2,7.908846,0.641889,0.000000,0.000000,-0.000000,0.000000,0.000000,0.000000,0.000000
13.155001,3,8.141140,2.139063,-0.004182,-0.007629,0.003565,-0.000286,0.000000,0.000000,0.000000
13.163001,1,4.924597,0.865034,0.173881,-0.000632,0.003597,0.000730,0.000000,0.000000,0.000000
13.163001,2,7.908846,0.641889,0.000000,0.000000,-0.000000,0.000000,0.000000,0.000000,0.000000
13.163001,3,8.141079,2.139051,-0.004184,-0.007629,0.003565,-0.000286,0.000000,0.000000,0.000000
13.171001,1,4.924597,0.865034,0.173881,-0.000632,0.003597,0.000730,0.000000,0.000000,0.000000
13.171001,2,7.908846,0.641889,0.000000,0.000000,-0.000000,0.000000,0.000000,0.000000,0.000000
13.171001,3,8.141018,2.139040,-0.004186,-0.007630,0.003565,-0.000286,0.000000,0.000000,0.000000
13.179001,1,4.924597,0.865034,0.173881,-0.000632,0.003597,0.000730,0.000000,0.000000,0.000000
13.179001,2,7.908846,0.641889,0.000000,0.000000,-0.000000,0.000000,0.000000,0.000000,0.000000
13.179001,3,8.140957,2.139028,-0.004188,-0.007630,0.003565,-0.000286,0.000000,0.000000,0.000000
13.188001,1,4.924597,0.865034,0.173881,-0.000632,0.003597,0.000730,0.000000,0.000000,0.000000
13.188001,2,7.908846,0.641889,0.000000,0.000000,-0.000000,0.000000,0.000000,0.000000,0.000000
13.188001,3,8.140888,2.139015,-0.004191,-0.007630,0.003565,-0.000286,0.000000,0.000000,0.000000
13.196001,1,4.924597,0.865034,0.173881,-0.000632,0.003597,0.000730,0.000000,0.000000,0.000000
13.196001,2,7.908846,0.641889,0.000000,0.000000,-0.000000,0.000000,0.000000,0.000000,0.000000
13.196001,3,8.140827,2.139004,-0.004193,-0.007630,0.003565,-0.000286,0.000000,0.000000,0.000000
13.205001,1,4.924597,0.865034,0.173881,-0.000632,0.003597,0.000730,0.000000,0.000000,0.000000
13.205001,2,7.908846,0.641889,0.000000,0.000000,-0.000000,0.000000,0.000000,0.000000,0.000000
13.205001,3,8.140759,2.138991,-0.004196,-0.007630,0.003566,-0.000286,0.000000,0.000000,0.000000
13.213001,1,4.924597,0.865034,0.173881,-0.000632,0.003597,0.000730,0.000000,0.000000,0.000000
13.213001,2,7.908846,0.641889,0.000000,0.000000,-0.000000,0.000000,0.000000,0.000000,0.000000
13.213001,3,8.140697,2.138980,-0.004198,-0.007630,0.003566,-0.000286,0.000000,0.000000,0.000000
13.221001,1,4.924597,0.865034,0.173881,-0.000632,0.003597,0.000730,0.000000,0.000000,0.000000
13.221001,2,7.908846,0.641889,0.000000,0.000000,-0.000000,0.000000,0.000000,0.000000,0.000000
13.221001,3,8.140636,2.138968,-0.004200,-0.007630,0.003566,-0.000286,0.000000,0.000000,0.000000
13.230001,1,4.924597,0.865034,0.173881,-0.000632,0.003596,0.000730,0.000000,0.000000,0.000000
13.230001,2,7.908846,0.641889,0.000000,0.000000,-0.000000,0.000000,0.000000,0.000000,0.000000
13.230001,3,8.140568,2.138955,-0.004203,-0.007629,0.003563,-0.000286,0.000000,0.000000,0.000000
13.238001,1,4.924597,0.865034,0.173881,-0.000632,0.003596,0.000730,0.000000,0.000000,0.000000
13.238001,2,7.908846,0.641889,0.000000,0.000000,-0.000000,0.000000,0.000000,0.000000,0.000000
13.238001,3,8.140507,2.138944,-0.004205,-0.007629,0.003563,-0.000286,0.000000,0.000000,0.000000
13.246001,1,4.924597,0.865034,0.173881,-0.000632,0.003596,0.000730,0.000000,0.000000,0.000000
13.246001,2,7.908846,0.641889,0.000000,0.000000,-0.000000,0.000000,0.000000,0.000000,0.000000
13.246001,3,8.140446,2.138932,-0.004208,-0.007629,0.003563,-0.000286,0.000000,0.000000,0.000000
13.255001,1,4.924597,0.865034,0.173881,-0.000632,0.003596,0.000730,0.000000,0.000000,0.000000
13.255001,2,7.908846,0.641889,0.000000,0.000000,-0.000000,0.000000,0.000000,0.000000,0.000000
13.255001,3,8.140377,2.138920,-0.004210,-0.007629,0.003563,-0.000286,0.000000,0.000000,0.000000
13.263001,1,4.924597,0.865034,0.173881,-0.000632,0.003596,0.000730,0.000000,0.000000,0.000000
13.263001,2,7.908846,0.641889,0.000000,0.000000,-0.000000,0.000000,0.000000,0.000000,0.000000
13.263001,3,8.140316,2.138908,-0.004212,-0.007629,0.003563,-0.000286,0.000000,0.000000,0.000000
13.271001,1,4.924597,0.865034,0.173881,-0.000632,0.003596,0.000730,0.000000,0.000000,0.000000
13.271001,2,7.908846,0.641889,0.000000,0.000000,-0.000000,0.000000,0.000000,0.000000,0.000000
13.271001,3,8.140255,2.138897,-0.004215,-0.007629,0.003564,-0.000286,0.000000,0.000000,0.000000
13.280001,1,4.924597,0.865034,0.173881,-0.000632,0.003596,0.000730,0.000000,0.000000,0.000000
13.280001,2,7.908846,0.641889,0.000000,0.000000,-0.000000,0.000000,0.000000,0.000000,0.000000
13.280001,3,8.140186,2.138884,-0.004217,-0.007629,0.003564,-0.000286,0.000000,0.000000,0.000000
13.288001,1,4.924597,0.865034,0.173881,-0.000632,0.003596,0.000730,0.000000,0.000000,0.000000
13.288001,2,7.908846,0.641889,0.000000,0.000000,-0.000000,0.000000,0.000000,0.000000,0.000000
13.288001,3,8.140125,2.138872,-0.004220,-0.007629,0.003564,-0.000286,0.000000,0.000000,0.000000
13.297001,1,4.924597,0.865034,0.173881,-0.000632,0.003596,0.000730,0.000000,0.000000,0.000000
13.297001,2,7.908846,0.641889,0.000000,0.000000,-0.000000,0.000000,0.000000,0.000000,0.000000
13.297001,3,8.140057,2.138860,-0.004222,-0.007629,0.003564,-0.000286,0.000000,0.000000,0.000000
13.305001,1,4.924597,0.865034,0.173881,-0.000632,0.003596,0.000730,0.000000,0.000000,0.000000
13.305001,2,7.908846,0.641889,0.000000,0.000000,-0.000000,0.000000,0.000000,0.000000,0.000000
13.305001,3,8.139996,2.138848,-0.004225,-0.007629,0.003564,-0.000286,0.000000,0.000000,0.000000
13.314001,1,4.924597,0.865034,0.173881,-0.000632,0.003596,0.000730,0.000000,0.000000,0.000000
13.314001,2,7.908846,0.641889,0.000000,0.000000,-0.000000,0.000000,0.000000,0.000000,0.000000
13.314001,3,8.139927,2.138835,-0.004227,-0.007629,0.003564,-0.000286,0.000000,0.000000,0.000000
13.322001,1,4.924597,0.865034,0.173881,-0.000632,0.003596,0.000730,0.000000,0.000000,0.000000
13.322001,2,7.908846,0.641889,0.000000,0.000000,-0.000000,0.000000,0.000000,0.000000,0.000000
13.322001,3,8.139866,2.138824,-0.004229,-0.007629,0.003565,-0.000286,0.000000,0.000000,0.000000
13.330001,1,4.924597,0.865034,0.173881,-0.000632,0.003596,0.000730,0.000000,0.000000,0.000000
13.330001,2,7.908846,0.641889,0.000000,0.000000,-0.000000,0.000000,0.000000,0.000000,0.000000
13.330001,3,8.139805,2.138812,-0.004232,-0.007629,0.003565,-0.000286,0.000000,0.000000,0.000000
13.338001,1,4.924597,0.865034,0.173881,-0.000632,0.003596,0.000730,0.000000,0.000000,0.000000
13.338001,2,7.908846,0.641889,0.000000,0.000000,-0.000000,0.000000,0.000000,0.000000,0.000000
13.338001,3,8.139744,2.138801,-0.004234,-0.007629,0.003565,-0.000286,0.000000,0.000000,0.000000
