Timp,ID_Corp,PozitieX,PozitieY,UnghiPhi,VitezaX,VitezaY,VitezaOmega,AcceleratieX,AcceleratieY,AcceleratieEpsilon
0.0080,1,4.9240,0.8682,0.1745,0.0024,-0.0134,-0.0027,0.0000,0.0000,0.0000
0.0080,2,7.9088,0.6419,0.0000,0.0000,-0.0000,0.0000,0.0000,0.0000,0.0000
0.0080,3,8.2406,2.2145,0.0000,0.0000,-0.0392,0.0000,0.0000,0.0000,0.0000
0.0260,1,4.9241,0.8680,0.1745,0.0032,-0.0181,-0.0037,0.0000,0.0000,0.0000
0.0260,2,7.9088,0.6419,0.0000,0.0000,-0.0000,0.0000,0.0000,0.0000,0.0000
0.0260,3,8.2406,2.2138,0.0000,0.0000,-0.1275,0.0000,0.0000,0.0000,0.0000
0.0420,1,4.9241,0.8678,0.1745,0.0032,-0.0183,-0.0037,0.0000,0.0000,0.0000
0.0420,2,7.9088,0.6419,0.0000,0.0000,-0.0000,0.0000,0.0000,0.0000,0.0000
0.0420,3,8.2406,2.2125,0.0000,0.0000,-0.2058,0.0000,0.0000,0.0000,0.0000
0.0700,1,4.9242,0.8675,0.1744,0.0032,-0.0183,-0.0037,0.0000,0.0000,0.0000
0.0700,2,7.9088,0.6419,0.0000,0.0000,-0.0000,0.0000,0.0000,0.0000,0.0000
0.0700,3,8.2406,2.2086,0.0000,0.0000,-0.3429,0.0000,0.0000,0.0000,0.0000
0.1040,1,4.9242,0.8672,0.1743,0.0032,-0.0183,-0.0037,0.0000,0.0000,0.0000
0.1040,2,7.9088,0.6419,0.0000,0.0000,-0.0000,0.0000,0.0000,0.0000,0.0000
0.1040,3,8.2406,2.2014,0.0000,0.0000,-0.5091,0.0000,0.0000,0.0000,0.0000
0.1360,1,4.9243,0.8668,0.1742,0.0032,-0.0183,-0.0037,0.0000,0.0000,0.0000
0.1360,2,7.9088,0.6419,0.0000,0.0000,-0.0000,0.0000,0.0000,0.0000,0.0000
0.1360,3,8.2406,2.1920,0.0000,0.0000,-0.6653,0.0000,0.0000,0.0000,0.0000
0.1700,1,4.9244,0.8665,0.1742,0.0028,-0.0159,-0.0032,0.0000,0.0000,0.0000
0.1700,2,7.9088,0.6419,0.0000,0.0000,-0.0000,0.0000,0.0000,0.0000,0.0000
0.1700,3,8.2406,2.1793,0.0000,0.0000,-0.8311,0.0000,0.0000,0.0000,0.0000
0.2040,1,4.9244,0.8662,0.1741,0.0018,-0.0103,-0.0021,0.0000,0.0000,0.0000
0.2040,2,7.9088,0.6419,0.0000,0.0000,-0.0000,0.0000,0.0000,0.0000,0.0000
0.2040,3,8.2406,2.1637,0.0000,0.0000,-0.9966,0.0000,0.0000,0.0000,0.0000
0.2360,1,4.9246,0.8652,0.1739,0.0026,-0.0148,-0.0030,0.0000,0.0000,0.0000
0.2360,2,7.9088,0.6419,0.0000,0.0000,-0.0000,0.0000,0.0000,0.0000,0.0000
0.2360,3,8.2406,2.1579,-0.0002,0.0000,-0.0282,-0.0047,0.0000,0.0000,0.0000
0.2700,1,4.9246,0.8651,0.1739,-0.0004,0.0025,0.0005,0.0000,0.0000,0.0000
0.2700,2,7.9088,0.6419,0.0000,0.0000,-0.0000,0.0000,0.0000,0.0000,0.0000
0.2700,3,8.2405,2.1577,-0.0003,-0.0071,0.0016,-0.0006,0.0000,0.0000,0.0000
0.3040,1,4.9246,0.8650,0.1739,-0.0006,0.0032,0.0007,0.0000,0.0000,0.0000
0.3040,2,7.9088,0.6419,0.0000,0.0000,-0.0000,0.0000,0.0000,0.0000,0.0000
0.3040,3,8.2403,2.1577,-0.0003,-0.0075,0.0029,-0.0004,0.0000,0.0000,0.0000
0.3360,1,4.9246,0.8650,0.1739,-0.0006,0.0033,0.0007,0.0000,0.0000,0.0000
0.3360,2,7.9088,0.6419,0.0000,0.0000,-0.0000,0.0000,0.0000,0.0000,0.0000
0.3360,3,8.2402,2.1577,-0.0003,-0.0075,0.0031,-0.0004,0.0000,0.0000,0.0000
0.3700,1,4.9246,0.8650,0.1739,-0.0006,0.0034,0.0007,0.0000,0.0000,0.0000
0.3700,2,7.9088,0.6419,0.0000,0.0000,-0.0000,0.0000,0.0000,0.0000,0.0000
0.3700,3,8.2401,2.1576,-0.0003,-0.0075,0.0032,-0.0003,0.0000,0.0000,0.0000
0.4020,1,4.9246,0.8650,0.1739,-0.0006,0.0034,0.0007,0.0000,0.0000,0.0000
0.4020,2,7.9088,0.6419,0.0000,0.0000,-0.0000,0.0000,0.0000,0.0000,0.0000
0.4020,3,8.2400,2.1576,-0.0003,-0.0075,0.0032,-0.0003,0.0000,0.0000,0.0000
0.4360,1,4.9246,0.8650,0.1739,-0.0006,0.0035,0.0007,0.0000,0.0000,0.0000
0.4360,2,7.9088,0.6419,0.0000,0.0000,-0.0000,0.0000,0.0000,0.0000,0.0000
0.4360,3,8.2398,2.1576,-0.0003,-0.0076,0.0033,-0.0003,0.0000,0.0000,0.0000
0.4680,1,4.9246,0.8650,0.1739,-0.0006,0.0035,0.0007,0.0000,0.0000,0.0000
0.4680,2,7.9088,0.6419,0.0000,0.0000,-0.0000,0.0000,0.0000,0.0000,0.0000
0.4680,3,8.2397,2.1575,-0.0003,-0.0076,0.0033,-0.0003,0.0000,0.0000,0.0000
0.5020,1,4.9246,0.8650,0.1739,-0.0006,0.0035,0.0007,0.0000,0.0000,0.0000
0.5020,2,7.9088,0.6419,0.0000,0.0000,-0.0000,0.0000,0.0000,0.0000,0.0000
0.5020,3,8.2396,2.1575,-0.0003,-0.0076,0.0034,-0.0003,0.0000,0.0000,0.0000
0.5340,1,4.9246,0.8650,0.1739,-0.0006,0.0035,0.0007,0.0000,0.0000,0.0000
0.5340,2,7.9088,0.6419,0.0000,0.0000,-0.0000,0.0000,0.0000,0.0000,0.0000
0.5340,3,8.2395,2.1575,-0.0003,-0.0076,0.0034,-0.0003,0.0000,0.0000,0.0000
0.5700,1,4.9246,0.8650,0.1739,-0.0006,0.0035,0.0007,0.0000,0.0000,0.0000
0.5700,2,7.9088,0.6419,0.0000,0.0000,-0.0000,0.0000,0.0000,0.0000,0.0000
0.5700,3,8.2393,2.1575,-0.0003,-0.0076,0.0034,-0.0003,0.0000,0.0000,0.0000
0.6020,1,4.9246,0.8650,0.1739,-0.0006,0.0035,0.0007,0.0000,0.0000,0.0000
0.6020,2,7.9088,0.6419,0.0000,0.0000,-0.0000,0.0000,0.0000,0.0000,0.0000
0.6020,3,8.2392,2.1574,-0.0003,-0.0076,0.0034,-0.0003,0.0000,0.0000,0.0000
0.6340,1,4.9246,0.8650,0.1739,-0.0006,0.0035,0.0007,0.0000,0.0000,0.0000
0.6340,2,7.9088,0.6419,0.0000,0.0000,-0.0000,0.0000,0.0000,0.0000,0.0000
0.6340,3,8.2391,2.1574,-0.0003,-0.0076,0.0034,-0.0003,0.0000,0.0000,0.0000
0.6700,1,4.9246,0.8650,0.1739,-0.0006,0.0035,0.0007,0.0000,0.0000,0.0000
0.6700,2,7.9088,0.6419,0.0000,0.0000,-0.0000,0.0000,0.0000,0.0000,0.0000
0.6700,3,8.2389,2.1574,-0.0003,-0.0076,0.0034,-0.0003,0.0000,0.0000,0.0000
0.7020,1,4.9246,0.8650,0.1739,-0.0006,0.0035,0.0007,0.0000,0.0000,0.0000
0.7020,2,7.9088,0.6419,0.0000,0.0000,-0.0000,0.0000,0.0000,0.0000,0.0000
0.7020,3,8.2388,2.1574,-0.0003,-0.0076,0.0034,-0.0003,0.0000,0.0000,0.0000
0.7360,1,4.9246,0.8650,0.1739,-0.0006,0.0035,0.0007,0.0000,0.0000,0.0000
0.7360,2,7.9088,0.6419,0.0000,0.0000,-0.0000,0.0000,0.0000,0.0000,0.0000
0.7360,3,8.2387,2.1574,-0.0003,-0.0076,0.0034,-0.0003,0.0000,0.0000,0.0000
0.7740,1,4.9246,0.8650,0.1739,-0.0006,0.0035,0.0007,0.0000,0.0000,0.0000
0.7740,2,7.9088,0.6419,0.0000,0.0000,-0.0000,0.0000,0.0000,0.0000,0.0000
0.7740,3,8.2386,2.1573,-0.0003,-0.0076,0.0034,-0.0003,0.0000,0.0000,0.0000
0.8020,1,4.9246,0.8650,0.1739,-0.0006,0.0035,0.0007,0.0000,0.0000,0.0000
0.8020,2,7.9088,0.6419,0.0000,0.0000,-0.0000,0.0000,0.0000,0.0000,0.0000
0.8020,3,8.2384,2.1573,-0.0003,-0.0076,0.0034,-0.0003,0.0000,0.0000,0.0000
0.8360,1,4.9246,0.8650,0.1739,-0.0006,0.0035,0.0007,0.0000,0.0000,0.0000
0.8360,2,7.9088,0.6419,0.0000,0.0000,-0.0000,0.0000,0.0000,0.0000,0.0000
0.8360,3,8.2383,2.1573,-0.0003,-0.0076,0.0034,-0.0003,0.0000,0.0000,0.0000
0.8680,1,4.9246,0.8650,0.1739,-0.0006,0.0035,0.0007,0.0000,0.0000,0.0000
0.8680,2,7.9088,0.6419,0.0000,0.0000,-0.0000,0.0000,0.0000,0.0000,0.0000
0.8680,3,8.2382,2.1573,-0.0004,-0.0076,0.0034,-0.0003,0.0000,0.0000,0.0000
0.9020,1,4.9246,0.8650,0.1739,-0.0006,0.0035,0.0007,0.0000,0.0000,0.0000
0.9020,2,7.9088,0.6419,0.0000,0.0000,-0.0000,0.0000,0.0000,0.0000,0.0000
0.9020,3,8.2381,2.1572,-0.0004,-0.0076,0.0034,-0.0003,0.0000,0.0000,0.0000
0.9360,1,4.9246,0.8650,0.1739,-0.0006,0.0035,0.0007,0.0000,0.0000,0.0000
0.9360,2,7.9088,0.6419,0.0000,0.0000,-0.0000,0.0000,0.0000,0.0000,0.0000
0.9360,3,8.2379,2.1572,-0.0004,-0.0076,0.0034,-0.0003,0.0000,0.0000,0.0000
0.9700,1,4.9246,0.8650,0.1739,-0.0006,0.0035,0.0007,0.0000,0.0000,0.0000
0.9700,2,7.9088,0.6419,0.0000,0.0000,-0.0000,0.0000,0.0000,0.0000,0.0000
0.9700,3,8.2378,2.1572,-0.0004,-0.0076,0.0034,-0.0003,0.0000,0.0000,0.0000
1.0000,1,4.9246,0.8650,0.1739,-0.0006,0.0035,0.0007,0.0000,0.0000,0.0000
1.0000,2,7.9088,0.6419,0.0000,0.0000,-0.0000,0.0000,0.0000,0.0000,0.0000
1.0000,3,8.2377,2.1572,-0.0004,-0.0076,0.0034,-0.0003,0.0000,0.0000,0.0000
1.0360,1,4.9246,0.8650,0.1739,-0.0006,0.0035,0.0007,0.0000,0.0000,0.0000
1.0360,2,7.9088,0.6419,0.0000,0.0000,-0.0000,0.0000,0.0000,0.0000,0.0000
1.0360,3,8.2376,2.1571,-0.0004,-0.0076,0.0034,-0.0003,0.0000,0.0000,0.0000
1.0680,1,4.9246,0.8650,0.1739,-0.0006,0.0035,0.0007,0.0000,0.0000,0.0000
1.0680,2,7.9088,0.6419,0.0000,0.0000,-0.0000,0.0000,0.0000,0.0000,0.0000
1.0680,3,8.2374,2.1571,-0.0004,-0.0076,0.0034,-0.0003,0.0000,0.0000,0.0000
1.1020,1,4.9246,0.8650,0.1739,-0.0006,0.0035,0.0007,0.0000,0.0000,0.0000
1.1020,2,7.9088,0.6419,0.0000,0.0000,-0.0000,0.0000,0.0000,0.0000,0.0000
1.1020,3,8.2373,2.1571,-0.0004,-0.0076,0.0034,-0.0003,0.0000,0.0000,0.0000
1.1340,1,4.9246,0.8650,0.1739,-0.0006,0.0035,0.0007,0.0000,0.0000,0.0000
1.1340,2,7.9088,0.6419,0.0000,0.0000,-0.0000,0.0000,0.0000,0.0000,0.0000
1.1340,3,8.2372,2.1571,-0.0004,-0.0076,0.0034,-0.0003,0.0000,0.0000,0.0000
1.1680,1,4.9246,0.8650,0.1739,-0.0006,0.0035,0.0007,0.0000,0.0000,0.0000
1.1680,2,7.9088,0.6419,0.0000,0.0000,-0.0000,0.0000,0.0000,0.0000,0.0000
1.1680,3,8.2370,2.1570,-0.0004,-0.0076,0.0034,-0.0003,0.0000,0.0000,0.0000
1.2020,1,4.9246,0.8650,0.1739,-0.0006,0.0035,0.0007,0.0000,0.0000,0.0000
1.2020,2,7.9088,0.6419,0.0000,0.0000,-0.0000,0.0000,0.0000,0.0000,0.0000
1.2020,3,8.2369,2.1570,-0.0004,-0.0076,0.0034,-0.0003,0.0000,0.0000,0.0000
1.2340,1,4.9246,0.8650,0.1739,-0.0006,0.0035,0.0007,0.0000,0.0000,0.0000
1.2340,2,7.9088,0.6419,0.0000,0.0000,-0.0000,0.0000,0.0000,0.0000,0.0000
1.2340,3,8.2368,2.1570,-0.0004,-0.0076,0.0034,-0.0003,0.0000,0.0000,0.0000
1.2680,1,4.9246,0.8650,0.1739,-0.0006,0.0035,0.0007,0.0000,0.0000,0.0000
1.2680,2,7.9088,0.6419,0.0000,0.0000,-0.0000,0.0000,0.0000,0.0000,0.0000
1.2680,3,8.2367,2.1570,-0.0004,-0.0076,0.0034,-0.0003,0.0000,0.0000,0.0000
1.3020,1,4.9246,0.8650,0.1739,-0.0006,0.0035,0.0007,0.0000,0.0000,0.0000
1.3020,2,7.9088,0.6419,0.0000,0.0000,-0.0000,0.0000,0.0000,0.0000,0.0000
1.3020,3,8.2365,2.1569,-0.0004,-0.0076,0.0034,-0.0003,0.0000,0.0000,0.0000
1.3360,1,4.9246,0.8650,0.1739,-0.0006,0.0035,0.0007,0.0000,0.0000,0.0000
1.3360,2,7.9088,0.6419,0.0000,0.0000,-0.0000,0.0000,0.0000,0.0000,0.0000
1.3360,3,8.2364,2.1569,-0.0004,-0.0076,0.0034,-0.0003,0.0000,0.0000,0.0000
1.3680,1,4.9246,0.8650,0.1739,-0.0006,0.0035,0.0007,0.0000,0.0000,0.0000
1.3680,2,7.9088,0.6419,0.0000,0.0000,-0.0000,0.0000,0.0000,0.0000,0.0000
1.3680,3,8.2363,2.1569,-0.0004,-0.0076,0.0034,-0.0003,0.0000,0.0000,0.0000
1.4020,1,4.9246,0.8650,0.1739,-0.0006,0.0035,0.0007,0.0000,0.0000,0.0000
1.4020,2,7.9088,0.6419,0.0000,0.0000,-0.0000,0.0000,0.0000,0.0000,0.0000
1.4020,3,8.2362,2.1569,-0.0004,-0.0076,0.0034,-0.0003,0.0000,0.0000,0.0000
1.4340,1,4.9246,0.8650,0.1739,-0.0006,0.0035,0.0007,0.0000,0.0000,0.0000
1.4340,2,7.9088,0.6419,0.0000,0.0000,-0.0000,0.0000,0.0000,0.0000,0.0000
1.4340,3,8.2360,2.1569,-0.0004,-0.0076,0.0034,-0.0003,0.0000,0.0000,0.0000
1.4660,1,4.9246,0.8650,0.1739,-0.0006,0.0035,0.0007,0.0000,0.0000,0.0000
1.4660,2,7.9088,0.6419,0.0000,0.0000,-0.0000,0.0000,0.0000,0.0000,0.0000
1.4660,3,8.2359,2.1568,-0.0004,-0.0076,0.0034,-0.0003,0.0000,0.0000,0.0000
1.5020,1,4.9246,0.8650,0.1739,-0.0006,0.0035,0.0007,0.0000,0.0000,0.0000
1.5020,2,7.9088,0.6419,0.0000,0.0000,-0.0000,0.0000,0.0000,0.0000,0.0000
1.5020,3,8.2358,2.1568,-0.0004,-0.0076,0.0034,-0.0003,0.0000,0.0000,0.0000
1.5360,1,4.9246,0.8650,0.1739,-0.0006,0.0035,0.0007,0.0000,0.0000,0.0000
1.5360,2,7.9088,0.6419,0.0000,0.0000,-0.0000,0.0000,0.0000,0.0000,0.0000
1.5360,3,8.2356,2.1568,-0.0004,-0.0076,0.0034,-0.0003,0.0000,0.0000,0.0000
1.5700,1,4.9246,0.8650,0.1739,-0.0006,0.0035,0.0007,0.0000,0.0000,0.0000
1.5700,2,7.9088,0.6419,0.0000,0.0000,-0.0000,0.0000,0.0000,0.0000,0.0000
1.5700,3,8.2355,2.1568,-0.0004,-0.0076,0.0034,-0.0003,0.0000,0.0000,0.0000
1.6040,1,4.9246,0.8650,0.1739,-0.0006,0.0035,0.0007,0.0000,0.0000,0.0000
1.6040,2,7.9088,0.6419,0.0000,0.0000,-0.0000,0.0000,0.0000,0.0000,0.0000
1.6040,3,8.2354,2.1567,-0.0004,-0.0076,0.0034,-0.0003,0.0000,0.0000,0.0000
1.6360,1,4.9246,0.8650,0.1739,-0.0006,0.0035,0.0007,0.0000,0.0000,0.0000
1.6360,2,7.9088,0.6419,0.0000,0.0000,-0.0000,0.0000,0.0000,0.0000,0.0000
1.6360,3,8.2353,2.1567,-0.0004,-0.0076,0.0034,-0.0003,0.0000,0.0000,0.0000
1.6700,1,4.9246,0.8650,0.1739,-0.0006,0.0035,0.0007,0.0000,0.0000,0.0000
1.6700,2,7.9088,0.6419,0.0000,0.0000,-0.0000,0.0000,0.0000,0.0000,0.0000
1.6700,3,8.2351,2.1567,-0.0004,-0.0076,0.0034,-0.0003,0.0000,0.0000,0.0000
1.7020,1,4.9246,0.8650,0.1739,-0.0006,0.0035,0.0007,0.0000,0.0000,0.0000
1.7020,2,7.9088,0.6419,0.0000,0.0000,-0.0000,0.0000,0.0000,0.0000,0.0000
1.7020,3,8.2350,2.1567,-0.0005,-0.0076,0.0034,-0.0003,0.0000,0.0000,0.0000
1.7340,1,4.9246,0.8650,0.1739,-0.0006,0.0035,0.0007,0.0000,0.0000,0.0000
1.7340,2,7.9088,0.6419,0.0000,0.0000,-0.0000,0.0000,0.0000,0.0000,0.0000
1.7340,3,8.2349,2.1566,-0.0005,-0.0076,0.0034,-0.0003,0.0000,0.0000,0.0000
1.7680,1,4.9246,0.8650,0.1739,-0.0006,0.0035,0.0007,0.0000,0.0000,0.0000
1.7680,2,7.9088,0.6419,0.0000,0.0000,-0.0000,0.0000,0.0000,0.0000,0.0000
1.7680,3,8.2348,2.1566,-0.0005,-0.0076,0.0034,-0.0003,0.0000,0.0000,0.0000
1.8000,1,4.9246,0.8650,0.1739,-0.0006,0.0035,0.0007,0.0000,0.0000,0.0000
1.8000,2,7.9088,0.6419,0.0000,0.0000,-0.0000,0.0000,0.0000,0.0000,0.0000
1.8000,3,8.2346,2.1566,-0.0005,-0.0076,0.0034,-0.0003,0.0000,0.0000,0.0000
1.8320,1,4.9246,0.8650,0.1739,-0.0006,0.0035,0.0007,0.0000,0.0000,0.0000
1.8320,2,7.9088,0.6419,0.0000,0.0000,-0.0000,0.0000,0.0000,0.0000,0.0000
1.8320,3,8.2345,2.1566,-0.0005,-0.0076,0.0034,-0.0003,0.0000,0.0000,0.0000
1.8660,1,4.9246,0.8650,0.1739,-0.0006,0.0035,0.0007,0.0000,0.0000,0.0000
1.8660,2,7.9088,0.6419,0.0000,0.0000,-0.0000,0.0000,0.0000,0.0000,0.0000
1.8660,3,8.2344,2.1565,-0.0005,-0.0076,0.0034,-0.0003,0.0000,0.0000,0.0000
1.9020,1,4.9246,0.8650,0.1739,-0.0006,0.0035,0.0007,0.0000,0.0000,0.0000
1.9020,2,7.9088,0.6419,0.0000,0.0000,-0.0000,0.0000,0.0000,0.0000,0.0000
1.9020,3,8.2342,2.1565,-0.0005,-0.0076,0.0034,-0.0003,0.0000,0.0000,0.0000
1.9340,1,4.9246,0.8650,0.1739,-0.0006,0.0035,0.0007,0.0000,0.0000,0.0000
1.9340,2,7.9088,0.6419,0.0000,0.0000,-0.0000,0.0000,0.0000,0.0000,0.0000
1.9340,3,8.2341,2.1565,-0.0005,-0.0076,0.0034,-0.0003,0.0000,0.0000,0.0000
1.9680,1,4.9246,0.8650,0.1739,-0.0006,0.0035,0.0007,0.0000,0.0000,0.0000
1.9680,2,7.9088,0.6419,0.0000,0.0000,-0.0000,0.0000,0.0000,0.0000,0.0000
1.9680,3,8.2340,2.1565,-0.0005,-0.0076,0.0034,-0.0003,0.0000,0.0000,0.0000
2.0020,1,4.9246,0.8650,0.1739,-0.0006,0.0035,0.0007,0.0000,0.0000,0.0000
2.0020,2,7.9088,0.6419,0.0000,0.0000,-0.0000,0.0000,0.0000,0.0000,0.0000
2.0020,3,8.2339,2.1564,-0.0005,-0.0076,0.0034,-0.0003,0.0000,0.0000,0.0000
2.0340,1,4.9246,0.8650,0.1739,-0.0006,0.0035,0.0007,0.0000,0.0000,0.0000
2.0340,2,7.9088,0.6419,0.0000,0.0000,-0.0000,0.0000,0.0000,0.0000,0.0000
2.0340,3,8.2337,2.1564,-0.0005,-0.0076,0.0034,-0.0003,0.0000,0.0000,0.0000
2.0660,1,4.9246,0.8650,0.1739,-0.0006,0.0035,0.0007,0.0000,0.0000,0.0000
2.0660,2,7.9088,0.6419,0.0000,0.0000,-0.0000,0.0000,0.0000,0.0000,0.0000
2.0660,3,8.2336,2.1564,-0.0005,-0.0076,0.0034,-0.0003,0.0000,0.0000,0.0000
2.1000,1,4.9246,0.8650,0.1739,-0.0006,0.0035,0.0007,0.0000,0.0000,0.0000
2.1000,2,7.9088,0.6419,0.0000,0.0000,-0.0000,0.0000,0.0000,0.0000,0.0000
2.1000,3,8.2335,2.1564,-0.0005,-0.0076,0.0034,-0.0003,0.0000,0.0000,0.0000
2.1340,1,4.9246,0.8650,0.1739,-0.0006,0.0035,0.0007,0.0000,0.0000,0.0000
2.1340,2,7.9088,0.6419,0.0000,0.0000,-0.0000,0.0000,0.0000,0.0000,0.0000
2.1340,3,8.2334,2.1564,-0.0005,-0.0076,0.0034,-0.0003,0.0000,0.0000,0.0000
2.1660,1,4.9246,0.8650,0.1739,-0.0006,0.0035,0.0007,0.0000,0.0000,0.0000
2.1660,2,7.9088,0.6419,0.0000,0.0000,-0.0000,0.0000,0.0000,0.0000,0.0000
2.1660,3,8.2332,2.1563,-0.0005,-0.0076,0.0034,-0.0003,0.0000,0.0000,0.0000
2.2020,1,4.9246,0.8650,0.1739,-0.0006,0.0035,0.0007,0.0000,0.0000,0.0000
2.2020,2,7.9088,0.6419,0.0000,0.0000,-0.0000,0.0000,0.0000,0.0000,0.0000
2.2020,3,8.2331,2.1563,-0.0005,-0.0076,0.0034,-0.0003,0.0000,0.0000,0.0000
2.2340,1,4.9246,0.8650,0.1739,-0.0006,0.0035,0.0007,0.0000,0.0000,0.0000
2.2340,2,7.9088,0.6419,0.0000,0.0000,-0.0000,0.0000,0.0000,0.0000,0.0000
2.2340,3,8.2330,2.1563,-0.0005,-0.0076,0.0034,-0.0003,0.0000,0.0000,0.0000
2.2680,1,4.9246,0.8650,0.1739,-0.0006,0.0035,0.0007,0.0000,0.0000,0.0000
2.2680,2,7.9088,0.6419,0.0000,0.0000,-0.0000,0.0000,0.0000,0.0000,0.0000
2.2680,3,8.2329,2.1563,-0.0005,-0.0076,0.0034,-0.0003,0.0000,0.0000,0.0000
2.3020,1,4.9246,0.8650,0.1739,-0.0006,0.0035,0.0007,0.0000,0.0000,0.0000
2.3020,2,7.9088,0.6419,0.0000,0.0000,-0.0000,0.0000,0.0000,0.0000,0.0000
2.3020,3,8.2327,2.1562,-0.0005,-0.0076,0.0034,-0.0003,0.0000,0.0000,0.0000
2.3340,1,4.9246,0.8650,0.1739,-0.0006,0.0035,0.0007,0.0000,0.0000,0.0000
2.3340,2,7.9088,0.6419,0.0000,0.0000,-0.0000,0.0000,0.0000,0.0000,0.0000
2.3340,3,8.2326,2.1562,-0.0005,-0.0076,0.0034,-0.0003,0.0000,0.0000,0.0000
2.3680,1,4.9246,0.8650,0.1739,-0.0006,0.0035,0.0007,0.0000,0.0000,0.0000
2.3680,2,7.9088,0.6419,0.0000,0.0000,-0.0000,0.0000,0.0000,0.0000,0.0000
2.3680,3,8.2325,2.1562,-0.0005,-0.0076,0.0034,-0.0003,0.0000,0.0000,0.0000
2.4020,1,4.9246,0.8650,0.1739,-0.0006,0.0036,0.0007,0.0000,0.0000,0.0000
2.4020,2,7.9088,0.6419,0.0000,0.0000,-0.0000,0.0000,0.0000,0.0000,0.0000
2.4020,3,8.2323,2.1562,-0.0005,-0.0076,0.0034,-0.0003,0.0000,0.0000,0.0000
2.4340,1,4.9246,0.8650,0.1739,-0.0006,0.0036,0.0007,0.0000,0.0000,0.0000
2.4340,2,7.9088,0.6419,0.0000,0.0000,-0.0000,0.0000,0.0000,0.0000,0.0000
2.4340,3,8.2322,2.1561,-0.0005,-0.0076,0.0034,-0.0003,0.0000,0.0000,0.0000
2.4660,1,4.9246,0.8650,0.1739,-0.0006,0.0036,0.0007,0.0000,0.0000,0.0000
2.4660,2,7.9088,0.6419,0.0000,0.0000,-0.0000,0.0000,0.0000,0.0000,0.0000
2.4660,3,8.2321,2.1561,-0.0005,-0.0076,0.0034,-0.0003,0.0000,0.0000,0.0000
2.5000,1,4.9246,0.8650,0.1739,-0.0006,0.0036,0.0007,0.0000,0.0000,0.0000
2.5000,2,7.9088,0.6419,0.0000,0.0000,-0.0000,0.0000,0.0000,0.0000,0.0000
2.5000,3,8.2320,2.1561,-0.0005,-0.0076,0.0034,-0.0003,0.0000,0.0000,0.0000
2.5320,1,4.9246,0.8650,0.1739,-0.0006,0.0036,0.0007,0.0000,0.0000,0.0000
2.5320,2,7.9088,0.6419,0.0000,0.0000,-0.0000,0.0000,0.0000,0.0000,0.0000
2.5320,3,8.2318,2.1561,-0.0006,-0.0076,0.0034,-0.0003,0.0000,0.0000,0.0000
2.5680,1,4.9246,0.8650,0.1739,-0.0006,0.0036,0.0007,0.0000,0.0000,0.0000
2.5680,2,7.9088,0.6419,0.0000,0.0000,-0.0000,0.0000,0.0000,0.0000,0.0000
2.5680,3,8.2317,2.1560,-0.0006,-0.0076,0.0034,-0.0003,0.0000,0.0000,0.0000
2.6000,1,4.9246,0.8650,0.1739,-0.0006,0.0036,0.0007,0.0000,0.0000,0.0000
2.6000,2,7.9088,0.6419,0.0000,0.0000,-0.0000,0.0000,0.0000,0.0000,0.0000
2.6000,3,8.2316,2.1560,-0.0006,-0.0076,0.0034,-0.0003,0.0000,0.0000,0.0000
2.6340,1,4.9246,0.8650,0.1739,-0.0006,0.0036,0.0007,0.0000,0.0000,0.0000
2.6340,2,7.9088,0.6419,0.0000,0.0000,-0.0000,0.0000,0.0000,0.0000,0.0000
2.6340,3,8.2315,2.1560,-0.0006,-0.0076,0.0034,-0.0003,0.0000,0.0000,0.0000
2.6660,1,4.9246,0.8650,0.1739,-0.0006,0.0036,0.0007,0.0000,0.0000,0.0000
2.6660,2,7.9088,0.6419,0.0000,0.0000,-0.0000,0.0000,0.0000,0.0000,0.0000
2.6660,3,8.2313,2.1560,-0.0006,-0.0076,0.0034,-0.0003,0.0000,0.0000,0.0000
2.7000,1,4.9246,0.8650,0.1739,-0.0006,0.0036,0.0007,0.0000,0.0000,0.0000
2.7000,2,7.9088,0.6419,0.0000,0.0000,-0.0000,0.0000,0.0000,0.0000,0.0000
2.7000,3,8.2312,2.1559,-0.0006,-0.0076,0.0034,-0.0003,0.0000,0.0000,0.0000
2.7340,1,4.9246,0.8650,0.1739,-0.0006,0.0036,0.0007,0.0000,0.0000,0.0000
2.7340,2,7.9088,0.6419,0.0000,0.0000,-0.0000,0.0000,0.0000,0.0000,0.0000
2.7340,3,8.2311,2.1559,-0.0006,-0.0076,0.0034,-0.0003,0.0000,0.0000,0.0000
2.7660,1,4.9246,0.8650,0.1739,-0.0006,0.0036,0.0007,0.0000,0.0000,0.0000
2.7660,2,7.9088,0.6419,0.0000,0.0000,-0.0000,0.0000,0.0000,0.0000,0.0000
2.7660,3,8.2310,2.1559,-0.0006,-0.0076,0.0034,-0.0003,0.0000,0.0000,0.0000
2.8000,1,4.9246,0.8650,0.1739,-0.0006,0.0036,0.0007,0.0000,0.0000,0.0000
2.8000,2,7.9088,0.6419,0.0000,0.0000,-0.0000,0.0000,0.0000,0.0000,0.0000
2.8000,3,8.2308,2.1559,-0.0006,-0.0076,0.0034,-0.0003,0.0000,0.0000,0.0000
2.8340,1,4.9246,0.8650,0.1739,-0.0006,0.0036,0.0007,0.0000,0.0000,0.0000
2.8340,2,7.9088,0.6419,0.0000,0.0000,-0.0000,0.0000,0.0000,0.0000,0.0000
2.8340,3,8.2307,2.1559,-0.0006,-0.0076,0.0034,-0.0003,0.0000,0.0000,0.0000
2.8700,1,4.9246,0.8650,0.1739,-0.0006,0.0036,0.0007,0.0000,0.0000,0.0000
2.8700,2,7.9088,0.6419,0.0000,0.0000,-0.0000,0.0000,0.0000,0.0000,0.0000
2.8700,3,8.2306,2.1558,-0.0006,-0.0076,0.0034,-0.0003,0.0000,0.0000,0.0000
2.9020,1,4.9246,0.8650,0.1739,-0.0006,0.0036,0.0007,0.0000,0.0000,0.0000
2.9020,2,7.9088,0.6419,0.0000,0.0000,-0.0000,0.0000,0.0000,0.0000,0.0000
2.9020,3,8.2304,2.1558,-0.0006,-0.0076,0.0034,-0.0003,0.0000,0.0000,0.0000
2.9320,1,4.9246,0.8650,0.1739,-0.0006,0.0036,0.0007,0.0000,0.0000,0.0000
2.9320,2,7.9088,0.6419,0.0000,0.0000,-0.0000,0.0000,0.0000,0.0000,0.0000
2.9320,3,8.2303,2.1558,-0.0006,-0.0076,0.0034,-0.0003,0.0000,0.0000,0.0000
2.9700,1,4.9246,0.8650,0.1739,-0.0006,0.0036,0.0007,0.0000,0.0000,0.0000
2.9700,2,7.9088,0.6419,0.0000,0.0000,-0.0000,0.0000,0.0000,0.0000,0.0000
2.9700,3,8.2302,2.1558,-0.0006,-0.0076,0.0034,-0.0003,0.0000,0.0000,0.0000
3.0020,1,4.9246,0.8650,0.1739,-0.0006,0.0036,0.0007,0.0000,0.0000,0.0000
3.0020,2,7.9088,0.6419,0.0000,0.0000,-0.0000,0.0000,0.0000,0.0000,0.0000
3.0020,3,8.2301,2.1557,-0.0006,-0.0076,0.0034,-0.0003,0.0000,0.0000,0.0000
3.0320,1,4.9246,0.8650,0.1739,-0.0006,0.0036,0.0007,0.0000,0.0000,0.0000
3.0320,2,7.9088,0.6419,0.0000,0.0000,-0.0000,0.0000,0.0000,0.0000,0.0000
3.0320,3,8.2299,2.1557,-0.0006,-0.0076,0.0034,-0.0003,0.0000,0.0000,0.0000
3.0680,1,4.9246,0.8650,0.1739,-0.0006,0.0036,0.0007,0.0000,0.0000,0.0000
3.0680,2,7.9088,0.6419,0.0000,0.0000,-0.0000,0.0000,0.0000,0.0000,0.0000
3.0680,3,8.2298,2.1557,-0.0006,-0.0076,0.0034,-0.0003,0.0000,0.0000,0.0000
3.1000,1,4.9246,0.8650,0.1739,-0.0006,0.0036,0.0007,0.0000,0.0000,0.0000
3.1000,2,7.9088,0.6419,0.0000,0.0000,-0.0000,0.0000,0.0000,0.0000,0.0000
3.1000,3,8.2297,2.1557,-0.0006,-0.0076,0.0034,-0.0003,0.0000,0.0000,0.0000
3.1340,1,4.9246,0.8650,0.1739,-0.0006,0.0036,0.0007,0.0000,0.0000,0.0000
3.1340,2,7.9088,0.6419,0.0000,0.0000,-0.0000,0.0000,0.0000,0.0000,0.0000
3.1340,3,8.2295,2.1556,-0.0006,-0.0076,0.0034,-0.0003,0.0000,0.0000,0.0000
3.1680,1,4.9246,0.8650,0.1739,-0.0006,0.0036,0.0007,0.0000,0.0000,0.0000
3.1680,2,7.9088,0.6419,0.0000,0.0000,-0.0000,0.0000,0.0000,0.0000,0.0000
3.1680,3,8.2294,2.1556,-0.0006,-0.0076,0.0034,-0.0003,0.0000,0.0000,0.0000
3.2020,1,4.9246,0.8650,0.1739,-0.0006,0.0036,0.0007,0.0000,0.0000,0.0000
3.2020,2,7.9088,0.6419,0.0000,0.0000,-0.0000,0.0000,0.0000,0.0000,0.0000
3.2020,3,8.2293,2.1556,-0.0006,-0.0076,0.0034,-0.0003,0.0000,0.0000,0.0000
3.2340,1,4.9246,0.8650,0.1739,-0.0006,0.0036,0.0007,0.0000,0.0000,0.0000
3.2340,2,7.9088,0.6419,0.0000,0.0000,-0.0000,0.0000,0.0000,0.0000,0.0000
3.2340,3,8.2292,2.1556,-0.0006,-0.0076,0.0034,-0.0003,0.0000,0.0000,0.0000
3.2660,1,4.9246,0.8650,0.1739,-0.0006,0.0036,0.0007,0.0000,0.0000,0.0000
3.2660,2,7.9088,0.6419,0.0000,0.0000,-0.0000,0.0000,0.0000,0.0000,0.0000
3.2660,3,8.2290,2.1555,-0.0006,-0.0076,0.0034,-0.0003,0.0000,0.0000,0.0000
3.3020,1,4.9246,0.8650,0.1739,-0.0006,0.0036,0.0007,0.0000,0.0000,0.0000
3.3020,2,7.9088,0.6419,0.0000,0.0000,-0.0000,0.0000,0.0000,0.0000,0.0000
3.3020,3,8.2289,2.1555,-0.0006,-0.0076,0.0034,-0.0003,0.0000,0.0000,0.0000
3.3340,1,4.9246,0.8650,0.1739,-0.0006,0.0036,0.0007,0.0000,0.0000,0.0000
3.3340,2,7.9088,0.6419,0.0000,0.0000,-0.0000,0.0000,0.0000,0.0000,0.0000
3.3340,3,8.2288,2.1555,-0.0006,-0.0076,0.0034,-0.0003,0.0000,0.0000,0.0000
3.3700,1,4.9246,0.8650,0.1739,-0.0006,0.0036,0.0007,0.0000,0.0000,0.0000
3.3700,2,7.9088,0.6419,0.0000,0.0000,-0.0000,0.0000,0.0000,0.0000,0.0000
3.3700,3,8.2286,2.1555,-0.0007,-0.0076,0.0034,-0.0003,0.0000,0.0000,0.0000
3.4020,1,4.9246,0.8650,0.1739,-0.0006,0.0036,0.0007,0.0000,0.0000,0.0000
3.4020,2,7.9088,0.6419,0.0000,0.0000,-0.0000,0.0000,0.0000,0.0000,0.0000
3.4020,3,8.2285,2.1554,-0.0007,-0.0076,0.0034,-0.0003,0.0000,0.0000,0.0000
3.4340,1,4.9246,0.8650,0.1739,-0.0006,0.0036,0.0007,0.0000,0.0000,0.0000
3.4340,2,7.9088,0.6419,0.0000,0.0000,-0.0000,0.0000,0.0000,0.0000,0.0000
3.4340,3,8.2284,2.1554,-0.0007,-0.0076,0.0034,-0.0003,0.0000,0.0000,0.0000
3.4700,1,4.9246,0.8650,0.1739,-0.0006,0.0036,0.0007,0.0000,0.0000,0.0000
3.4700,2,7.9088,0.6419,0.0000,0.0000,-0.0000,0.0000,0.0000,0.0000,0.0000
3.4700,3,8.2283,2.1554,-0.0007,-0.0076,0.0034,-0.0003,0.0000,0.0000,0.0000
3.5000,1,4.9246,0.8650,0.1739,-0.0006,0.0036,0.0007,0.0000,0.0000,0.0000
3.5000,2,7.9088,0.6419,0.0000,0.0000,-0.0000,0.0000,0.0000,0.0000,0.0000
3.5000,3,8.2282,2.1554,-0.0007,-0.0076,0.0034,-0.0003,0.0000,0.0000,0.0000
3.5340,1,4.9246,0.8650,0.1739,-0.0006,0.0036,0.0007,0.0000,0.0000,0.0000
3.5340,2,7.9088,0.6419,0.0000,0.0000,-0.0000,0.0000,0.0000,0.0000,0.0000
3.5340,3,8.2280,2.1554,-0.0007,-0.0076,0.0034,-0.0003,0.0000,0.0000,0.0000
3.5700,1,4.9246,0.8650,0.1739,-0.0006,0.0036,0.0007,0.0000,0.0000,0.0000
3.5700,2,7.9088,0.6419,0.0000,0.0000,-0.0000,0.0000,0.0000,0.0000,0.0000
3.5700,3,8.2279,2.1553,-0.0007,-0.0076,0.0034,-0.0003,0.0000,0.0000,0.0000
3.6020,1,4.9246,0.8650,0.1739,-0.0006,0.0036,0.0007,0.0000,0.0000,0.0000
3.6020,2,7.9088,0.6419,0.0000,0.0000,-0.0000,0.0000,0.0000,0.0000,0.0000
3.6020,3,8.2278,2.1553,-0.0007,-0.0076,0.0034,-0.0003,0.0000,0.0000,0.0000
3.6320,1,4.9246,0.8650,0.1739,-0.0006,0.0036,0.0007,0.0000,0.0000,0.0000
3.6320,2,7.9088,0.6419,0.0000,0.0000,-0.0000,0.0000,0.0000,0.0000,0.0000
3.6320,3,8.2276,2.1553,-0.0007,-0.0076,0.0034,-0.0003,0.0000,0.0000,0.0000
3.6660,1,4.9246,0.8650,0.1739,-0.0006,0.0036,0.0007,0.0000,0.0000,0.0000
3.6660,2,7.9088,0.6419,0.0000,0.0000,-0.0000,0.0000,0.0000,0.0000,0.0000
3.6660,3,8.2275,2.1553,-0.0007,-0.0076,0.0034,-0.0003,0.0000,0.0000,0.0000
3.7040,1,4.9246,0.8650,0.1739,-0.0006,0.0036,0.0007,0.0000,0.0000,0.0000
3.7040,2,7.9088,0.6419,0.0000,0.0000,-0.0000,0.0000,0.0000,0.0000,0.0000
3.7040,3,8.2274,2.1552,-0.0007,-0.0076,0.0034,-0.0003,0.0000,0.0000,0.0000
3.7340,1,4.9246,0.8650,0.1739,-0.0006,0.0036,0.0007,0.0000,0.0000,0.0000
3.7340,2,7.9088,0.6419,0.0000,0.0000,-0.0000,0.0000,0.0000,0.0000,0.0000
3.7340,3,8.2273,2.1552,-0.0007,-0.0076,0.0034,-0.0003,0.0000,0.0000,0.0000
3.7660,1,4.9246,0.8650,0.1739,-0.0006,0.0036,0.0007,0.0000,0.0000,0.0000
3.7660,2,7.9088,0.6419,0.0000,0.0000,-0.0000,0.0000,0.0000,0.0000,0.0000
3.7660,3,8.2271,2.1552,-0.0007,-0.0076,0.0034,-0.0003,0.0000,0.0000,0.0000
3.8020,1,4.9246,0.8650,0.1739,-0.0006,0.0036,0.0007,0.0000,0.0000,0.0000
3.8020,2,7.9088,0.6419,0.0000,0.0000,-0.0000,0.0000,0.0000,0.0000,0.0000
3.8020,3,8.2270,2.1552,-0.0007,-0.0076,0.0034,-0.0003,0.0000,0.0000,0.0000
3.8320,1,4.9246,0.8650,0.1739,-0.0006,0.0036,0.0007,0.0000,0.0000,0.0000
3.8320,2,7.9088,0.6419,0.0000,0.0000,-0.0000,0.0000,0.0000,0.0000,0.0000
3.8320,3,8.2269,2.1551,-0.0007,-0.0076,0.0034,-0.0003,0.0000,0.0000,0.0000
3.8700,1,4.9246,0.8650,0.1739,-0.0006,0.0036,0.0007,0.0000,0.0000,0.0000
3.8700,2,7.9088,0.6419,0.0000,0.0000,-0.0000,0.0000,0.0000,0.0000,0.0000
3.8700,3,8.2267,2.1551,-0.0007,-0.0076,0.0034,-0.0003,0.0000,0.0000,0.0000
3.9020,1,4.9246,0.8650,0.1739,-0.0006,0.0036,0.0007,0.0000,0.0000,0.0000
3.9020,2,7.9088,0.6419,0.0000,0.0000,-0.0000,0.0000,0.0000,0.0000,0.0000
3.9020,3,8.2266,2.1551,-0.0007,-0.0076,0.0034,-0.0003,0.0000,0.0000,0.0000
3.9360,1,4.9246,0.8650,0.1739,-0.0006,0.0036,0.0007,0.0000,0.0000,0.0000
3.9360,2,7.9088,0.6419,0.0000,0.0000,-0.0000,0.0000,0.0000,0.0000,0.0000
3.9360,3,8.2265,2.1551,-0.0007,-0.0076,0.0034,-0.0003,0.0000,0.0000,0.0000
3.9660,1,4.9246,0.8650,0.1739,-0.0006,0.0036,0.0007,0.0000,0.0000,0.0000
3.9660,2,7.9088,0.6419,0.0000,0.0000,-0.0000,0.0000,0.0000,0.0000,0.0000
3.9660,3,8.2264,2.1550,-0.0007,-0.0076,0.0034,-0.0003,0.0000,0.0000,0.0000
4.0000,1,4.9246,0.8650,0.1739,-0.0006,0.0036,0.0007,0.0000,0.0000,0.0000
4.0000,2,7.9088,0.6419,0.0000,0.0000,-0.0000,0.0000,0.0000,0.0000,0.0000
4.0000,3,8.2262,2.1550,-0.0007,-0.0076,0.0034,-0.0003,0.0000,0.0000,0.0000
4.0340,1,4.9246,0.8650,0.1739,-0.0006,0.0036,0.0007,0.0000,0.0000,0.0000
4.0340,2,7.9088,0.6419,0.0000,0.0000,-0.0000,0.0000,0.0000,0.0000,0.0000
4.0340,3,8.2261,2.1550,-0.0007,-0.0076,0.0034,-0.0003,0.0000,0.0000,0.0000
4.0660,1,4.9246,0.8650,0.1739,-0.0006,0.0036,0.0007,0.0000,0.0000,0.0000
4.0660,2,7.9088,0.6419,0.0000,0.0000,-0.0000,0.0000,0.0000,0.0000,0.0000
4.0660,3,8.2260,2.1550,-0.0007,-0.0076,0.0034,-0.0003,0.0000,0.0000,0.0000
4.1000,1,4.9246,0.8650,0.1739,-0.0006,0.0036,0.0007,0.0000,0.0000,0.0000
4.1000,2,7.9088,0.6419,0.0000,0.0000,-0.0000,0.0000,0.0000,0.0000,0.0000
4.1000,3,8.2259,2.1549,-0.0007,-0.0076,0.0034,-0.0003,0.0000,0.0000,0.0000
4.1340,1,4.9246,0.8650,0.1739,-0.0006,0.0036,0.0007,0.0000,0.0000,0.0000
4.1340,2,7.9088,0.6419,0.0000,0.0000,-0.0000,0.0000,0.0000,0.0000,0.0000
4.1340,3,8.2257,2.1549,-0.0007,-0.0076,0.0034,-0.0003,0.0000,0.0000,0.0000
4.1660,1,4.9246,0.8650,0.1739,-0.0006,0.0036,0.0007,0.0000,0.0000,0.0000
4.1660,2,7.9088,0.6419,0.0000,0.0000,-0.0000,0.0000,0.0000,0.0000,0.0000
4.1660,3,8.2256,2.1549,-0.0007,-0.0076,0.0034,-0.0003,0.0000,0.0000,0.0000
4.2000,1,4.9246,0.8650,0.1739,-0.0006,0.0036,0.0007,0.0000,0.0000,0.0000
4.2000,2,7.9088,0.6419,0.0000,0.0000,-0.0000,0.0000,0.0000,0.0000,0.0000
4.2000,3,8.2255,2.1549,-0.0008,-0.0076,0.0034,-0.0003,0.0000,0.0000,0.0000
4.2320,1,4.9246,0.8650,0.1739,-0.0006,0.0036,0.0007,0.0000,0.0000,0.0000
4.2320,2,7.9088,0.6419,0.0000,0.0000,-0.0000,0.0000,0.0000,0.0000,0.0000
4.2320,3,8.2254,2.1549,-0.0008,-0.0076,0.0034,-0.0003,0.0000,0.0000,0.0000
4.2680,1,4.9246,0.8650,0.1739,-0.0006,0.0036,0.0007,0.0000,0.0000,0.0000
4.2680,2,7.9088,0.6419,0.0000,0.0000,-0.0000,0.0000,0.0000,0.0000,0.0000
4.2680,3,8.2252,2.1548,-0.0008,-0.0076,0.0034,-0.0003,0.0000,0.0000,0.0000
4.3020,1,4.9246,0.8650,0.1739,-0.0006,0.0036,0.0007,0.0000,0.0000,0.0000
4.3020,2,7.9088,0.6419,0.0000,0.0000,-0.0000,0.0000,0.0000,0.0000,0.0000
4.3020,3,8.2251,2.1548,-0.0008,-0.0076,0.0034,-0.0003,0.0000,0.0000,0.0000
4.3340,1,4.9246,0.8650,0.1739,-0.0006,0.0036,0.0007,0.0000,0.0000,0.0000
4.3340,2,7.9088,0.6419,0.0000,0.0000,-0.0000,0.0000,0.0000,0.0000,0.0000
4.3340,3,8.2250,2.1548,-0.0008,-0.0076,0.0034,-0.0003,0.0000,0.0000,0.0000
4.3680,1,4.9246,0.8650,0.1739,-0.0006,0.0036,0.0007,0.0000,0.0000,0.0000
4.3680,2,7.9088,0.6419,0.0000,0.0000,-0.0000,0.0000,0.0000,0.0000,0.0000
4.3680,3,8.2248,2.1548,-0.0008,-0.0076,0.0035,-0.0003,0.0000,0.0000,0.0000
4.4020,1,4.9246,0.8650,0.1739,-0.0006,0.0036,0.0007,0.0000,0.0000,0.0000
4.4020,2,7.9088,0.6419,0.0000,0.0000,-0.0000,0.0000,0.0000,0.0000,0.0000
4.4020,3,8.2247,2.1547,-0.0008,-0.0076,0.0035,-0.0003,0.0000,0.0000,0.0000
4.4340,1,4.9246,0.8650,0.1739,-0.0006,0.0036,0.0007,0.0000,0.0000,0.0000
4.4340,2,7.9088,0.6419,0.0000,0.0000,-0.0000,0.0000,0.0000,0.0000,0.0000
4.4340,3,8.2246,2.1547,-0.0008,-0.0076,0.0035,-0.0003,0.0000,0.0000,0.0000
4.4680,1,4.9246,0.8650,0.1739,-0.0006,0.0036,0.0007,0.0000,0.0000,0.0000
4.4680,2,7.9088,0.6419,0.0000,0.0000,-0.0000,0.0000,0.0000,0.0000,0.0000
4.4680,3,8.2245,2.1547,-0.0008,-0.0076,0.0035,-0.0003,0.0000,0.0000,0.0000
4.5000,1,4.9246,0.8650,0.1739,-0.0006,0.0036,0.0007,0.0000,0.0000,0.0000
4.5000,2,7.9088,0.6419,0.0000,0.0000,-0.0000,0.0000,0.0000,0.0000,0.0000
4.5000,3,8.2243,2.1547,-0.0008,-0.0076,0.0035,-0.0003,0.0000,0.0000,0.0000
4.5340,1,4.9246,0.8650,0.1739,-0.0006,0.0036,0.0007,0.0000,0.0000,0.0000
4.5340,2,7.9088,0.6419,0.0000,0.0000,-0.0000,0.0000,0.0000,0.0000,0.0000
4.5340,3,8.2242,2.1546,-0.0008,-0.0076,0.0035,-0.0003,0.0000,0.0000,0.0000
4.5680,1,4.9246,0.8650,0.1739,-0.0006,0.0036,0.0007,0.0000,0.0000,0.0000
4.5680,2,7.9088,0.6419,0.0000,0.0000,-0.0000,0.0000,0.0000,0.0000,0.0000
4.5680,3,8.2241,2.1546,-0.0008,-0.0076,0.0035,-0.0003,0.0000,0.0000,0.0000
4.6020,1,4.9246,0.8650,0.1739,-0.0006,0.0036,0.0007,0.0000,0.0000,0.0000
4.6020,2,7.9088,0.6419,0.0000,0.0000,-0.0000,0.0000,0.0000,0.0000,0.0000
4.6020,3,8.2239,2.1546,-0.0008,-0.0076,0.0035,-0.0003,0.0000,0.0000,0.0000
4.6340,1,4.9246,0.8650,0.1739,-0.0006,0.0036,0.0007,0.0000,0.0000,0.0000
4.6340,2,7.9088,0.6419,0.0000,0.0000,-0.0000,0.0000,0.0000,0.0000,0.0000
4.6340,3,8.2238,2.1546,-0.0008,-0.0076,0.0035,-0.0003,0.0000,0.0000,0.0000
4.6660,1,4.9246,0.8650,0.1739,-0.0006,0.0036,0.0007,0.0000,0.0000,0.0000
4.6660,2,7.9088,0.6419,0.0000,0.0000,-0.0000,0.0000,0.0000,0.0000,0.0000
4.6660,3,8.2237,2.1545,-0.0008,-0.0076,0.0035,-0.0003,0.0000,0.0000,0.0000
4.7000,1,4.9246,0.8650,0.1739,-0.0006,0.0036,0.0007,0.0000,0.0000,0.0000
4.7000,2,7.9088,0.6419,0.0000,0.0000,-0.0000,0.0000,0.0000,0.0000,0.0000
4.7000,3,8.2236,2.1545,-0.0008,-0.0076,0.0035,-0.0003,0.0000,0.0000,0.0000
4.7340,1,4.9246,0.8650,0.1739,-0.0006,0.0036,0.0007,0.0000,0.0000,0.0000
4.7340,2,7.9088,0.6419,0.0000,0.0000,-0.0000,0.0000,0.0000,0.0000,0.0000
4.7340,3,8.2234,2.1545,-0.0008,-0.0076,0.0035,-0.0003,0.0000,0.0000,0.0000
4.7660,1,4.9246,0.8650,0.1739,-0.0006,0.0036,0.0007,0.0000,0.0000,0.0000
4.7660,2,7.9088,0.6419,0.0000,0.0000,-0.0000,0.0000,0.0000,0.0000,0.0000
4.7660,3,8.2233,2.1545,-0.0008,-0.0076,0.0035,-0.0003,0.0000,0.0000,0.0000
4.8020,1,4.9246,0.8650,0.1739,-0.0006,0.0036,0.0007,0.0000,0.0000,0.0000
4.8020,2,7.9088,0.6419,0.0000,0.0000,-0.0000,0.0000,0.0000,0.0000,0.0000
4.8020,3,8.2232,2.1544,-0.0008,-0.0076,0.0035,-0.0003,0.0000,0.0000,0.0000
4.8340,1,4.9246,0.8650,0.1739,-0.0006,0.0036,0.0007,0.0000,0.0000,0.0000
4.8340,2,7.9088,0.6419,0.0000,0.0000,-0.0000,0.0000,0.0000,0.0000,0.0000
4.8340,3,8.2231,2.1544,-0.0008,-0.0076,0.0035,-0.0003,0.0000,0.0000,0.0000
4.8660,1,4.9246,0.8650,0.1739,-0.0006,0.0036,0.0007,0.0000,0.0000,0.0000
4.8660,2,7.9088,0.6419,0.0000,0.0000,-0.0000,0.0000,0.0000,0.0000,0.0000
4.8660,3,8.2229,2.1544,-0.0008,-0.0076,0.0035,-0.0003,0.0000,0.0000,0.0000
4.9000,1,4.9246,0.8650,0.1739,-0.0006,0.0036,0.0007,0.0000,0.0000,0.0000
4.9000,2,7.9088,0.6419,0.0000,0.0000,-0.0000,0.0000,0.0000,0.0000,0.0000
4.9000,3,8.2228,2.1544,-0.0008,-0.0076,0.0035,-0.0003,0.0000,0.0000,0.0000
4.9320,1,4.9246,0.8650,0.1739,-0.0006,0.0036,0.0007,0.0000,0.0000,0.0000
4.9320,2,7.9088,0.6419,0.0000,0.0000,-0.0000,0.0000,0.0000,0.0000,0.0000
4.9320,3,8.2227,2.1544,-0.0008,-0.0076,0.0035,-0.0003,0.0000,0.0000,0.0000
4.9660,1,4.9246,0.8650,0.1739,-0.0006,0.0036,0.0007,0.0000,0.0000,0.0000
4.9660,2,7.9088,0.6419,0.0000,0.0000,-0.0000,0.0000,0.0000,0.0000,0.0000
4.9660,3,8.2226,2.1543,-0.0008,-0.0076,0.0035,-0.0003,0.0000,0.0000,0.0000
5.0000,1,4.9246,0.8650,0.1739,-0.0006,0.0036,0.0007,0.0000,0.0000,0.0000
5.0000,2,7.9088,0.6419,0.0000,0.0000,-0.0000,0.0000,0.0000,0.0000,0.0000
5.0000,3,8.2224,2.1543,-0.0008,-0.0076,0.0035,-0.0003,0.0000,0.0000,0.0000
5.0320,1,4.9246,0.8650,0.1739,-0.0006,0.0036,0.0007,0.0000,0.0000,0.0000
5.0320,2,7.9088,0.6419,0.0000,0.0000,-0.0000,0.0000,0.0000,0.0000,0.0000
5.0320,3,8.2223,2.1543,-0.0008,-0.0076,0.0035,-0.0003,0.0000,0.0000,0.0000
5.0660,1,4.9246,0.8650,0.1739,-0.0006,0.0036,0.0007,0.0000,0.0000,0.0000
5.0660,2,7.9088,0.6419,0.0000,0.0000,-0.0000,0.0000,0.0000,0.0000,0.0000
5.0660,3,8.2222,2.1543,-0.0009,-0.0076,0.0035,-0.0003,0.0000,0.0000,0.0000
5.1020,1,4.9246,0.8650,0.1739,-0.0006,0.0036,0.0007,0.0000,0.0000,0.0000
5.1020,2,7.9088,0.6419,0.0000,0.0000,-0.0000,0.0000,0.0000,0.0000,0.0000
5.1020,3,8.2220,2.1542,-0.0009,-0.0076,0.0035,-0.0003,0.0000,0.0000,0.0000
5.1360,1,4.9246,0.8650,0.1739,-0.0006,0.0036,0.0007,0.0000,0.0000,0.0000
5.1360,2,7.9088,0.6419,0.0000,0.0000,-0.0000,0.0000,0.0000,0.0000,0.0000
5.1360,3,8.2219,2.1542,-0.0009,-0.0076,0.0035,-0.0003,0.0000,0.0000,0.0000
5.1680,1,4.9246,0.8650,0.1739,-0.0006,0.0036,0.0007,0.0000,0.0000,0.0000
5.1680,2,7.9088,0.6419,0.0000,0.0000,-0.0000,0.0000,0.0000,0.0000,0.0000
5.1680,3,8.2218,2.1542,-0.0009,-0.0076,0.0035,-0.0003,0.0000,0.0000,0.0000
5.2020,1,4.9246,0.8650,0.1739,-0.0006,0.0036,0.0007,0.0000,0.0000,0.0000
5.2020,2,7.9088,0.6419,0.0000,0.0000,-0.0000,0.0000,0.0000,0.0000,0.0000
5.2020,3,8.2217,2.1542,-0.0009,-0.0076,0.0035,-0.0003,0.0000,0.0000,0.0000
5.2340,1,4.9246,0.8650,0.1739,-0.0006,0.0036,0.0007,0.0000,0.0000,0.0000
5.2340,2,7.9088,0.6419,0.0000,0.0000,-0.0000,0.0000,0.0000,0.0000,0.0000
5.2340,3,8.2215,2.1541,-0.0009,-0.0076,0.0035,-0.0003,0.0000,0.0000,0.0000
5.2660,1,4.9246,0.8650,0.1739,-0.0006,0.0036,0.0007,0.0000,0.0000,0.0000
5.2660,2,7.9088,0.6419,0.0000,0.0000,-0.0000,0.0000,0.0000,0.0000,0.0000
5.2660,3,8.2214,2.1541,-0.0009,-0.0076,0.0035,-0.0003,0.0000,0.0000,0.0000
5.3020,1,4.9246,0.8650,0.1739,-0.0006,0.0036,0.0007,0.0000,0.0000,0.0000
5.3020,2,7.9088,0.6419,0.0000,0.0000,-0.0000,0.0000,0.0000,0.0000,0.0000
5.3020,3,8.2213,2.1541,-0.0009,-0.0076,0.0035,-0.0003,0.0000,0.0000,0.0000
5.3340,1,4.9246,0.8650,0.1739,-0.0006,0.0036,0.0007,0.0000,0.0000,0.0000
5.3340,2,7.9088,0.6419,0.0000,0.0000,-0.0000,0.0000,0.0000,0.0000,0.0000
5.3340,3,8.2212,2.1541,-0.0009,-0.0076,0.0035,-0.0003,0.0000,0.0000,0.0000
5.3660,1,4.9246,0.8650,0.1739,-0.0006,0.0036,0.0007,0.0000,0.0000,0.0000
5.3660,2,7.9088,0.6419,0.0000,0.0000,-0.0000,0.0000,0.0000,0.0000,0.0000
5.3660,3,8.2210,2.1540,-0.0009,-0.0076,0.0035,-0.0003,0.0000,0.0000,0.0000
5.4020,1,4.9246,0.8650,0.1739,-0.0006,0.0036,0.0007,0.0000,0.0000,0.0000
5.4020,2,7.9088,0.6419,0.0000,0.0000,-0.0000,0.0000,0.0000,0.0000,0.0000
5.4020,3,8.2209,2.1540,-0.0009,-0.0076,0.0035,-0.0003,0.0000,0.0000,0.0000
5.4340,1,4.9246,0.8650,0.1739,-0.0006,0.0036,0.0007,0.0000,0.0000,0.0000
5.4340,2,7.9088,0.6419,0.0000,0.0000,-0.0000,0.0000,0.0000,0.0000,0.0000
5.4340,3,8.2208,2.1540,-0.0009,-0.0076,0.0035,-0.0003,0.0000,0.0000,0.0000
5.4680,1,4.9246,0.8650,0.1739,-0.0006,0.0036,0.0007,0.0000,0.0000,0.0000
5.4680,2,7.9088,0.6419,0.0000,0.0000,-0.0000,0.0000,0.0000,0.0000,0.0000
5.4680,3,8.2206,2.1540,-0.0009,-0.0076,0.0035,-0.0003,0.0000,0.0000,0.0000
5.5000,1,4.9246,0.8650,0.1739,-0.0006,0.0036,0.0007,0.0000,0.0000,0.0000
5.5000,2,7.9088,0.6419,0.0000,0.0000,-0.0000,0.0000,0.0000,0.0000,0.0000
5.5000,3,8.2205,2.1539,-0.0009,-0.0076,0.0035,-0.0003,0.0000,0.0000,0.0000
5.5320,1,4.9246,0.8650,0.1739,-0.0006,0.0036,0.0007,0.0000,0.0000,0.0000
5.5320,2,7.9088,0.6419,0.0000,0.0000,-0.0000,0.0000,0.0000,0.0000,0.0000
5.5320,3,8.2204,2.1539,-0.0009,-0.0076,0.0035,-0.0003,0.0000,0.0000,0.0000
5.5660,1,4.9246,0.8650,0.1739,-0.0006,0.0036,0.0007,0.0000,0.0000,0.0000
5.5660,2,7.9088,0.6419,0.0000,0.0000,-0.0000,0.0000,0.0000,0.0000,0.0000
5.5660,3,8.2203,2.1539,-0.0009,-0.0076,0.0035,-0.0003,0.0000,0.0000,0.0000
5.6000,1,4.9246,0.8650,0.1739,-0.0006,0.0036,0.0007,0.0000,0.0000,0.0000
5.6000,2,7.9088,0.6419,0.0000,0.0000,-0.0000,0.0000,0.0000,0.0000,0.0000
5.6000,3,8.2201,2.1539,-0.0009,-0.0076,0.0035,-0.0003,0.0000,0.0000,0.0000
5.6360,1,4.9246,0.8650,0.1739,-0.0006,0.0036,0.0007,0.0000,0.0000,0.0000
5.6360,2,7.9088,0.6419,0.0000,0.0000,-0.0000,0.0000,0.0000,0.0000,0.0000
5.6360,3,8.2200,2.1538,-0.0009,-0.0076,0.0035,-0.0003,0.0000,0.0000,0.0000
5.6660,1,4.9246,0.8650,0.1739,-0.0006,0.0036,0.0007,0.0000,0.0000,0.0000
5.6660,2,7.9088,0.6419,0.0000,0.0000,-0.0000,0.0000,0.0000,0.0000,0.0000
5.6660,3,8.2199,2.1538,-0.0009,-0.0076,0.0035,-0.0003,0.0000,0.0000,0.0000
5.7000,1,4.9246,0.8650,0.1739,-0.0006,0.0036,0.0007,0.0000,0.0000,0.0000
5.7000,2,7.9088,0.6419,0.0000,0.0000,-0.0000,0.0000,0.0000,0.0000,0.0000
5.7000,3,8.2198,2.1538,-0.0009,-0.0076,0.0035,-0.0003,0.0000,0.0000,0.0000
5.7320,1,4.9246,0.8650,0.1739,-0.0006,0.0036,0.0007,0.0000,0.0000,0.0000
5.7320,2,7.9088,0.6419,0.0000,0.0000,-0.0000,0.0000,0.0000,0.0000,0.0000
5.7320,3,8.2196,2.1538,-0.0009,-0.0076,0.0035,-0.0003,0.0000,0.0000,0.0000
5.7640,1,4.9246,0.8650,0.1739,-0.0006,0.0036,0.0007,0.0000,0.0000,0.0000
5.7640,2,7.9088,0.6419,0.0000,0.0000,-0.0000,0.0000,0.0000,0.0000,0.0000
5.7640,3,8.2195,2.1538,-0.0009,-0.0076,0.0035,-0.0003,0.0000,0.0000,0.0000
5.7980,1,4.9246,0.8650,0.1739,-0.0006,0.0036,0.0007,0.0000,0.0000,0.0000
5.7980,2,7.9088,0.6419,0.0000,0.0000,-0.0000,0.0000,0.0000,0.0000,0.0000
5.7980,3,8.2194,2.1537,-0.0009,-0.0076,0.0035,-0.0003,0.0000,0.0000,0.0000
5.8320,1,4.9246,0.8650,0.1739,-0.0006,0.0036,0.0007,0.0000,0.0000,0.0000
5.8320,2,7.9088,0.6419,0.0000,0.0000,-0.0000,0.0000,0.0000,0.0000,0.0000
5.8320,3,8.2193,2.1537,-0.0009,-0.0076,0.0035,-0.0003,0.0000,0.0000,0.0000
5.8660,1,4.9246,0.8650,0.1739,-0.0006,0.0036,0.0007,0.0000,0.0000,0.0000
5.8660,2,7.9088,0.6419,0.0000,0.0000,-0.0000,0.0000,0.0000,0.0000,0.0000
5.8660,3,8.2191,2.1537,-0.0009,-0.0076,0.0035,-0.0003,0.0000,0.0000,0.0000
5.9000,1,4.9246,0.8650,0.1739,-0.0006,0.0036,0.0007,0.0000,0.0000,0.0000
5.9000,2,7.9088,0.6419,0.0000,0.0000,-0.0000,0.0000,0.0000,0.0000,0.0000
5.9000,3,8.2190,2.1537,-0.0010,-0.0076,0.0035,-0.0003,0.0000,0.0000,0.0000
5.9320,1,4.9246,0.8650,0.1739,-0.0006,0.0036,0.0007,0.0000,0.0000,0.0000
5.9320,2,7.9088,0.6419,0.0000,0.0000,-0.0000,0.0000,0.0000,0.0000,0.0000
5.9320,3,8.2189,2.1536,-0.0010,-0.0076,0.0035,-0.0003,0.0000,0.0000,0.0000
5.9660,1,4.9246,0.8650,0.1739,-0.0006,0.0036,0.0007,0.0000,0.0000,0.0000
5.9660,2,7.9088,0.6419,0.0000,0.0000,-0.0000,0.0000,0.0000,0.0000,0.0000
5.9660,3,8.2187,2.1536,-0.0010,-0.0076,0.0035,-0.0003,0.0000,0.0000,0.0000
6.0020,1,4.9246,0.8650,0.1739,-0.0006,0.0036,0.0007,0.0000,0.0000,0.0000
6.0020,2,7.9088,0.6419,0.0000,0.0000,-0.0000,0.0000,0.0000,0.0000,0.0000
6.0020,3,8.2186,2.1536,-0.0010,-0.0076,0.0035,-0.0003,0.0000,0.0000,0.0000
6.0340,1,4.9246,0.8650,0.1739,-0.0006,0.0036,0.0007,0.0000,0.0000,0.0000
6.0340,2,7.9088,0.6419,0.0000,0.0000,-0.0000,0.0000,0.0000,0.0000,0.0000
6.0340,3,8.2185,2.1536,-0.0010,-0.0076,0.0035,-0.0003,0.0000,0.0000,0.0000
6.0660,1,4.9246,0.8650,0.1739,-0.0006,0.0036,0.0007,0.0000,0.0000,0.0000
6.0660,2,7.9088,0.6419,0.0000,0.0000,-0.0000,0.0000,0.0000,0.0000,0.0000
6.0660,3,8.2184,2.1535,-0.0010,-0.0076,0.0035,-0.0003,0.0000,0.0000,0.0000
6.1000,1,4.9246,0.8650,0.1739,-0.0006,0.0036,0.0007,0.0000,0.0000,0.0000
6.1000,2,7.9088,0.6419,0.0000,0.0000,-0.0000,0.0000,0.0000,0.0000,0.0000
6.1000,3,8.2182,2.1535,-0.0010,-0.0076,0.0035,-0.0003,0.0000,0.0000,0.0000
6.1320,1,4.9246,0.8650,0.1739,-0.0006,0.0036,0.0007,0.0000,0.0000,0.0000
6.1320,2,7.9088,0.6419,0.0000,0.0000,-0.0000,0.0000,0.0000,0.0000,0.0000
6.1320,3,8.2181,2.1535,-0.0010,-0.0076,0.0035,-0.0003,0.0000,0.0000,0.0000
6.1660,1,4.9246,0.8650,0.1739,-0.0006,0.0036,0.0007,0.0000,0.0000,0.0000
6.1660,2,7.9088,0.6419,0.0000,0.0000,-0.0000,0.0000,0.0000,0.0000,0.0000
6.1660,3,8.2180,2.1535,-0.0010,-0.0076,0.0035,-0.0003,0.0000,0.0000,0.0000
6.2000,1,4.9246,0.8650,0.1739,-0.0006,0.0036,0.0007,0.0000,0.0000,0.0000
6.2000,2,7.9088,0.6419,0.0000,0.0000,-0.0000,0.0000,0.0000,0.0000,0.0000
6.2000,3,8.2179,2.1534,-0.0010,-0.0076,0.0035,-0.0003,0.0000,0.0000,0.0000
6.2340,1,4.9246,0.8650,0.1739,-0.0006,0.0036,0.0007,0.0000,0.0000,0.0000
6.2340,2,7.9088,0.6419,0.0000,0.0000,-0.0000,0.0000,0.0000,0.0000,0.0000
6.2340,3,8.2177,2.1534,-0.0010,-0.0076,0.0035,-0.0003,0.0000,0.0000,0.0000
6.2660,1,4.9246,0.8650,0.1739,-0.0006,0.0036,0.0007,0.0000,0.0000,0.0000
6.2660,2,7.9088,0.6419,0.0000,0.0000,-0.0000,0.0000,0.0000,0.0000,0.0000
6.2660,3,8.2176,2.1534,-0.0010,-0.0076,0.0035,-0.0003,0.0000,0.0000,0.0000
6.3000,1,4.9246,0.8651,0.1739,-0.0004,0.0022,0.0004,0.0000,0.0000,0.0000
6.3000,2,7.9088,0.6419,0.0000,0.0000,-0.0000,0.0000,0.0000,0.0000,0.0000
6.3000,3,8.2174,2.1536,-0.0010,-0.0070,0.0012,-0.0006,0.0000,0.0000,0.0000
6.3000,4,7.6947,9.3534,-0.0026,-0.0000,-0.1655,0.0013,0.0000,0.0000,0.0000
6.3000,5,7.7799,7.6304,0.0044,0.0000,-0.1645,-0.0024,0.0000,0.0000,0.0000
6.3320,1,4.9246,0.8651,0.1739,-0.0003,0.0018,0.0004,0.0000,0.0000,0.0000
6.3320,2,7.9088,0.6419,0.0000,0.0000,-0.0000,0.0000,0.0000,0.0000,0.0000
6.3320,3,8.2173,2.1535,-0.0010,-0.0068,0.0006,-0.0007,0.0000,0.0000,0.0000
6.3320,4,7.6952,9.3448,-0.0051,-0.0000,-0.3180,0.0024,0.0000,0.0000,0.0000
6.3320,5,7.7793,7.6314,0.0085,0.0000,-0.3162,-0.0046,0.0000,0.0000,0.0000
6.3640,1,4.9246,0.8651,0.1739,-0.0004,0.0023,0.0005,0.0000,0.0000,0.0000
6.3640,2,7.9088,0.6419,0.0000,0.0000,-0.0000,0.0000,0.0000,0.0000,0.0000
6.3640,3,8.2172,2.1534,-0.0010,-0.0070,0.0014,-0.0006,0.0000,0.0000,0.0000
6.3640,4,7.6958,9.3337,-0.0075,-0.0000,-0.4675,0.0036,0.0000,0.0000,0.0000
6.3640,5,7.7787,7.6299,0.0125,0.0000,-0.4648,-0.0066,0.0000,0.0000,0.0000
6.4000,1,4.9246,0.8651,0.1739,-0.0005,0.0027,0.0005,0.0000,0.0000,0.0000
6.4000,2,7.9088,0.6419,0.0000,0.0000,-0.0000,0.0000,0.0000,0.0000,0.0000
6.4000,3,8.2171,2.1534,-0.0010,-0.0072,0.0020,-0.0005,0.0000,0.0000,0.0000
6.4000,4,7.6964,9.3185,-0.0101,-0.0000,-0.6320,0.0048,0.0000,0.0000,0.0000
6.4000,5,7.7781,7.6254,0.0169,0.0000,-0.6285,-0.0089,0.0000,0.0000,0.0000
6.4340,1,4.9246,0.8651,0.1739,-0.0005,0.0030,0.0006,0.0000,0.0000,0.0000
6.4340,2,7.9088,0.6419,0.0000,0.0000,-0.0000,0.0000,0.0000,0.0000,0.0000
6.4340,3,8.2170,2.1533,-0.0010,-0.0073,0.0025,-0.0004,0.0000,0.0000,0.0000
6.4340,4,7.6970,9.3014,-0.0126,-0.0000,-0.7841,0.0059,0.0000,0.0000,0.0000
6.4340,5,7.7775,7.6184,0.0211,0.0000,-0.7798,-0.0109,0.0000,0.0000,0.0000
6.4660,1,4.9246,0.8651,0.1739,-0.0005,0.0031,0.0006,0.0000,0.0000,0.0000
6.4660,2,7.9088,0.6419,0.0000,0.0000,-0.0000,0.0000,0.0000,0.0000,0.0000
6.4660,3,8.2168,2.1533,-0.0010,-0.0074,0.0027,-0.0004,0.0000,0.0000,0.0000
6.4660,4,7.6976,9.2831,-0.0149,-0.0000,-0.9242,0.0069,0.0000,0.0000,0.0000
6.4660,5,7.7770,7.6095,0.0249,0.0000,-0.9192,-0.0128,0.0000,0.0000,0.0000
6.5020,1,4.9246,0.8650,0.1739,-0.0006,0.0032,0.0007,0.0000,0.0000,0.0000
6.5020,2,7.9088,0.6419,0.0000,0.0000,-0.0000,0.0000,0.0000,0.0000,0.0000
6.5020,3,8.2167,2.1533,-0.0010,-0.0075,0.0029,-0.0004,0.0000,0.0000,0.0000
6.5020,4,7.6982,9.2599,-0.0175,-0.0000,-1.0786,0.0080,0.0000,0.0000,0.0000
6.5020,5,7.7763,7.5967,0.0292,0.0000,-1.0727,-0.0147,0.0000,0.0000,0.0000
6.5360,1,4.9246,0.8650,0.1739,-0.0006,0.0033,0.0007,0.0000,0.0000,0.0000
6.5360,2,7.9088,0.6419,0.0000,0.0000,-0.0000,0.0000,0.0000,0.0000,0.0000
6.5360,3,8.2166,2.1532,-0.0010,-0.0075,0.0031,-0.0004,0.0000,0.0000,0.0000
6.5360,4,7.6988,9.2354,-0.0198,-0.0000,-1.2211,0.0089,0.0000,0.0000,0.0000
6.5360,5,7.7758,7.5822,0.0331,0.0000,-1.2146,-0.0165,0.0000,0.0000,0.0000
6.5660,1,4.9246,0.8650,0.1739,-0.0006,0.0034,0.0007,0.0000,0.0000,0.0000
6.5660,2,7.9088,0.6419,0.0000,0.0000,-0.0000,0.0000,0.0000,0.0000,0.0000
6.5660,3,8.2165,2.1532,-0.0010,-0.0075,0.0031,-0.0003,0.0000,0.0000,0.0000
6.5660,4,7.6993,9.2119,-0.0219,-0.0000,-1.3444,0.0098,0.0000,0.0000,0.0000
6.5660,5,7.7752,7.5673,0.0366,0.0000,-1.3372,-0.0181,0.0000,0.0000,0.0000
6.6020,1,4.9246,0.8650,0.1739,-0.0006,0.0034,0.0007,0.0000,0.0000,0.0000
6.6020,2,7.9088,0.6419,0.0000,0.0000,-0.0000,0.0000,0.0000,0.0000,0.0000
6.6020,3,8.2163,2.1532,-0.0010,-0.0075,0.0032,-0.0003,0.0000,0.0000,0.0000
6.6020,4,7.6999,9.1813,-0.0243,-0.0000,-1.4893,0.0107,0.0000,0.0000,0.0000
6.6020,5,7.7746,7.5470,0.0406,0.0000,-1.4814,-0.0198,0.0000,0.0000,0.0000
6.6360,1,4.9246,0.8650,0.1739,-0.0006,0.0035,0.0007,0.0000,0.0000,0.0000
6.6360,2,7.9088,0.6419,0.0000,0.0000,-0.0000,0.0000,0.0000,0.0000,0.0000
6.6360,3,8.2162,2.1531,-0.0010,-0.0076,0.0033,-0.0003,0.0000,0.0000,0.0000
6.6360,4,7.7005,9.1501,-0.0266,-0.0000,-1.6231,0.0116,0.0000,0.0000,0.0000
6.6360,5,7.7741,7.5255,0.0444,0.0000,-1.6146,-0.0214,0.0000,0.0000,0.0000
6.6700,1,4.9246,0.8650,0.1739,-0.0006,0.0035,0.0007,0.0000,0.0000,0.0000
6.6700,2,7.9088,0.6419,0.0000,0.0000,-0.0000,0.0000,0.0000,0.0000,0.0000
6.6700,3,8.2161,2.1531,-0.0011,-0.0076,0.0033,-0.0003,0.0000,0.0000,0.0000
6.6700,4,7.7011,9.1166,-0.0288,-0.0000,-1.7541,0.0124,0.0000,0.0000,0.0000
6.6700,5,7.7735,7.5017,0.0482,0.0000,-1.7450,-0.0229,0.0000,0.0000,0.0000
6.7000,1,4.9246,0.8650,0.1739,-0.0006,0.0035,0.0007,0.0000,0.0000,0.0000
6.7000,2,7.9088,0.6419,0.0000,0.0000,-0.0000,0.0000,0.0000,0.0000,0.0000
6.7000,3,8.2160,2.1531,-0.0011,-0.0076,0.0034,-0.0003,0.0000,0.0000,0.0000
6.7000,4,7.7016,9.0853,-0.0308,-0.0000,-1.8674,0.0131,0.0000,0.0000,0.0000
6.7000,5,7.7730,7.4788,0.0514,0.0000,-1.8577,-0.0242,0.0000,0.0000,0.0000
6.7340,1,4.9246,0.8650,0.1739,-0.0006,0.0035,0.0007,0.0000,0.0000,0.0000
6.7340,2,7.9088,0.6419,0.0000,0.0000,-0.0000,0.0000,0.0000,0.0000,0.0000
6.7340,3,8.2158,2.1531,-0.0011,-0.0076,0.0034,-0.0003,0.0000,0.0000,0.0000
6.7340,4,7.7021,9.0478,-0.0330,-0.0000,-1.9932,0.0139,0.0000,0.0000,0.0000
6.7340,5,7.7724,7.4508,0.0550,0.0000,-1.9830,-0.0256,0.0000,0.0000,0.0000
6.7680,1,4.9246,0.8650,0.1739,-0.0006,0.0035,0.0007,0.0000,0.0000,0.0000
6.7680,2,7.9088,0.6419,0.0000,0.0000,-0.0000,0.0000,0.0000,0.0000,0.0000
6.7680,3,8.2157,2.1530,-0.0011,-0.0076,0.0034,-0.0003,0.0000,0.0000,0.0000
6.7680,4,7.7027,9.0082,-0.0351,-0.0000,-2.1163,0.0146,0.0000,0.0000,0.0000
6.7680,5,7.7719,7.4207,0.0586,0.0000,-2.1056,-0.0269,0.0000,0.0000,0.0000
6.8000,1,4.9246,0.8650,0.1739,-0.0006,0.0035,0.0007,0.0000,0.0000,0.0000
6.8000,2,7.9088,0.6419,0.0000,0.0000,-0.0000,0.0000,0.0000,0.0000,0.0000
6.8000,3,8.2156,2.1530,-0.0011,-0.0076,0.0034,-0.0003,0.0000,0.0000,0.0000
6.8000,4,7.7032,8.9691,-0.0371,-0.0000,-2.2298,0.0153,0.0000,0.0000,0.0000
6.8000,5,7.7713,7.3904,0.0620,0.0000,-2.2186,-0.0281,0.0000,0.0000,0.0000
6.8340,1,4.9246,0.8650,0.1739,-0.0006,0.0035,0.0007,0.0000,0.0000,0.0000
6.8340,2,7.9088,0.6419,0.0000,0.0000,-0.0000,0.0000,0.0000,0.0000,0.0000
6.8340,3,8.2154,2.1530,-0.0011,-0.0076,0.0034,-0.0003,0.0000,0.0000,0.0000
6.8340,4,7.7038,8.9257,-0.0392,-0.0000,-2.3479,0.0160,0.0000,0.0000,0.0000
6.8340,5,7.7708,7.3563,0.0655,0.0000,-2.3362,-0.0293,0.0000,0.0000,0.0000
6.8680,1,4.9246,0.8650,0.1739,-0.0006,0.0035,0.0007,0.0000,0.0000,0.0000
6.8680,2,7.9088,0.6419,0.0000,0.0000,-0.0000,0.0000,0.0000,0.0000,0.0000
6.8680,3,8.2153,2.1530,-0.0011,-0.0076,0.0034,-0.0003,0.0000,0.0000,0.0000
6.8680,4,7.7043,8.8802,-0.0413,-0.0000,-2.4635,0.0166,0.0000,0.0000,0.0000
6.8680,5,7.7702,7.3201,0.0689,0.0000,-2.4513,-0.0305,0.0000,0.0000,0.0000
6.9000,1,4.9246,0.8650,0.1739,-0.0006,0.0035,0.0007,0.0000,0.0000,0.0000
6.9000,2,7.9088,0.6419,0.0000,0.0000,-0.0000,0.0000,0.0000,0.0000,0.0000
6.9000,3,8.2152,2.1529,-0.0011,-0.0076,0.0034,-0.0003,0.0000,0.0000,0.0000
6.9000,4,7.7048,8.8357,-0.0432,-0.0000,-2.5701,0.0172,0.0000,0.0000,0.0000
6.9000,5,7.7697,7.2843,0.0721,0.0000,-2.5575,-0.0315,0.0000,0.0000,0.0000
6.9340,1,4.9246,0.8650,0.1739,-0.0006,0.0035,0.0007,0.0000,0.0000,0.0000
6.9340,2,7.9088,0.6419,0.0000,0.0000,-0.0000,0.0000,0.0000,0.0000,0.0000
6.9340,3,8.2151,2.1529,-0.0011,-0.0076,0.0034,-0.0003,0.0000,0.0000,0.0000
6.9340,4,7.7054,8.7866,-0.0452,0.0000,-2.6810,0.0178,0.0000,0.0000,0.0000
6.9340,5,7.7692,7.2444,0.0755,-0.0000,-2.6679,-0.0326,0.0000,0.0000,0.0000
6.9660,1,4.9246,0.8650,0.1739,-0.0006,0.0035,0.0007,0.0000,0.0000,0.0000
6.9660,2,7.9088,0.6419,0.0000,0.0000,-0.0000,0.0000,0.0000,0.0000,0.0000
6.9660,3,8.2149,2.1529,-0.0011,-0.0076,0.0034,-0.0003,0.0000,0.0000,0.0000
6.9660,4,7.7059,8.7387,-0.0471,0.0000,-2.7832,0.0183,0.0000,0.0000,0.0000
6.9660,5,7.7687,7.2050,0.0786,-0.0000,-2.7697,-0.0336,0.0000,0.0000,0.0000
6.9980,1,4.9246,0.8650,0.1739,-0.0006,0.0035,0.0007,0.0000,0.0000,0.0000
6.9980,2,7.9088,0.6419,0.0000,0.0000,-0.0000,0.0000,0.0000,0.0000,0.0000
6.9980,3,8.2148,2.1529,-0.0011,-0.0076,0.0034,-0.0003,0.0000,0.0000,0.0000
6.9980,4,7.7064,8.6892,-0.0489,0.0000,-2.8833,0.0189,0.0000,0.0000,0.0000
6.9980,5,7.7682,7.1641,0.0817,-0.0000,-2.8695,-0.0345,0.0000,0.0000,0.0000
7.0320,1,4.9246,0.8650,0.1739,-0.0006,0.0035,0.0007,0.0000,0.0000,0.0000
7.0320,2,7.9088,0.6419,0.0000,0.0000,-0.0000,0.0000,0.0000,0.0000,0.0000
7.0320,3,8.2147,2.1529,-0.0011,-0.0076,0.0034,-0.0003,0.0000,0.0000,0.0000
7.0320,4,7.7069,8.6349,-0.0509,0.0000,-2.9876,0.0194,0.0000,0.0000,0.0000
7.0320,5,7.7676,7.1188,0.0849,-0.0000,-2.9734,-0.0354,0.0000,0.0000,0.0000
7.0700,1,4.9246,0.8650,0.1739,-0.0006,0.0035,0.0007,0.0000,0.0000,0.0000
7.0700,2,7.9088,0.6419,0.0000,0.0000,-0.0000,0.0000,0.0000,0.0000,0.0000
7.0700,3,8.2145,2.1528,-0.0011,-0.0076,0.0034,-0.0003,0.0000,0.0000,0.0000
7.0700,4,7.7075,8.5722,-0.0530,0.0000,-3.1014,0.0199,0.0000,0.0000,0.0000
7.0700,5,7.7670,7.0661,0.0885,-0.0000,-3.0868,-0.0364,0.0000,0.0000,0.0000
7.0980,1,4.9246,0.8650,0.1739,-0.0006,0.0035,0.0007,0.0000,0.0000,0.0000
7.0980,2,7.9088,0.6419,0.0000,0.0000,-0.0000,0.0000,0.0000,0.0000,0.0000
7.0980,3,8.2144,2.1528,-0.0011,-0.0076,0.0034,-0.0003,0.0000,0.0000,0.0000
7.0980,4,7.7079,8.5247,-0.0546,0.0000,-3.1836,0.0203,0.0000,0.0000,0.0000
7.0980,5,7.7666,7.0258,0.0911,-0.0000,-3.1687,-0.0371,0.0000,0.0000,0.0000
7.1320,1,4.9246,0.8650,0.1739,-0.0006,0.0035,0.0007,0.0000,0.0000,0.0000
7.1320,2,7.9088,0.6419,0.0000,0.0000,-0.0000,0.0000,0.0000,0.0000,0.0000
7.1320,3,8.2143,2.1528,-0.0011,-0.0076,0.0034,-0.0003,0.0000,0.0000,0.0000
7.1320,4,7.7085,8.4654,-0.0564,0.0000,-3.2815,0.0208,0.0000,0.0000,0.0000
7.1320,5,7.7661,6.9754,0.0942,-0.0000,-3.2662,-0.0379,0.0000,0.0000,0.0000
7.1540,1,4.9246,0.8650,0.1739,-0.0006,0.0035,0.0007,0.0000,0.0000,0.0000
7.1540,2,7.9088,0.6419,0.0000,0.0000,-0.0000,0.0000,0.0000,0.0000,0.0000
7.1540,3,8.2142,2.1528,-0.0011,-0.0076,0.0034,-0.0003,0.0000,0.0000,0.0000
7.1540,4,7.7088,8.4262,-0.0576,0.0000,-3.3437,0.0211,0.0000,0.0000,0.0000
7.1540,5,7.7657,6.9419,0.0962,-0.0000,-3.3282,-0.0384,0.0000,0.0000,0.0000
7.1660,1,4.9246,0.8650,0.1739,-0.0006,0.0035,0.0007,0.0000,0.0000,0.0000
7.1660,2,7.9088,0.6419,0.0000,0.0000,-0.0000,0.0000,0.0000,0.0000,0.0000
7.1660,3,8.2142,2.1528,-0.0011,-0.0076,0.0034,-0.0003,0.0000,0.0000,0.0000
7.1660,4,7.7090,8.4046,-0.0583,0.0000,-3.3772,0.0212,0.0000,0.0000,0.0000
7.1660,5,7.7656,6.9233,0.0972,-0.0000,-3.3617,-0.0387,0.0000,0.0000,0.0000
7.1980,1,4.9246,0.8650,0.1739,-0.0006,0.0035,0.0007,0.0000,0.0000,0.0000
7.1980,2,7.9088,0.6419,0.0000,0.0000,-0.0000,0.0000,0.0000,0.0000,0.0000
7.1980,3,8.2141,2.1527,-0.0011,-0.0076,0.0034,-0.0003,0.0000,0.0000,0.0000
7.1980,4,7.7095,8.3459,-0.0600,0.0000,-3.4655,0.0216,0.0000,0.0000,0.0000
7.1980,5,7.7651,6.8728,0.1001,-0.0000,-3.4497,-0.0393,0.0000,0.0000,0.0000
7.2320,1,4.9246,0.8650,0.1739,-0.0006,0.0035,0.0007,0.0000,0.0000,0.0000
7.2320,2,7.9088,0.6419,0.0000,0.0000,-0.0000,0.0000,0.0000,0.0000,0.0000
7.2320,3,8.2139,2.1527,-0.0011,-0.0076,0.0034,-0.0003,0.0000,0.0000,0.0000
7.2320,4,7.7100,8.2820,-0.0618,0.0000,-3.5574,0.0220,0.0000,0.0000,0.0000
7.2320,5,7.7646,6.8176,0.1031,-0.0000,-3.5413,-0.0400,0.0000,0.0000,0.0000
7.2640,1,4.9246,0.8650,0.1739,-0.0006,0.0035,0.0007,0.0000,0.0000,0.0000
7.2640,2,7.9088,0.6419,0.0000,0.0000,-0.0000,0.0000,0.0000,0.0000,0.0000
7.2640,3,8.2138,2.1527,-0.0011,-0.0076,0.0034,-0.0003,0.0000,0.0000,0.0000
7.2640,4,7.7105,8.2204,-0.0634,0.0000,-3.6421,0.0224,0.0000,0.0000,0.0000
7.2640,5,7.7641,6.7641,0.1059,-0.0000,-3.6257,-0.0406,0.0000,0.0000,0.0000
7.2760,1,4.9246,0.8650,0.1739,-0.0006,0.0035,0.0007,0.0000,0.0000,0.0000
7.2760,2,7.9088,0.6419,0.0000,0.0000,-0.0000,0.0000,0.0000,0.0000,0.0000
7.2760,3,8.2138,2.1527,-0.0011,-0.0076,0.0034,-0.0003,0.0000,0.0000,0.0000
7.2760,4,7.7107,8.1970,-0.0641,0.0000,-3.6734,0.0225,0.0000,0.0000,0.0000
7.2760,5,7.7639,6.7438,0.1069,-0.0000,-3.6569,-0.0409,0.0000,0.0000,0.0000
7.2980,1,4.9246,0.8650,0.1739,-0.0006,0.0035,0.0007,0.0000,0.0000,0.0000
7.2980,2,7.9088,0.6419,0.0000,0.0000,-0.0000,0.0000,0.0000,0.0000,0.0000
7.2980,3,8.2137,2.1527,-0.0011,-0.0076,0.0034,-0.0003,0.0000,0.0000,0.0000
7.2980,4,7.7110,8.1536,-0.0652,0.0000,-3.7302,0.0227,0.0000,0.0000,0.0000
7.2980,5,7.7636,6.7059,0.1088,-0.0000,-3.7136,-0.0413,0.0000,0.0000,0.0000
7.3320,1,4.9246,0.8650,0.1739,-0.0006,0.0035,0.0007,0.0000,0.0000,0.0000
7.3320,2,7.9088,0.6419,0.0000,0.0000,-0.0000,0.0000,0.0000,0.0000,0.0000
7.3320,3,8.2135,2.1526,-0.0011,-0.0076,0.0034,-0.0003,0.0000,0.0000,0.0000
7.3320,4,7.7115,8.0854,-0.0669,0.0001,-3.8164,0.0231,0.0000,0.0000,0.0000
7.3320,5,7.7631,6.6461,0.1117,-0.0001,-3.7996,-0.0418,0.0000,0.0000,0.0000
7.3640,1,4.9246,0.8650,0.1739,-0.0006,0.0035,0.0007,0.0000,0.0000,0.0000
7.3640,2,7.9088,0.6419,0.0000,0.0000,-0.0000,0.0000,0.0000,0.0000,0.0000
7.3640,3,8.2134,2.1526,-0.0011,-0.0076,0.0034,-0.0003,0.0000,0.0000,0.0000
7.3640,4,7.7120,8.0199,-0.0685,0.0001,-3.8959,0.0234,0.0000,0.0000,0.0000
7.3640,5,7.7626,6.5885,0.1144,-0.0001,-3.8788,-0.0424,0.0000,0.0000,0.0000
7.4000,1,4.9246,0.8650,0.1739,-0.0006,0.0035,0.0007,0.0000,0.0000,0.0000
7.4000,2,7.9088,0.6419,0.0000,0.0000,-0.0000,0.0000,0.0000,0.0000,0.0000
7.4000,3,8.2133,2.1526,-0.0011,-0.0076,0.0034,-0.0003,0.0000,0.0000,0.0000
7.4000,4,7.7125,7.9447,-0.0703,0.0001,-3.9834,0.0237,0.0000,0.0000,0.0000
7.4000,5,7.7621,6.5222,0.1174,-0.0001,-3.9661,-0.0429,0.0000,0.0000,0.0000
7.4160,1,4.9246,0.8650,0.1739,-0.0006,0.0035,0.0007,0.0000,0.0000,0.0000
7.4160,2,7.9088,0.6419,0.0000,0.0000,-0.0000,0.0000,0.0000,0.0000,0.0000
7.4160,3,8.2132,2.1526,-0.0011,-0.0076,0.0034,-0.0003,0.0000,0.0000,0.0000
7.4160,4,7.7127,7.9108,-0.0711,0.0001,-4.0217,0.0238,0.0000,0.0000,0.0000
7.4160,5,7.7618,6.4922,0.1187,-0.0001,-4.0043,-0.0432,0.0000,0.0000,0.0000
7.4320,1,4.9246,0.8650,0.1739,-0.0006,0.0035,0.0007,0.0000,0.0000,0.0000
7.4320,2,7.9088,0.6419,0.0000,0.0000,-0.0000,0.0000,0.0000,0.0000,0.0000
7.4320,3,8.2132,2.1526,-0.0011,-0.0076,0.0034,-0.0003,0.0000,0.0000,0.0000
7.4320,4,7.7129,7.8765,-0.0719,0.0001,-4.0596,0.0239,0.0000,0.0000,0.0000
7.4320,5,7.7616,6.4619,0.1200,-0.0001,-4.0421,-0.0434,0.0000,0.0000,0.0000
7.4660,1,4.9246,0.8650,0.1739,-0.0006,0.0035,0.0007,0.0000,0.0000,0.0000
7.4660,2,7.9088,0.6419,0.0000,0.0000,-0.0000,0.0000,0.0000,0.0000,0.0000
7.4660,3,8.2130,2.1525,-0.0011,-0.0076,0.0034,-0.0003,0.0000,0.0000,0.0000
7.4660,4,7.7134,7.8029,-0.0736,0.0001,-4.1389,0.0242,0.0000,0.0000,0.0000
7.4660,5,7.7611,6.3965,0.1228,-0.0001,-4.1212,-0.0438,0.0000,0.0000,0.0000
7.5000,1,4.9246,0.8650,0.1739,-0.0006,0.0035,0.0007,0.0000,0.0000,0.0000
7.5000,2,7.9088,0.6419,0.0000,0.0000,-0.0000,0.0000,0.0000,0.0000,0.0000
7.5000,3,8.2129,2.1525,-0.0012,-0.0076,0.0034,-0.0003,0.0000,0.0000,0.0000
7.5000,4,7.7139,7.7279,-0.0752,0.0001,-4.2164,0.0245,0.0000,0.0000,0.0000
7.5000,5,7.7606,6.3298,0.1255,-0.0001,-4.1985,-0.0443,0.0000,0.0000,0.0000
7.5120,1,4.9246,0.8650,0.1739,-0.0006,0.0035,0.0007,0.0000,0.0000,0.0000
7.5120,2,7.9088,0.6419,0.0000,0.0000,-0.0000,0.0000,0.0000,0.0000,0.0000
7.5120,3,8.2129,2.1525,-0.0012,-0.0076,0.0034,-0.0003,0.0000,0.0000,0.0000
7.5120,4,7.7141,7.7011,-0.0758,0.0001,-4.2434,0.0246,0.0000,0.0000,0.0000
7.5120,5,7.7605,6.3059,0.1265,-0.0001,-4.2255,-0.0444,0.0000,0.0000,0.0000
7.5300,1,4.9246,0.8650,0.1739,-0.0006,0.0035,0.0007,0.0000,0.0000,0.0000
7.5300,2,7.9088,0.6419,0.0000,0.0000,-0.0000,0.0000,0.0000,0.0000,0.0000
7.5300,3,8.2128,2.1525,-0.0012,-0.0076,0.0034,-0.0003,0.0000,0.0000,0.0000
7.5300,4,7.7144,7.6607,-0.0766,0.0001,-4.2835,0.0247,0.0000,0.0000,0.0000
7.5300,5,7.7602,6.2697,0.1279,-0.0001,-4.2655,-0.0446,0.0000,0.0000,0.0000
7.5660,1,4.9246,0.8650,0.1739,-0.0006,0.0035,0.0007,0.0000,0.0000,0.0000
7.5660,2,7.9088,0.6419,0.0000,0.0000,-0.0000,0.0000,0.0000,0.0000,0.0000
7.5660,3,8.2127,2.1525,-0.0012,-0.0076,0.0034,-0.0003,0.0000,0.0000,0.0000
7.5660,4,7.7149,7.5787,-0.0783,0.0001,-4.3623,0.0249,0.0000,0.0000,0.0000
7.5660,5,7.7597,6.1964,0.1307,-0.0001,-4.3441,-0.0450,0.0000,0.0000,0.0000
7.5980,1,4.9246,0.8650,0.1739,-0.0006,0.0035,0.0007,0.0000,0.0000,0.0000
7.5980,2,7.9088,0.6419,0.0000,0.0000,-0.0000,0.0000,0.0000,0.0000,0.0000
7.5980,3,8.2125,2.1524,-0.0012,-0.0076,0.0034,-0.0003,0.0000,0.0000,0.0000
7.5980,4,7.7153,7.5047,-0.0798,0.0001,-4.4309,0.0251,0.0000,0.0000,0.0000
7.5980,5,7.7592,6.1300,0.1332,-0.0001,-4.4125,-0.0454,0.0000,0.0000,0.0000
7.6320,1,4.9246,0.8650,0.1739,-0.0006,0.0035,0.0007,0.0000,0.0000,0.0000
7.6320,2,7.9088,0.6419,0.0000,0.0000,-0.0000,0.0000,0.0000,0.0000,0.0000
7.6320,3,8.2124,2.1524,-0.0012,-0.0076,0.0034,-0.0003,0.0000,0.0000,0.0000
7.6320,4,7.7158,7.4250,-0.0814,0.0001,-4.5023,0.0253,0.0000,0.0000,0.0000
7.6320,5,7.7588,6.0582,0.1358,-0.0001,-4.4838,-0.0457,0.0000,0.0000,0.0000
7.6660,1,4.9246,0.8650,0.1739,-0.0006,0.0035,0.0007,0.0000,0.0000,0.0000
7.6660,2,7.9088,0.6419,0.0000,0.0000,-0.0000,0.0000,0.0000,0.0000,0.0000
7.6660,3,8.2123,2.1524,-0.0012,-0.0076,0.0034,-0.0003,0.0000,0.0000,0.0000
7.6660,4,7.7163,7.3440,-0.0829,0.0001,-4.5721,0.0255,0.0000,0.0000,0.0000
7.6660,5,7.7583,5.9852,0.1384,-0.0001,-4.5535,-0.0460,0.0000,0.0000,0.0000
7.6980,1,4.9246,0.8650,0.1739,-0.0006,0.0035,0.0007,0.0000,0.0000,0.0000
7.6980,2,7.9088,0.6419,0.0000,0.0000,-0.0000,0.0000,0.0000,0.0000,0.0000
7.6980,3,8.2121,2.1524,-0.0012,-0.0076,0.0034,-0.0003,0.0000,0.0000,0.0000
7.6980,4,7.7167,7.2668,-0.0843,0.0001,-4.6365,0.0257,0.0000,0.0000,0.0000
7.6980,5,7.7578,5.9154,0.1408,-0.0001,-4.6177,-0.0463,0.0000,0.0000,0.0000
7.7320,1,4.9246,0.8650,0.1739,-0.0006,0.0035,0.0007,0.0000,0.0000,0.0000
7.7320,2,7.9088,0.6419,0.0000,0.0000,-0.0000,0.0000,0.0000,0.0000,0.0000
7.7320,3,8.2120,2.1524,-0.0012,-0.0076,0.0034,-0.0003,0.0000,0.0000,0.0000
7.7320,4,7.7172,7.1836,-0.0858,0.0001,-4.7035,0.0259,0.0000,0.0000,0.0000
7.7320,5,7.7574,5.8401,0.1434,-0.0001,-4.6846,-0.0466,0.0000,0.0000,0.0000
7.7660,1,4.9246,0.8650,0.1739,-0.0006,0.0035,0.0007,0.0000,0.0000,0.0000
7.7660,2,7.9088,0.6419,0.0000,0.0000,-0.0000,0.0000,0.0000,0.0000,0.0000
7.7660,3,8.2119,2.1523,-0.0012,-0.0076,0.0034,-0.0003,0.0000,0.0000,0.0000
7.7660,4,7.7176,7.0994,-0.0873,0.0001,-4.7690,0.0260,0.0000,0.0000,0.0000
7.7660,5,7.7569,5.7636,0.1459,-0.0001,-4.7501,-0.0468,0.0000,0.0000,0.0000
7.7980,1,4.9246,0.8650,0.1739,-0.0006,0.0035,0.0007,0.0000,0.0000,0.0000
7.7980,2,7.9088,0.6419,0.0000,0.0000,-0.0000,0.0000,0.0000,0.0000,0.0000
7.7980,3,8.2118,2.1523,-0.0012,-0.0076,0.0034,-0.0003,0.0000,0.0000,0.0000
7.7980,4,7.7181,7.0191,-0.0887,0.0001,-4.8295,0.0262,0.0000,0.0000,0.0000
7.7980,5,7.7565,5.6906,0.1482,-0.0001,-4.8104,-0.0470,0.0000,0.0000,0.0000
7.8320,1,4.9246,0.8650,0.1739,-0.0006,0.0035,0.0007,0.0000,0.0000,0.0000
7.8320,2,7.9088,0.6419,0.0000,0.0000,-0.0000,0.0000,0.0000,0.0000,0.0000
7.8320,3,8.2116,2.1523,-0.0012,-0.0076,0.0034,-0.0003,0.0000,0.0000,0.0000
7.8320,4,7.7185,6.9328,-0.0902,0.0001,-4.8924,0.0263,0.0000,0.0000,0.0000
7.8320,5,7.7560,5.6120,0.1506,-0.0001,-4.8732,-0.0472,0.0000,0.0000,0.0000
7.8660,1,4.9246,0.8650,0.1739,-0.0006,0.0035,0.0007,0.0000,0.0000,0.0000
7.8660,2,7.9088,0.6419,0.0000,0.0000,-0.0000,0.0000,0.0000,0.0000,0.0000
7.8660,3,8.2115,2.1523,-0.0012,-0.0076,0.0034,-0.0003,0.0000,0.0000,0.0000
7.8660,4,7.7190,6.8454,-0.0916,0.0001,-4.9539,0.0264,0.0000,0.0000,0.0000
7.8660,5,7.7556,5.5323,0.1531,-0.0001,-4.9347,-0.0474,0.0000,0.0000,0.0000
7.9000,1,4.9246,0.8650,0.1739,-0.0006,0.0035,0.0007,0.0000,0.0000,0.0000
7.9000,2,7.9088,0.6419,0.0000,0.0000,-0.0000,0.0000,0.0000,0.0000,0.0000
7.9000,3,8.2114,2.1522,-0.0012,-0.0076,0.0034,-0.0003,0.0000,0.0000,0.0000
7.9000,4,7.7194,6.7571,-0.0931,0.0001,-5.0142,0.0265,0.0000,0.0000,0.0000
7.9000,5,7.7551,5.4515,0.1554,-0.0001,-4.9949,-0.0476,0.0000,0.0000,0.0000
7.9320,1,4.9246,0.8650,0.1739,-0.0006,0.0035,0.0007,0.0000,0.0000,0.0000
7.9320,2,7.9088,0.6419,0.0000,0.0000,-0.0000,0.0000,0.0000,0.0000,0.0000
7.9320,3,8.2113,2.1522,-0.0012,-0.0076,0.0034,-0.0003,0.0000,0.0000,0.0000
7.9320,4,7.7199,6.6730,-0.0944,0.0001,-5.0697,0.0266,0.0000,0.0000,0.0000
7.9320,5,7.7547,5.3745,0.1577,-0.0001,-5.0504,-0.0478,0.0000,0.0000,0.0000
7.9660,1,4.9246,0.8650,0.1739,-0.0006,0.0035,0.0007,0.0000,0.0000,0.0000
7.9660,2,7.9088,0.6419,0.0000,0.0000,-0.0000,0.0000,0.0000,0.0000,0.0000
7.9660,3,8.2111,2.1522,-0.0012,-0.0076,0.0034,-0.0003,0.0000,0.0000,0.0000
7.9660,4,7.7203,6.5827,-0.0958,0.0002,-5.1275,0.0267,0.0000,0.0000,0.0000
7.9660,5,7.7542,5.2917,0.1600,-0.0002,-5.1081,-0.0479,0.0000,0.0000,0.0000
7.9980,1,4.9246,0.8650,0.1739,-0.0006,0.0035,0.0007,0.0000,0.0000,0.0000
7.9980,2,7.9088,0.6419,0.0000,0.0000,-0.0000,0.0000,0.0000,0.0000,0.0000
7.9980,3,8.2110,2.1522,-0.0012,-0.0076,0.0034,-0.0003,0.0000,0.0000,0.0000
7.9980,4,7.7207,6.4969,-0.0971,0.0002,-5.1808,0.0268,0.0000,0.0000,0.0000
7.9980,5,7.7538,5.2129,0.1622,-0.0002,-5.1613,-0.0480,0.0000,0.0000,0.0000
8.0320,1,4.9246,0.8650,0.1739,-0.0006,0.0035,0.0007,0.0000,0.0000,0.0000
8.0320,2,7.9088,0.6419,0.0000,0.0000,-0.0000,0.0000,0.0000,0.0000,0.0000
8.0320,3,8.2109,2.1521,-0.0012,-0.0076,0.0034,-0.0003,0.0000,0.0000,0.0000
8.0320,4,7.7212,6.4049,-0.0985,0.0002,-5.2362,0.0269,0.0000,0.0000,0.0000
8.0320,5,7.7534,5.1283,0.1645,-0.0002,-5.2167,-0.0481,0.0000,0.0000,0.0000
8.0660,1,4.9246,0.8650,0.1739,-0.0006,0.0035,0.0007,0.0000,0.0000,0.0000
8.0660,2,7.9088,0.6419,0.0000,0.0000,-0.0000,0.0000,0.0000,0.0000,0.0000
8.0660,3,8.2107,2.1521,-0.0012,-0.0076,0.0034,-0.0003,0.0000,0.0000,0.0000
8.0660,4,7.7216,6.3119,-0.0998,0.0002,-5.2905,0.0269,0.0000,0.0000,0.0000
8.0660,5,7.7529,5.0426,0.1668,-0.0002,-5.2709,-0.0482,0.0000,0.0000,0.0000
8.0980,1,4.9246,0.8650,0.1739,-0.0006,0.0035,0.0007,0.0000,0.0000,0.0000
8.0980,2,7.9088,0.6419,0.0000,0.0000,-0.0000,0.0000,0.0000,0.0000,0.0000
8.0980,3,8.2106,2.1521,-0.0012,-0.0076,0.0034,-0.0003,0.0000,0.0000,0.0000
8.0980,4,7.7220,6.2236,-0.1011,0.0002,-5.3405,0.0270,0.0000,0.0000,0.0000
8.0980,5,7.7525,4.9611,0.1689,-0.0002,-5.3209,-0.0483,0.0000,0.0000,0.0000
8.1320,1,4.9246,0.8650,0.1739,-0.0006,0.0035,0.0007,0.0000,0.0000,0.0000
8.1320,2,7.9088,0.6419,0.0000,0.0000,-0.0000,0.0000,0.0000,0.0000,0.0000
8.1320,3,8.2105,2.1521,-0.0012,-0.0076,0.0034,-0.0003,0.0000,0.0000,0.0000
8.1320,4,7.7225,6.1289,-0.1024,0.0002,-5.3925,0.0270,0.0000,0.0000,0.0000
8.1320,5,7.7521,4.8737,0.1711,-0.0002,-5.3729,-0.0483,0.0000,0.0000,0.0000
8.1660,1,4.9246,0.8650,0.1739,-0.0006,0.0035,0.0007,0.0000,0.0000,0.0000
8.1660,2,7.9088,0.6419,0.0000,0.0000,-0.0000,0.0000,0.0000,0.0000,0.0000
8.1660,3,8.2104,2.1520,-0.0012,-0.0076,0.0034,-0.0003,0.0000,0.0000,0.0000
8.1660,4,7.7229,6.0333,-0.1037,0.0002,-5.4435,0.0271,0.0000,0.0000,0.0000
8.1660,5,7.7517,4.7853,0.1734,-0.0002,-5.4238,-0.0484,0.0000,0.0000,0.0000
8.1980,1,4.9246,0.8650,0.1739,-0.0006,0.0035,0.0007,0.0000,0.0000,0.0000
8.1980,2,7.9088,0.6419,0.0000,0.0000,-0.0000,0.0000,0.0000,0.0000,0.0000
8.1980,3,8.2102,2.1520,-0.0012,-0.0076,0.0034,-0.0003,0.0000,0.0000,0.0000
8.1980,4,7.7233,5.9427,-0.1050,0.0002,-5.4904,0.0271,0.0000,0.0000,0.0000
8.1980,5,7.7513,4.7014,0.1754,-0.0002,-5.4708,-0.0484,0.0000,0.0000,0.0000
8.2320,1,4.9246,0.8650,0.1739,-0.0006,0.0035,0.0007,0.0000,0.0000,0.0000
8.2320,2,7.9088,0.6419,0.0000,0.0000,-0.0000,0.0000,0.0000,0.0000,0.0000
8.2320,3,8.2101,2.1520,-0.0012,-0.0076,0.0034,-0.0003,0.0000,0.0000,0.0000
8.2320,4,7.7237,5.8455,-0.1063,0.0002,-5.5393,0.0271,0.0000,0.0000,0.0000
8.2320,5,7.7508,4.6113,0.1776,-0.0002,-5.5196,-0.0484,0.0000,0.0000,0.0000
8.2660,1,4.9246,0.8650,0.1739,-0.0006,0.0035,0.0007,0.0000,0.0000,0.0000
8.2660,2,7.9088,0.6419,0.0000,0.0000,-0.0000,0.0000,0.0000,0.0000,0.0000
8.2660,3,8.2100,2.1520,-0.0012,-0.0076,0.0034,-0.0003,0.0000,0.0000,0.0000
8.2660,4,7.7241,5.7476,-0.1075,0.0002,-5.5871,0.0272,0.0000,0.0000,0.0000
8.2660,5,7.7504,4.5205,0.1797,-0.0002,-5.5674,-0.0485,0.0000,0.0000,0.0000
8.2980,1,4.9246,0.8650,0.1739,-0.0006,0.0035,0.0007,0.0000,0.0000,0.0000
8.2980,2,7.9088,0.6419,0.0000,0.0000,-0.0000,0.0000,0.0000,0.0000,0.0000
8.2980,3,8.2099,2.1519,-0.0012,-0.0076,0.0034,-0.0003,0.0000,0.0000,0.0000
8.2980,4,7.7245,5.6547,-0.1087,0.0002,-5.6312,0.0272,0.0000,0.0000,0.0000
8.2980,5,7.7500,4.4342,0.1817,-0.0002,-5.6115,-0.0485,0.0000,0.0000,0.0000
8.3320,1,4.9246,0.8650,0.1739,-0.0006,0.0035,0.0007,0.0000,0.0000,0.0000
8.3320,2,7.9088,0.6419,0.0000,0.0000,-0.0000,0.0000,0.0000,0.0000,0.0000
8.3320,3,8.2097,2.1519,-0.0013,-0.0076,0.0034,-0.0003,0.0000,0.0000,0.0000
8.3320,4,7.7250,5.5553,-0.1100,0.0002,-5.6771,0.0272,0.0000,0.0000,0.0000
8.3320,5,7.7496,4.3417,0.1838,-0.0002,-5.6574,-0.0484,0.0000,0.0000,0.0000
8.3680,1,4.9246,0.8650,0.1739,-0.0006,0.0035,0.0007,0.0000,0.0000,0.0000
8.3680,2,7.9088,0.6419,0.0000,0.0000,-0.0000,0.0000,0.0000,0.0000,0.0000
8.3680,3,8.2096,2.1519,-0.0013,-0.0076,0.0034,-0.0003,0.0000,0.0000,0.0000
8.3680,4,7.7254,5.4492,-0.1113,0.0002,-5.7246,0.0272,0.0000,0.0000,0.0000
8.3680,5,7.7492,4.2429,0.1860,-0.0002,-5.7049,-0.0484,0.0000,0.0000,0.0000
8.3980,1,4.9246,0.8650,0.1739,-0.0006,0.0035,0.0007,0.0000,0.0000,0.0000
8.3980,2,7.9088,0.6419,0.0000,0.0000,-0.0000,0.0000,0.0000,0.0000,0.0000
8.3980,3,8.2095,2.1519,-0.0013,-0.0076,0.0034,-0.0003,0.0000,0.0000,0.0000
8.3980,4,7.7258,5.3602,-0.1124,0.0002,-5.7633,0.0272,0.0000,0.0000,0.0000
8.3980,5,7.7488,4.1599,0.1879,-0.0002,-5.7436,-0.0484,0.0000,0.0000,0.0000
8.4320,1,4.9246,0.8650,0.1739,-0.0006,0.0035,0.0007,0.0000,0.0000,0.0000
8.4320,2,7.9088,0.6419,0.0000,0.0000,-0.0000,0.0000,0.0000,0.0000,0.0000
8.4320,3,8.2093,2.1519,-0.0013,-0.0076,0.0034,-0.0003,0.0000,0.0000,0.0000
8.4320,4,7.7262,5.2586,-0.1136,0.0002,-5.8064,0.0272,0.0000,0.0000,0.0000
8.4320,5,7.7484,4.0651,0.1899,-0.0002,-5.7867,-0.0484,0.0000,0.0000,0.0000
8.4640,1,4.9246,0.8650,0.1739,-0.0006,0.0035,0.0007,0.0000,0.0000,0.0000
8.4640,2,7.9088,0.6419,0.0000,0.0000,-0.0000,0.0000,0.0000,0.0000,0.0000
8.4640,3,8.2092,2.1518,-0.0013,-0.0076,0.0034,-0.0003,0.0000,0.0000,0.0000
8.4640,4,7.7266,5.1623,-0.1147,0.0002,-5.8461,0.0272,0.0000,0.0000,0.0000
8.4640,5,7.7480,3.9752,0.1918,-0.0002,-5.8264,-0.0483,0.0000,0.0000,0.0000
8.4980,1,4.9246,0.8650,0.1739,-0.0006,0.0035,0.0007,0.0000,0.0000,0.0000
8.4980,2,7.9088,0.6419,0.0000,0.0000,-0.0000,0.0000,0.0000,0.0000,0.0000
8.4980,3,8.2091,2.1518,-0.0013,-0.0076,0.0034,-0.0003,0.0000,0.0000,0.0000
8.4980,4,7.7270,5.0594,-0.1159,0.0002,-5.8874,0.0271,0.0000,0.0000,0.0000
8.4980,5,7.7476,3.8790,0.1938,-0.0002,-5.8677,-0.0483,0.0000,0.0000,0.0000
8.5320,1,4.9246,0.8650,0.1739,-0.0006,0.0035,0.0007,0.0000,0.0000,0.0000
8.5320,2,7.9088,0.6419,0.0000,0.0000,-0.0000,0.0000,0.0000,0.0000,0.0000
8.5320,3,8.2090,2.1518,-0.0013,-0.0076,0.0034,-0.0003,0.0000,0.0000,0.0000
8.5320,4,7.7274,4.9558,-0.1171,0.0002,-5.9278,0.0271,0.0000,0.0000,0.0000
8.5320,5,7.7472,3.7821,0.1958,-0.0002,-5.9082,-0.0482,0.0000,0.0000,0.0000
8.5660,1,4.9246,0.8650,0.1739,-0.0006,0.0035,0.0007,0.0000,0.0000,0.0000
8.5660,2,7.9088,0.6419,0.0000,0.0000,-0.0000,0.0000,0.0000,0.0000,0.0000
8.5660,3,8.2088,2.1518,-0.0013,-0.0076,0.0034,-0.0003,0.0000,0.0000,0.0000
8.5660,4,7.7278,4.8516,-0.1182,0.0002,-5.9674,0.0271,0.0000,0.0000,0.0000
8.5660,5,7.7468,3.6845,0.1978,-0.0002,-5.9478,-0.0481,0.0000,0.0000,0.0000
8.5980,1,4.9246,0.8650,0.1739,-0.0006,0.0035,0.0007,0.0000,0.0000,0.0000
8.5980,2,7.9088,0.6419,0.0000,0.0000,-0.0000,0.0000,0.0000,0.0000,0.0000
8.5980,3,8.2087,2.1517,-0.0013,-0.0076,0.0034,-0.0003,0.0000,0.0000,0.0000
8.5980,4,7.7281,4.7529,-0.1193,0.0003,-6.0039,0.0271,0.0000,0.0000,0.0000
8.5980,5,7.7464,3.5920,0.1996,-0.0003,-5.9843,-0.0480,0.0000,0.0000,0.0000
8.6320,1,4.9246,0.8650,0.1739,-0.0006,0.0035,0.0007,0.0000,0.0000,0.0000
8.6320,2,7.9088,0.6419,0.0000,0.0000,-0.0000,0.0000,0.0000,0.0000,0.0000
8.6320,3,8.2086,2.1517,-0.0013,-0.0076,0.0034,-0.0003,0.0000,0.0000,0.0000
8.6320,4,7.7285,4.6474,-0.1205,0.0003,-6.0418,0.0270,0.0000,0.0000,0.0000
8.6320,5,7.7460,3.4930,0.2015,-0.0003,-6.0223,-0.0479,0.0000,0.0000,0.0000
8.6660,1,4.9246,0.8650,0.1739,-0.0006,0.0035,0.0007,0.0000,0.0000,0.0000
8.6660,2,7.9088,0.6419,0.0000,0.0000,-0.0000,0.0000,0.0000,0.0000,0.0000
8.6660,3,8.2085,2.1517,-0.0013,-0.0076,0.0034,-0.0003,0.0000,0.0000,0.0000
8.6660,4,7.7289,4.5413,-0.1216,0.0003,-6.0790,0.0270,0.0000,0.0000,0.0000
8.6660,5,7.7456,3.3934,0.2034,-0.0003,-6.0595,-0.0478,0.0000,0.0000,0.0000
8.6980,1,4.9246,0.8650,0.1739,-0.0006,0.0035,0.0007,0.0000,0.0000,0.0000
8.6980,2,7.9088,0.6419,0.0000,0.0000,-0.0000,0.0000,0.0000,0.0000,0.0000
8.6980,3,8.2083,2.1517,-0.0013,-0.0076,0.0034,-0.0003,0.0000,0.0000,0.0000
8.6980,4,7.7293,4.4408,-0.1227,0.0003,-6.1132,0.0269,0.0000,0.0000,0.0000
8.6980,5,7.7453,3.2990,0.2052,-0.0003,-6.0937,-0.0477,0.0000,0.0000,0.0000
8.7320,1,4.9246,0.8650,0.1739,-0.0006,0.0035,0.0007,0.0000,0.0000,0.0000
8.7320,2,7.9088,0.6419,0.0000,0.0000,-0.0000,0.0000,0.0000,0.0000,0.0000
8.7320,3,8.2082,2.1516,-0.0013,-0.0076,0.0034,-0.0003,0.0000,0.0000,0.0000
8.7320,4,7.7297,4.3336,-0.1238,0.0003,-6.1488,0.0269,0.0000,0.0000,0.0000
8.7320,5,7.7449,3.1982,0.2071,-0.0003,-6.1294,-0.0476,0.0000,0.0000,0.0000
8.7640,1,4.9246,0.8650,0.1739,-0.0006,0.0035,0.0007,0.0000,0.0000,0.0000
8.7640,2,7.9088,0.6419,0.0000,0.0000,-0.0000,0.0000,0.0000,0.0000,0.0000
8.7640,3,8.2081,2.1516,-0.0013,-0.0076,0.0034,-0.0003,0.0000,0.0000,0.0000
8.7640,4,7.7300,4.2321,-0.1248,0.0003,-6.1817,0.0268,0.0000,0.0000,0.0000
8.7640,5,7.7445,3.1027,0.2089,-0.0003,-6.1623,-0.0475,0.0000,0.0000,0.0000
8.7980,1,4.9246,0.8650,0.1739,-0.0006,0.0035,0.0007,0.0000,0.0000,0.0000
8.7980,2,7.9088,0.6419,0.0000,0.0000,-0.0000,0.0000,0.0000,0.0000,0.0000
8.7980,3,8.2080,2.1516,-0.0013,-0.0076,0.0034,-0.0003,0.0000,0.0000,0.0000
8.7980,4,7.7304,4.1237,-0.1259,0.0003,-6.2158,0.0268,0.0000,0.0000,0.0000
8.7980,5,7.7441,3.0006,0.2107,-0.0003,-6.1965,-0.0474,0.0000,0.0000,0.0000
8.8300,1,4.9246,0.8650,0.1739,-0.0006,0.0035,0.0007,0.0000,0.0000,0.0000
8.8300,2,7.9088,0.6419,0.0000,0.0000,-0.0000,0.0000,0.0000,0.0000,0.0000
8.8300,3,8.2078,2.1516,-0.0013,-0.0076,0.0034,-0.0003,0.0000,0.0000,0.0000
8.8300,4,7.7308,4.0212,-0.1269,0.0003,-6.2473,0.0267,0.0000,0.0000,0.0000
8.8300,5,7.7438,2.9040,0.2124,-0.0003,-6.2281,-0.0473,0.0000,0.0000,0.0000
8.8640,1,4.9246,0.8650,0.1739,-0.0006,0.0035,0.0007,0.0000,0.0000,0.0000
8.8640,2,7.9088,0.6419,0.0000,0.0000,-0.0000,0.0000,0.0000,0.0000,0.0000
8.8640,3,8.2077,2.1515,-0.0013,-0.0076,0.0034,-0.0003,0.0000,0.0000,0.0000
8.8640,4,7.7312,3.9118,-0.1280,0.0003,-6.2801,0.0266,0.0000,0.0000,0.0000
8.8640,5,7.7434,2.8008,0.2143,-0.0003,-6.2609,-0.0471,0.0000,0.0000,0.0000
8.8980,1,4.9250,0.8629,0.1734,0.0157,-0.0897,-0.0182,0.0000,0.0000,0.0000
8.8980,2,7.9088,0.6419,0.0000,0.0000,-0.0000,0.0000,0.0000,0.0000,0.0000
8.8980,3,8.2065,2.1441,0.0050,-0.3085,-0.2723,0.8430,0.0000,0.0000,0.0000
8.8980,4,7.7258,3.8476,-0.1055,-0.6284,-1.3281,2.5964,0.0000,0.0000,0.0000
8.8980,5,7.7364,2.7384,0.2436,-0.8827,-1.5168,2.0236,0.0000,0.0000,0.0000
8.9300,1,4.9250,0.8626,0.1734,-0.0049,0.0279,0.0057,0.0000,0.0000,0.0000
8.9300,2,7.9088,0.6419,0.0000,0.0000,-0.0000,0.0000,0.0000,0.0000,0.0000
8.9300,3,8.1990,2.1418,0.0220,-0.5743,-0.0664,1.1504,0.0000,0.0000,0.0000
8.9300,4,7.7156,3.8268,-0.0637,-0.6727,-0.9862,2.7651,0.0000,0.0000,0.0000
8.9300,5,7.7186,2.7237,0.2665,-1.2362,-0.8215,0.8559,0.0000,0.0000,0.0000
8.9640,1,4.9249,0.8631,0.1735,-0.0065,0.0370,0.0075,0.0000,0.0000,0.0000
8.9640,2,7.9088,0.6419,0.0000,0.0000,-0.0000,0.0000,0.0000,0.0000,0.0000
8.9640,3,8.1890,2.1408,0.0418,-0.5975,-0.0472,1.1842,0.0000,0.0000,0.0000
8.9640,4,7.7045,3.8074,-0.0181,-0.6772,-0.9560,2.7707,0.0000,0.0000,0.0000
8.9640,5,7.6969,2.7128,0.2840,-1.2803,-0.8062,0.9002,0.0000,0.0000,0.0000
8.9980,1,4.9248,0.8636,0.1736,-0.0050,0.0283,0.0057,0.0000,0.0000,0.0000
8.9980,2,7.9088,0.6419,0.0000,0.0000,-0.0000,0.0000,0.0000,0.0000,0.0000
8.9980,3,8.1788,2.1398,0.0622,-0.6096,-0.0636,1.2147,0.0000,0.0000,0.0000
8.9980,4,7.6933,3.7881,0.0273,-0.6748,-0.9750,2.7505,0.0000,0.0000,0.0000
8.9980,5,7.6746,2.7016,0.3021,-1.3064,-0.8404,0.9333,0.0000,0.0000,0.0000
9.0320,1,4.9248,0.8640,0.1737,-0.0037,0.0209,0.0042,0.0000,0.0000,0.0000
9.0320,2,7.9088,0.6419,0.0000,0.0000,-0.0000,0.0000,0.0000,0.0000,0.0000
9.0320,3,8.1683,2.1385,0.0831,-0.6225,-0.0775,1.2454,0.0000,0.0000,0.0000
9.0320,4,7.6821,3.7684,0.0724,-0.6711,-0.9962,2.7287,0.0000,0.0000,0.0000
9.0320,5,7.6519,2.6898,0.3207,-1.3314,-0.8774,0.9662,0.0000,0.0000,0.0000
9.0660,1,4.9247,0.8642,0.1737,-0.0028,0.0157,0.0032,0.0000,0.0000,0.0000
9.0660,2,7.9088,0.6419,0.0000,0.0000,-0.0000,0.0000,0.0000,0.0000,0.0000
9.0660,3,8.1576,2.1371,0.1045,-0.6355,-0.0879,1.2746,0.0000,0.0000,0.0000
9.0660,4,7.6710,3.7484,0.1171,-0.6663,-1.0170,2.7065,0.0000,0.0000,0.0000
9.0660,5,7.6289,2.6774,0.3399,-1.3542,-0.9138,0.9977,0.0000,0.0000,0.0000
9.0960,1,4.9247,0.8644,0.1738,-0.0022,0.0125,0.0025,0.0000,0.0000,0.0000
9.0960,2,7.9088,0.6419,0.0000,0.0000,-0.0000,0.0000,0.0000,0.0000,0.0000
9.0960,3,8.1480,2.1356,0.1238,-0.6471,-0.0950,1.3000,0.0000,0.0000,0.0000
9.0960,4,7.6613,3.7305,0.1563,-0.6612,-1.0353,2.6863,0.0000,0.0000,0.0000
9.0960,5,7.6082,2.6659,0.3572,-1.3729,-0.9458,1.0252,0.0000,0.0000,0.0000
9.1320,1,4.9247,0.8645,0.1738,-0.0017,0.0097,0.0020,0.0000,0.0000,0.0000
9.1320,2,7.9088,0.6419,0.0000,0.0000,-0.0000,0.0000,0.0000,0.0000,0.0000
9.1320,3,8.1362,2.1337,0.1474,-0.6614,-0.1017,1.3305,0.0000,0.0000,0.0000
9.1320,4,7.6496,3.7086,0.2030,-0.6538,-1.0576,2.6610,0.0000,0.0000,0.0000
9.1320,5,7.5831,2.6515,0.3786,-1.3941,-0.9850,1.0585,0.0000,0.0000,0.0000
9.1660,1,4.9247,0.8646,0.1738,-0.0014,0.0079,0.0016,0.0000,0.0000,0.0000
9.1660,2,7.9088,0.6419,0.0000,0.0000,-0.0000,0.0000,0.0000,0.0000,0.0000
9.1660,3,8.1249,2.1319,0.1703,-0.6753,-0.1069,1.3599,0.0000,0.0000,0.0000
9.1660,4,7.6388,3.6875,0.2466,-0.6455,-1.0796,2.6356,0.0000,0.0000,0.0000
9.1660,5,7.5591,2.6372,0.3992,-1.4131,-1.0232,1.0907,0.0000,0.0000,0.0000
9.1980,1,4.9247,0.8647,0.1738,-0.0012,0.0068,0.0014,0.0000,0.0000,0.0000
9.1980,2,7.9088,0.6419,0.0000,0.0000,-0.0000,0.0000,0.0000,0.0000,0.0000
9.1980,3,8.1140,2.1301,0.1922,-0.6888,-0.1110,1.3882,0.0000,0.0000,0.0000
9.1980,4,7.6286,3.6674,0.2874,-0.6367,-1.1015,2.6102,0.0000,0.0000,0.0000
9.1980,5,7.5363,2.6231,0.4192,-1.4303,-1.0604,1.1218,0.0000,0.0000,0.0000
9.2300,1,4.9246,0.8647,0.1738,-0.0010,0.0059,0.0012,0.0000,0.0000,0.0000
9.2300,2,7.9088,0.6419,0.0000,0.0000,-0.0000,0.0000,0.0000,0.0000,0.0000
9.2300,3,8.1029,2.1282,0.2146,-0.7029,-0.1147,1.4173,0.0000,0.0000,0.0000
9.2300,4,7.6186,3.6469,0.3277,-0.6267,-1.1247,2.5831,0.0000,0.0000,0.0000
9.2300,5,7.5132,2.6084,0.4396,-1.4468,-1.0990,1.1540,0.0000,0.0000,0.0000
9.2640,1,4.9246,0.8647,0.1738,-0.0009,0.0053,0.0011,0.0000,0.0000,0.0000
9.2640,2,7.9088,0.6419,0.0000,0.0000,-0.0000,0.0000,0.0000,0.0000,0.0000
9.2640,3,8.0908,2.1261,0.2390,-0.7184,-0.1183,1.4492,0.0000,0.0000,0.0000
9.2640,4,7.6082,3.6247,0.3701,-0.6149,-1.1512,2.5523,0.0000,0.0000,0.0000
9.2640,5,7.4884,2.5921,0.4618,-1.4636,-1.1417,1.1893,0.0000,0.0000,0.0000
9.2980,1,4.9246,0.8648,0.1738,-0.0009,0.0049,0.0010,0.0000,0.0000,0.0000
9.2980,2,7.9088,0.6419,0.0000,0.0000,-0.0000,0.0000,0.0000,0.0000,0.0000
9.2980,3,8.0784,2.1240,0.2639,-0.7344,-0.1217,1.4821,0.0000,0.0000,0.0000
9.2980,4,7.5979,3.6021,0.4121,-0.6019,-1.1799,2.5193,0.0000,0.0000,0.0000
9.2980,5,7.4633,2.5750,0.4847,-1.4793,-1.1862,1.2260,0.0000,0.0000,0.0000
9.3300,1,4.9246,0.8648,0.1738,-0.0008,0.0046,0.0009,0.0000,0.0000,0.0000
9.3300,2,7.9088,0.6419,0.0000,0.0000,-0.0000,0.0000,0.0000,0.0000,0.0000
9.3300,3,8.0666,2.1220,0.2878,-0.7500,-0.1248,1.5140,0.0000,0.0000,0.0000
9.3300,4,7.5884,3.5803,0.4510,-0.5885,-1.2092,2.4861,0.0000,0.0000,0.0000
9.3300,5,7.4395,2.5583,0.5067,-1.4931,-1.2297,1.2617,0.0000,0.0000,0.0000
9.3640,1,4.9246,0.8648,0.1738,-0.0008,0.0044,0.0009,0.0000,0.0000,0.0000
9.3640,2,7.9088,0.6419,0.0000,0.0000,-0.0000,0.0000,0.0000,0.0000,0.0000
9.3640,3,8.0537,2.1197,0.3138,-0.7671,-0.1281,1.5489,0.0000,0.0000,0.0000
9.3640,4,7.5785,3.5566,0.4919,-0.5732,-1.2430,2.4486,0.0000,0.0000,0.0000
9.3640,5,7.4141,2.5397,0.5307,-1.5065,-1.2776,1.3010,0.0000,0.0000,0.0000
9.3980,1,4.9246,0.8648,0.1738,-0.0008,0.0043,0.0009,0.0000,0.0000,0.0000
9.3980,2,7.9088,0.6419,0.0000,0.0000,-0.0000,0.0000,0.0000,0.0000,0.0000
9.3980,3,8.0405,2.1174,0.3405,-0.7847,-0.1313,1.5848,0.0000,0.0000,0.0000
9.3980,4,7.5688,3.5324,0.5322,-0.5567,-1.2798,2.4086,0.0000,0.0000,0.0000
9.3980,5,7.3885,2.5202,0.5553,-1.5184,-1.3272,1.3417,0.0000,0.0000,0.0000
9.4300,1,4.9246,0.8648,0.1738,-0.0007,0.0042,0.0009,0.0000,0.0000,0.0000
9.4300,2,7.9088,0.6419,0.0000,0.0000,-0.0000,0.0000,0.0000,0.0000,0.0000
9.4300,3,8.0278,2.1152,0.3661,-0.8018,-0.1343,1.6194,0.0000,0.0000,0.0000
9.4300,4,7.5599,3.5090,0.5695,-0.5402,-1.3175,2.3688,0.0000,0.0000,0.0000
9.4300,5,7.3642,2.5012,0.5791,-1.5281,-1.3755,1.3812,0.0000,0.0000,0.0000
9.4640,1,4.9246,0.8648,0.1738,-0.0007,0.0042,0.0008,0.0000,0.0000,0.0000
9.4640,2,7.9088,0.6419,0.0000,0.0000,-0.0000,0.0000,0.0000,0.0000,0.0000
9.4640,3,8.0141,2.1128,0.3939,-0.8202,-0.1377,1.6568,0.0000,0.0000,0.0000
9.4640,4,7.5508,3.4834,0.6085,-0.5218,-1.3611,2.3243,0.0000,0.0000,0.0000
9.4640,5,7.3383,2.4801,0.6051,-1.5362,-1.4282,1.4243,0.0000,0.0000,0.0000
9.4980,1,4.9246,0.8649,0.1738,-0.0007,0.0042,0.0008,0.0000,0.0000,0.0000
9.4980,2,7.9088,0.6419,0.0000,0.0000,-0.0000,0.0000,0.0000,0.0000,0.0000
9.4980,3,8.0000,2.1104,0.4224,-0.8390,-0.1411,1.6949,0.0000,0.0000,0.0000
9.4980,4,7.5419,3.4571,0.6467,-0.5024,-1.4083,2.2774,0.0000,0.0000,0.0000
9.4980,5,7.3123,2.4580,0.6317,-1.5419,-1.4823,1.4686,0.0000,0.0000,0.0000
9.5300,1,4.9246,0.8649,0.1738,-0.0007,0.0042,0.0008,0.0000,0.0000,0.0000
9.5300,2,7.9088,0.6419,0.0000,0.0000,-0.0000,0.0000,0.0000,0.0000,0.0000
9.5300,3,7.9864,2.1080,0.4497,-0.8570,-0.1443,1.7312,0.0000,0.0000,0.0000
9.5300,4,7.5338,3.4316,0.6821,-0.4834,-1.4561,2.2315,0.0000,0.0000,0.0000
9.5300,5,7.2878,2.4364,0.6574,-1.5449,-1.5341,1.5112,0.0000,0.0000,0.0000
9.5640,1,4.9246,0.8649,0.1738,-0.0007,0.0042,0.0008,0.0000,0.0000,0.0000
9.5640,2,7.9088,0.6419,0.0000,0.0000,-0.0000,0.0000,0.0000,0.0000,0.0000
9.5640,3,7.9717,2.1055,0.4795,-0.8763,-0.1478,1.7702,0.0000,0.0000,0.0000
9.5640,4,7.5255,3.4036,0.7188,-0.4626,-1.5108,2.1807,0.0000,0.0000,0.0000
9.5640,5,7.2619,2.4126,0.6854,-1.5452,-1.5902,1.5575,0.0000,0.0000,0.0000
9.5980,1,4.9246,0.8649,0.1739,-0.0008,0.0044,0.0009,0.0000,0.0000,0.0000
9.5980,2,7.9088,0.6419,0.0000,0.0000,-0.0000,0.0000,0.0000,0.0000,0.0000
9.5980,3,7.9567,2.1029,0.5098,-0.8900,-0.1493,1.7963,0.0000,0.0000,0.0000
9.5980,4,7.5175,3.3746,0.7548,-0.4424,-1.5791,2.1261,0.0000,0.0000,0.0000
9.5980,5,7.2359,2.3877,0.7140,-1.5524,-1.6526,1.5922,0.0000,0.0000,0.0000
9.6320,1,4.9246,0.8649,0.1739,-0.0008,0.0045,0.0009,0.0000,0.0000,0.0000
9.6320,2,7.9088,0.6419,0.0000,0.0000,-0.0000,0.0000,0.0000,0.0000,0.0000
9.6320,3,7.9415,2.1002,0.5405,-0.8988,-0.1506,1.8133,0.0000,0.0000,0.0000
9.6320,4,7.5098,3.3443,0.7899,-0.4231,-1.6603,2.0683,0.0000,0.0000,0.0000
9.6320,5,7.2098,2.3618,0.7431,-1.5607,-1.7216,1.6180,0.0000,0.0000,0.0000
9.6640,1,4.9246,0.8649,0.1739,-0.0008,0.0045,0.0009,0.0000,0.0000,0.0000
9.6640,2,7.9088,0.6419,0.0000,0.0000,-0.0000,0.0000,0.0000,0.0000,0.0000
9.6640,3,7.9270,2.0977,0.5696,-0.9044,-0.1515,1.8238,0.0000,0.0000,0.0000
9.6640,4,7.5027,3.3145,0.8220,-0.4058,-1.7452,2.0124,0.0000,0.0000,0.0000
9.6640,5,7.1852,2.3362,0.7708,-1.5662,-1.7905,1.6374,0.0000,0.0000,0.0000
9.6980,1,4.9246,0.8648,0.1738,0.0036,-0.0207,-0.0042,0.0000,0.0000,0.0000
9.6980,2,7.9088,0.6419,0.0000,0.0000,-0.0000,0.0000,0.0000,0.0000,0.0000
9.6980,3,7.9122,2.0948,0.6002,-0.8034,-0.1968,1.6314,0.0000,0.0000,0.0000
9.6980,4,7.4907,3.2832,0.8436,-1.3223,-1.3710,0.1406,0.0000,0.0000,0.0000
9.6980,5,7.1611,2.3081,0.7990,-1.3148,-1.6353,1.2974,0.0000,0.0000,0.0000
9.7320,1,4.9247,0.8646,0.1738,0.0001,-0.0003,-0.0001,0.0000,0.0000,0.0000
9.7320,2,7.9088,0.6419,0.0000,0.0000,-0.0000,0.0000,0.0000,0.0000,0.0000
9.7320,3,7.8991,2.0920,0.6263,-0.7305,-0.1318,1.4585,0.0000,0.0000,0.0000
9.7320,4,7.4648,3.2594,0.8486,-1.6591,-1.1331,0.4769,0.0000,0.0000,0.0000
9.7320,5,7.1404,2.2848,0.8219,-1.1770,-1.4394,1.2075,0.0000,0.0000,0.0000
9.7660,1,4.9247,0.8646,0.1738,-0.0008,0.0046,0.0009,0.0000,0.0000,0.0000
9.7660,2,7.9088,0.6419,0.0000,0.0000,-0.0000,0.0000,0.0000,0.0000,0.0000
9.7660,3,7.8871,2.0899,0.6504,-0.6872,-0.1124,1.3753,0.0000,0.0000,0.0000
9.7660,4,7.4344,3.2382,0.8580,-1.8531,-1.0417,0.6698,0.0000,0.0000,0.0000
9.7660,5,7.1217,2.2637,0.8435,-1.0856,-1.3681,1.1571,0.0000,0.0000,0.0000
9.7980,1,4.9247,0.8644,0.1738,0.0031,-0.0175,-0.0036,0.0000,0.0000,0.0000
9.7980,2,7.9088,0.6419,0.0000,0.0000,-0.0000,0.0000,0.0000,0.0000,0.0000
9.7980,3,7.8763,2.0880,0.6712,-0.6002,-0.1275,1.0141,0.0000,0.0000,0.0000
9.7980,4,7.4048,3.2217,0.8687,-1.7648,-0.3504,0.4956,0.0000,0.0000,0.0000
9.7980,5,7.1060,2.2479,0.8585,-0.8104,-0.4558,-0.0925,0.0000,0.0000,0.0000
9.8320,1,4.9247,0.8644,0.1738,-0.0019,0.0108,0.0022,0.0000,0.0000,0.0000
9.8320,2,7.9088,0.6419,0.0000,0.0000,-0.0000,0.0000,0.0000,0.0000,0.0000
9.8320,3,7.8671,2.0864,0.6868,-0.4992,-0.0668,0.7821,0.0000,0.0000,0.0000
9.8320,4,7.3750,3.2132,0.8768,-1.7037,-0.3276,0.5096,0.0000,0.0000,0.0000
9.8320,5,7.0930,2.2433,0.8578,-0.7422,-0.4051,-0.1351,0.0000,0.0000,0.0000
9.8640,1,4.9247,0.8645,0.1738,-0.0017,0.0097,0.0020,0.0000,0.0000,0.0000
9.8640,2,7.9088,0.6419,0.0000,0.0000,-0.0000,0.0000,0.0000,0.0000,0.0000
9.8640,3,7.8596,2.0854,0.6970,-0.4347,-0.0584,0.4610,0.0000,0.0000,0.0000
9.8640,4,7.3478,3.2054,0.8846,-1.6526,-0.3208,0.5210,0.0000,0.0000,0.0000
9.8640,5,7.0821,2.2394,0.8571,-0.6517,-0.3829,-0.1360,0.0000,0.0000,0.0000
9.9080,1,4.9247,0.8646,0.1738,-0.0013,0.0075,0.0015,0.0000,0.0000,0.0000
9.9080,2,7.9088,0.6419,0.0000,0.0000,-0.0000,0.0000,0.0000,0.0000,0.0000
9.9080,3,7.8510,2.0841,0.7021,-0.3472,-0.0478,0.0206,0.0000,0.0000,0.0000
9.9080,4,7.3118,3.1952,0.8957,-1.5872,-0.2955,0.5401,0.0000,0.0000,0.0000
9.9080,5,7.0696,2.2348,0.8561,-0.5136,-0.3295,-0.1575,0.0000,0.0000,0.0000
9.9460,1,4.9247,0.8647,0.1738,-0.0010,0.0060,0.0012,0.0000,0.0000,0.0000
9.9460,2,7.9088,0.6419,0.0000,0.0000,-0.0000,0.0000,0.0000,0.0000,0.0000
9.9460,3,7.8451,2.0832,0.7025,-0.2668,-0.0363,0.0187,0.0000,0.0000,0.0000
9.9460,4,7.2819,3.1865,0.9056,-1.5393,-0.2955,0.5539,0.0000,0.0000,0.0000
9.9460,5,7.0610,2.2316,0.8548,-0.4119,-0.3022,-0.1634,0.0000,0.0000,0.0000
9.9660,1,4.9247,0.8647,0.1738,-0.0010,0.0055,0.0011,0.0000,0.0000,0.0000
9.9660,2,7.9088,0.6419,0.0000,0.0000,-0.0000,0.0000,0.0000,0.0000,0.0000
9.9660,3,7.8426,2.0828,0.7027,-0.2239,-0.0296,0.0189,0.0000,0.0000,0.0000
9.9660,4,7.2665,3.1820,0.9109,-1.5163,-0.2931,0.5618,0.0000,0.0000,0.0000
9.9660,5,7.0572,2.2301,0.8542,-0.3570,-0.2843,-0.1644,0.0000,0.0000,0.0000
9.9980,1,4.9247,0.8648,0.1738,-0.0009,0.0051,0.0010,0.0000,0.0000,0.0000
9.9980,2,7.9088,0.6419,0.0000,0.0000,-0.0000,0.0000,0.0000,0.0000,0.0000
9.9980,3,7.8396,2.0823,0.7030,-0.1544,-0.0183,0.0193,0.0000,0.0000,0.0000
9.9980,4,7.2424,3.1749,0.9195,-1.4831,-0.2947,0.5742,0.0000,0.0000,0.0000
9.9980,5,7.0522,2.2281,0.8531,-0.2714,-0.2583,-0.1661,0.0000,0.0000,0.0000
10.0300,1,4.9247,0.8648,0.1738,-0.0008,0.0048,0.0010,0.0000,0.0000,0.0000
10.0300,2,7.9088,0.6419,0.0000,0.0000,-0.0000,0.0000,0.0000,0.0000,0.0000
10.0300,3,7.8376,2.0820,0.7033,-0.0841,-0.0066,0.0197,0.0000,0.0000,0.0000
10.0300,4,7.2189,3.1676,0.9283,-1.4542,-0.3034,0.5859,0.0000,0.0000,0.0000
10.0300,5,7.0486,2.2265,0.8520,-0.1885,-0.2355,-0.1677,0.0000,0.0000,0.0000
10.0640,1,4.9247,0.8648,0.1738,-0.0009,0.0049,0.0010,0.0000,0.0000,0.0000
10.0640,2,7.9088,0.6419,0.0000,0.0000,-0.0000,0.0000,0.0000,0.0000,0.0000
10.0640,3,7.8368,2.0819,0.7036,-0.0147,0.0041,0.0029,0.0000,0.0000,0.0000
10.0640,4,7.1944,3.1598,0.9379,-1.4280,-0.3248,0.5966,0.0000,0.0000,0.0000
10.0640,5,7.0460,2.2251,0.8508,-0.1100,-0.2150,-0.1857,0.0000,0.0000,0.0000
10.0980,1,4.9247,0.8648,0.1738,-0.0007,0.0039,0.0008,0.0000,0.0000,0.0000
10.0980,2,7.9088,0.6419,0.0000,0.0000,-0.0000,0.0000,0.0000,0.0000,0.0000
10.0980,3,7.8366,2.0819,0.7037,-0.0097,0.0021,0.0075,0.0000,0.0000,0.0000
10.0980,4,7.1704,3.1514,0.9476,-1.4058,-0.3535,0.6067,0.0000,0.0000,0.0000
10.0980,5,7.0443,2.2239,0.8493,-0.0903,-0.2050,-0.1838,0.0000,0.0000,0.0000
10.1320,1,4.9247,0.8648,0.1738,-0.0007,0.0040,0.0008,0.0000,0.0000,0.0000
10.1320,2,7.9088,0.6419,0.0000,0.0000,-0.0000,0.0000,0.0000,0.0000,0.0000
10.1320,3,7.8364,2.0819,0.7038,-0.0099,0.0019,0.0079,0.0000,0.0000,0.0000
10.1320,4,7.1468,3.1426,0.9574,-1.3872,-0.3895,0.6158,0.0000,0.0000,0.0000
10.1320,5,7.0426,2.2228,0.8479,-0.0880,-0.2026,-0.1852,0.0000,0.0000,0.0000
10.1640,1,4.9247,0.8648,0.1738,-0.0007,0.0039,0.0008,0.0000,0.0000,0.0000
10.1640,2,7.9088,0.6419,0.0000,0.0000,-0.0000,0.0000,0.0000,0.0000,0.0000
10.1640,3,7.8363,2.0818,0.7039,-0.0099,0.0016,0.0082,0.0000,0.0000,0.0000
10.1640,4,7.1249,3.1338,0.9668,-1.3728,-0.4247,0.6246,0.0000,0.0000,0.0000
10.1640,5,7.0410,2.2218,0.8466,-0.0870,-0.2021,-0.1867,0.0000,0.0000,0.0000
10.1980,1,4.9247,0.8648,0.1738,-0.0007,0.0038,0.0008,0.0000,0.0000,0.0000
10.1980,2,7.9088,0.6419,0.0000,0.0000,-0.0000,0.0000,0.0000,0.0000,0.0000
10.1980,3,7.8361,2.0818,0.7041,-0.0099,0.0014,0.0084,0.0000,0.0000,0.0000
10.1980,4,7.1020,3.1238,0.9770,-1.3609,-0.4620,0.6346,0.0000,0.0000,0.0000
10.1980,5,7.0393,2.2206,0.8452,-0.0857,-0.2012,-0.1881,0.0000,0.0000,0.0000
10.2300,1,4.9247,0.8648,0.1738,-0.0007,0.0037,0.0008,0.0000,0.0000,0.0000
10.2300,2,7.9088,0.6419,0.0000,0.0000,-0.0000,0.0000,0.0000,0.0000,0.0000
10.2300,3,7.8359,2.0817,0.7042,-0.0100,0.0013,0.0087,0.0000,0.0000,0.0000
10.2300,4,7.0806,3.1138,0.9866,-1.3528,-0.4971,0.6444,0.0000,0.0000,0.0000
10.2300,5,7.0376,2.2196,0.8438,-0.0844,-0.2001,-0.1892,0.0000,0.0000,0.0000
10.2640,1,4.9247,0.8648,0.1738,-0.0006,0.0037,0.0007,0.0000,0.0000,0.0000
10.2640,2,7.9088,0.6419,0.0000,0.0000,-0.0000,0.0000,0.0000,0.0000,0.0000
10.2640,3,7.8358,2.0816,0.7044,-0.0102,0.0017,0.0090,0.0000,0.0000,0.0000
10.2640,4,7.0580,3.1027,0.9971,-1.3473,-0.5351,0.6552,0.0000,0.0000,0.0000
10.2640,5,7.0358,2.2184,0.8424,-0.0835,-0.1988,-0.1902,0.0000,0.0000,0.0000
10.2960,1,4.9247,0.8648,0.1738,-0.0006,0.0037,0.0007,0.0000,0.0000,0.0000
10.2960,2,7.9088,0.6419,0.0000,0.0000,-0.0000,0.0000,0.0000,0.0000,0.0000
10.2960,3,7.8356,2.0816,0.7045,-0.0103,0.0020,0.0092,0.0000,0.0000,0.0000
10.2960,4,7.0369,3.0916,1.0071,-1.3450,-0.5719,0.6656,0.0000,0.0000,0.0000
10.2960,5,7.0341,2.2173,0.8410,-0.0825,-0.1975,-0.1910,0.0000,0.0000,0.0000
10.3320,1,4.9247,0.8648,0.1738,-0.0006,0.0037,0.0007,0.0000,0.0000,0.0000
10.3320,2,7.9088,0.6419,0.0000,0.0000,-0.0000,0.0000,0.0000,0.0000,0.0000
10.3320,3,7.8354,2.0815,0.7047,-0.0104,0.0022,0.0094,0.0000,0.0000,0.0000
10.3320,4,7.0132,3.0785,1.0185,-1.3454,-0.6149,0.6774,0.0000,0.0000,0.0000
10.3320,5,7.0321,2.2161,0.8395,-0.0813,-0.1957,-0.1917,0.0000,0.0000,0.0000
10.3640,1,4.9247,0.8648,0.1738,-0.0006,0.0037,0.0007,0.0000,0.0000,0.0000
10.3640,2,7.9088,0.6419,0.0000,0.0000,-0.0000,0.0000,0.0000,0.0000,0.0000
10.3640,3,7.8352,2.0815,0.7048,-0.0105,0.0024,0.0096,0.0000,0.0000,0.0000
10.3640,4,6.9922,3.0662,1.0289,-1.3484,-0.6551,0.6879,0.0000,0.0000,0.0000
10.3640,5,7.0303,2.2149,0.8381,-0.0800,-0.1940,-0.1922,0.0000,0.0000,0.0000
10.3980,1,4.9247,0.8648,0.1738,-0.0006,0.0037,0.0007,0.0000,0.0000,0.0000
10.3980,2,7.9088,0.6419,0.0000,0.0000,-0.0000,0.0000,0.0000,0.0000,0.0000
10.3980,3,7.8351,2.0815,0.7050,-0.0106,0.0025,0.0098,0.0000,0.0000,0.0000
10.3980,4,6.9699,3.0525,1.0400,-1.3538,-0.7001,0.6990,0.0000,0.0000,0.0000
10.3980,5,7.0283,2.2138,0.8367,-0.0784,-0.1920,-0.1926,0.0000,0.0000,0.0000
10.4300,1,4.9247,0.8648,0.1738,-0.0006,0.0037,0.0008,0.0000,0.0000,0.0000
10.4300,2,7.9088,0.6419,0.0000,0.0000,-0.0000,0.0000,0.0000,0.0000,0.0000
10.4300,3,7.8349,2.0814,0.7052,-0.0107,0.0027,0.0099,0.0000,0.0000,0.0000
10.4300,4,6.9488,3.0389,1.0507,-1.3610,-0.7452,0.7091,0.0000,0.0000,0.0000
10.4300,5,7.0264,2.2126,0.8353,-0.0767,-0.1899,-0.1929,0.0000,0.0000,0.0000
10.4640,1,4.9247,0.8648,0.1738,-0.0007,0.0039,0.0008,0.0000,0.0000,0.0000
10.4640,2,7.9088,0.6419,0.0000,0.0000,-0.0000,0.0000,0.0000,0.0000,0.0000
10.4640,3,7.8347,2.0814,0.7054,-0.0133,0.0011,0.0143,0.0000,0.0000,0.0000
10.4640,4,6.9261,3.0240,1.0594,-1.4006,-0.7513,0.3805,0.0000,0.0000,0.0000
10.4640,5,7.0247,2.2116,0.8342,-0.0464,-0.1596,-0.1875,0.0000,0.0000,0.0000
10.4960,1,4.9247,0.8648,0.1738,-0.0007,0.0041,0.0008,0.0000,0.0000,0.0000
10.4960,2,7.9088,0.6419,0.0000,0.0000,-0.0000,0.0000,0.0000,0.0000,0.0000
10.4960,3,7.8345,2.0813,0.7056,-0.0111,0.0035,0.0101,0.0000,0.0000,0.0000
10.4960,4,6.9044,3.0095,1.0650,-1.4046,-0.8183,0.3952,0.0000,0.0000,0.0000
10.4960,5,7.0230,2.2107,0.8329,-0.0709,-0.1832,-0.1925,0.0000,0.0000,0.0000
10.5300,1,4.9247,0.8648,0.1738,-0.0006,0.0034,0.0007,0.0000,0.0000,0.0000
10.5300,2,7.9088,0.6419,0.0000,0.0000,-0.0000,0.0000,0.0000,0.0000,0.0000
10.5300,3,7.8343,2.0813,0.7058,-0.0151,-0.0001,0.0173,0.0000,0.0000,0.0000
10.5300,4,6.8812,2.9933,1.0697,-1.4343,-0.8408,0.2036,0.0000,0.0000,0.0000
10.5300,5,7.0213,2.2097,0.8318,-0.0330,-0.1483,-0.1851,0.0000,0.0000,0.0000
10.5640,1,4.9247,0.8648,0.1738,-0.0008,0.0043,0.0009,0.0000,0.0000,0.0000
10.5640,2,7.9088,0.6419,0.0000,0.0000,-0.0000,0.0000,0.0000,0.0000,0.0000
10.5640,3,7.8341,2.0812,0.7061,-0.0114,0.0039,0.0104,0.0000,0.0000,0.0000
10.5640,4,6.8576,2.9764,1.0726,-1.4397,-0.9191,0.2243,0.0000,0.0000,0.0000
10.5640,5,7.0195,2.2088,0.8304,-0.0676,-0.1780,-0.1915,0.0000,0.0000,0.0000
10.5980,1,4.9247,0.8649,0.1738,-0.0007,0.0038,0.0008,0.0000,0.0000,0.0000
10.5980,2,7.9088,0.6419,0.0000,0.0000,-0.0000,0.0000,0.0000,0.0000,0.0000
10.5980,3,7.8339,2.0812,0.7062,-0.0110,0.0034,0.0101,0.0000,0.0000,0.0000
10.5980,4,6.8340,2.9582,1.0759,-1.4514,-0.9888,0.2482,0.0000,0.0000,0.0000
10.5980,5,7.0174,2.2075,0.8290,-0.0682,-0.1790,-0.1918,0.0000,0.0000,0.0000
10.6300,1,4.9247,0.8649,0.1738,-0.0007,0.0038,0.0008,0.0000,0.0000,0.0000
10.6300,2,7.9088,0.6419,0.0000,0.0000,-0.0000,0.0000,0.0000,0.0000,0.0000
10.6300,3,7.8337,2.0812,0.7064,-0.0110,0.0034,0.0099,0.0000,0.0000,0.0000
10.6300,4,6.8117,2.9401,1.0794,-1.4632,-1.0569,0.2701,0.0000,0.0000,0.0000
10.6300,5,7.0154,2.2064,0.8276,-0.0660,-0.1756,-0.1912,0.0000,0.0000,0.0000
10.6640,1,4.9247,0.8649,0.1738,-0.0007,0.0039,0.0008,0.0000,0.0000,0.0000
10.6640,2,7.9088,0.6419,0.0000,0.0000,-0.0000,0.0000,0.0000,0.0000,0.0000
10.6640,3,7.8335,2.0812,0.7066,-0.0109,0.0035,0.0097,0.0000,0.0000,0.0000
10.6640,4,6.7878,2.9196,1.0834,-1.4747,-1.1349,0.2912,0.0000,0.0000,0.0000
10.6640,5,7.0132,2.2051,0.8262,-0.0639,-0.1720,-0.1904,0.0000,0.0000,0.0000
10.6980,1,4.9247,0.8649,0.1738,-0.0005,0.0026,0.0005,0.0000,0.0000,0.0000
10.6980,2,7.9088,0.6419,0.0000,0.0000,-0.0000,0.0000,0.0000,0.0000,0.0000
10.6980,3,7.8333,2.0812,0.7068,-0.0161,0.0015,0.0177,0.0000,0.0000,0.0000
10.6980,4,6.7637,2.8979,1.0875,-1.4926,-1.1810,0.1276,0.0000,0.0000,0.0000
10.6980,5,7.0111,2.2039,0.8250,-0.0309,-0.1573,-0.1226,0.0000,0.0000,0.0000
10.7320,1,4.9247,0.8649,0.1738,-0.0007,0.0038,0.0008,0.0000,0.0000,0.0000
10.7320,2,7.9088,0.6419,0.0000,0.0000,-0.0000,0.0000,0.0000,0.0000,0.0000
10.7320,3,7.8331,2.0811,0.7070,-0.0119,0.0037,0.0093,0.0000,0.0000,0.0000
10.7320,4,6.7395,2.8753,1.0886,-1.4856,-1.2568,0.0782,0.0000,0.0000,0.0000
10.7320,5,7.0093,2.2030,0.8238,-0.0520,-0.1580,-0.1718,0.0000,0.0000,0.0000
10.7660,1,4.9247,0.8649,0.1738,-0.0005,0.0027,0.0005,0.0000,0.0000,0.0000
10.7660,2,7.9088,0.6419,0.0000,0.0000,-0.0000,0.0000,0.0000,0.0000,0.0000
10.7660,3,7.8329,2.0811,0.7070,-0.0085,0.0060,-0.0003,0.0000,0.0000,0.0000
10.7660,4,6.7167,2.8523,1.0908,-1.3283,-1.2198,0.1667,0.0000,0.0000,0.0000
10.7660,5,7.0066,2.2015,0.8226,-0.1054,-0.1874,-0.1622,0.0000,0.0000,0.0000
10.7980,1,4.9247,0.8648,0.1738,-0.0004,0.0022,0.0004,0.0000,0.0000,0.0000
10.7980,2,7.9088,0.6419,0.0000,0.0000,-0.0000,0.0000,0.0000,0.0000,0.0000
10.7980,3,7.8328,2.0811,0.7070,-0.0082,0.0044,-0.0004,0.0000,0.0000,0.0000
10.7980,4,6.6979,2.8320,1.0923,-1.1579,-1.1035,0.1081,0.0000,0.0000,0.0000
10.7980,5,7.0036,2.1999,0.8217,-0.1301,-0.1822,-0.1520,0.0000,0.0000,0.0000
10.8300,1,4.9247,0.8648,0.1738,-0.0003,0.0019,0.0004,0.0000,0.0000,0.0000
10.8300,2,7.9088,0.6419,0.0000,0.0000,-0.0000,0.0000,0.0000,0.0000,0.0000
10.8300,3,7.8327,2.0811,0.7070,-0.0105,0.0031,0.0070,0.0000,0.0000,0.0000
10.8300,4,6.6820,2.8141,1.0926,-0.9714,-0.9372,0.0261,0.0000,0.0000,0.0000
10.8300,5,7.0001,2.1984,0.8210,-0.1582,-0.1747,-0.1398,0.0000,0.0000,0.0000
10.8640,1,4.9247,0.8648,0.1738,-0.0004,0.0020,0.0004,0.0000,0.0000,0.0000
10.8640,2,7.9088,0.6419,0.0000,0.0000,-0.0000,0.0000,0.0000,0.0000,0.0000
10.8640,3,7.8325,2.0811,0.7072,-0.0139,0.0029,0.0114,0.0000,0.0000,0.0000
10.8640,4,6.6684,2.7982,1.0916,-0.7608,-0.7239,-0.0417,0.0000,0.0000,0.0000
10.8640,5,6.9958,2.1969,0.8204,-0.1923,-0.1676,-0.1302,0.0000,0.0000,0.0000
10.8980,1,4.9247,0.8648,0.1738,-0.0004,0.0022,0.0005,0.0000,0.0000,0.0000
10.8980,2,7.9088,0.6419,0.0000,0.0000,-0.0000,0.0000,0.0000,0.0000,0.0000
10.8980,3,7.8322,2.0811,0.7074,-0.0144,0.0033,0.0092,0.0000,0.0000,0.0000
10.8980,4,6.6586,2.7863,1.0897,-0.5418,-0.4860,-0.0952,0.0000,0.0000,0.0000
10.8980,5,6.9909,2.1954,0.8200,-0.2322,-0.1674,-0.1250,0.0000,0.0000,0.0000
10.9300,1,4.9247,0.8647,0.1738,-0.0004,0.0020,0.0004,0.0000,0.0000,0.0000
10.9300,2,7.9088,0.6419,0.0000,0.0000,-0.0000,0.0000,0.0000,0.0000,0.0000
10.9300,3,7.8320,2.0810,0.7075,-0.0115,0.0037,0.0057,0.0000,0.0000,0.0000
10.9300,4,6.6526,2.7789,1.0872,-0.3421,-0.2460,-0.1068,0.0000,0.0000,0.0000
10.9300,5,6.9858,2.1941,0.8198,-0.2553,-0.1480,-0.0927,0.0000,0.0000,0.0000
10.9640,1,4.9247,0.8647,0.1738,-0.0005,0.0030,0.0006,0.0000,0.0000,0.0000
10.9640,2,7.9088,0.6419,0.0000,0.0000,-0.0000,0.0000,0.0000,0.0000,0.0000
10.9640,3,7.8318,2.0810,0.7076,-0.0116,0.0045,0.0058,0.0000,0.0000,0.0000
10.9640,4,6.6498,2.7753,1.0845,-0.1499,-0.0108,-0.1329,0.0000,0.0000,0.0000
10.9640,5,6.9800,2.1931,0.8202,-0.2629,-0.1113,-0.0768,0.0000,0.0000,0.0000
10.9960,1,4.9247,0.8647,0.1738,-0.0010,0.0059,0.0012,0.0000,0.0000,0.0000
10.9960,2,7.9088,0.6419,0.0000,0.0000,-0.0000,0.0000,0.0000,0.0000,0.0000
10.9960,3,7.8317,2.0811,0.7076,-0.0095,0.0089,0.0004,0.0000,0.0000,0.0000
10.9960,4,6.6491,2.7738,1.0812,-0.0867,-0.0027,-0.1916,0.0000,0.0000,0.0000
10.9960,5,6.9748,2.1926,0.8202,-0.2298,-0.1232,-0.1224,0.0000,0.0000,0.0000
11.0300,1,4.9247,0.8648,0.1738,-0.0010,0.0055,0.0011,0.0000,0.0000,0.0000
11.0300,2,7.9088,0.6419,0.0000,0.0000,-0.0000,0.0000,0.0000,0.0000,0.0000
11.0300,3,7.8315,2.0811,0.7076,-0.0092,0.0082,0.0003,0.0000,0.0000,0.0000
11.0300,4,6.6494,2.7722,1.0767,-0.0289,-0.0171,-0.2426,0.0000,0.0000,0.0000
11.0300,5,6.9699,2.1915,0.8194,-0.1992,-0.1540,-0.1647,0.0000,0.0000,0.0000
11.0640,1,4.9247,0.8648,0.1738,-0.0007,0.0043,0.0009,0.0000,0.0000,0.0000
11.0640,2,7.9088,0.6419,0.0000,0.0000,-0.0000,0.0000,0.0000,0.0000,0.0000
11.0640,3,7.8313,2.0812,0.7076,-0.0088,0.0065,0.0001,0.0000,0.0000,0.0000
11.0640,4,6.6506,2.7704,1.0717,0.0213,-0.0170,-0.2491,0.0000,0.0000,0.0000
11.0640,5,6.9656,2.1902,0.8183,-0.1505,-0.1553,-0.1637,0.0000,0.0000,0.0000
11.0960,1,4.9247,0.8648,0.1738,-0.0007,0.0040,0.0008,0.0000,0.0000,0.0000
11.0960,2,7.9088,0.6419,0.0000,0.0000,-0.0000,0.0000,0.0000,0.0000,0.0000
11.0960,3,7.8312,2.0812,0.7076,-0.0087,0.0061,0.0000,0.0000,0.0000,0.0000
11.0960,4,6.6525,2.7688,1.0669,0.0695,-0.0099,-0.2536,0.0000,0.0000,0.0000
11.0960,5,6.9624,2.1890,0.8172,-0.1031,-0.1486,-0.1627,0.0000,0.0000,0.0000
11.1320,1,4.9247,0.8648,0.1738,-0.0007,0.0039,0.0008,0.0000,0.0000,0.0000
11.1320,2,7.9088,0.6419,0.0000,0.0000,-0.0000,0.0000,0.0000,0.0000,0.0000
11.1320,3,7.8310,2.0812,0.7076,-0.0087,0.0059,-0.0000,0.0000,0.0000,0.0000
11.1320,4,6.6555,2.7672,1.0615,0.1225,-0.0019,-0.2571,0.0000,0.0000,0.0000
11.1320,5,6.9597,2.1877,0.8160,-0.0507,-0.1404,-0.1617,0.0000,0.0000,0.0000
11.1640,1,4.9247,0.8648,0.1738,-0.0007,0.0038,0.0008,0.0000,0.0000,0.0000
11.1640,2,7.9088,0.6419,0.0000,0.0000,-0.0000,0.0000,0.0000,0.0000,0.0000
11.1640,3,7.8309,2.0812,0.7076,-0.0086,0.0058,-0.0000,0.0000,0.0000,0.0000
11.1640,4,6.6589,2.7658,1.0566,0.1686,0.0051,-0.2589,0.0000,0.0000,0.0000
11.1640,5,6.9580,2.1868,0.8150,-0.0049,-0.1328,-0.1608,0.0000,0.0000,0.0000
11.1980,1,4.9247,0.8648,0.1738,-0.0007,0.0037,0.0008,0.0000,0.0000,0.0000
11.1980,2,7.9088,0.6419,0.0000,0.0000,-0.0000,0.0000,0.0000,0.0000,0.0000
11.1980,3,7.8308,2.0812,0.7076,-0.0086,0.0057,-0.0000,0.0000,0.0000,0.0000
11.1980,4,6.6634,2.7645,1.0514,0.2164,0.0121,-0.2600,0.0000,0.0000,0.0000
11.1980,5,6.9571,2.1859,0.8139,0.0430,-0.1246,-0.1598,0.0000,0.0000,0.0000
11.2320,1,4.9247,0.8648,0.1738,-0.0006,0.0037,0.0007,0.0000,0.0000,0.0000
11.2320,2,7.9088,0.6419,0.0000,0.0000,-0.0000,0.0000,0.0000,0.0000,0.0000
11.2320,3,7.8306,2.0812,0.7076,-0.0086,0.0056,-0.0001,0.0000,0.0000,0.0000
11.2320,4,6.6686,2.7633,1.0462,0.2631,0.0190,-0.2604,0.0000,0.0000,0.0000
11.2320,5,6.9571,2.1851,0.8127,0.0899,-0.1163,-0.1588,0.0000,0.0000,0.0000
11.2660,1,4.9247,0.8648,0.1738,-0.0006,0.0036,0.0007,0.0000,0.0000,0.0000
11.2660,2,7.9088,0.6419,0.0000,0.0000,-0.0000,0.0000,0.0000,0.0000,0.0000
11.2660,3,7.8305,2.0813,0.7076,-0.0086,0.0055,-0.0001,0.0000,0.0000,0.0000
11.2660,4,6.6746,2.7622,1.0410,0.2986,0.0236,-0.2650,0.0000,0.0000,0.0000
11.2660,5,6.9578,2.1845,0.8116,0.1231,-0.1119,-0.1610,0.0000,0.0000,0.0000
11.2980,1,4.9247,0.8648,0.1738,-0.0006,0.0035,0.0007,0.0000,0.0000,0.0000
11.2980,2,7.9088,0.6419,0.0000,0.0000,-0.0000,0.0000,0.0000,0.0000,0.0000
11.2980,3,7.8303,2.0813,0.7076,-0.0085,0.0054,-0.0001,0.0000,0.0000,0.0000
11.2980,4,6.6805,2.7612,1.0360,0.3028,0.0216,-0.2662,0.0000,0.0000,0.0000
11.2980,5,6.9587,2.1839,0.8105,0.1266,-0.1129,-0.1616,0.0000,0.0000,0.0000
11.3320,1,4.9247,0.8648,0.1738,-0.0006,0.0034,0.0007,0.0000,0.0000,0.0000
11.3320,2,7.9088,0.6419,0.0000,0.0000,-0.0000,0.0000,0.0000,0.0000,0.0000
11.3320,3,7.8302,2.0813,0.7076,-0.0085,0.0053,-0.0001,0.0000,0.0000,0.0000
11.3320,4,6.6868,2.7601,1.0308,0.3017,0.0197,-0.2654,0.0000,0.0000,0.0000
11.3320,5,6.9597,2.1833,0.8094,0.1259,-0.1130,-0.1608,0.0000,0.0000,0.0000
11.3640,1,4.9247,0.8648,0.1738,-0.0006,0.0035,0.0007,0.0000,0.0000,0.0000
11.3640,2,7.9088,0.6419,0.0000,0.0000,-0.0000,0.0000,0.0000,0.0000,0.0000
11.3640,3,7.8301,2.0813,0.7076,-0.0085,0.0054,-0.0002,0.0000,0.0000,0.0000
11.3640,4,6.6926,2.7590,1.0258,0.2997,0.0180,-0.2642,0.0000,0.0000,0.0000
11.3640,5,6.9607,2.1827,0.8083,0.1245,-0.1127,-0.1597,0.0000,0.0000,0.0000
11.4000,1,4.9247,0.8648,0.1738,-0.0006,0.0035,0.0007,0.0000,0.0000,0.0000
11.4000,2,7.9088,0.6419,0.0000,0.0000,-0.0000,0.0000,0.0000,0.0000,0.0000
11.4000,3,7.8299,2.0813,0.7076,-0.0085,0.0054,-0.0002,0.0000,0.0000,0.0000
11.4000,4,6.6992,2.7578,1.0203,0.2973,0.0161,-0.2628,0.0000,0.0000,0.0000
11.4000,5,6.9617,2.1820,0.8070,0.1229,-0.1124,-0.1586,0.0000,0.0000,0.0000
11.4320,1,4.9247,0.8648,0.1738,-0.0006,0.0035,0.0007,0.0000,0.0000,0.0000
11.4320,2,7.9088,0.6419,0.0000,0.0000,-0.0000,0.0000,0.0000,0.0000,0.0000
11.4320,3,7.8298,2.0813,0.7076,-0.0085,0.0054,-0.0002,0.0000,0.0000,0.0000
11.4320,4,6.7049,2.7567,1.0154,0.2952,0.0145,-0.2615,0.0000,0.0000,0.0000
11.4320,5,6.9626,2.1814,0.8059,0.1214,-0.1122,-0.1577,0.0000,0.0000,0.0000
11.4640,1,4.9247,0.8648,0.1738,-0.0006,0.0034,0.0007,0.0000,0.0000,0.0000
11.4640,2,7.9088,0.6419,0.0000,0.0000,-0.0000,0.0000,0.0000,0.0000,0.0000
11.4640,3,7.8296,2.0813,0.7076,-0.0044,0.0048,0.0011,0.0000,0.0000,0.0000
11.4640,4,6.7106,2.7556,1.0105,0.2841,0.0153,-0.2622,0.0000,0.0000,0.0000
11.4640,5,6.9635,2.1808,0.8049,0.1099,-0.1103,-0.1575,0.0000,0.0000,0.0000
11.4980,1,4.9247,0.8648,0.1738,-0.0006,0.0034,0.0007,0.0000,0.0000,0.0000
11.4980,2,7.9088,0.6419,0.0000,0.0000,-0.0000,0.0000,0.0000,0.0000,0.0000
11.4980,3,7.8296,2.0813,0.7077,-0.0004,0.0045,0.0029,0.0000,0.0000,0.0000
11.4980,4,6.7163,2.7544,1.0053,0.2504,0.0117,-0.2621,0.0000,0.0000,0.0000
11.4980,5,6.9641,2.1802,0.8037,0.0760,-0.1124,-0.1575,0.0000,0.0000,0.0000
11.5320,1,4.9247,0.8648,0.1738,-0.0006,0.0033,0.0007,0.0000,0.0000,0.0000
11.5320,2,7.9088,0.6419,0.0000,0.0000,-0.0000,0.0000,0.0000,0.0000,0.0000
11.5320,3,7.8295,2.0813,0.7078,-0.0068,0.0013,0.0087,0.0000,0.0000,0.0000
11.5320,4,6.7213,2.7532,1.0002,0.2195,0.0137,-0.2519,0.0000,0.0000,0.0000
11.5320,5,6.9641,2.1796,0.8026,0.0508,-0.1061,-0.1483,0.0000,0.0000,0.0000
11.5640,1,4.9247,0.8648,0.1738,-0.0006,0.0035,0.0007,0.0000,0.0000,0.0000
11.5640,2,7.9088,0.6419,0.0000,0.0000,-0.0000,0.0000,0.0000,0.0000,0.0000
11.5640,3,7.8294,2.0812,0.7079,-0.0112,-0.0006,0.0130,0.0000,0.0000,0.0000
11.5640,4,6.7256,2.7521,0.9956,0.1991,0.0150,-0.2456,0.0000,0.0000,0.0000
11.5640,5,6.9638,2.1791,0.8017,0.0341,-0.1016,-0.1425,0.0000,0.0000,0.0000
11.6000,1,4.9247,0.8648,0.1738,-0.0007,0.0037,0.0008,0.0000,0.0000,0.0000
11.6000,2,7.9088,0.6419,0.0000,0.0000,-0.0000,0.0000,0.0000,0.0000,0.0000
11.6000,3,7.8292,2.0811,0.7082,-0.0120,-0.0006,0.0134,0.0000,0.0000,0.0000
11.6000,4,6.7301,2.7508,0.9904,0.1776,0.0083,-0.2444,0.0000,0.0000,0.0000
11.6000,5,6.9632,2.1786,0.8007,0.0133,-0.1063,-0.1417,0.0000,0.0000,0.0000
11.6320,1,4.9247,0.8648,0.1738,-0.0006,0.0037,0.0008,0.0000,0.0000,0.0000
11.6320,2,7.9088,0.6419,0.0000,0.0000,-0.0000,0.0000,0.0000,0.0000,0.0000
11.6320,3,7.8290,2.0810,0.7084,-0.0118,-0.0003,0.0127,0.0000,0.0000,0.0000
11.6320,4,6.7337,2.7495,0.9859,0.1578,-0.0018,-0.2429,0.0000,0.0000,0.0000
11.6320,5,6.9624,2.1780,0.7998,-0.0058,-0.1145,-0.1409,0.0000,0.0000,0.0000
11.6640,1,4.9247,0.8648,0.1738,-0.0006,0.0037,0.0007,0.0000,0.0000,0.0000
11.6640,2,7.9088,0.6419,0.0000,0.0000,-0.0000,0.0000,0.0000,0.0000,0.0000
11.6640,3,7.8288,2.0809,0.7086,-0.0116,-0.0000,0.0119,0.0000,0.0000,0.0000
11.6640,4,6.7371,2.7481,0.9813,0.1426,-0.0096,-0.2414,0.0000,0.0000,0.0000
11.6640,5,6.9612,2.1773,0.7990,-0.0202,-0.1205,-0.1402,0.0000,0.0000,0.0000
11.6980,1,4.9247,0.8648,0.1738,-0.0006,0.0036,0.0007,0.0000,0.0000,0.0000
11.6980,2,7.9088,0.6419,0.0000,0.0000,-0.0000,0.0000,0.0000,0.0000,0.0000
11.6980,3,7.8286,2.0808,0.7088,-0.0115,0.0003,0.0113,0.0000,0.0000,0.0000
11.6980,4,6.7403,2.7465,0.9765,0.1308,-0.0157,-0.2400,0.0000,0.0000,0.0000
11.6980,5,6.9598,2.1765,0.7980,-0.0312,-0.1247,-0.1394,0.0000,0.0000,0.0000
11.7320,1,4.9247,0.8648,0.1738,-0.0006,0.0036,0.0007,0.0000,0.0000,0.0000
11.7320,2,7.9088,0.6419,0.0000,0.0000,-0.0000,0.0000,0.0000,0.0000,0.0000
11.7320,3,7.8284,2.0808,0.7090,-0.0114,0.0004,0.0108,0.0000,0.0000,0.0000
11.7320,4,6.7435,2.7448,0.9718,0.1225,-0.0199,-0.2386,0.0000,0.0000,0.0000
11.7320,5,6.9583,2.1756,0.7971,-0.0386,-0.1270,-0.1385,0.0000,0.0000,0.0000
11.7640,1,4.9247,0.8648,0.1738,-0.0006,0.0036,0.0007,0.0000,0.0000,0.0000
11.7640,2,7.9088,0.6419,0.0000,0.0000,-0.0000,0.0000,0.0000,0.0000,0.0000
11.7640,3,7.8282,2.0807,0.7091,-0.0113,0.0006,0.0106,0.0000,0.0000,0.0000
11.7640,4,6.7463,2.7431,0.9673,0.1169,-0.0227,-0.2373,0.0000,0.0000,0.0000
11.7640,5,6.9567,2.1747,0.7962,-0.0435,-0.1281,-0.1376,0.0000,0.0000,0.0000
11.7980,1,4.9247,0.8648,0.1738,-0.0006,0.0036,0.0007,0.0000,0.0000,0.0000
11.7980,2,7.9088,0.6419,0.0000,0.0000,-0.0000,0.0000,0.0000,0.0000,0.0000
11.7980,3,7.8280,2.0806,0.7093,-0.0113,0.0007,0.0104,0.0000,0.0000,0.0000
11.7980,4,6.7491,2.7413,0.9626,0.1125,-0.0249,-0.2359,0.0000,0.0000,0.0000
11.7980,5,6.9550,2.1737,0.7953,-0.0471,-0.1285,-0.1366,0.0000,0.0000,0.0000
11.8300,1,4.9247,0.8648,0.1738,-0.0006,0.0036,0.0007,0.0000,0.0000,0.0000
11.8300,2,7.9088,0.6419,0.0000,0.0000,-0.0000,0.0000,0.0000,0.0000,0.0000
11.8300,3,7.8279,2.0805,0.7095,-0.0112,0.0007,0.0103,0.0000,0.0000,0.0000
11.8300,4,6.7518,2.7396,0.9582,0.1093,-0.0265,-0.2346,0.0000,0.0000,0.0000
11.8300,5,6.9534,2.1728,0.7945,-0.0494,-0.1285,-0.1357,0.0000,0.0000,0.0000
11.8640,1,4.9247,0.8648,0.1738,-0.0006,0.0036,0.0007,0.0000,0.0000,0.0000
11.8640,2,7.9088,0.6419,0.0000,0.0000,-0.0000,0.0000,0.0000,0.0000,0.0000
11.8640,3,7.8277,2.0805,0.7097,-0.0112,0.0007,0.0102,0.0000,0.0000,0.0000
11.8640,4,6.7545,2.7378,0.9536,0.1066,-0.0279,-0.2332,0.0000,0.0000,0.0000
11.8640,5,6.9516,2.1719,0.7936,-0.0512,-0.1281,-0.1347,0.0000,0.0000,0.0000
11.8980,1,4.9247,0.8648,0.1738,-0.0006,0.0036,0.0007,0.0000,0.0000,0.0000
11.8980,2,7.9088,0.6419,0.0000,0.0000,-0.0000,0.0000,0.0000,0.0000,0.0000
11.8980,3,7.8275,2.0804,0.7098,-0.0112,0.0008,0.0102,0.0000,0.0000,0.0000
11.8980,4,6.7572,2.7359,0.9490,0.1043,-0.0291,-0.2318,0.0000,0.0000,0.0000
11.8980,5,6.9499,2.1709,0.7927,-0.0526,-0.1276,-0.1337,0.0000,0.0000,0.0000
11.9320,1,4.9247,0.8648,0.1738,-0.0006,0.0036,0.0007,0.0000,0.0000,0.0000
11.9320,2,7.9088,0.6419,0.0000,0.0000,-0.0000,0.0000,0.0000,0.0000,0.0000
11.9320,3,7.8273,2.0803,0.7100,-0.0113,0.0008,0.0102,0.0000,0.0000,0.0000
11.9320,4,6.7598,2.7340,0.9444,0.1024,-0.0303,-0.2304,0.0000,0.0000,0.0000
11.9320,5,6.9481,2.1700,0.7918,-0.0536,-0.1270,-0.1327,0.0000,0.0000,0.0000
11.9640,1,4.9247,0.8648,0.1738,-0.0006,0.0036,0.0007,0.0000,0.0000,0.0000
11.9640,2,7.9088,0.6419,0.0000,0.0000,-0.0000,0.0000,0.0000,0.0000,0.0000
11.9640,3,7.8271,2.0803,0.7102,-0.0113,0.0008,0.0102,0.0000,0.0000,0.0000
11.9640,4,6.7623,2.7322,0.9401,0.1007,-0.0313,-0.2290,0.0000,0.0000,0.0000
11.9640,5,6.9464,2.1691,0.7910,-0.0544,-0.1264,-0.1318,0.0000,0.0000,0.0000
11.9980,1,4.9247,0.8648,0.1738,-0.0006,0.0036,0.0007,0.0000,0.0000,0.0000
11.9980,2,7.9088,0.6419,0.0000,0.0000,-0.0000,0.0000,0.0000,0.0000,0.0000
11.9980,3,7.8269,2.0802,0.7103,-0.0113,0.0008,0.0102,0.0000,0.0000,0.0000
11.9980,4,6.7648,2.7303,0.9356,0.0991,-0.0324,-0.2275,0.0000,0.0000,0.0000
11.9980,5,6.9447,2.1681,0.7901,-0.0551,-0.1258,-0.1308,0.0000,0.0000,0.0000
12.0320,1,4.9247,0.8648,0.1738,-0.0006,0.0036,0.0007,0.0000,0.0000,0.0000
12.0320,2,7.9088,0.6419,0.0000,0.0000,-0.0000,0.0000,0.0000,0.0000,0.0000
12.0320,3,7.8267,2.0801,0.7105,-0.0113,0.0008,0.0102,0.0000,0.0000,0.0000
12.0320,4,6.7673,2.7284,0.9311,0.0976,-0.0334,-0.2261,0.0000,0.0000,0.0000
12.0320,5,6.9429,2.1672,0.7892,-0.0557,-0.1251,-0.1298,0.0000,0.0000,0.0000
12.0640,1,4.9247,0.8648,0.1738,-0.0006,0.0036,0.0007,0.0000,0.0000,0.0000
12.0640,2,7.9088,0.6419,0.0000,0.0000,-0.0000,0.0000,0.0000,0.0000,0.0000
12.0640,3,7.8265,2.0801,0.7107,-0.0113,0.0008,0.0103,0.0000,0.0000,0.0000
12.0640,4,6.7696,2.7266,0.9268,0.0962,-0.0343,-0.2247,0.0000,0.0000,0.0000
12.0640,5,6.9412,2.1663,0.7884,-0.0561,-0.1245,-0.1289,0.0000,0.0000,0.0000
12.0980,1,4.9247,0.8648,0.1738,-0.0006,0.0036,0.0007,0.0000,0.0000,0.0000
12.0980,2,7.9088,0.6419,0.0000,0.0000,-0.0000,0.0000,0.0000,0.0000,0.0000
12.0980,3,7.8263,2.0800,0.7109,-0.0114,0.0008,0.0103,0.0000,0.0000,0.0000
12.0980,4,6.7721,2.7246,0.9224,0.0949,-0.0353,-0.2233,0.0000,0.0000,0.0000
12.0980,5,6.9394,2.1654,0.7876,-0.0565,-0.1239,-0.1279,0.0000,0.0000,0.0000
12.1320,1,4.9247,0.8648,0.1738,-0.0006,0.0036,0.0007,0.0000,0.0000,0.0000
12.1320,2,7.9088,0.6419,0.0000,0.0000,-0.0000,0.0000,0.0000,0.0000,0.0000
12.1320,3,7.8261,2.0799,0.7110,-0.0115,0.0012,0.0105,0.0000,0.0000,0.0000
12.1320,4,6.7745,2.7227,0.9180,0.0932,-0.0361,-0.2218,0.0000,0.0000,0.0000
12.1320,5,6.9377,2.1645,0.7867,-0.0571,-0.1231,-0.1268,0.0000,0.0000,0.0000
12.1640,1,4.9247,0.8648,0.1738,-0.0006,0.0036,0.0007,0.0000,0.0000,0.0000
12.1640,2,7.9088,0.6419,0.0000,0.0000,-0.0000,0.0000,0.0000,0.0000,0.0000
12.1640,3,7.8259,2.0799,0.7112,-0.0116,0.0016,0.0105,0.0000,0.0000,0.0000
12.1640,4,6.7767,2.7208,0.9139,0.0914,-0.0371,-0.2205,0.0000,0.0000,0.0000
12.1640,5,6.9360,2.1636,0.7859,-0.0580,-0.1225,-0.1259,0.0000,0.0000,0.0000
12.1980,1,4.9247,0.8648,0.1738,-0.0006,0.0036,0.0007,0.0000,0.0000,0.0000
12.1980,2,7.9088,0.6419,0.0000,0.0000,-0.0000,0.0000,0.0000,0.0000,0.0000
12.1980,3,7.8257,2.0798,0.7114,-0.0117,0.0020,0.0105,0.0000,0.0000,0.0000
12.1980,4,6.7790,2.7188,0.9095,0.0895,-0.0382,-0.2190,0.0000,0.0000,0.0000
12.1980,5,6.9343,2.1627,0.7851,-0.0589,-0.1220,-0.1249,0.0000,0.0000,0.0000
12.2320,1,4.9247,0.8648,0.1738,-0.0006,0.0036,0.0007,0.0000,0.0000,0.0000
12.2320,2,7.9088,0.6419,0.0000,0.0000,-0.0000,0.0000,0.0000,0.0000,0.0000
12.2320,3,7.8255,2.0798,0.7116,-0.0118,0.0022,0.0106,0.0000,0.0000,0.0000
12.2320,4,6.7813,2.7168,0.9052,0.0877,-0.0392,-0.2176,0.0000,0.0000,0.0000
12.2320,5,6.9325,2.1618,0.7843,-0.0597,-0.1215,-0.1239,0.0000,0.0000,0.0000
12.2640,1,4.9247,0.8648,0.1738,-0.0006,0.0036,0.0007,0.0000,0.0000,0.0000
12.2640,2,7.9088,0.6419,0.0000,0.0000,-0.0000,0.0000,0.0000,0.0000,0.0000
12.2640,3,7.8254,2.0797,0.7117,-0.0118,0.0024,0.0106,0.0000,0.0000,0.0000
12.2640,4,6.7834,2.7150,0.9011,0.0861,-0.0402,-0.2162,0.0000,0.0000,0.0000
12.2640,5,6.9308,2.1610,0.7835,-0.0603,-0.1210,-0.1230,0.0000,0.0000,0.0000
12.2980,1,4.9247,0.8648,0.1738,-0.0006,0.0036,0.0007,0.0000,0.0000,0.0000
12.2980,2,7.9088,0.6419,0.0000,0.0000,-0.0000,0.0000,0.0000,0.0000,0.0000
12.2980,3,7.8252,2.0797,0.7119,-0.0118,0.0025,0.0106,0.0000,0.0000,0.0000
12.2980,4,6.7855,2.7129,0.8969,0.0844,-0.0412,-0.2147,0.0000,0.0000,0.0000
12.2980,5,6.9291,2.1601,0.7827,-0.0609,-0.1205,-0.1221,0.0000,0.0000,0.0000
12.3320,1,4.9247,0.8648,0.1738,-0.0006,0.0036,0.0007,0.0000,0.0000,0.0000
12.3320,2,7.9088,0.6419,0.0000,0.0000,-0.0000,0.0000,0.0000,0.0000,0.0000
12.3320,3,7.8250,2.0797,0.7121,-0.0119,0.0026,0.0106,0.0000,0.0000,0.0000
12.3320,4,6.7877,2.7109,0.8926,0.0829,-0.0422,-0.2133,0.0000,0.0000,0.0000
12.3320,5,6.9273,2.1592,0.7819,-0.0614,-0.1199,-0.1211,0.0000,0.0000,0.0000
12.3640,1,4.9247,0.8648,0.1738,-0.0006,0.0036,0.0007,0.0000,0.0000,0.0000
12.3640,2,7.9088,0.6419,0.0000,0.0000,-0.0000,0.0000,0.0000,0.0000,0.0000
12.3640,3,7.8248,2.0796,0.7122,-0.0119,0.0026,0.0107,0.0000,0.0000,0.0000
12.3640,4,6.7897,2.7090,0.8886,0.0816,-0.0430,-0.2120,0.0000,0.0000,0.0000
12.3640,5,6.9256,2.1584,0.7811,-0.0617,-0.1193,-0.1202,0.0000,0.0000,0.0000
12.3980,1,4.9247,0.8648,0.1738,-0.0006,0.0036,0.0007,0.0000,0.0000,0.0000
12.3980,2,7.9088,0.6419,0.0000,0.0000,-0.0000,0.0000,0.0000,0.0000,0.0000
12.3980,3,7.8246,2.0796,0.7124,-0.0119,0.0027,0.0107,0.0000,0.0000,0.0000
12.3980,4,6.7918,2.7069,0.8845,0.0802,-0.0438,-0.2105,0.0000,0.0000,0.0000
12.3980,5,6.9239,2.1575,0.7803,-0.0620,-0.1187,-0.1193,0.0000,0.0000,0.0000
12.4320,1,4.9247,0.8648,0.1738,-0.0006,0.0036,0.0007,0.0000,0.0000,0.0000
12.4320,2,7.9088,0.6419,0.0000,0.0000,-0.0000,0.0000,0.0000,0.0000,0.0000
12.4320,3,7.8244,2.0795,0.7126,-0.0120,0.0027,0.0107,0.0000,0.0000,0.0000
12.4320,4,6.7938,2.7049,0.8803,0.0789,-0.0446,-0.2091,0.0000,0.0000,0.0000
12.4320,5,6.9221,2.1567,0.7795,-0.0623,-0.1181,-0.1183,0.0000,0.0000,0.0000
12.4640,1,4.9247,0.8648,0.1738,-0.0006,0.0036,0.0007,0.0000,0.0000,0.0000
12.4640,2,7.9088,0.6419,0.0000,0.0000,-0.0000,0.0000,0.0000,0.0000,0.0000
12.4640,3,7.8242,2.0795,0.7128,-0.0120,0.0027,0.0108,0.0000,0.0000,0.0000
12.4640,4,6.7957,2.7029,0.8764,0.0777,-0.0454,-0.2078,0.0000,0.0000,0.0000
12.4640,5,6.9205,2.1558,0.7788,-0.0625,-0.1174,-0.1174,0.0000,0.0000,0.0000
12.4980,1,4.9247,0.8648,0.1738,-0.0006,0.0036,0.0007,0.0000,0.0000,0.0000
12.4980,2,7.9088,0.6419,0.0000,0.0000,-0.0000,0.0000,0.0000,0.0000,0.0000
12.4980,3,7.8240,2.0795,0.7130,-0.0120,0.0027,0.0108,0.0000,0.0000,0.0000
12.4980,4,6.7977,2.7009,0.8723,0.0764,-0.0461,-0.2063,0.0000,0.0000,0.0000
12.4980,5,6.9187,2.1550,0.7780,-0.0627,-0.1168,-0.1165,0.0000,0.0000,0.0000
12.5320,1,4.9247,0.8648,0.1738,-0.0006,0.0036,0.0007,0.0000,0.0000,0.0000
12.5320,2,7.9088,0.6419,0.0000,0.0000,-0.0000,0.0000,0.0000,0.0000,0.0000
12.5320,3,7.8238,2.0794,0.7132,-0.0120,0.0027,0.0108,0.0000,0.0000,0.0000
12.5320,4,6.7996,2.6988,0.8682,0.0751,-0.0469,-0.2049,0.0000,0.0000,0.0000
12.5320,5,6.9170,2.1541,0.7773,-0.0629,-0.1161,-0.1155,0.0000,0.0000,0.0000
12.5640,1,4.9247,0.8648,0.1738,-0.0006,0.0036,0.0007,0.0000,0.0000,0.0000
12.5640,2,7.9088,0.6419,0.0000,0.0000,-0.0000,0.0000,0.0000,0.0000,0.0000
12.5640,3,7.8236,2.0794,0.7133,-0.0121,0.0027,0.0109,0.0000,0.0000,0.0000
12.5640,4,6.8015,2.6968,0.8644,0.0739,-0.0476,-0.2036,0.0000,0.0000,0.0000
12.5640,5,6.9154,2.1533,0.7765,-0.0631,-0.1155,-0.1147,0.0000,0.0000,0.0000
12.5980,1,4.9247,0.8648,0.1738,-0.0006,0.0036,0.0007,0.0000,0.0000,0.0000
12.5980,2,7.9088,0.6419,0.0000,0.0000,-0.0000,0.0000,0.0000,0.0000,0.0000
12.5980,3,7.8234,2.0794,0.7135,-0.0121,0.0027,0.0109,0.0000,0.0000,0.0000
12.5980,4,6.8033,2.6947,0.8604,0.0726,-0.0483,-0.2021,0.0000,0.0000,0.0000
12.5980,5,6.9137,2.1525,0.7758,-0.0632,-0.1149,-0.1138,0.0000,0.0000,0.0000
12.6300,1,4.9247,0.8648,0.1738,-0.0006,0.0036,0.0007,0.0000,0.0000,0.0000
12.6300,2,7.9088,0.6419,0.0000,0.0000,-0.0000,0.0000,0.0000,0.0000,0.0000
12.6300,3,7.8232,2.0793,0.7137,-0.0121,0.0027,0.0110,0.0000,0.0000,0.0000
12.6300,4,6.8051,2.6927,0.8567,0.0715,-0.0490,-0.2008,0.0000,0.0000,0.0000
12.6300,5,6.9121,2.1517,0.7751,-0.0634,-0.1142,-0.1129,0.0000,0.0000,0.0000
12.6640,1,4.9247,0.8648,0.1738,-0.0006,0.0036,0.0007,0.0000,0.0000,0.0000
12.6640,2,7.9088,0.6419,0.0000,0.0000,-0.0000,0.0000,0.0000,0.0000,0.0000
12.6640,3,7.8230,2.0793,0.7139,-0.0121,0.0027,0.0110,0.0000,0.0000,0.0000
12.6640,4,6.8069,2.6906,0.8527,0.0702,-0.0496,-0.1993,0.0000,0.0000,0.0000
12.6640,5,6.9104,2.1509,0.7743,-0.0635,-0.1136,-0.1120,0.0000,0.0000,0.0000
12.6980,1,4.9247,0.8648,0.1738,-0.0006,0.0036,0.0007,0.0000,0.0000,0.0000
12.6980,2,7.9088,0.6419,0.0000,0.0000,-0.0000,0.0000,0.0000,0.0000,0.0000
12.6980,3,7.8228,2.0793,0.7141,-0.0122,0.0027,0.0111,0.0000,0.0000,0.0000
12.6980,4,6.8087,2.6885,0.8488,0.0689,-0.0503,-0.1979,0.0000,0.0000,0.0000
12.6980,5,6.9087,2.1500,0.7736,-0.0637,-0.1129,-0.1110,0.0000,0.0000,0.0000
12.7300,1,4.9247,0.8648,0.1738,-0.0006,0.0036,0.0007,0.0000,0.0000,0.0000
12.7300,2,7.9088,0.6419,0.0000,0.0000,-0.0000,0.0000,0.0000,0.0000,0.0000
12.7300,3,7.8226,2.0792,0.7142,-0.0122,0.0027,0.0111,0.0000,0.0000,0.0000
12.7300,4,6.8104,2.6865,0.8451,0.0676,-0.0509,-0.1966,0.0000,0.0000,0.0000
12.7300,5,6.9071,2.1493,0.7729,-0.0639,-0.1123,-0.1102,0.0000,0.0000,0.0000
12.7640,1,4.9247,0.8648,0.1738,-0.0006,0.0036,0.0007,0.0000,0.0000,0.0000
12.7640,2,7.9088,0.6419,0.0000,0.0000,-0.0000,0.0000,0.0000,0.0000,0.0000
12.7640,3,7.8224,2.0792,0.7144,-0.0122,0.0027,0.0111,0.0000,0.0000,0.0000
12.7640,4,6.8121,2.6844,0.8412,0.0663,-0.0515,-0.1952,0.0000,0.0000,0.0000
12.7640,5,6.9054,2.1485,0.7722,-0.0641,-0.1117,-0.1093,0.0000,0.0000,0.0000
12.7980,1,4.9247,0.8648,0.1738,-0.0006,0.0036,0.0007,0.0000,0.0000,0.0000
12.7980,2,7.9088,0.6419,0.0000,0.0000,-0.0000,0.0000,0.0000,0.0000,0.0000
12.7980,3,7.8221,2.0791,0.7146,-0.0122,0.0026,0.0112,0.0000,0.0000,0.0000
12.7980,4,6.8138,2.6823,0.8374,0.0650,-0.0522,-0.1937,0.0000,0.0000,0.0000
12.7980,5,6.9037,2.1477,0.7715,-0.0643,-0.1110,-0.1084,0.0000,0.0000,0.0000
12.8320,1,4.9247,0.8648,0.1738,-0.0006,0.0036,0.0007,0.0000,0.0000,0.0000
12.8320,2,7.9088,0.6419,0.0000,0.0000,-0.0000,0.0000,0.0000,0.0000,0.0000
12.8320,3,7.8219,2.0791,0.7148,-0.0123,0.0026,0.0112,0.0000,0.0000,0.0000
12.8320,4,6.8155,2.6801,0.8336,0.0637,-0.0528,-0.1923,0.0000,0.0000,0.0000
12.8320,5,6.9021,2.1468,0.7708,-0.0645,-0.1104,-0.1075,0.0000,0.0000,0.0000
12.8640,1,4.9247,0.8648,0.1738,-0.0006,0.0036,0.0007,0.0000,0.0000,0.0000
12.8640,2,7.9088,0.6419,0.0000,0.0000,-0.0000,0.0000,0.0000,0.0000,0.0000
12.8640,3,7.8217,2.0791,0.7150,-0.0123,0.0026,0.0112,0.0000,0.0000,0.0000
12.8640,4,6.8170,2.6781,0.8300,0.0624,-0.0534,-0.1910,0.0000,0.0000,0.0000
12.8640,5,6.9005,2.1461,0.7701,-0.0646,-0.1098,-0.1067,0.0000,0.0000,0.0000
12.8980,1,4.9247,0.8648,0.1738,-0.0006,0.0036,0.0007,0.0000,0.0000,0.0000
12.8980,2,7.9088,0.6419,0.0000,0.0000,-0.0000,0.0000,0.0000,0.0000,0.0000
12.8980,3,7.8215,2.0790,0.7152,-0.0123,0.0026,0.0113,0.0000,0.0000,0.0000
12.8980,4,6.8186,2.6760,0.8262,0.0612,-0.0539,-0.1896,0.0000,0.0000,0.0000
12.8980,5,6.8989,2.1453,0.7694,-0.0647,-0.1092,-0.1058,0.0000,0.0000,0.0000
12.9320,1,4.9247,0.8648,0.1738,-0.0006,0.0036,0.0007,0.0000,0.0000,0.0000
12.9320,2,7.9088,0.6419,0.0000,0.0000,-0.0000,0.0000,0.0000,0.0000,0.0000
12.9320,3,7.8213,2.0790,0.7154,-0.0123,0.0026,0.0113,0.0000,0.0000,0.0000
12.9320,4,6.8202,2.6738,0.8225,0.0599,-0.0545,-0.1882,0.0000,0.0000,0.0000
12.9320,5,6.8972,2.1445,0.7687,-0.0648,-0.1085,-0.1049,0.0000,0.0000,0.0000
12.9640,1,4.9247,0.8648,0.1738,-0.0006,0.0036,0.0007,0.0000,0.0000,0.0000
12.9640,2,7.9088,0.6419,0.0000,0.0000,-0.0000,0.0000,0.0000,0.0000,0.0000
12.9640,3,7.8211,2.0790,0.7156,-0.0124,0.0026,0.0113,0.0000,0.0000,0.0000
12.9640,4,6.8216,2.6718,0.8190,0.0588,-0.0550,-0.1869,0.0000,0.0000,0.0000
12.9640,5,6.8957,2.1438,0.7681,-0.0649,-0.1079,-0.1041,0.0000,0.0000,0.0000
12.9980,1,4.9247,0.8648,0.1738,-0.0006,0.0036,0.0007,0.0000,0.0000,0.0000
12.9980,2,7.9088,0.6419,0.0000,0.0000,-0.0000,0.0000,0.0000,0.0000,0.0000
12.9980,3,7.8209,2.0789,0.7157,-0.0124,0.0026,0.0114,0.0000,0.0000,0.0000
12.9980,4,6.8231,2.6696,0.8153,0.0576,-0.0555,-0.1855,0.0000,0.0000,0.0000
12.9980,5,6.8941,2.1430,0.7674,-0.0649,-0.1072,-0.1032,0.0000,0.0000,0.0000
13.0440,1,4.9247,0.8648,0.1738,-0.0006,0.0036,0.0007,0.0000,0.0000,0.0000
13.0440,2,7.9088,0.6419,0.0000,0.0000,-0.0000,0.0000,0.0000,0.0000,0.0000
13.0440,3,7.8206,2.0789,0.7160,-0.0126,0.0022,0.0125,0.0000,0.0000,0.0000
13.0440,4,6.8251,2.6667,0.8104,0.0500,-0.0585,-0.1830,0.0000,0.0000,0.0000
13.0440,5,6.8919,2.1420,0.7665,-0.0614,-0.1044,-0.1020,0.0000,0.0000,0.0000
13.0660,1,4.9247,0.8648,0.1738,-0.0006,0.0036,0.0007,0.0000,0.0000,0.0000
13.0660,2,7.9088,0.6419,0.0000,0.0000,-0.0000,0.0000,0.0000,0.0000,0.0000
13.0660,3,7.8205,2.0788,0.7161,-0.0126,0.0025,0.0120,0.0000,0.0000,0.0000
13.0660,4,6.8260,2.6653,0.8080,0.0469,-0.0596,-0.1813,0.0000,0.0000,0.0000
13.0660,5,6.8909,2.1415,0.7661,-0.0634,-0.1045,-0.1013,0.0000,0.0000,0.0000
13.1000,1,4.9247,0.8648,0.1738,-0.0006,0.0036,0.0007,0.0000,0.0000,0.0000
13.1000,2,7.9088,0.6419,0.0000,0.0000,-0.0000,0.0000,0.0000,0.0000,0.0000
13.1000,3,7.8203,2.0788,0.7163,-0.0126,0.0027,0.0117,0.0000,0.0000,0.0000
13.1000,4,6.8273,2.6630,0.8045,0.0440,-0.0614,-0.1794,0.0000,0.0000,0.0000
13.1000,5,6.8893,2.1408,0.7654,-0.0651,-0.1051,-0.1006,0.0000,0.0000,0.0000
13.1300,1,4.9247,0.8648,0.1738,-0.0006,0.0036,0.0007,0.0000,0.0000,0.0000
13.1300,2,7.9088,0.6419,0.0000,0.0000,-0.0000,0.0000,0.0000,0.0000,0.0000
13.1300,3,7.8201,2.0788,0.7165,-0.0125,0.0027,0.0116,0.0000,0.0000,0.0000
13.1300,4,6.8283,2.6611,0.8013,0.0424,-0.0622,-0.1778,0.0000,0.0000,0.0000
13.1300,5,6.8879,2.1401,0.7648,-0.0656,-0.1050,-0.0999,0.0000,0.0000,0.0000
13.1640,1,4.9247,0.8648,0.1738,-0.0006,0.0036,0.0007,0.0000,0.0000,0.0000
13.1640,2,7.9088,0.6419,0.0000,0.0000,-0.0000,0.0000,0.0000,0.0000,0.0000
13.1640,3,7.8199,2.0787,0.7167,-0.0125,0.0027,0.0116,0.0000,0.0000,0.0000
13.1640,4,6.8295,2.6588,0.7978,0.0411,-0.0627,-0.1760,0.0000,0.0000,0.0000
13.1640,5,6.8863,2.1393,0.7642,-0.0657,-0.1044,-0.0991,0.0000,0.0000,0.0000
13.1960,1,4.9247,0.8648,0.1738,-0.0006,0.0036,0.0007,0.0000,0.0000,0.0000
13.1960,2,7.9088,0.6419,0.0000,0.0000,-0.0000,0.0000,0.0000,0.0000,0.0000
13.1960,3,7.8197,2.0787,0.7169,-0.0125,0.0027,0.0116,0.0000,0.0000,0.0000
13.1960,4,6.8306,2.6567,0.7946,0.0401,-0.0630,-0.1744,0.0000,0.0000,0.0000
13.1960,5,6.8848,2.1386,0.7636,-0.0655,-0.1037,-0.0983,0.0000,0.0000,0.0000
13.2320,1,4.9247,0.8648,0.1738,-0.0006,0.0036,0.0007,0.0000,0.0000,0.0000
13.2320,2,7.9088,0.6419,0.0000,0.0000,-0.0000,0.0000,0.0000,0.0000,0.0000
13.2320,3,7.8194,2.0787,0.7171,-0.0126,0.0027,0.0116,0.0000,0.0000,0.0000
13.2320,4,6.8318,2.6543,0.7909,0.0390,-0.0632,-0.1727,0.0000,0.0000,0.0000
13.2320,5,6.8831,2.1378,0.7629,-0.0653,-0.1029,-0.0975,0.0000,0.0000,0.0000
13.2640,1,4.9247,0.8648,0.1738,-0.0006,0.0036,0.0007,0.0000,0.0000,0.0000
13.2640,2,7.9088,0.6419,0.0000,0.0000,-0.0000,0.0000,0.0000,0.0000,0.0000
13.2640,3,7.8193,2.0786,0.7173,-0.0126,0.0027,0.0117,0.0000,0.0000,0.0000
13.2640,4,6.8329,2.6522,0.7877,0.0380,-0.0634,-0.1712,0.0000,0.0000,0.0000
13.2640,5,6.8816,2.1371,0.7623,-0.0651,-0.1022,-0.0967,0.0000,0.0000,0.0000
13.2960,1,4.9247,0.8648,0.1738,-0.0006,0.0036,0.0007,0.0000,0.0000,0.0000
13.2960,2,7.9088,0.6419,0.0000,0.0000,-0.0000,0.0000,0.0000,0.0000,0.0000
13.2960,3,7.8191,2.0786,0.7175,-0.0126,0.0026,0.0117,0.0000,0.0000,0.0000
13.2960,4,6.8339,2.6501,0.7845,0.0370,-0.0636,-0.1698,0.0000,0.0000,0.0000
13.2960,5,6.8801,2.1365,0.7617,-0.0650,-0.1014,-0.0959,0.0000,0.0000,0.0000
13.3300,1,4.9247,0.8648,0.1738,-0.0006,0.0036,0.0007,0.0000,0.0000,0.0000
13.3300,2,7.9088,0.6419,0.0000,0.0000,-0.0000,0.0000,0.0000,0.0000,0.0000
13.3300,3,7.8188,2.0786,0.7177,-0.0126,0.0026,0.0118,0.0000,0.0000,0.0000
13.3300,4,6.8350,2.6478,0.7812,0.0359,-0.0638,-0.1683,0.0000,0.0000,0.0000
13.3300,5,6.8786,2.1357,0.7611,-0.0648,-0.1007,-0.0951,0.0000,0.0000,0.0000
13.3640,1,4.9247,0.8648,0.1738,-0.0006,0.0036,0.0007,0.0000,0.0000,0.0000
13.3640,2,7.9088,0.6419,0.0000,0.0000,-0.0000,0.0000,0.0000,0.0000,0.0000
13.3640,3,7.8186,2.0785,0.7179,-0.0127,0.0026,0.0118,0.0000,0.0000,0.0000
13.3640,4,6.8360,2.6456,0.7778,0.0348,-0.0640,-0.1668,0.0000,0.0000,0.0000
13.3640,5,6.8771,2.1350,0.7605,-0.0647,-0.1000,-0.0943,0.0000,0.0000,0.0000
13.3760,1,4.9247,0.8648,0.1738,-0.0006,0.0036,0.0007,0.0000,0.0000,0.0000
13.3760,2,7.9088,0.6419,0.0000,0.0000,-0.0000,0.0000,0.0000,0.0000,0.0000
13.3760,3,7.8185,2.0785,0.7180,-0.0127,0.0026,0.0118,0.0000,0.0000,0.0000
13.3760,4,6.8364,2.6448,0.7767,0.0344,-0.0641,-0.1663,0.0000,0.0000,0.0000
13.3760,5,6.8765,2.1348,0.7603,-0.0647,-0.0997,-0.0940,0.0000,0.0000,0.0000
13.3960,1,4.9247,0.8648,0.1738,-0.0006,0.0036,0.0007,0.0000,0.0000,0.0000
13.3960,2,7.9088,0.6419,0.0000,0.0000,-0.0000,0.0000,0.0000,0.0000,0.0000
13.3960,3,7.8184,2.0785,0.7181,-0.0127,0.0026,0.0119,0.0000,0.0000,0.0000
13.3960,4,6.8370,2.6435,0.7747,0.0337,-0.0642,-0.1654,0.0000,0.0000,0.0000
13.3960,5,6.8756,2.1344,0.7599,-0.0647,-0.0993,-0.0935,0.0000,0.0000,0.0000
13.4300,1,4.9247,0.8648,0.1738,-0.0006,0.0036,0.0007,0.0000,0.0000,0.0000
13.4300,2,7.9088,0.6419,0.0000,0.0000,-0.0000,0.0000,0.0000,0.0000,0.0000
13.4300,3,7.8182,2.0784,0.7183,-0.0127,0.0026,0.0119,0.0000,0.0000,0.0000
13.4300,4,6.8380,2.6412,0.7715,0.0325,-0.0644,-0.1640,0.0000,0.0000,0.0000
13.4300,5,6.8741,2.1337,0.7593,-0.0647,-0.0987,-0.0927,0.0000,0.0000,0.0000
13.4620,1,4.9247,0.8648,0.1738,-0.0006,0.0033,0.0007,0.0000,0.0000,0.0000
13.4620,2,7.9088,0.6419,0.0000,0.0000,-0.0000,0.0000,0.0000,0.0000,0.0000
13.4620,3,7.8180,2.0784,0.7185,-0.0142,0.0008,0.0158,0.0000,0.0000,0.0000
13.4620,4,6.8385,2.6390,0.7688,-0.0101,-0.0821,-0.1221,0.0000,0.0000,0.0000
13.4620,5,6.8728,2.1331,0.7587,-0.0508,-0.0883,-0.0897,0.0000,0.0000,0.0000
13.4960,1,4.9247,0.8648,0.1738,-0.0006,0.0036,0.0007,0.0000,0.0000,0.0000
13.4960,2,7.9088,0.6419,0.0000,0.0000,-0.0000,0.0000,0.0000,0.0000,0.0000
13.4960,3,7.8178,2.0783,0.7188,-0.0135,0.0024,0.0138,0.0000,0.0000,0.0000
13.4960,4,6.8387,2.6364,0.7662,-0.0241,-0.0896,-0.1244,0.0000,0.0000,0.0000
13.4960,5,6.8715,2.1325,0.7581,-0.0617,-0.0946,-0.0905,0.0000,0.0000,0.0000
13.5300,1,4.9247,0.8648,0.1738,-0.0006,0.0036,0.0007,0.0000,0.0000,0.0000
13.5300,2,7.9088,0.6419,0.0000,0.0000,-0.0000,0.0000,0.0000,0.0000,0.0000
13.5300,3,7.8175,2.0783,0.7190,-0.0133,0.0027,0.0132,0.0000,0.0000,0.0000
13.5300,4,6.8386,2.6337,0.7636,-0.0348,-0.0948,-0.1230,0.0000,0.0000,0.0000
13.5300,5,6.8700,2.1318,0.7576,-0.0650,-0.0968,-0.0901,0.0000,0.0000,0.0000
13.5640,1,4.9247,0.8648,0.1738,-0.0006,0.0036,0.0007,0.0000,0.0000,0.0000
13.5640,2,7.9088,0.6419,0.0000,0.0000,-0.0000,0.0000,0.0000,0.0000,0.0000
13.5640,3,7.8173,2.0783,0.7192,-0.0132,0.0027,0.0129,0.0000,0.0000,0.0000
13.5640,4,6.8383,2.6309,0.7611,-0.0427,-0.0978,-0.1212,0.0000,0.0000,0.0000
13.5640,5,6.8685,2.1311,0.7570,-0.0659,-0.0970,-0.0895,0.0000,0.0000,0.0000
13.5960,1,4.9247,0.8648,0.1738,-0.0006,0.0036,0.0007,0.0000,0.0000,0.0000
13.5960,2,7.9088,0.6419,0.0000,0.0000,-0.0000,0.0000,0.0000,0.0000,0.0000
13.5960,3,7.8171,2.0782,0.7194,-0.0131,0.0027,0.0127,0.0000,0.0000,0.0000
13.5960,4,6.8380,2.6283,0.7588,-0.0488,-0.0997,-0.1194,0.0000,0.0000,0.0000
13.5960,5,6.8670,2.1305,0.7564,-0.0657,-0.0964,-0.0889,0.0000,0.0000,0.0000
13.6300,1,4.9247,0.8648,0.1738,-0.0006,0.0036,0.0007,0.0000,0.0000,0.0000
13.6300,2,7.9088,0.6419,0.0000,0.0000,-0.0000,0.0000,0.0000,0.0000,0.0000
13.6300,3,7.8169,2.0782,0.7196,-0.0131,0.0027,0.0127,0.0000,0.0000,0.0000
13.6300,4,6.8375,2.6255,0.7563,-0.0545,-0.1014,-0.1174,0.0000,0.0000,0.0000
13.6300,5,6.8655,2.1298,0.7559,-0.0650,-0.0955,-0.0882,0.0000,0.0000,0.0000
13.6620,1,4.9247,0.8648,0.1738,-0.0006,0.0036,0.0007,0.0000,0.0000,0.0000
13.6620,2,7.9088,0.6419,0.0000,0.0000,-0.0000,0.0000,0.0000,0.0000,0.0000
13.6620,3,7.8167,2.0782,0.7198,-0.0131,0.0027,0.0127,0.0000,0.0000,0.0000
13.6620,4,6.8369,2.6228,0.7540,-0.0593,-0.1026,-0.1154,0.0000,0.0000,0.0000
13.6620,5,6.8641,2.1291,0.7554,-0.0643,-0.0946,-0.0875,0.0000,0.0000,0.0000
13.6960,1,4.9247,0.8648,0.1738,-0.0006,0.0036,0.0007,0.0000,0.0000,0.0000
13.6960,2,7.9088,0.6419,0.0000,0.0000,-0.0000,0.0000,0.0000,0.0000,0.0000
13.6960,3,7.8164,2.0781,0.7201,-0.0131,0.0027,0.0127,0.0000,0.0000,0.0000
13.6960,4,6.8363,2.6200,0.7516,-0.0611,-0.1023,-0.1121,0.0000,0.0000,0.0000
13.6960,5,6.8626,2.1285,0.7548,-0.0664,-0.0950,-0.0839,0.0000,0.0000,0.0000
13.7300,1,4.9247,0.8648,0.1738,-0.0006,0.0036,0.0007,0.0000,0.0000,0.0000
13.7300,2,7.9088,0.6419,0.0000,0.0000,-0.0000,0.0000,0.0000,0.0000,0.0000
13.7300,3,7.8162,2.0781,0.7203,-0.0129,0.0027,0.0123,0.0000,0.0000,0.0000
13.7300,4,6.8357,2.6171,0.7492,-0.0612,-0.1024,-0.1130,0.0000,0.0000,0.0000
13.7300,5,6.8611,2.1278,0.7542,-0.0640,-0.0935,-0.0863,0.0000,0.0000,0.0000
13.7620,1,4.9247,0.8648,0.1738,-0.0006,0.0035,0.0007,0.0000,0.0000,0.0000
13.7620,2,7.9088,0.6419,0.0000,0.0000,-0.0000,0.0000,0.0000,0.0000,0.0000
13.7620,3,7.8160,2.0780,0.7205,-0.0131,0.0026,0.0126,0.0000,0.0000,0.0000
13.7620,4,6.8350,2.6145,0.7470,-0.0647,-0.1026,-0.1108,0.0000,0.0000,0.0000
13.7620,5,6.8598,2.1272,0.7537,-0.0619,-0.0915,-0.0854,0.0000,0.0000,0.0000
13.7960,1,4.9247,0.8648,0.1738,-0.0006,0.0036,0.0007,0.0000,0.0000,0.0000
13.7960,2,7.9088,0.6419,0.0000,0.0000,-0.0000,0.0000,0.0000,0.0000,0.0000
13.7960,3,7.8158,2.0780,0.7207,-0.0131,0.0026,0.0128,0.0000,0.0000,0.0000
13.7960,4,6.8343,2.6117,0.7447,-0.0692,-0.1035,-0.1085,0.0000,0.0000,0.0000
13.7960,5,6.8583,2.1265,0.7532,-0.0607,-0.0902,-0.0846,0.0000,0.0000,0.0000
13.8300,1,4.9247,0.8648,0.1738,-0.0006,0.0036,0.0007,0.0000,0.0000,0.0000
13.8300,2,7.9088,0.6419,0.0000,0.0000,-0.0000,0.0000,0.0000,0.0000,0.0000
13.8300,3,7.8156,2.0780,0.7209,-0.0132,0.0025,0.0129,0.0000,0.0000,0.0000
13.8300,4,6.8334,2.6088,0.7424,-0.0741,-0.1047,-0.1063,0.0000,0.0000,0.0000
13.8300,5,6.8569,2.1259,0.7527,-0.0602,-0.0892,-0.0838,0.0000,0.0000,0.0000
13.8620,1,4.9247,0.8648,0.1738,-0.0006,0.0036,0.0007,0.0000,0.0000,0.0000
13.8620,2,7.9088,0.6419,0.0000,0.0000,-0.0000,0.0000,0.0000,0.0000,0.0000
13.8620,3,7.8154,2.0779,0.7211,-0.0132,0.0025,0.0130,0.0000,0.0000,0.0000
13.8620,4,6.8326,2.6062,0.7404,-0.0787,-0.1060,-0.1043,0.0000,0.0000,0.0000
13.8620,5,6.8556,2.1253,0.7522,-0.0599,-0.0885,-0.0832,0.0000,0.0000,0.0000
13.8960,1,4.9247,0.8648,0.1738,-0.0006,0.0036,0.0007,0.0000,0.0000,0.0000
13.8960,2,7.9088,0.6419,0.0000,0.0000,-0.0000,0.0000,0.0000,0.0000,0.0000
13.8960,3,7.8151,2.0779,0.7213,-0.0132,0.0026,0.0130,0.0000,0.0000,0.0000
13.8960,4,6.8316,2.6033,0.7382,-0.0834,-0.1073,-0.1021,0.0000,0.0000,0.0000
13.8960,5,6.8542,2.1247,0.7516,-0.0597,-0.0879,-0.0825,0.0000,0.0000,0.0000
13.9300,1,4.9247,0.8648,0.1738,-0.0006,0.0036,0.0007,0.0000,0.0000,0.0000
13.9300,2,7.9088,0.6419,0.0000,0.0000,-0.0000,0.0000,0.0000,0.0000,0.0000
13.9300,3,7.8149,2.0778,0.7215,-0.0132,0.0026,0.0130,0.0000,0.0000,0.0000
13.9300,4,6.8305,2.6004,0.7360,-0.0878,-0.1086,-0.1000,0.0000,0.0000,0.0000
13.9300,5,6.8529,2.1241,0.7511,-0.0594,-0.0872,-0.0818,0.0000,0.0000,0.0000
13.9640,1,4.9247,0.8648,0.1738,-0.0006,0.0036,0.0007,0.0000,0.0000,0.0000
13.9640,2,7.9088,0.6419,0.0000,0.0000,-0.0000,0.0000,0.0000,0.0000,0.0000
13.9640,3,7.8147,2.0778,0.7218,-0.0133,0.0026,0.0130,0.0000,0.0000,0.0000
13.9640,4,6.8293,2.5975,0.7339,-0.0919,-0.1098,-0.0979,0.0000,0.0000,0.0000
13.9640,5,6.8515,2.1235,0.7506,-0.0591,-0.0866,-0.0811,0.0000,0.0000,0.0000
13.9960,1,4.9247,0.8648,0.1738,-0.0006,0.0036,0.0007,0.0000,0.0000,0.0000
13.9960,2,7.9088,0.6419,0.0000,0.0000,-0.0000,0.0000,0.0000,0.0000,0.0000
13.9960,3,7.8145,2.0778,0.7220,-0.0133,0.0026,0.0130,0.0000,0.0000,0.0000
13.9960,4,6.8282,2.5948,0.7320,-0.0955,-0.1108,-0.0960,0.0000,0.0000,0.0000
13.9960,5,6.8502,2.1229,0.7501,-0.0588,-0.0859,-0.0804,0.0000,0.0000,0.0000
14.0300,1,4.9247,0.8648,0.1738,-0.0006,0.0036,0.0007,0.0000,0.0000,0.0000
14.0300,2,7.9088,0.6419,0.0000,0.0000,-0.0000,0.0000,0.0000,0.0000,0.0000
14.0300,3,7.8142,2.0777,0.7222,-0.0133,0.0026,0.0130,0.0000,0.0000,0.0000
14.0300,4,6.8269,2.5919,0.7299,-0.0990,-0.1117,-0.0940,0.0000,0.0000,0.0000
14.0300,5,6.8488,2.1223,0.7496,-0.0584,-0.0852,-0.0798,0.0000,0.0000,0.0000
14.0540,1,4.9247,0.8648,0.1738,-0.0006,0.0036,0.0007,0.0000,0.0000,0.0000
14.0540,2,7.9088,0.6419,0.0000,0.0000,-0.0000,0.0000,0.0000,0.0000,0.0000
14.0540,3,7.8141,2.0777,0.7223,-0.0133,0.0026,0.0130,0.0000,0.0000,0.0000
14.0540,4,6.8259,2.5899,0.7285,-0.1013,-0.1123,-0.0926,0.0000,0.0000,0.0000
14.0540,5,6.8479,2.1219,0.7493,-0.0581,-0.0847,-0.0793,0.0000,0.0000,0.0000
14.0640,1,4.9247,0.8648,0.1738,-0.0006,0.0036,0.0007,0.0000,0.0000,0.0000
14.0640,2,7.9088,0.6419,0.0000,0.0000,-0.0000,0.0000,0.0000,0.0000,0.0000
14.0640,3,7.8140,2.0777,0.7224,-0.0133,0.0026,0.0130,0.0000,0.0000,0.0000
14.0640,4,6.8255,2.5890,0.7279,-0.1022,-0.1125,-0.0920,0.0000,0.0000,0.0000
14.0640,5,6.8475,2.1217,0.7491,-0.0580,-0.0844,-0.0791,0.0000,0.0000,0.0000
14.0960,1,4.9247,0.8648,0.1738,-0.0006,0.0036,0.0007,0.0000,0.0000,0.0000
14.0960,2,7.9088,0.6419,0.0000,0.0000,-0.0000,0.0000,0.0000,0.0000,0.0000
14.0960,3,7.8138,2.0777,0.7226,-0.0133,0.0026,0.0130,0.0000,0.0000,0.0000
14.0960,4,6.8242,2.5862,0.7261,-0.1050,-0.1132,-0.0903,0.0000,0.0000,0.0000
14.0960,5,6.8462,2.1211,0.7487,-0.0575,-0.0837,-0.0785,0.0000,0.0000,0.0000
14.1300,1,4.9247,0.8648,0.1738,-0.0006,0.0036,0.0007,0.0000,0.0000,0.0000
14.1300,2,7.9088,0.6419,0.0000,0.0000,-0.0000,0.0000,0.0000,0.0000,0.0000
14.1300,3,7.8136,2.0776,0.7228,-0.0133,0.0026,0.0130,0.0000,0.0000,0.0000
14.1300,4,6.8228,2.5833,0.7241,-0.1077,-0.1139,-0.0885,0.0000,0.0000,0.0000
14.1300,5,6.8449,2.1206,0.7482,-0.0570,-0.0830,-0.0778,0.0000,0.0000,0.0000
14.1620,1,4.9247,0.8648,0.1738,-0.0006,0.0036,0.0007,0.0000,0.0000,0.0000
14.1620,2,7.9088,0.6419,0.0000,0.0000,-0.0000,0.0000,0.0000,0.0000,0.0000
14.1620,3,7.8134,2.0776,0.7230,-0.0133,0.0026,0.0130,0.0000,0.0000,0.0000
14.1620,4,6.8214,2.5806,0.7223,-0.1100,-0.1144,-0.0868,0.0000,0.0000,0.0000
14.1620,5,6.8436,2.1200,0.7478,-0.0565,-0.0822,-0.0772,0.0000,0.0000,0.0000
14.1960,1,4.9247,0.8648,0.1738,-0.0005,0.0028,0.0006,0.0000,0.0000,0.0000
14.1960,2,7.9088,0.6419,0.0000,0.0000,-0.0000,0.0000,0.0000,0.0000,0.0000
14.1960,3,7.8131,2.0775,0.7233,-0.0131,0.0032,0.0125,0.0000,0.0000,0.0000
14.1960,4,6.8199,2.5777,0.7201,-0.1028,-0.1019,-0.1268,0.0000,0.0000,0.0000
14.1960,5,6.8423,2.1194,0.7474,-0.0536,-0.0691,-0.1041,0.0000,0.0000,0.0000
14.2300,1,4.9247,0.8648,0.1738,-0.0007,0.0039,0.0008,0.0000,0.0000,0.0000
14.2300,2,7.9088,0.6419,0.0000,0.0000,-0.0000,0.0000,0.0000,0.0000,0.0000
14.2300,3,7.8129,2.0775,0.7235,-0.0131,0.0029,0.0130,0.0000,0.0000,0.0000
14.2300,4,6.8185,2.5752,0.7165,-0.0957,-0.0867,-0.2140,0.0000,0.0000,0.0000
14.2300,5,6.8411,2.1189,0.7469,-0.0513,-0.0782,-0.0782,0.0000,0.0000,0.0000
14.2420,1,4.9247,0.8648,0.1738,-0.0007,0.0038,0.0008,0.0000,0.0000,0.0000
14.2420,2,7.9088,0.6419,0.0000,0.0000,-0.0000,0.0000,0.0000,0.0000,0.0000
14.2420,3,7.8128,2.0775,0.7235,-0.0134,0.0026,0.0135,0.0000,0.0000,0.0000
14.2420,4,6.8181,2.5743,0.7152,-0.0981,-0.0910,-0.1971,0.0000,0.0000,0.0000
14.2420,5,6.8407,2.1188,0.7468,-0.0519,-0.0791,-0.0781,0.0000,0.0000,0.0000
14.2620,1,4.9247,0.8648,0.1738,-0.0006,0.0037,0.0007,0.0000,0.0000,0.0000
14.2620,2,7.9088,0.6419,0.0000,0.0000,-0.0000,0.0000,0.0000,0.0000,0.0000
14.2620,3,7.8127,2.0775,0.7237,-0.0135,0.0024,0.0136,0.0000,0.0000,0.0000
14.2620,4,6.8173,2.5728,0.7131,-0.1022,-0.0964,-0.1709,0.0000,0.0000,0.0000
14.2620,5,6.8400,2.1184,0.7465,-0.0527,-0.0792,-0.0772,0.0000,0.0000,0.0000
14.2960,1,4.9247,0.8648,0.1738,-0.0006,0.0036,0.0007,0.0000,0.0000,0.0000
14.2960,2,7.9088,0.6419,0.0000,0.0000,-0.0000,0.0000,0.0000,0.0000,0.0000
14.2960,3,7.8125,2.0774,0.7239,-0.0135,0.0024,0.0135,0.0000,0.0000,0.0000
14.2960,4,6.8159,2.5702,0.7101,-0.1084,-0.1038,-0.1352,0.0000,0.0000,0.0000
14.2960,5,6.8387,2.1179,0.7460,-0.0539,-0.0792,-0.0761,0.0000,0.0000,0.0000
14.3300,1,4.9247,0.8648,0.1738,-0.0006,0.0036,0.0007,0.0000,0.0000,0.0000
14.3300,2,7.9088,0.6419,0.0000,0.0000,-0.0000,0.0000,0.0000,0.0000,0.0000
14.3300,3,7.8122,2.0774,0.7241,-0.0135,0.0025,0.0134,0.0000,0.0000,0.0000
14.3300,4,6.8143,2.5674,0.7076,-0.1133,-0.1095,-0.1084,0.0000,0.0000,0.0000
14.3300,5,6.8374,2.1173,0.7455,-0.0547,-0.0791,-0.0751,0.0000,0.0000,0.0000
14.3420,1,4.9247,0.8648,0.1738,-0.0006,0.0036,0.0007,0.0000,0.0000,0.0000
14.3420,2,7.9088,0.6419,0.0000,0.0000,-0.0000,0.0000,0.0000,0.0000,0.0000
14.3420,3,7.8122,2.0774,0.7242,-0.0135,0.0025,0.0133,0.0000,0.0000,0.0000
14.3420,4,6.8138,2.5664,0.7068,-0.1148,-0.1112,-0.1006,0.0000,0.0000,0.0000
14.3420,5,6.8370,2.1171,0.7453,-0.0548,-0.0790,-0.0747,0.0000,0.0000,0.0000
14.3620,1,4.9247,0.8648,0.1738,-0.0006,0.0036,0.0007,0.0000,0.0000,0.0000
14.3620,2,7.9088,0.6419,0.0000,0.0000,-0.0000,0.0000,0.0000,0.0000,0.0000
14.3620,3,7.8120,2.0773,0.7243,-0.0135,0.0025,0.0133,0.0000,0.0000,0.0000
14.3620,4,6.8128,2.5647,0.7056,-0.1170,-0.1136,-0.0892,0.0000,0.0000,0.0000
14.3620,5,6.8362,2.1168,0.7451,-0.0550,-0.0788,-0.0742,0.0000,0.0000,0.0000
14.3960,1,4.9247,0.8648,0.1738,-0.0006,0.0036,0.0007,0.0000,0.0000,0.0000
14.3960,2,7.9088,0.6419,0.0000,0.0000,-0.0000,0.0000,0.0000,0.0000,0.0000
14.3960,3,7.8118,2.0773,0.7246,-0.0134,0.0026,0.0132,0.0000,0.0000,0.0000
14.3960,4,6.8112,2.5618,0.7038,-0.1199,-0.1167,-0.0737,0.0000,0.0000,0.0000
14.3960,5,6.8349,2.1162,0.7446,-0.0548,-0.0782,-0.0734,0.0000,0.0000,0.0000
14.4300,1,4.9247,0.8648,0.1738,-0.0006,0.0036,0.0007,0.0000,0.0000,0.0000
14.4300,2,7.9088,0.6419,0.0000,0.0000,-0.0000,0.0000,0.0000,0.0000,0.0000
14.4300,3,7.8116,2.0773,0.7248,-0.0134,0.0026,0.0131,0.0000,0.0000,0.0000
14.4300,4,6.8095,2.5589,0.7023,-0.1220,-0.1189,-0.0620,0.0000,0.0000,0.0000
14.4300,5,6.8337,2.1157,0.7442,-0.0543,-0.0775,-0.0726,0.0000,0.0000,0.0000
14.4640,1,4.9247,0.8648,0.1738,-0.0006,0.0036,0.0007,0.0000,0.0000,0.0000
14.4640,2,7.9088,0.6419,0.0000,0.0000,-0.0000,0.0000,0.0000,0.0000,0.0000
14.4640,3,7.8113,2.0772,0.7250,-0.0134,0.0026,0.0131,0.0000,0.0000,0.0000
14.4640,4,6.8077,2.5559,0.7009,-0.1236,-0.1204,-0.0531,0.0000,0.0000,0.0000
14.4640,5,6.8324,2.1151,0.7437,-0.0537,-0.0766,-0.0719,0.0000,0.0000,0.0000
14.4960,1,4.9247,0.8648,0.1738,-0.0006,0.0036,0.0007,0.0000,0.0000,0.0000
14.4960,2,7.9088,0.6419,0.0000,0.0000,-0.0000,0.0000,0.0000,0.0000,0.0000
14.4960,3,7.8111,2.0772,0.7252,-0.0134,0.0026,0.0131,0.0000,0.0000,0.0000
14.4960,4,6.8061,2.5531,0.6997,-0.1247,-0.1214,-0.0466,0.0000,0.0000,0.0000
14.4960,5,6.8312,2.1146,0.7433,-0.0530,-0.0758,-0.0712,0.0000,0.0000,0.0000
14.5300,1,4.9247,0.8648,0.1738,-0.0006,0.0036,0.0007,0.0000,0.0000,0.0000
14.5300,2,7.9088,0.6419,0.0000,0.0000,-0.0000,0.0000,0.0000,0.0000,0.0000
14.5300,3,7.8109,2.0771,0.7254,-0.0134,0.0026,0.0131,0.0000,0.0000,0.0000
14.5300,4,6.8043,2.5502,0.6986,-0.1255,-0.1222,-0.0414,0.0000,0.0000,0.0000
14.5300,5,6.8300,2.1141,0.7429,-0.0521,-0.0749,-0.0705,0.0000,0.0000,0.0000
14.5640,1,4.9247,0.8648,0.1738,-0.0006,0.0036,0.0007,0.0000,0.0000,0.0000
14.5640,2,7.9088,0.6419,0.0000,0.0000,-0.0000,0.0000,0.0000,0.0000,0.0000
14.5640,3,7.8107,2.0771,0.7257,-0.0134,0.0026,0.0131,0.0000,0.0000,0.0000
14.5640,4,6.8025,2.5472,0.6975,-0.1261,-0.1226,-0.0374,0.0000,0.0000,0.0000
14.5640,5,6.8287,2.1136,0.7425,-0.0513,-0.0740,-0.0699,0.0000,0.0000,0.0000
14.5960,1,4.9247,0.8648,0.1738,-0.0006,0.0036,0.0007,0.0000,0.0000,0.0000
14.5960,2,7.9088,0.6419,0.0000,0.0000,-0.0000,0.0000,0.0000,0.0000,0.0000
14.5960,3,7.8105,2.0771,0.7259,-0.0134,0.0026,0.0131,0.0000,0.0000,0.0000
14.5960,4,6.8008,2.5444,0.6966,-0.1264,-0.1228,-0.0345,0.0000,0.0000,0.0000
14.5960,5,6.8276,2.1131,0.7421,-0.0506,-0.0731,-0.0693,0.0000,0.0000,0.0000
14.6300,1,4.9247,0.8648,0.1738,-0.0006,0.0036,0.0007,0.0000,0.0000,0.0000
14.6300,2,7.9088,0.6419,0.0000,0.0000,-0.0000,0.0000,0.0000,0.0000,0.0000
14.6300,3,7.8102,2.0770,0.7261,-0.0135,0.0026,0.0131,0.0000,0.0000,0.0000
14.6300,4,6.7990,2.5414,0.6956,-0.1266,-0.1229,-0.0321,0.0000,0.0000,0.0000
14.6300,5,6.8264,2.1126,0.7417,-0.0498,-0.0723,-0.0686,0.0000,0.0000,0.0000
14.6640,1,4.9247,0.8648,0.1738,-0.0006,0.0036,0.0007,0.0000,0.0000,0.0000
14.6640,2,7.9088,0.6419,0.0000,0.0000,-0.0000,0.0000,0.0000,0.0000,0.0000
14.6640,3,7.8100,2.0770,0.7263,-0.0135,0.0026,0.0131,0.0000,0.0000,0.0000
14.6640,4,6.7972,2.5384,0.6947,-0.1267,-0.1229,-0.0302,0.0000,0.0000,0.0000
14.6640,5,6.8252,2.1121,0.7413,-0.0491,-0.0715,-0.0680,0.0000,0.0000,0.0000
14.6960,1,4.9247,0.8648,0.1738,-0.0006,0.0036,0.0007,0.0000,0.0000,0.0000
14.6960,2,7.9088,0.6419,0.0000,0.0000,-0.0000,0.0000,0.0000,0.0000,0.0000
14.6960,3,7.8098,2.0770,0.7265,-0.0135,0.0026,0.0131,0.0000,0.0000,0.0000
14.6960,4,6.7955,2.5356,0.6939,-0.1266,-0.1227,-0.0289,0.0000,0.0000,0.0000
14.6960,5,6.8241,2.1116,0.7409,-0.0484,-0.0707,-0.0674,0.0000,0.0000,0.0000
14.7300,1,4.9247,0.8648,0.1738,-0.0006,0.0036,0.0007,0.0000,0.0000,0.0000
14.7300,2,7.9088,0.6419,0.0000,0.0000,-0.0000,0.0000,0.0000,0.0000,0.0000
14.7300,3,7.8096,2.0769,0.7268,-0.0135,0.0026,0.0131,0.0000,0.0000,0.0000
14.7300,4,6.7937,2.5327,0.6930,-0.1264,-0.1225,-0.0277,0.0000,0.0000,0.0000
14.7300,5,6.8229,2.1111,0.7405,-0.0477,-0.0699,-0.0668,0.0000,0.0000,0.0000
14.7640,1,4.9247,0.8648,0.1738,-0.0006,0.0036,0.0007,0.0000,0.0000,0.0000
14.7640,2,7.9088,0.6419,0.0000,0.0000,-0.0000,0.0000,0.0000,0.0000,0.0000
14.7640,3,7.8093,2.0769,0.7270,-0.0135,0.0026,0.0131,0.0000,0.0000,0.0000
14.7640,4,6.7919,2.5297,0.6922,-0.1260,-0.1222,-0.0268,0.0000,0.0000,0.0000
14.7640,5,6.8218,2.1106,0.7401,-0.0471,-0.0691,-0.0662,0.0000,0.0000,0.0000
14.7960,1,4.9247,0.8648,0.1738,-0.0006,0.0036,0.0007,0.0000,0.0000,0.0000
14.7960,2,7.9088,0.6419,0.0000,0.0000,-0.0000,0.0000,0.0000,0.0000,0.0000
14.7960,3,7.8091,2.0768,0.7272,-0.0135,0.0026,0.0131,0.0000,0.0000,0.0000
14.7960,4,6.7902,2.5270,0.6914,-0.1255,-0.1218,-0.0261,0.0000,0.0000,0.0000
14.7960,5,6.8207,2.1102,0.7398,-0.0465,-0.0684,-0.0656,0.0000,0.0000,0.0000
14.8300,1,4.9247,0.8648,0.1738,-0.0006,0.0036,0.0007,0.0000,0.0000,0.0000
14.8300,2,7.9088,0.6419,0.0000,0.0000,-0.0000,0.0000,0.0000,0.0000,0.0000
14.8300,3,7.8089,2.0768,0.7274,-0.0135,0.0026,0.0132,0.0000,0.0000,0.0000
14.8300,4,6.7885,2.5241,0.6906,-0.1249,-0.1214,-0.0256,0.0000,0.0000,0.0000
14.8300,5,6.8195,2.1097,0.7394,-0.0458,-0.0677,-0.0650,0.0000,0.0000,0.0000
14.8620,1,4.9247,0.8648,0.1738,-0.0006,0.0036,0.0007,0.0000,0.0000,0.0000
14.8620,2,7.9088,0.6419,0.0000,0.0000,-0.0000,0.0000,0.0000,0.0000,0.0000
14.8620,3,7.8087,2.0768,0.7276,-0.0135,0.0026,0.0132,0.0000,0.0000,0.0000
14.8620,4,6.7868,2.5213,0.6898,-0.1242,-0.1209,-0.0251,0.0000,0.0000,0.0000
14.8620,5,6.8185,2.1092,0.7390,-0.0453,-0.0670,-0.0645,0.0000,0.0000,0.0000
14.8960,1,4.9247,0.8648,0.1738,-0.0006,0.0036,0.0007,0.0000,0.0000,0.0000
14.8960,2,7.9088,0.6419,0.0000,0.0000,-0.0000,0.0000,0.0000,0.0000,0.0000
14.8960,3,7.8085,2.0767,0.7278,-0.0135,0.0026,0.0132,0.0000,0.0000,0.0000
14.8960,4,6.7851,2.5185,0.6890,-0.1234,-0.1203,-0.0247,0.0000,0.0000,0.0000
14.8960,5,6.8174,2.1088,0.7387,-0.0447,-0.0663,-0.0639,0.0000,0.0000,0.0000
14.9300,1,4.9247,0.8648,0.1738,-0.0006,0.0036,0.0007,0.0000,0.0000,0.0000
14.9300,2,7.9088,0.6419,0.0000,0.0000,-0.0000,0.0000,0.0000,0.0000,0.0000
14.9300,3,7.8082,2.0767,0.7281,-0.0135,0.0026,0.0132,0.0000,0.0000,0.0000
14.9300,4,6.7833,2.5156,0.6882,-0.1225,-0.1197,-0.0244,0.0000,0.0000,0.0000
14.9300,5,6.8163,2.1083,0.7383,-0.0441,-0.0656,-0.0633,0.0000,0.0000,0.0000
14.9640,1,4.9247,0.8648,0.1738,-0.0006,0.0036,0.0007,0.0000,0.0000,0.0000
14.9640,2,7.9088,0.6419,0.0000,0.0000,-0.0000,0.0000,0.0000,0.0000,0.0000
14.9640,3,7.8080,2.0766,0.7283,-0.0135,0.0026,0.0132,0.0000,0.0000,0.0000
14.9640,4,6.7816,2.5127,0.6874,-0.1214,-0.1190,-0.0241,0.0000,0.0000,0.0000
14.9640,5,6.8152,2.1079,0.7379,-0.0435,-0.0649,-0.0628,0.0000,0.0000,0.0000
14.9960,1,4.9247,0.8648,0.1738,-0.0006,0.0036,0.0007,0.0000,0.0000,0.0000
14.9960,2,7.9088,0.6419,0.0000,0.0000,-0.0000,0.0000,0.0000,0.0000,0.0000
14.9960,3,7.8078,2.0766,0.7285,-0.0136,0.0026,0.0132,0.0000,0.0000,0.0000
14.9960,4,6.7800,2.5101,0.6867,-0.1203,-0.1183,-0.0239,0.0000,0.0000,0.0000
14.9960,5,6.8141,2.1074,0.7376,-0.0430,-0.0642,-0.0622,0.0000,0.0000,0.0000
15.0300,1,4.9247,0.8648,0.1738,-0.0006,0.0036,0.0007,0.0000,0.0000,0.0000
15.0300,2,7.9088,0.6419,0.0000,0.0000,-0.0000,0.0000,0.0000,0.0000,0.0000
15.0300,3,7.8076,2.0766,0.7287,-0.0136,0.0026,0.0132,0.0000,0.0000,0.0000
15.0300,4,6.7783,2.5073,0.6859,-0.1191,-0.1175,-0.0237,0.0000,0.0000,0.0000
15.0300,5,6.8131,2.1070,0.7372,-0.0424,-0.0635,-0.0617,0.0000,0.0000,0.0000
15.0640,1,4.9247,0.8648,0.1738,-0.0006,0.0036,0.0007,0.0000,0.0000,0.0000
15.0640,2,7.9088,0.6419,0.0000,0.0000,-0.0000,0.0000,0.0000,0.0000,0.0000
15.0640,3,7.8073,2.0765,0.7289,-0.0136,0.0026,0.0132,0.0000,0.0000,0.0000
15.0640,4,6.7766,2.5045,0.6852,-0.1177,-0.1167,-0.0235,0.0000,0.0000,0.0000
15.0640,5,6.8120,2.1066,0.7369,-0.0418,-0.0628,-0.0611,0.0000,0.0000,0.0000
15.0960,1,4.9247,0.8648,0.1738,-0.0006,0.0036,0.0007,0.0000,0.0000,0.0000
15.0960,2,7.9088,0.6419,0.0000,0.0000,-0.0000,0.0000,0.0000,0.0000,0.0000
15.0960,3,7.8071,2.0765,0.7292,-0.0136,0.0026,0.0132,0.0000,0.0000,0.0000
15.0960,4,6.7751,2.5019,0.6844,-0.1164,-0.1158,-0.0233,0.0000,0.0000,0.0000
15.0960,5,6.8110,2.1061,0.7366,-0.0413,-0.0622,-0.0606,0.0000,0.0000,0.0000
15.1300,1,4.9247,0.8648,0.1738,-0.0006,0.0036,0.0007,0.0000,0.0000,0.0000
15.1300,2,7.9088,0.6419,0.0000,0.0000,-0.0000,0.0000,0.0000,0.0000,0.0000
15.1300,3,7.8069,2.0764,0.7294,-0.0136,0.0026,0.0132,0.0000,0.0000,0.0000
15.1300,4,6.7735,2.4991,0.6837,-0.1149,-0.1149,-0.0232,0.0000,0.0000,0.0000
15.1300,5,6.8100,2.1057,0.7362,-0.0408,-0.0615,-0.0600,0.0000,0.0000,0.0000
15.1620,1,4.9247,0.8648,0.1738,-0.0006,0.0036,0.0007,0.0000,0.0000,0.0000
15.1620,2,7.9088,0.6419,0.0000,0.0000,-0.0000,0.0000,0.0000,0.0000,0.0000
15.1620,3,7.8067,2.0764,0.7296,-0.0136,0.0026,0.0133,0.0000,0.0000,0.0000
15.1620,4,6.7720,2.4966,0.6830,-0.1134,-0.1139,-0.0230,0.0000,0.0000,0.0000
15.1620,5,6.8090,2.1053,0.7359,-0.0403,-0.0608,-0.0595,0.0000,0.0000,0.0000
15.1960,1,4.9247,0.8648,0.1738,-0.0006,0.0036,0.0007,0.0000,0.0000,0.0000
15.1960,2,7.9088,0.6419,0.0000,0.0000,-0.0000,0.0000,0.0000,0.0000,0.0000
15.1960,3,7.8064,2.0764,0.7298,-0.0136,0.0026,0.0133,0.0000,0.0000,0.0000
15.1960,4,6.7704,2.4939,0.6822,-0.1118,-0.1129,-0.0229,0.0000,0.0000,0.0000
15.1960,5,6.8079,2.1049,0.7356,-0.0398,-0.0602,-0.0590,0.0000,0.0000,0.0000
15.2300,1,4.9247,0.8648,0.1738,-0.0006,0.0036,0.0007,0.0000,0.0000,0.0000
15.2300,2,7.9088,0.6419,0.0000,0.0000,-0.0000,0.0000,0.0000,0.0000,0.0000
15.2300,3,7.8062,2.0763,0.7301,-0.0136,0.0026,0.0133,0.0000,0.0000,0.0000
15.2300,4,6.7689,2.4912,0.6815,-0.1102,-0.1118,-0.0228,0.0000,0.0000,0.0000
15.2300,5,6.8069,2.1045,0.7353,-0.0393,-0.0595,-0.0584,0.0000,0.0000,0.0000
15.2620,1,4.9247,0.8648,0.1738,-0.0006,0.0036,0.0007,0.0000,0.0000,0.0000
15.2620,2,7.9088,0.6419,0.0000,0.0000,-0.0000,0.0000,0.0000,0.0000,0.0000
15.2620,3,7.8060,2.0763,0.7303,-0.0136,0.0026,0.0133,0.0000,0.0000,0.0000
15.2620,4,6.7675,2.4887,0.6808,-0.1085,-0.1108,-0.0226,0.0000,0.0000,0.0000
15.2620,5,6.8060,2.1041,0.7350,-0.0389,-0.0589,-0.0579,0.0000,0.0000,0.0000
15.2960,1,4.9247,0.8648,0.1738,-0.0006,0.0036,0.0007,0.0000,0.0000,0.0000
15.2960,2,7.9088,0.6419,0.0000,0.0000,-0.0000,0.0000,0.0000,0.0000,0.0000
15.2960,3,7.8058,2.0762,0.7305,-0.0136,0.0026,0.0133,0.0000,0.0000,0.0000
15.2960,4,6.7660,2.4860,0.6801,-0.1067,-0.1096,-0.0225,0.0000,0.0000,0.0000
15.2960,5,6.8050,2.1037,0.7347,-0.0384,-0.0583,-0.0574,0.0000,0.0000,0.0000
15.3300,1,4.9247,0.8648,0.1738,-0.0006,0.0036,0.0007,0.0000,0.0000,0.0000
15.3300,2,7.9088,0.6419,0.0000,0.0000,-0.0000,0.0000,0.0000,0.0000,0.0000
15.3300,3,7.8055,2.0762,0.7307,-0.0136,0.0026,0.0133,0.0000,0.0000,0.0000
15.3300,4,6.7646,2.4834,0.6793,-0.1049,-0.1084,-0.0224,0.0000,0.0000,0.0000
15.3300,5,6.8040,2.1033,0.7344,-0.0379,-0.0577,-0.0568,0.0000,0.0000,0.0000
15.3620,1,4.9247,0.8648,0.1738,-0.0006,0.0036,0.0007,0.0000,0.0000,0.0000
15.3620,2,7.9088,0.6419,0.0000,0.0000,-0.0000,0.0000,0.0000,0.0000,0.0000
15.3620,3,7.8053,2.0762,0.7309,-0.0136,0.0025,0.0133,0.0000,0.0000,0.0000
15.3620,4,6.7632,2.4810,0.6786,-0.1031,-0.1073,-0.0223,0.0000,0.0000,0.0000
15.3620,5,6.8030,2.1029,0.7341,-0.0375,-0.0571,-0.0563,0.0000,0.0000,0.0000
15.3960,1,4.9247,0.8648,0.1738,-0.0006,0.0036,0.0007,0.0000,0.0000,0.0000
15.3960,2,7.9088,0.6419,0.0000,0.0000,-0.0000,0.0000,0.0000,0.0000,0.0000
15.3960,3,7.8051,2.0761,0.7312,-0.0136,0.0025,0.0133,0.0000,0.0000,0.0000
15.3960,4,6.7618,2.4785,0.6779,-0.1011,-0.1060,-0.0222,0.0000,0.0000,0.0000
15.3960,5,6.8020,2.1025,0.7338,-0.0370,-0.0564,-0.0558,0.0000,0.0000,0.0000
15.4300,1,4.9247,0.8648,0.1738,-0.0006,0.0036,0.0007,0.0000,0.0000,0.0000
15.4300,2,7.9088,0.6419,0.0000,0.0000,-0.0000,0.0000,0.0000,0.0000,0.0000
15.4300,3,7.8048,2.0761,0.7314,-0.0136,0.0025,0.0133,0.0000,0.0000,0.0000
15.4300,4,6.7605,2.4759,0.6772,-0.0991,-0.1047,-0.0221,0.0000,0.0000,0.0000
15.4300,5,6.8011,2.1021,0.7335,-0.0365,-0.0558,-0.0553,0.0000,0.0000,0.0000
15.4620,1,4.9247,0.8648,0.1738,-0.0006,0.0036,0.0007,0.0000,0.0000,0.0000
15.4620,2,7.9088,0.6419,0.0000,0.0000,-0.0000,0.0000,0.0000,0.0000,0.0000
15.4620,3,7.8046,2.0760,0.7316,-0.0137,0.0025,0.0133,0.0000,0.0000,0.0000
15.4620,4,6.7592,2.4736,0.6765,-0.0971,-0.1034,-0.0219,0.0000,0.0000,0.0000
15.4620,5,6.8002,2.1018,0.7332,-0.0360,-0.0552,-0.0548,0.0000,0.0000,0.0000
15.4960,1,4.9247,0.8648,0.1738,-0.0006,0.0036,0.0007,0.0000,0.0000,0.0000
15.4960,2,7.9088,0.6419,0.0000,0.0000,-0.0000,0.0000,0.0000,0.0000,0.0000
15.4960,3,7.8044,2.0760,0.7318,-0.0137,0.0025,0.0133,0.0000,0.0000,0.0000
15.4960,4,6.7580,2.4711,0.6758,-0.0950,-0.1021,-0.0218,0.0000,0.0000,0.0000
15.4960,5,6.7992,2.1014,0.7329,-0.0355,-0.0546,-0.0543,0.0000,0.0000,0.0000
15.5300,1,4.9247,0.8648,0.1738,-0.0006,0.0036,0.0007,0.0000,0.0000,0.0000
15.5300,2,7.9088,0.6419,0.0000,0.0000,-0.0000,0.0000,0.0000,0.0000,0.0000
15.5300,3,7.8041,2.0760,0.7321,-0.0137,0.0025,0.0133,0.0000,0.0000,0.0000
15.5300,4,6.7567,2.4687,0.6751,-0.0929,-0.1006,-0.0217,0.0000,0.0000,0.0000
15.5300,5,6.7983,2.1010,0.7326,-0.0350,-0.0540,-0.0538,0.0000,0.0000,0.0000
15.5640,1,4.9247,0.8648,0.1738,-0.0006,0.0036,0.0007,0.0000,0.0000,0.0000
15.5640,2,7.9088,0.6419,0.0000,0.0000,-0.0000,0.0000,0.0000,0.0000,0.0000
15.5640,3,7.8039,2.0759,0.7323,-0.0137,0.0025,0.0134,0.0000,0.0000,0.0000
15.5640,4,6.7555,2.4663,0.6744,-0.0907,-0.0992,-0.0216,0.0000,0.0000,0.0000
15.5640,5,6.7973,2.1006,0.7323,-0.0345,-0.0534,-0.0533,0.0000,0.0000,0.0000
15.5960,1,4.9247,0.8648,0.1738,-0.0006,0.0036,0.0007,0.0000,0.0000,0.0000
15.5960,2,7.9088,0.6419,0.0000,0.0000,-0.0000,0.0000,0.0000,0.0000,0.0000
15.5960,3,7.8037,2.0759,0.7325,-0.0137,0.0025,0.0134,0.0000,0.0000,0.0000
15.5960,4,6.7544,2.4640,0.6737,-0.0886,-0.0978,-0.0215,0.0000,0.0000,0.0000
15.5960,5,6.7964,2.1003,0.7321,-0.0340,-0.0528,-0.0528,0.0000,0.0000,0.0000
15.6300,1,4.9247,0.8648,0.1738,-0.0006,0.0036,0.0007,0.0000,0.0000,0.0000
15.6300,2,7.9088,0.6419,0.0000,0.0000,-0.0000,0.0000,0.0000,0.0000,0.0000
15.6300,3,7.8034,2.0758,0.7327,-0.0137,0.0024,0.0134,0.0000,0.0000,0.0000
15.6300,4,6.7532,2.4617,0.6730,-0.0864,-0.0963,-0.0213,0.0000,0.0000,0.0000
15.6300,5,6.7955,2.0999,0.7318,-0.0335,-0.0522,-0.0523,0.0000,0.0000,0.0000
15.6660,1,4.9247,0.8648,0.1738,-0.0006,0.0036,0.0007,0.0000,0.0000,0.0000
15.6660,2,7.9088,0.6419,0.0000,0.0000,-0.0000,0.0000,0.0000,0.0000,0.0000
15.6660,3,7.8032,2.0758,0.7330,-0.0137,0.0024,0.0134,0.0000,0.0000,0.0000
15.6660,4,6.7521,2.4592,0.6723,-0.0841,-0.0947,-0.0212,0.0000,0.0000,0.0000
15.6660,5,6.7946,2.0996,0.7315,-0.0330,-0.0516,-0.0518,0.0000,0.0000,0.0000
15.6980,1,4.9247,0.8648,0.1738,-0.0006,0.0036,0.0007,0.0000,0.0000,0.0000
15.6980,2,7.9088,0.6419,0.0000,0.0000,-0.0000,0.0000,0.0000,0.0000,0.0000
15.6980,3,7.8030,2.0758,0.7332,-0.0137,0.0024,0.0134,0.0000,0.0000,0.0000
15.6980,4,6.7511,2.4571,0.6717,-0.0820,-0.0933,-0.0211,0.0000,0.0000,0.0000
15.6980,5,6.7937,2.0992,0.7313,-0.0326,-0.0510,-0.0513,0.0000,0.0000,0.0000
15.7300,1,4.9247,0.8648,0.1738,-0.0006,0.0036,0.0007,0.0000,0.0000,0.0000
15.7300,2,7.9088,0.6419,0.0000,0.0000,-0.0000,0.0000,0.0000,0.0000,0.0000
15.7300,3,7.8028,2.0757,0.7334,-0.0137,0.0024,0.0134,0.0000,0.0000,0.0000
15.7300,4,6.7501,2.4550,0.6710,-0.0799,-0.0919,-0.0210,0.0000,0.0000,0.0000
15.7300,5,6.7929,2.0989,0.7310,-0.0321,-0.0505,-0.0508,0.0000,0.0000,0.0000
15.7640,1,4.9247,0.8648,0.1738,-0.0006,0.0036,0.0007,0.0000,0.0000,0.0000
15.7640,2,7.9088,0.6419,0.0000,0.0000,-0.0000,0.0000,0.0000,0.0000,0.0000
15.7640,3,7.8025,2.0757,0.7336,-0.0137,0.0024,0.0134,0.0000,0.0000,0.0000
15.7640,4,6.7491,2.4527,0.6703,-0.0776,-0.0903,-0.0208,0.0000,0.0000,0.0000
15.7640,5,6.7920,2.0986,0.7308,-0.0317,-0.0499,-0.0503,0.0000,0.0000,0.0000
15.7960,1,4.9247,0.8648,0.1738,-0.0006,0.0036,0.0007,0.0000,0.0000,0.0000
15.7960,2,7.9088,0.6419,0.0000,0.0000,-0.0000,0.0000,0.0000,0.0000,0.0000
15.7960,3,7.8023,2.0756,0.7338,-0.0137,0.0024,0.0134,0.0000,0.0000,0.0000
15.7960,4,6.7482,2.4507,0.6697,-0.0755,-0.0888,-0.0207,0.0000,0.0000,0.0000
15.7960,5,6.7912,2.0982,0.7305,-0.0313,-0.0494,-0.0499,0.0000,0.0000,0.0000
15.8300,1,4.9247,0.8648,0.1738,-0.0006,0.0036,0.0007,0.0000,0.0000,0.0000
15.8300,2,7.9088,0.6419,0.0000,0.0000,-0.0000,0.0000,0.0000,0.0000,0.0000
15.8300,3,7.8021,2.0756,0.7341,-0.0137,0.0024,0.0134,0.0000,0.0000,0.0000
15.8300,4,6.7473,2.4485,0.6690,-0.0733,-0.0872,-0.0206,0.0000,0.0000,0.0000
15.8300,5,6.7903,2.0979,0.7303,-0.0308,-0.0488,-0.0494,0.0000,0.0000,0.0000
15.8640,1,4.9247,0.8648,0.1738,-0.0006,0.0036,0.0007,0.0000,0.0000,0.0000
15.8640,2,7.9088,0.6419,0.0000,0.0000,-0.0000,0.0000,0.0000,0.0000,0.0000
15.8640,3,7.8018,2.0756,0.7343,-0.0137,0.0024,0.0135,0.0000,0.0000,0.0000
15.8640,4,6.7464,2.4464,0.6684,-0.0711,-0.0857,-0.0204,0.0000,0.0000,0.0000
15.8640,5,6.7894,2.0976,0.7300,-0.0304,-0.0483,-0.0489,0.0000,0.0000,0.0000
15.8960,1,4.9247,0.8648,0.1738,-0.0006,0.0036,0.0007,0.0000,0.0000,0.0000
15.8960,2,7.9088,0.6419,0.0000,0.0000,-0.0000,0.0000,0.0000,0.0000,0.0000
15.8960,3,7.8016,2.0755,0.7345,-0.0137,0.0024,0.0135,0.0000,0.0000,0.0000
15.8960,4,6.7456,2.4444,0.6677,-0.0690,-0.0842,-0.0203,0.0000,0.0000,0.0000
15.8960,5,6.7886,2.0973,0.7298,-0.0300,-0.0478,-0.0485,0.0000,0.0000,0.0000
15.9300,1,4.9247,0.8648,0.1738,-0.0006,0.0036,0.0007,0.0000,0.0000,0.0000
15.9300,2,7.9088,0.6419,0.0000,0.0000,-0.0000,0.0000,0.0000,0.0000,0.0000
15.9300,3,7.8014,2.0755,0.7347,-0.0138,0.0024,0.0135,0.0000,0.0000,0.0000
15.9300,4,6.7448,2.4423,0.6671,-0.0668,-0.0826,-0.0202,0.0000,0.0000,0.0000
15.9300,5,6.7878,2.0969,0.7296,-0.0295,-0.0472,-0.0480,0.0000,0.0000,0.0000
15.9620,1,4.9247,0.8648,0.1738,-0.0006,0.0036,0.0007,0.0000,0.0000,0.0000
15.9620,2,7.9088,0.6419,0.0000,0.0000,-0.0000,0.0000,0.0000,0.0000,0.0000
15.9620,3,7.8011,2.0754,0.7349,-0.0138,0.0024,0.0135,0.0000,0.0000,0.0000
15.9620,4,6.7440,2.4404,0.6665,-0.0648,-0.0811,-0.0200,0.0000,0.0000,0.0000
15.9620,5,6.7870,2.0966,0.7293,-0.0291,-0.0467,-0.0476,0.0000,0.0000,0.0000
15.9960,1,4.9247,0.8648,0.1738,-0.0006,0.0036,0.0007,0.0000,0.0000,0.0000
15.9960,2,7.9088,0.6419,0.0000,0.0000,-0.0000,0.0000,0.0000,0.0000,0.0000
15.9960,3,7.8009,2.0754,0.7352,-0.0138,0.0024,0.0135,0.0000,0.0000,0.0000
15.9960,4,6.7433,2.4384,0.6658,-0.0626,-0.0795,-0.0199,0.0000,0.0000,0.0000
15.9960,5,6.7862,2.0963,0.7291,-0.0287,-0.0462,-0.0471,0.0000,0.0000,0.0000
16.0300,1,4.9247,0.8648,0.1738,-0.0006,0.0036,0.0007,0.0000,0.0000,0.0000
16.0300,2,7.9088,0.6419,0.0000,0.0000,-0.0000,0.0000,0.0000,0.0000,0.0000
16.0300,3,7.8007,2.0754,0.7354,-0.0138,0.0024,0.0135,0.0000,0.0000,0.0000
16.0300,4,6.7426,2.4364,0.6652,-0.0605,-0.0779,-0.0197,0.0000,0.0000,0.0000
16.0300,5,6.7854,2.0960,0.7289,-0.0283,-0.0457,-0.0467,0.0000,0.0000,0.0000
16.0640,1,4.9247,0.8648,0.1738,-0.0006,0.0036,0.0007,0.0000,0.0000,0.0000
16.0640,2,7.9088,0.6419,0.0000,0.0000,-0.0000,0.0000,0.0000,0.0000,0.0000
16.0640,3,7.8004,2.0753,0.7356,-0.0138,0.0024,0.0135,0.0000,0.0000,0.0000
16.0640,4,6.7419,2.4345,0.6645,-0.0584,-0.0763,-0.0196,0.0000,0.0000,0.0000
16.0640,5,6.7846,2.0957,0.7287,-0.0279,-0.0452,-0.0462,0.0000,0.0000,0.0000
16.0960,1,4.9247,0.8648,0.1738,-0.0006,0.0036,0.0007,0.0000,0.0000,0.0000
16.0960,2,7.9088,0.6419,0.0000,0.0000,-0.0000,0.0000,0.0000,0.0000,0.0000
16.0960,3,7.8002,2.0753,0.7358,-0.0138,0.0024,0.0135,0.0000,0.0000,0.0000
16.0960,4,6.7413,2.4327,0.6639,-0.0564,-0.0748,-0.0195,0.0000,0.0000,0.0000
16.0960,5,6.7838,2.0954,0.7285,-0.0275,-0.0447,-0.0458,0.0000,0.0000,0.0000
16.1300,1,4.9247,0.8648,0.1738,-0.0006,0.0036,0.0007,0.0000,0.0000,0.0000
16.1300,2,7.9088,0.6419,0.0000,0.0000,-0.0000,0.0000,0.0000,0.0000,0.0000
16.1300,3,7.8000,2.0752,0.7361,-0.0138,0.0024,0.0136,0.0000,0.0000,0.0000
16.1300,4,6.7407,2.4308,0.6633,-0.0543,-0.0732,-0.0193,0.0000,0.0000,0.0000
16.1300,5,6.7830,2.0951,0.7282,-0.0271,-0.0442,-0.0453,0.0000,0.0000,0.0000
16.1640,1,4.9247,0.8648,0.1738,-0.0006,0.0036,0.0007,0.0000,0.0000,0.0000
16.1640,2,7.9088,0.6419,0.0000,0.0000,-0.0000,0.0000,0.0000,0.0000,0.0000
16.1640,3,7.7998,2.0752,0.7363,-0.0138,0.0024,0.0136,0.0000,0.0000,0.0000
16.1640,4,6.7401,2.4290,0.6627,-0.0523,-0.0717,-0.0192,0.0000,0.0000,0.0000
16.1640,5,6.7822,2.0948,0.7280,-0.0267,-0.0437,-0.0449,0.0000,0.0000,0.0000
16.1960,1,4.9247,0.8648,0.1738,-0.0006,0.0036,0.0007,0.0000,0.0000,0.0000
16.1960,2,7.9088,0.6419,0.0000,0.0000,-0.0000,0.0000,0.0000,0.0000,0.0000
16.1960,3,7.7995,2.0752,0.7365,-0.0138,0.0024,0.0136,0.0000,0.0000,0.0000
16.1960,4,6.7396,2.4273,0.6621,-0.0504,-0.0702,-0.0190,0.0000,0.0000,0.0000
16.1960,5,6.7815,2.0946,0.7278,-0.0263,-0.0432,-0.0445,0.0000,0.0000,0.0000
16.2300,1,4.9247,0.8648,0.1738,-0.0006,0.0036,0.0007,0.0000,0.0000,0.0000
16.2300,2,7.9088,0.6419,0.0000,0.0000,-0.0000,0.0000,0.0000,0.0000,0.0000
16.2300,3,7.7993,2.0751,0.7368,-0.0138,0.0024,0.0136,0.0000,0.0000,0.0000
16.2300,4,6.7391,2.4255,0.6615,-0.0485,-0.0687,-0.0189,0.0000,0.0000,0.0000
16.2300,5,6.7807,2.0943,0.7276,-0.0260,-0.0427,-0.0440,0.0000,0.0000,0.0000
16.2640,1,4.9247,0.8648,0.1738,-0.0006,0.0036,0.0007,0.0000,0.0000,0.0000
16.2640,2,7.9088,0.6419,0.0000,0.0000,-0.0000,0.0000,0.0000,0.0000,0.0000
16.2640,3,7.7991,2.0751,0.7370,-0.0138,0.0024,0.0136,0.0000,0.0000,0.0000
16.2640,4,6.7386,2.4237,0.6608,-0.0466,-0.0672,-0.0187,0.0000,0.0000,0.0000
16.2640,5,6.7800,2.0940,0.7274,-0.0256,-0.0423,-0.0436,0.0000,0.0000,0.0000
16.2980,1,4.9247,0.8648,0.1738,-0.0006,0.0036,0.0007,0.0000,0.0000,0.0000
16.2980,2,7.9088,0.6419,0.0000,0.0000,-0.0000,0.0000,0.0000,0.0000,0.0000
16.2980,3,7.7988,2.0750,0.7372,-0.0138,0.0024,0.0136,0.0000,0.0000,0.0000
16.2980,4,6.7381,2.4220,0.6602,-0.0447,-0.0657,-0.0186,0.0000,0.0000,0.0000
16.2980,5,6.7792,2.0937,0.7272,-0.0252,-0.0418,-0.0432,0.0000,0.0000,0.0000
16.3300,1,4.9247,0.8648,0.1738,-0.0006,0.0036,0.0007,0.0000,0.0000,0.0000
16.3300,2,7.9088,0.6419,0.0000,0.0000,-0.0000,0.0000,0.0000,0.0000,0.0000
16.3300,3,7.7986,2.0750,0.7374,-0.0139,0.0024,0.0136,0.0000,0.0000,0.0000
16.3300,4,6.7377,2.4204,0.6597,-0.0429,-0.0643,-0.0184,0.0000,0.0000,0.0000
16.3300,5,6.7785,2.0935,0.7270,-0.0249,-0.0413,-0.0428,0.0000,0.0000,0.0000
16.3640,1,4.9247,0.8648,0.1738,-0.0006,0.0036,0.0007,0.0000,0.0000,0.0000
16.3640,2,7.9088,0.6419,0.0000,0.0000,-0.0000,0.0000,0.0000,0.0000,0.0000
16.3640,3,7.7984,2.0750,0.7377,-0.0139,0.0024,0.0136,0.0000,0.0000,0.0000
16.3640,4,6.7373,2.4187,0.6591,-0.0411,-0.0629,-0.0183,0.0000,0.0000,0.0000
16.3640,5,6.7778,2.0932,0.7268,-0.0245,-0.0409,-0.0424,0.0000,0.0000,0.0000
16.3960,1,4.9247,0.8648,0.1738,-0.0006,0.0036,0.0007,0.0000,0.0000,0.0000
16.3960,2,7.9088,0.6419,0.0000,0.0000,-0.0000,0.0000,0.0000,0.0000,0.0000
16.3960,3,7.7981,2.0749,0.7379,-0.0139,0.0024,0.0137,0.0000,0.0000,0.0000
16.3960,4,6.7370,2.4171,0.6585,-0.0395,-0.0615,-0.0181,0.0000,0.0000,0.0000
16.3960,5,6.7771,2.0929,0.7267,-0.0242,-0.0404,-0.0420,0.0000,0.0000,0.0000
16.4300,1,4.9247,0.8648,0.1738,-0.0006,0.0036,0.0007,0.0000,0.0000,0.0000
16.4300,2,7.9088,0.6419,0.0000,0.0000,-0.0000,0.0000,0.0000,0.0000,0.0000
16.4300,3,7.7979,2.0749,0.7381,-0.0139,0.0024,0.0137,0.0000,0.0000,0.0000
16.4300,4,6.7366,2.4155,0.6579,-0.0378,-0.0601,-0.0180,0.0000,0.0000,0.0000
16.4300,5,6.7764,2.0927,0.7265,-0.0238,-0.0400,-0.0415,0.0000,0.0000,0.0000
16.4640,1,4.9247,0.8648,0.1738,-0.0006,0.0036,0.0007,0.0000,0.0000,0.0000
16.4640,2,7.9088,0.6419,0.0000,0.0000,-0.0000,0.0000,0.0000,0.0000,0.0000
16.4640,3,7.7977,2.0748,0.7384,-0.0139,0.0024,0.0137,0.0000,0.0000,0.0000
16.4640,4,6.7363,2.4139,0.6573,-0.0361,-0.0587,-0.0178,0.0000,0.0000,0.0000
16.4640,5,6.7756,2.0924,0.7263,-0.0235,-0.0395,-0.0411,0.0000,0.0000,0.0000
16.4960,1,4.9247,0.8648,0.1738,-0.0006,0.0036,0.0007,0.0000,0.0000,0.0000
16.4960,2,7.9088,0.6419,0.0000,0.0000,-0.0000,0.0000,0.0000,0.0000,0.0000
16.4960,3,7.7975,2.0748,0.7386,-0.0139,0.0024,0.0137,0.0000,0.0000,0.0000
16.4960,4,6.7360,2.4125,0.6568,-0.0345,-0.0575,-0.0177,0.0000,0.0000,0.0000
16.4960,5,6.7750,2.0922,0.7261,-0.0232,-0.0391,-0.0408,0.0000,0.0000,0.0000
16.5300,1,4.9247,0.8648,0.1738,-0.0006,0.0036,0.0007,0.0000,0.0000,0.0000
16.5300,2,7.9088,0.6419,0.0000,0.0000,-0.0000,0.0000,0.0000,0.0000,0.0000
16.5300,3,7.7972,2.0748,0.7388,-0.0139,0.0024,0.0137,0.0000,0.0000,0.0000
16.5300,4,6.7358,2.4109,0.6562,-0.0329,-0.0561,-0.0175,0.0000,0.0000,0.0000
16.5300,5,6.7743,2.0919,0.7259,-0.0228,-0.0387,-0.0403,0.0000,0.0000,0.0000
16.5620,1,4.9247,0.8648,0.1738,-0.0006,0.0036,0.0007,0.0000,0.0000,0.0000
16.5620,2,7.9088,0.6419,0.0000,0.0000,-0.0000,0.0000,0.0000,0.0000,0.0000
16.5620,3,7.7970,2.0747,0.7390,-0.0139,0.0024,0.0137,0.0000,0.0000,0.0000
16.5620,4,6.7355,2.4095,0.6556,-0.0315,-0.0549,-0.0174,0.0000,0.0000,0.0000
16.5620,5,6.7736,2.0917,0.7258,-0.0225,-0.0383,-0.0400,0.0000,0.0000,0.0000
16.5960,1,4.9247,0.8648,0.1738,-0.0006,0.0036,0.0007,0.0000,0.0000,0.0000
16.5960,2,7.9088,0.6419,0.0000,0.0000,-0.0000,0.0000,0.0000,0.0000,0.0000
16.5960,3,7.7968,2.0747,0.7393,-0.0139,0.0024,0.0137,0.0000,0.0000,0.0000
16.5960,4,6.7353,2.4080,0.6550,-0.0299,-0.0531,-0.0197,0.0000,0.0000,0.0000
16.5960,5,6.7729,2.0914,0.7256,-0.0221,-0.0378,-0.0394,0.0000,0.0000,0.0000
16.6300,1,4.9247,0.8648,0.1738,-0.0006,0.0036,0.0007,0.0000,0.0000,0.0000
16.6300,2,7.9088,0.6419,0.0000,0.0000,-0.0000,0.0000,0.0000,0.0000,0.0000
16.6300,3,7.7965,2.0746,0.7395,-0.0139,0.0024,0.0138,0.0000,0.0000,0.0000
16.6300,4,6.7351,2.4066,0.6544,-0.0284,-0.0513,-0.0221,0.0000,0.0000,0.0000
16.6300,5,6.7723,2.0912,0.7254,-0.0217,-0.0373,-0.0390,0.0000,0.0000,0.0000
