Timp,ID_Corp,PozitieX,PozitieY,UnghiPhi,VitezaX,VitezaY,VitezaOmega,AcceleratieX,AcceleratieY,AcceleratieEpsilon
0.0060,1,4.9240,0.8682,0.1745,0.0020,-0.0115,-0.0023,0.0000,0.0000,0.0000
0.0060,2,7.9088,0.6419,0.0000,0.0000,-0.0000,0.0000,0.0000,0.0000,0.0000
0.0060,3,8.2406,2.2146,0.0000,0.0000,-0.0294,0.0000,0.0000,0.0000,0.0000
0.0360,1,4.9241,0.8679,0.1745,0.0032,-0.0183,-0.0037,0.0000,0.0000,0.0000
0.0360,2,7.9088,0.6419,0.0000,0.0000,-0.0000,0.0000,0.0000,0.0000,0.0000
0.0360,3,8.2406,2.2130,0.0000,0.0000,-0.1765,0.0000,0.0000,0.0000,0.0000
0.0620,1,4.9241,0.8676,0.1744,0.0032,-0.0183,-0.0037,0.0000,0.0000,0.0000
0.0620,2,7.9088,0.6419,0.0000,0.0000,-0.0000,0.0000,0.0000,0.0000,0.0000
0.0620,3,8.2406,2.2099,0.0000,0.0000,-0.3037,0.0000,0.0000,0.0000,0.0000
0.0940,1,4.9242,0.8673,0.1743,0.0032,-0.0183,-0.0037,0.0000,0.0000,0.0000
0.0940,2,7.9088,0.6419,0.0000,0.0000,-0.0000,0.0000,0.0000,0.0000,0.0000
0.0940,3,8.2406,2.2038,0.0000,0.0000,-0.4602,0.0000,0.0000,0.0000,0.0000
0.1260,1,4.9243,0.8669,0.1743,0.0032,-0.0183,-0.0037,0.0000,0.0000,0.0000
0.1260,2,7.9088,0.6419,0.0000,0.0000,-0.0000,0.0000,0.0000,0.0000,0.0000
0.1260,3,8.2406,2.1952,0.0000,0.0000,-0.6165,0.0000,0.0000,0.0000,0.0000
0.1600,1,4.9243,0.8666,0.1742,0.0031,-0.0177,-0.0036,0.0000,0.0000,0.0000
0.1600,2,7.9088,0.6419,0.0000,0.0000,-0.0000,0.0000,0.0000,0.0000,0.0000
0.1600,3,8.2406,2.1833,0.0000,0.0000,-0.7823,0.0000,0.0000,0.0000,0.0000
0.1920,1,4.9244,0.8663,0.1741,0.0021,-0.0121,-0.0025,0.0000,0.0000,0.0000
0.1920,2,7.9088,0.6419,0.0000,0.0000,-0.0000,0.0000,0.0000,0.0000,0.0000
0.1920,3,8.2406,2.1695,0.0000,0.0000,-0.9382,0.0000,0.0000,0.0000,0.0000
0.2260,1,4.9245,0.8653,0.1739,0.0077,-0.0440,-0.0089,0.0000,0.0000,0.0000
0.2260,2,7.9088,0.6419,0.0000,0.0000,-0.0000,0.0000,0.0000,0.0000,0.0000
0.2260,3,8.2405,2.1582,-0.0002,0.0058,-0.0796,-0.0116,0.0000,0.0000,0.0000
0.2600,1,4.9246,0.8651,0.1739,-0.0002,0.0014,0.0003,0.0000,0.0000,0.0000
0.2600,2,7.9088,0.6419,0.0000,0.0000,-0.0000,0.0000,0.0000,0.0000,0.0000
0.2600,3,8.2405,2.1578,-0.0003,-0.0065,-0.0003,-0.0008,0.0000,0.0000,0.0000
0.2940,1,4.9246,0.8650,0.1739,-0.0006,0.0032,0.0006,0.0000,0.0000,0.0000
0.2940,2,7.9088,0.6419,0.0000,0.0000,-0.0000,0.0000,0.0000,0.0000,0.0000
0.2940,3,8.2404,2.1577,-0.0003,-0.0074,0.0028,-0.0004,0.0000,0.0000,0.0000
0.3260,1,4.9246,0.8650,0.1739,-0.0006,0.0033,0.0007,0.0000,0.0000,0.0000
0.3260,2,7.9088,0.6419,0.0000,0.0000,-0.0000,0.0000,0.0000,0.0000,0.0000
0.3260,3,8.2403,2.1577,-0.0003,-0.0075,0.0030,-0.0004,0.0000,0.0000,0.0000
0.3600,1,4.9246,0.8650,0.1739,-0.0006,0.0034,0.0007,0.0000,0.0000,0.0000
0.3600,2,7.9088,0.6419,0.0000,0.0000,-0.0000,0.0000,0.0000,0.0000,0.0000
0.3600,3,8.2401,2.1576,-0.0003,-0.0075,0.0031,-0.0003,0.0000,0.0000,0.0000
0.3920,1,4.9246,0.8650,0.1739,-0.0006,0.0034,0.0007,0.0000,0.0000,0.0000
0.3920,2,7.9088,0.6419,0.0000,0.0000,-0.0000,0.0000,0.0000,0.0000,0.0000
0.3920,3,8.2400,2.1576,-0.0003,-0.0075,0.0032,-0.0003,0.0000,0.0000,0.0000
0.4260,1,4.9246,0.8650,0.1739,-0.0006,0.0035,0.0007,0.0000,0.0000,0.0000
0.4260,2,7.9088,0.6419,0.0000,0.0000,-0.0000,0.0000,0.0000,0.0000,0.0000
0.4260,3,8.2399,2.1576,-0.0003,-0.0076,0.0033,-0.0003,0.0000,0.0000,0.0000
0.4600,1,4.9246,0.8650,0.1739,-0.0006,0.0035,0.0007,0.0000,0.0000,0.0000
0.4600,2,7.9088,0.6419,0.0000,0.0000,-0.0000,0.0000,0.0000,0.0000,0.0000
0.4600,3,8.2397,2.1576,-0.0003,-0.0076,0.0033,-0.0003,0.0000,0.0000,0.0000
0.4940,1,4.9246,0.8650,0.1739,-0.0006,0.0035,0.0007,0.0000,0.0000,0.0000
0.4940,2,7.9088,0.6419,0.0000,0.0000,-0.0000,0.0000,0.0000,0.0000,0.0000
0.4940,3,8.2396,2.1575,-0.0003,-0.0076,0.0034,-0.0003,0.0000,0.0000,0.0000
0.5260,1,4.9246,0.8650,0.1739,-0.0006,0.0035,0.0007,0.0000,0.0000,0.0000
0.5260,2,7.9088,0.6419,0.0000,0.0000,-0.0000,0.0000,0.0000,0.0000,0.0000
0.5260,3,8.2395,2.1575,-0.0003,-0.0076,0.0034,-0.0003,0.0000,0.0000,0.0000
0.5580,1,4.9246,0.8650,0.1739,-0.0006,0.0035,0.0007,0.0000,0.0000,0.0000
0.5580,2,7.9088,0.6419,0.0000,0.0000,-0.0000,0.0000,0.0000,0.0000,0.0000
0.5580,3,8.2394,2.1575,-0.0003,-0.0076,0.0034,-0.0003,0.0000,0.0000,0.0000
0.5920,1,4.9246,0.8650,0.1739,-0.0006,0.0035,0.0007,0.0000,0.0000,0.0000
0.5920,2,7.9088,0.6419,0.0000,0.0000,-0.0000,0.0000,0.0000,0.0000,0.0000
0.5920,3,8.2392,2.1575,-0.0003,-0.0076,0.0034,-0.0003,0.0000,0.0000,0.0000
0.6260,1,4.9246,0.8650,0.1739,-0.0006,0.0035,0.0007,0.0000,0.0000,0.0000
0.6260,2,7.9088,0.6419,0.0000,0.0000,-0.0000,0.0000,0.0000,0.0000,0.0000
0.6260,3,8.2391,2.1574,-0.0003,-0.0076,0.0034,-0.0003,0.0000,0.0000,0.0000
0.6600,1,4.9246,0.8650,0.1739,-0.0006,0.0035,0.0007,0.0000,0.0000,0.0000
0.6600,2,7.9088,0.6419,0.0000,0.0000,-0.0000,0.0000,0.0000,0.0000,0.0000
0.6600,3,8.2390,2.1574,-0.0003,-0.0076,0.0034,-0.0003,0.0000,0.0000,0.0000
0.6920,1,4.9246,0.8650,0.1739,-0.0006,0.0035,0.0007,0.0000,0.0000,0.0000
0.6920,2,7.9088,0.6419,0.0000,0.0000,-0.0000,0.0000,0.0000,0.0000,0.0000
0.6920,3,8.2389,2.1574,-0.0003,-0.0076,0.0034,-0.0003,0.0000,0.0000,0.0000
0.7240,1,4.9246,0.8650,0.1739,-0.0006,0.0035,0.0007,0.0000,0.0000,0.0000
0.7240,2,7.9088,0.6419,0.0000,0.0000,-0.0000,0.0000,0.0000,0.0000,0.0000
0.7240,3,8.2387,2.1574,-0.0003,-0.0076,0.0034,-0.0003,0.0000,0.0000,0.0000
0.7620,1,4.9246,0.8650,0.1739,-0.0006,0.0035,0.0007,0.0000,0.0000,0.0000
0.7620,2,7.9088,0.6419,0.0000,0.0000,-0.0000,0.0000,0.0000,0.0000,0.0000
0.7620,3,8.2386,2.1573,-0.0003,-0.0076,0.0034,-0.0003,0.0000,0.0000,0.0000
0.7940,1,4.9246,0.8650,0.1739,-0.0006,0.0035,0.0007,0.0000,0.0000,0.0000
0.7940,2,7.9088,0.6419,0.0000,0.0000,-0.0000,0.0000,0.0000,0.0000,0.0000
0.7940,3,8.2385,2.1573,-0.0003,-0.0076,0.0034,-0.0003,0.0000,0.0000,0.0000
0.8280,1,4.9246,0.8650,0.1739,-0.0006,0.0035,0.0007,0.0000,0.0000,0.0000
0.8280,2,7.9088,0.6419,0.0000,0.0000,-0.0000,0.0000,0.0000,0.0000,0.0000
0.8280,3,8.2383,2.1573,-0.0003,-0.0076,0.0034,-0.0003,0.0000,0.0000,0.0000
0.8600,1,4.9246,0.8650,0.1739,-0.0006,0.0035,0.0007,0.0000,0.0000,0.0000
0.8600,2,7.9088,0.6419,0.0000,0.0000,-0.0000,0.0000,0.0000,0.0000,0.0000
0.8600,3,8.2382,2.1573,-0.0004,-0.0076,0.0034,-0.0003,0.0000,0.0000,0.0000
0.8920,1,4.9246,0.8650,0.1739,-0.0006,0.0035,0.0007,0.0000,0.0000,0.0000
0.8920,2,7.9088,0.6419,0.0000,0.0000,-0.0000,0.0000,0.0000,0.0000,0.0000
0.8920,3,8.2381,2.1572,-0.0004,-0.0076,0.0034,-0.0003,0.0000,0.0000,0.0000
0.9260,1,4.9246,0.8650,0.1739,-0.0006,0.0035,0.0007,0.0000,0.0000,0.0000
0.9260,2,7.9088,0.6419,0.0000,0.0000,-0.0000,0.0000,0.0000,0.0000,0.0000
0.9260,3,8.2380,2.1572,-0.0004,-0.0076,0.0034,-0.0003,0.0000,0.0000,0.0000
0.9600,1,4.9246,0.8650,0.1739,-0.0006,0.0035,0.0007,0.0000,0.0000,0.0000
0.9600,2,7.9088,0.6419,0.0000,0.0000,-0.0000,0.0000,0.0000,0.0000,0.0000
0.9600,3,8.2378,2.1572,-0.0004,-0.0076,0.0034,-0.0003,0.0000,0.0000,0.0000
0.9920,1,4.9246,0.8650,0.1739,-0.0006,0.0035,0.0007,0.0000,0.0000,0.0000
0.9920,2,7.9088,0.6419,0.0000,0.0000,-0.0000,0.0000,0.0000,0.0000,0.0000
0.9920,3,8.2377,2.1572,-0.0004,-0.0076,0.0034,-0.0003,0.0000,0.0000,0.0000
1.0240,1,4.9246,0.8650,0.1739,-0.0006,0.0035,0.0007,0.0000,0.0000,0.0000
1.0240,2,7.9088,0.6419,0.0000,0.0000,-0.0000,0.0000,0.0000,0.0000,0.0000
1.0240,3,8.2376,2.1571,-0.0004,-0.0076,0.0034,-0.0003,0.0000,0.0000,0.0000
1.0580,1,4.9246,0.8650,0.1739,-0.0006,0.0035,0.0007,0.0000,0.0000,0.0000
1.0580,2,7.9088,0.6419,0.0000,0.0000,-0.0000,0.0000,0.0000,0.0000,0.0000
1.0580,3,8.2375,2.1571,-0.0004,-0.0076,0.0034,-0.0003,0.0000,0.0000,0.0000
1.0920,1,4.9246,0.8650,0.1739,-0.0006,0.0035,0.0007,0.0000,0.0000,0.0000
1.0920,2,7.9088,0.6419,0.0000,0.0000,-0.0000,0.0000,0.0000,0.0000,0.0000
1.0920,3,8.2373,2.1571,-0.0004,-0.0076,0.0034,-0.0003,0.0000,0.0000,0.0000
1.1240,1,4.9246,0.8650,0.1739,-0.0006,0.0035,0.0007,0.0000,0.0000,0.0000
1.1240,2,7.9088,0.6419,0.0000,0.0000,-0.0000,0.0000,0.0000,0.0000,0.0000
1.1240,3,8.2372,2.1571,-0.0004,-0.0076,0.0034,-0.0003,0.0000,0.0000,0.0000
1.1580,1,4.9246,0.8650,0.1739,-0.0006,0.0035,0.0007,0.0000,0.0000,0.0000
1.1580,2,7.9088,0.6419,0.0000,0.0000,-0.0000,0.0000,0.0000,0.0000,0.0000
1.1580,3,8.2371,2.1571,-0.0004,-0.0076,0.0034,-0.0003,0.0000,0.0000,0.0000
1.1920,1,4.9246,0.8650,0.1739,-0.0006,0.0035,0.0007,0.0000,0.0000,0.0000
1.1920,2,7.9088,0.6419,0.0000,0.0000,-0.0000,0.0000,0.0000,0.0000,0.0000
1.1920,3,8.2370,2.1570,-0.0004,-0.0076,0.0034,-0.0003,0.0000,0.0000,0.0000
1.2260,1,4.9246,0.8650,0.1739,-0.0006,0.0035,0.0007,0.0000,0.0000,0.0000
1.2260,2,7.9088,0.6419,0.0000,0.0000,-0.0000,0.0000,0.0000,0.0000,0.0000
1.2260,3,8.2368,2.1570,-0.0004,-0.0076,0.0034,-0.0003,0.0000,0.0000,0.0000
1.2600,1,4.9246,0.8650,0.1739,-0.0006,0.0035,0.0007,0.0000,0.0000,0.0000
1.2600,2,7.9088,0.6419,0.0000,0.0000,-0.0000,0.0000,0.0000,0.0000,0.0000
1.2600,3,8.2367,2.1570,-0.0004,-0.0076,0.0034,-0.0003,0.0000,0.0000,0.0000
1.2960,1,4.9246,0.8650,0.1739,-0.0006,0.0035,0.0007,0.0000,0.0000,0.0000
1.2960,2,7.9088,0.6419,0.0000,0.0000,-0.0000,0.0000,0.0000,0.0000,0.0000
1.2960,3,8.2366,2.1570,-0.0004,-0.0076,0.0034,-0.0003,0.0000,0.0000,0.0000
1.3300,1,4.9246,0.8650,0.1739,-0.0006,0.0035,0.0007,0.0000,0.0000,0.0000
1.3300,2,7.9088,0.6419,0.0000,0.0000,-0.0000,0.0000,0.0000,0.0000,0.0000
1.3300,3,8.2364,2.1569,-0.0004,-0.0076,0.0034,-0.0003,0.0000,0.0000,0.0000
1.3660,1,4.9246,0.8650,0.1739,-0.0006,0.0035,0.0007,0.0000,0.0000,0.0000
1.3660,2,7.9088,0.6419,0.0000,0.0000,-0.0000,0.0000,0.0000,0.0000,0.0000
1.3660,3,8.2363,2.1569,-0.0004,-0.0076,0.0034,-0.0003,0.0000,0.0000,0.0000
1.3920,1,4.9246,0.8650,0.1739,-0.0006,0.0035,0.0007,0.0000,0.0000,0.0000
1.3920,2,7.9088,0.6419,0.0000,0.0000,-0.0000,0.0000,0.0000,0.0000,0.0000
1.3920,3,8.2362,2.1569,-0.0004,-0.0076,0.0034,-0.0003,0.0000,0.0000,0.0000
1.4260,1,4.9246,0.8650,0.1739,-0.0006,0.0035,0.0007,0.0000,0.0000,0.0000
1.4260,2,7.9088,0.6419,0.0000,0.0000,-0.0000,0.0000,0.0000,0.0000,0.0000
1.4260,3,8.2361,2.1569,-0.0004,-0.0076,0.0034,-0.0003,0.0000,0.0000,0.0000
1.4600,1,4.9246,0.8650,0.1739,-0.0006,0.0035,0.0007,0.0000,0.0000,0.0000
1.4600,2,7.9088,0.6419,0.0000,0.0000,-0.0000,0.0000,0.0000,0.0000,0.0000
1.4600,3,8.2359,2.1568,-0.0004,-0.0076,0.0034,-0.0003,0.0000,0.0000,0.0000
1.4920,1,4.9246,0.8650,0.1739,-0.0006,0.0035,0.0007,0.0000,0.0000,0.0000
1.4920,2,7.9088,0.6419,0.0000,0.0000,-0.0000,0.0000,0.0000,0.0000,0.0000
1.4920,3,8.2358,2.1568,-0.0004,-0.0076,0.0034,-0.0003,0.0000,0.0000,0.0000
1.5260,1,4.9246,0.8650,0.1739,-0.0006,0.0035,0.0007,0.0000,0.0000,0.0000
1.5260,2,7.9088,0.6419,0.0000,0.0000,-0.0000,0.0000,0.0000,0.0000,0.0000
1.5260,3,8.2357,2.1568,-0.0004,-0.0076,0.0034,-0.0003,0.0000,0.0000,0.0000
1.5580,1,4.9246,0.8650,0.1739,-0.0006,0.0035,0.0007,0.0000,0.0000,0.0000
1.5580,2,7.9088,0.6419,0.0000,0.0000,-0.0000,0.0000,0.0000,0.0000,0.0000
1.5580,3,8.2356,2.1568,-0.0004,-0.0076,0.0034,-0.0003,0.0000,0.0000,0.0000
1.5920,1,4.9246,0.8650,0.1739,-0.0006,0.0035,0.0007,0.0000,0.0000,0.0000
1.5920,2,7.9088,0.6419,0.0000,0.0000,-0.0000,0.0000,0.0000,0.0000,0.0000
1.5920,3,8.2354,2.1567,-0.0004,-0.0076,0.0034,-0.0003,0.0000,0.0000,0.0000
1.6320,1,4.9246,0.8650,0.1739,-0.0006,0.0035,0.0007,0.0000,0.0000,0.0000
1.6320,2,7.9088,0.6419,0.0000,0.0000,-0.0000,0.0000,0.0000,0.0000,0.0000
1.6320,3,8.2353,2.1567,-0.0004,-0.0076,0.0034,-0.0003,0.0000,0.0000,0.0000
1.6600,1,4.9246,0.8650,0.1739,-0.0006,0.0035,0.0007,0.0000,0.0000,0.0000
1.6600,2,7.9088,0.6419,0.0000,0.0000,-0.0000,0.0000,0.0000,0.0000,0.0000
1.6600,3,8.2352,2.1567,-0.0004,-0.0076,0.0034,-0.0003,0.0000,0.0000,0.0000
1.6940,1,4.9246,0.8650,0.1739,-0.0006,0.0035,0.0007,0.0000,0.0000,0.0000
1.6940,2,7.9088,0.6419,0.0000,0.0000,-0.0000,0.0000,0.0000,0.0000,0.0000
1.6940,3,8.2350,2.1567,-0.0005,-0.0076,0.0034,-0.0003,0.0000,0.0000,0.0000
1.7280,1,4.9246,0.8650,0.1739,-0.0006,0.0035,0.0007,0.0000,0.0000,0.0000
1.7280,2,7.9088,0.6419,0.0000,0.0000,-0.0000,0.0000,0.0000,0.0000,0.0000
1.7280,3,8.2349,2.1566,-0.0005,-0.0076,0.0034,-0.0003,0.0000,0.0000,0.0000
1.7600,1,4.9246,0.8650,0.1739,-0.0006,0.0035,0.0007,0.0000,0.0000,0.0000
1.7600,2,7.9088,0.6419,0.0000,0.0000,-0.0000,0.0000,0.0000,0.0000,0.0000
1.7600,3,8.2348,2.1566,-0.0005,-0.0076,0.0034,-0.0003,0.0000,0.0000,0.0000
1.7940,1,4.9246,0.8650,0.1739,-0.0006,0.0035,0.0007,0.0000,0.0000,0.0000
1.7940,2,7.9088,0.6419,0.0000,0.0000,-0.0000,0.0000,0.0000,0.0000,0.0000
1.7940,3,8.2347,2.1566,-0.0005,-0.0076,0.0034,-0.0003,0.0000,0.0000,0.0000
1.8260,1,4.9246,0.8650,0.1739,-0.0006,0.0035,0.0007,0.0000,0.0000,0.0000
1.8260,2,7.9088,0.6419,0.0000,0.0000,-0.0000,0.0000,0.0000,0.0000,0.0000
1.8260,3,8.2345,2.1566,-0.0005,-0.0076,0.0034,-0.0003,0.0000,0.0000,0.0000
1.8600,1,4.9246,0.8650,0.1739,-0.0006,0.0035,0.0007,0.0000,0.0000,0.0000
1.8600,2,7.9088,0.6419,0.0000,0.0000,-0.0000,0.0000,0.0000,0.0000,0.0000
1.8600,3,8.2344,2.1565,-0.0005,-0.0076,0.0034,-0.0003,0.0000,0.0000,0.0000
1.8920,1,4.9246,0.8650,0.1739,-0.0006,0.0035,0.0007,0.0000,0.0000,0.0000
1.8920,2,7.9088,0.6419,0.0000,0.0000,-0.0000,0.0000,0.0000,0.0000,0.0000
1.8920,3,8.2343,2.1565,-0.0005,-0.0076,0.0034,-0.0003,0.0000,0.0000,0.0000
1.9260,1,4.9246,0.8650,0.1739,-0.0006,0.0035,0.0007,0.0000,0.0000,0.0000
1.9260,2,7.9088,0.6419,0.0000,0.0000,-0.0000,0.0000,0.0000,0.0000,0.0000
1.9260,3,8.2342,2.1565,-0.0005,-0.0076,0.0034,-0.0003,0.0000,0.0000,0.0000
2.1220,1,4.9246,0.8650,0.1739,-0.0006,0.0035,0.0007,0.0000,0.0000,0.0000
2.1220,2,7.9088,0.6419,0.0000,0.0000,-0.0000,0.0000,0.0000,0.0000,0.0000
2.1220,3,8.2334,2.1564,-0.0005,-0.0076,0.0034,-0.0003,0.0000,0.0000,0.0000
2.2160,1,4.9246,0.8650,0.1739,-0.0006,0.0035,0.0007,0.0000,0.0000,0.0000
2.2160,2,7.9088,0.6419,0.0000,0.0000,-0.0000,0.0000,0.0000,0.0000,0.0000
2.2160,3,8.2331,2.1563,-0.0005,-0.0076,0.0034,-0.0003,0.0000,0.0000,0.0000
2.2340,1,4.9246,0.8650,0.1739,-0.0006,0.0035,0.0007,0.0000,0.0000,0.0000
2.2340,2,7.9088,0.6419,0.0000,0.0000,-0.0000,0.0000,0.0000,0.0000,0.0000
2.2340,3,8.2330,2.1563,-0.0005,-0.0076,0.0034,-0.0003,0.0000,0.0000,0.0000
2.2600,1,4.9246,0.8650,0.1739,-0.0006,0.0035,0.0007,0.0000,0.0000,0.0000
2.2600,2,7.9088,0.6419,0.0000,0.0000,-0.0000,0.0000,0.0000,0.0000,0.0000
2.2600,3,8.2329,2.1563,-0.0005,-0.0076,0.0034,-0.0003,0.0000,0.0000,0.0000
2.2940,1,4.9246,0.8650,0.1739,-0.0006,0.0035,0.0007,0.0000,0.0000,0.0000
2.2940,2,7.9088,0.6419,0.0000,0.0000,-0.0000,0.0000,0.0000,0.0000,0.0000
2.2940,3,8.2328,2.1562,-0.0005,-0.0076,0.0034,-0.0003,0.0000,0.0000,0.0000
2.3240,1,4.9246,0.8650,0.1739,-0.0006,0.0035,0.0007,0.0000,0.0000,0.0000
2.3240,2,7.9088,0.6419,0.0000,0.0000,-0.0000,0.0000,0.0000,0.0000,0.0000
2.3240,3,8.2326,2.1562,-0.0005,-0.0076,0.0034,-0.0003,0.0000,0.0000,0.0000
2.3600,1,4.9246,0.8650,0.1739,-0.0006,0.0035,0.0007,0.0000,0.0000,0.0000
2.3600,2,7.9088,0.6419,0.0000,0.0000,-0.0000,0.0000,0.0000,0.0000,0.0000
2.3600,3,8.2325,2.1562,-0.0005,-0.0076,0.0034,-0.0003,0.0000,0.0000,0.0000
2.3940,1,4.9246,0.8650,0.1739,-0.0006,0.0035,0.0007,0.0000,0.0000,0.0000
2.3940,2,7.9088,0.6419,0.0000,0.0000,-0.0000,0.0000,0.0000,0.0000,0.0000
2.3940,3,8.2324,2.1562,-0.0005,-0.0076,0.0034,-0.0003,0.0000,0.0000,0.0000
2.4240,1,4.9246,0.8650,0.1739,-0.0006,0.0036,0.0007,0.0000,0.0000,0.0000
2.4240,2,7.9088,0.6419,0.0000,0.0000,-0.0000,0.0000,0.0000,0.0000,0.0000
2.4240,3,8.2323,2.1561,-0.0005,-0.0076,0.0034,-0.0003,0.0000,0.0000,0.0000
2.4580,1,4.9246,0.8650,0.1739,-0.0006,0.0036,0.0007,0.0000,0.0000,0.0000
2.4580,2,7.9088,0.6419,0.0000,0.0000,-0.0000,0.0000,0.0000,0.0000,0.0000
2.4580,3,8.2321,2.1561,-0.0005,-0.0076,0.0034,-0.0003,0.0000,0.0000,0.0000
2.4920,1,4.9246,0.8650,0.1739,-0.0006,0.0036,0.0007,0.0000,0.0000,0.0000
2.4920,2,7.9088,0.6419,0.0000,0.0000,-0.0000,0.0000,0.0000,0.0000,0.0000
2.4920,3,8.2320,2.1561,-0.0005,-0.0076,0.0034,-0.0003,0.0000,0.0000,0.0000
2.5240,1,4.9246,0.8650,0.1739,-0.0006,0.0036,0.0007,0.0000,0.0000,0.0000
2.5240,2,7.9088,0.6419,0.0000,0.0000,-0.0000,0.0000,0.0000,0.0000,0.0000
2.5240,3,8.2319,2.1561,-0.0006,-0.0076,0.0034,-0.0003,0.0000,0.0000,0.0000
2.5580,1,4.9246,0.8650,0.1739,-0.0006,0.0036,0.0007,0.0000,0.0000,0.0000
2.5580,2,7.9088,0.6419,0.0000,0.0000,-0.0000,0.0000,0.0000,0.0000,0.0000
2.5580,3,8.2317,2.1561,-0.0006,-0.0076,0.0034,-0.0003,0.0000,0.0000,0.0000
2.5920,1,4.9246,0.8650,0.1739,-0.0006,0.0036,0.0007,0.0000,0.0000,0.0000
2.5920,2,7.9088,0.6419,0.0000,0.0000,-0.0000,0.0000,0.0000,0.0000,0.0000
2.5920,3,8.2316,2.1560,-0.0006,-0.0076,0.0034,-0.0003,0.0000,0.0000,0.0000
2.6280,1,4.9246,0.8650,0.1739,-0.0006,0.0036,0.0007,0.0000,0.0000,0.0000
2.6280,2,7.9088,0.6419,0.0000,0.0000,-0.0000,0.0000,0.0000,0.0000,0.0000
2.6280,3,8.2315,2.1560,-0.0006,-0.0076,0.0034,-0.0003,0.0000,0.0000,0.0000
2.6580,1,4.9246,0.8650,0.1739,-0.0006,0.0036,0.0007,0.0000,0.0000,0.0000
2.6580,2,7.9088,0.6419,0.0000,0.0000,-0.0000,0.0000,0.0000,0.0000,0.0000
2.6580,3,8.2314,2.1560,-0.0006,-0.0076,0.0034,-0.0003,0.0000,0.0000,0.0000
2.6920,1,4.9246,0.8650,0.1739,-0.0006,0.0036,0.0007,0.0000,0.0000,0.0000
2.6920,2,7.9088,0.6419,0.0000,0.0000,-0.0000,0.0000,0.0000,0.0000,0.0000
2.6920,3,8.2312,2.1560,-0.0006,-0.0076,0.0034,-0.0003,0.0000,0.0000,0.0000
2.7240,1,4.9246,0.8650,0.1739,-0.0006,0.0036,0.0007,0.0000,0.0000,0.0000
2.7240,2,7.9088,0.6419,0.0000,0.0000,-0.0000,0.0000,0.0000,0.0000,0.0000
2.7240,3,8.2311,2.1559,-0.0006,-0.0076,0.0034,-0.0003,0.0000,0.0000,0.0000
2.7580,1,4.9246,0.8650,0.1739,-0.0006,0.0036,0.0007,0.0000,0.0000,0.0000
2.7580,2,7.9088,0.6419,0.0000,0.0000,-0.0000,0.0000,0.0000,0.0000,0.0000
2.7580,3,8.2310,2.1559,-0.0006,-0.0076,0.0034,-0.0003,0.0000,0.0000,0.0000
2.7940,1,4.9246,0.8650,0.1739,-0.0006,0.0036,0.0007,0.0000,0.0000,0.0000
2.7940,2,7.9088,0.6419,0.0000,0.0000,-0.0000,0.0000,0.0000,0.0000,0.0000
2.7940,3,8.2308,2.1559,-0.0006,-0.0076,0.0034,-0.0003,0.0000,0.0000,0.0000
2.8240,1,4.9246,0.8650,0.1739,-0.0006,0.0036,0.0007,0.0000,0.0000,0.0000
2.8240,2,7.9088,0.6419,0.0000,0.0000,-0.0000,0.0000,0.0000,0.0000,0.0000
2.8240,3,8.2307,2.1559,-0.0006,-0.0076,0.0034,-0.0003,0.0000,0.0000,0.0000
2.8580,1,4.9246,0.8650,0.1739,-0.0006,0.0036,0.0007,0.0000,0.0000,0.0000
2.8580,2,7.9088,0.6419,0.0000,0.0000,-0.0000,0.0000,0.0000,0.0000,0.0000
2.8580,3,8.2306,2.1558,-0.0006,-0.0076,0.0034,-0.0003,0.0000,0.0000,0.0000
2.8940,1,4.9246,0.8650,0.1739,-0.0006,0.0036,0.0007,0.0000,0.0000,0.0000
2.8940,2,7.9088,0.6419,0.0000,0.0000,-0.0000,0.0000,0.0000,0.0000,0.0000
2.8940,3,8.2305,2.1558,-0.0006,-0.0076,0.0034,-0.0003,0.0000,0.0000,0.0000
2.9260,1,4.9246,0.8650,0.1739,-0.0006,0.0036,0.0007,0.0000,0.0000,0.0000
2.9260,2,7.9088,0.6419,0.0000,0.0000,-0.0000,0.0000,0.0000,0.0000,0.0000
2.9260,3,8.2303,2.1558,-0.0006,-0.0076,0.0034,-0.0003,0.0000,0.0000,0.0000
2.9580,1,4.9246,0.8650,0.1739,-0.0006,0.0036,0.0007,0.0000,0.0000,0.0000
2.9580,2,7.9088,0.6419,0.0000,0.0000,-0.0000,0.0000,0.0000,0.0000,0.0000
2.9580,3,8.2302,2.1558,-0.0006,-0.0076,0.0034,-0.0003,0.0000,0.0000,0.0000
2.9920,1,4.9246,0.8650,0.1739,-0.0006,0.0036,0.0007,0.0000,0.0000,0.0000
2.9920,2,7.9088,0.6419,0.0000,0.0000,-0.0000,0.0000,0.0000,0.0000,0.0000
2.9920,3,8.2301,2.1557,-0.0006,-0.0076,0.0034,-0.0003,0.0000,0.0000,0.0000
3.0280,1,4.9246,0.8650,0.1739,-0.0006,0.0036,0.0007,0.0000,0.0000,0.0000
3.0280,2,7.9088,0.6419,0.0000,0.0000,-0.0000,0.0000,0.0000,0.0000,0.0000
3.0280,3,8.2300,2.1557,-0.0006,-0.0076,0.0034,-0.0003,0.0000,0.0000,0.0000
3.0600,1,4.9246,0.8650,0.1739,-0.0006,0.0036,0.0007,0.0000,0.0000,0.0000
3.0600,2,7.9088,0.6419,0.0000,0.0000,-0.0000,0.0000,0.0000,0.0000,0.0000
3.0600,3,8.2298,2.1557,-0.0006,-0.0076,0.0034,-0.0003,0.0000,0.0000,0.0000
3.0940,1,4.9246,0.8650,0.1739,-0.0006,0.0036,0.0007,0.0000,0.0000,0.0000
3.0940,2,7.9088,0.6419,0.0000,0.0000,-0.0000,0.0000,0.0000,0.0000,0.0000
3.0940,3,8.2297,2.1557,-0.0006,-0.0076,0.0034,-0.0003,0.0000,0.0000,0.0000
3.1260,1,4.9246,0.8650,0.1739,-0.0006,0.0036,0.0007,0.0000,0.0000,0.0000
3.1260,2,7.9088,0.6419,0.0000,0.0000,-0.0000,0.0000,0.0000,0.0000,0.0000
3.1260,3,8.2296,2.1556,-0.0006,-0.0076,0.0034,-0.0003,0.0000,0.0000,0.0000
3.1600,1,4.9246,0.8650,0.1739,-0.0006,0.0036,0.0007,0.0000,0.0000,0.0000
3.1600,2,7.9088,0.6419,0.0000,0.0000,-0.0000,0.0000,0.0000,0.0000,0.0000
3.1600,3,8.2294,2.1556,-0.0006,-0.0076,0.0034,-0.0003,0.0000,0.0000,0.0000
3.1920,1,4.9246,0.8650,0.1739,-0.0006,0.0036,0.0007,0.0000,0.0000,0.0000
3.1920,2,7.9088,0.6419,0.0000,0.0000,-0.0000,0.0000,0.0000,0.0000,0.0000
3.1920,3,8.2293,2.1556,-0.0006,-0.0076,0.0034,-0.0003,0.0000,0.0000,0.0000
3.2240,1,4.9246,0.8650,0.1739,-0.0006,0.0036,0.0007,0.0000,0.0000,0.0000
3.2240,2,7.9088,0.6419,0.0000,0.0000,-0.0000,0.0000,0.0000,0.0000,0.0000
3.2240,3,8.2292,2.1556,-0.0006,-0.0076,0.0034,-0.0003,0.0000,0.0000,0.0000
3.2580,1,4.9246,0.8650,0.1739,-0.0006,0.0036,0.0007,0.0000,0.0000,0.0000
3.2580,2,7.9088,0.6419,0.0000,0.0000,-0.0000,0.0000,0.0000,0.0000,0.0000
3.2580,3,8.2291,2.1556,-0.0006,-0.0076,0.0034,-0.0003,0.0000,0.0000,0.0000
3.2920,1,4.9246,0.8650,0.1739,-0.0006,0.0036,0.0007,0.0000,0.0000,0.0000
3.2920,2,7.9088,0.6419,0.0000,0.0000,-0.0000,0.0000,0.0000,0.0000,0.0000
3.2920,3,8.2289,2.1555,-0.0006,-0.0076,0.0034,-0.0003,0.0000,0.0000,0.0000
3.3240,1,4.9246,0.8650,0.1739,-0.0006,0.0036,0.0007,0.0000,0.0000,0.0000
3.3240,2,7.9088,0.6419,0.0000,0.0000,-0.0000,0.0000,0.0000,0.0000,0.0000
3.3240,3,8.2288,2.1555,-0.0006,-0.0076,0.0034,-0.0003,0.0000,0.0000,0.0000
3.3580,1,4.9246,0.8650,0.1739,-0.0006,0.0036,0.0007,0.0000,0.0000,0.0000
3.3580,2,7.9088,0.6419,0.0000,0.0000,-0.0000,0.0000,0.0000,0.0000,0.0000
3.3580,3,8.2287,2.1555,-0.0007,-0.0076,0.0034,-0.0003,0.0000,0.0000,0.0000
3.3900,1,4.9246,0.8650,0.1739,-0.0006,0.0036,0.0007,0.0000,0.0000,0.0000
3.3900,2,7.9088,0.6419,0.0000,0.0000,-0.0000,0.0000,0.0000,0.0000,0.0000
3.3900,3,8.2286,2.1555,-0.0007,-0.0076,0.0034,-0.0003,0.0000,0.0000,0.0000
3.4260,1,4.9246,0.8650,0.1739,-0.0006,0.0036,0.0007,0.0000,0.0000,0.0000
3.4260,2,7.9088,0.6419,0.0000,0.0000,-0.0000,0.0000,0.0000,0.0000,0.0000
3.4260,3,8.2284,2.1554,-0.0007,-0.0076,0.0034,-0.0003,0.0000,0.0000,0.0000
3.4620,1,4.9246,0.8650,0.1739,-0.0006,0.0036,0.0007,0.0000,0.0000,0.0000
3.4620,2,7.9088,0.6419,0.0000,0.0000,-0.0000,0.0000,0.0000,0.0000,0.0000
3.4620,3,8.2283,2.1554,-0.0007,-0.0076,0.0034,-0.0003,0.0000,0.0000,0.0000
3.4940,1,4.9246,0.8650,0.1739,-0.0006,0.0036,0.0007,0.0000,0.0000,0.0000
3.4940,2,7.9088,0.6419,0.0000,0.0000,-0.0000,0.0000,0.0000,0.0000,0.0000
3.4940,3,8.2282,2.1554,-0.0007,-0.0076,0.0034,-0.0003,0.0000,0.0000,0.0000
3.5300,1,4.9246,0.8650,0.1739,-0.0006,0.0036,0.0007,0.0000,0.0000,0.0000
3.5300,2,7.9088,0.6419,0.0000,0.0000,-0.0000,0.0000,0.0000,0.0000,0.0000
3.5300,3,8.2280,2.1554,-0.0007,-0.0076,0.0034,-0.0003,0.0000,0.0000,0.0000
3.5620,1,4.9246,0.8650,0.1739,-0.0006,0.0036,0.0007,0.0000,0.0000,0.0000
3.5620,2,7.9088,0.6419,0.0000,0.0000,-0.0000,0.0000,0.0000,0.0000,0.0000
3.5620,3,8.2279,2.1553,-0.0007,-0.0076,0.0034,-0.0003,0.0000,0.0000,0.0000
3.5940,1,4.9246,0.8650,0.1739,-0.0006,0.0036,0.0007,0.0000,0.0000,0.0000
3.5940,2,7.9088,0.6419,0.0000,0.0000,-0.0000,0.0000,0.0000,0.0000,0.0000
3.5940,3,8.2278,2.1553,-0.0007,-0.0076,0.0034,-0.0003,0.0000,0.0000,0.0000
3.6280,1,4.9246,0.8650,0.1739,-0.0006,0.0036,0.0007,0.0000,0.0000,0.0000
3.6280,2,7.9088,0.6419,0.0000,0.0000,-0.0000,0.0000,0.0000,0.0000,0.0000
3.6280,3,8.2277,2.1553,-0.0007,-0.0076,0.0034,-0.0003,0.0000,0.0000,0.0000
3.6580,1,4.9246,0.8650,0.1739,-0.0006,0.0036,0.0007,0.0000,0.0000,0.0000
3.6580,2,7.9088,0.6419,0.0000,0.0000,-0.0000,0.0000,0.0000,0.0000,0.0000
3.6580,3,8.2275,2.1553,-0.0007,-0.0076,0.0034,-0.0003,0.0000,0.0000,0.0000
3.6920,1,4.9246,0.8650,0.1739,-0.0006,0.0036,0.0007,0.0000,0.0000,0.0000
3.6920,2,7.9088,0.6419,0.0000,0.0000,-0.0000,0.0000,0.0000,0.0000,0.0000
3.6920,3,8.2274,2.1552,-0.0007,-0.0076,0.0034,-0.0003,0.0000,0.0000,0.0000
3.7240,1,4.9246,0.8650,0.1739,-0.0006,0.0036,0.0007,0.0000,0.0000,0.0000
3.7240,2,7.9088,0.6419,0.0000,0.0000,-0.0000,0.0000,0.0000,0.0000,0.0000
3.7240,3,8.2273,2.1552,-0.0007,-0.0076,0.0034,-0.0003,0.0000,0.0000,0.0000
3.7620,1,4.9246,0.8650,0.1739,-0.0006,0.0036,0.0007,0.0000,0.0000,0.0000
3.7620,2,7.9088,0.6419,0.0000,0.0000,-0.0000,0.0000,0.0000,0.0000,0.0000
3.7620,3,8.2272,2.1552,-0.0007,-0.0076,0.0034,-0.0003,0.0000,0.0000,0.0000
3.7940,1,4.9241,0.8677,0.1744,-0.0528,0.2994,0.0608,0.0000,0.0000,0.0000
3.7940,2,7.9088,0.6419,0.0000,0.0000,-0.0000,-0.0000,0.0000,0.0000,0.0000
3.7940,3,6.9741,6.3390,0.0178,-0.0038,-2.0642,2.2961,0.0000,0.0000,0.0000
3.8260,1,4.9229,0.8745,0.1758,-0.0973,0.5477,0.1113,0.0000,0.0000,0.0000
3.8260,2,7.9088,0.6419,0.0000,0.0000,-0.0000,0.0000,0.0000,0.0000,0.0000
3.8260,3,6.9741,6.2901,0.0728,-0.0048,-4.0294,4.5803,0.0000,0.0000,0.0000
3.8580,1,4.9210,0.8851,0.1780,-0.1388,0.7716,0.1568,0.0000,0.0000,0.0000
3.8580,2,7.9088,0.6419,0.0000,0.0000,-0.0000,0.0000,0.0000,0.0000,0.0000
3.8580,3,6.9740,6.2107,0.1647,-0.0010,-5.8762,6.9252,0.0000,0.0000,0.0000
3.8940,1,4.9181,0.9010,0.1812,-0.1813,0.9896,0.2012,0.0000,0.0000,0.0000
3.8940,2,7.9088,0.6419,0.0000,0.0000,-0.0000,0.0000,0.0000,0.0000,0.0000
3.8940,3,6.9741,6.0875,0.3138,0.0105,-7.7893,9.6637,0.0000,0.0000,0.0000
3.9280,1,4.9148,0.9193,0.1849,-0.2167,1.1584,0.2357,0.0000,0.0000,0.0000
3.9280,2,7.9088,0.6419,0.0000,0.0000,-0.0000,0.0000,0.0000,0.0000,0.0000
3.9280,3,6.9744,5.9410,0.5006,0.0284,-9.4142,12.3033,0.0000,0.0000,0.0000
3.9600,1,4.9111,0.9389,0.1889,-0.2448,1.2807,0.2608,0.0000,0.0000,0.0000
3.9600,2,7.9088,0.6419,0.0000,0.0000,-0.0000,0.0000,0.0000,0.0000,0.0000
3.9600,3,6.9750,5.7793,0.7169,0.0497,-10.7643,14.7219,0.0000,0.0000,0.0000
3.9920,1,4.9070,0.9601,0.1932,-0.2671,1.3650,0.2782,0.0000,0.0000,0.0000
3.9920,2,7.9088,0.6419,0.0000,0.0000,-0.0000,0.0000,0.0000,0.0000,0.0000
3.9920,3,6.9760,5.5975,0.9704,0.0718,-11.9261,16.9112,0.0000,0.0000,0.0000
4.0260,1,4.9023,0.9838,0.1980,-0.2831,1.4106,0.2877,0.0000,0.0000,0.0000
4.0260,2,7.9088,0.6419,0.0000,0.0000,-0.0000,0.0000,0.0000,0.0000,0.0000
4.0260,3,6.9774,5.3858,1.2746,0.0911,-12.9434,18.7814,0.0000,0.0000,0.0000
4.0580,1,4.8977,1.0064,0.2027,-0.2901,1.4117,0.2883,0.0000,0.0000,0.0000
4.0580,2,7.9088,0.6419,0.0000,0.0000,-0.0000,0.0000,0.0000,0.0000,0.0000
4.0580,3,6.9789,5.1724,1.5854,0.1011,-13.6928,19.9685,0.0000,0.0000,0.0000
4.0920,1,4.8927,1.0301,0.2075,-0.2884,1.3700,0.2800,0.0000,0.0000,0.0000
4.0920,2,7.9088,0.6419,0.0000,0.0000,-0.0000,0.0000,0.0000,0.0000,0.0000
4.0920,3,6.9807,4.9344,1.9311,0.1018,-14.2737,20.5989,0.0000,0.0000,0.0000
4.1260,1,4.8879,1.0527,0.2121,-0.2773,1.2877,0.2635,0.0000,0.0000,0.0000
4.1260,2,7.9088,0.6419,0.0000,0.0000,-0.0000,0.0000,0.0000,0.0000,0.0000
4.1260,3,6.9824,4.6883,2.2829,0.0961,-14.6487,20.7303,0.0000,0.0000,0.0000
4.1600,1,4.8834,1.0737,0.2164,-0.2573,1.1705,0.2397,0.0000,0.0000,0.0000
4.1600,2,7.9088,0.6419,0.0000,0.0000,-0.0000,0.0000,0.0000,0.0000,0.0000
4.1600,3,6.9840,4.4374,2.6347,0.0935,-14.8427,20.6398,0.0000,0.0000,0.0000
4.1940,1,4.8792,1.0924,0.2202,-0.2295,1.0252,0.2101,0.0000,0.0000,0.0000
4.1940,2,7.9088,0.6419,0.0000,0.0000,-0.0000,0.0000,0.0000,0.0000,0.0000
4.1940,3,6.9856,4.1845,2.9851,0.1060,-14.8855,20.6172,0.0000,0.0000,0.0000
4.2280,1,4.8756,1.1084,0.2235,-0.1952,0.8584,0.1761,0.0000,0.0000,0.0000
4.2280,2,7.9088,0.6419,0.0000,0.0000,-0.0000,0.0000,0.0000,0.0000,0.0000
4.2280,3,6.9877,3.9320,-2.9460,0.1446,-14.8078,20.8598,0.0000,0.0000,0.0000
4.2600,1,4.8728,1.1208,0.2261,-0.1581,0.6872,0.1410,0.0000,0.0000,0.0000
4.2600,2,7.9088,0.6419,0.0000,0.0000,-0.0000,0.0000,0.0000,0.0000,0.0000
4.2600,3,6.9905,3.6962,-2.6084,0.2110,-14.6494,21.3808,0.0000,0.0000,0.0000
4.2940,1,4.8704,1.1308,0.2281,-0.1147,0.4941,0.1015,0.0000,0.0000,0.0000
4.2940,2,7.9088,0.6419,0.0000,0.0000,-0.0000,0.0000,0.0000,0.0000,0.0000
4.2940,3,6.9950,3.4491,-2.2385,0.3155,-14.4105,22.1709,0.0000,0.0000,0.0000
4.3260,1,4.8689,1.1372,0.2295,-0.0709,0.3037,0.0624,0.0000,0.0000,0.0000
4.3260,2,7.9088,0.6419,0.0000,0.0000,-0.0000,0.0000,0.0000,0.0000,0.0000
4.3260,3,7.0010,3.2207,-1.8772,0.4429,-14.1292,22.9898,0.0000,0.0000,0.0000
4.3600,1,4.8682,1.1406,0.2301,-0.0216,0.0920,0.0189,0.0000,0.0000,0.0000
4.3600,2,7.9088,0.6419,0.0000,0.0000,-0.0000,0.0000,0.0000,0.0000,0.0000
4.3600,3,7.0098,2.9835,-1.4796,0.6034,-13.7711,23.7441,0.0000,0.0000,0.0000
4.3940,1,4.8682,1.1403,0.2301,0.0308,-0.1315,-0.0270,0.0000,0.0000,0.0000
4.3940,2,7.9088,0.6419,0.0000,0.0000,-0.0000,0.0000,0.0000,0.0000,0.0000
4.3940,3,7.0216,2.7529,-1.0717,0.7816,-13.3435,24.1769,0.0000,0.0000,0.0000
4.4280,1,4.8692,1.1361,0.2292,0.0864,-0.3702,-0.0760,0.0000,0.0000,0.0000
4.4280,2,7.9088,0.6419,0.0000,0.0000,-0.0000,0.0000,0.0000,0.0000,0.0000
4.4280,3,7.0365,2.5303,-0.6605,0.9677,-12.8326,24.1055,0.0000,0.0000,0.0000
4.4620,1,4.8721,1.1237,0.2267,0.5897,-2.5567,-0.5248,0.0000,0.0000,0.0000
4.4620,2,7.9088,0.6419,0.0000,0.0000,-0.0000,-0.0000,0.0000,0.0000,0.0000
4.4620,3,7.0444,2.3330,-0.2817,-3.8977,-4.2983,9.9975,0.0000,0.0000,0.0000
4.4920,1,4.8810,1.0842,0.2186,0.6045,-2.7218,-0.5576,0.0000,0.0000,0.0000
4.4920,2,7.9088,0.6419,0.0000,0.0000,-0.0000,0.0000,0.0000,0.0000,0.0000
4.4920,3,6.9865,2.2705,-0.1605,-3.8253,-4.0354,6.6023,0.0000,0.0000,0.0000
4.5260,1,4.8914,1.0362,0.2088,0.6185,-2.9198,-0.5969,0.0000,0.0000,0.0000
4.5260,2,7.9088,0.6419,0.0000,0.0000,-0.0000,0.0000,0.0000,0.0000,0.0000
4.5260,3,6.9219,2.2043,-0.0528,-3.7896,-3.7566,6.0760,0.0000,0.0000,0.0000
4.5600,1,4.9020,0.9849,0.1983,0.6258,-3.1147,-0.6354,0.0000,0.0000,0.0000
4.5600,2,7.9088,0.6419,0.0000,0.0000,-0.0000,0.0000,0.0000,0.0000,0.0000
4.5600,3,6.8574,2.1427,0.0462,-3.7979,-3.5054,5.5823,0.0000,0.0000,0.0000
4.5940,1,4.9127,0.9303,0.1872,0.6256,-3.3036,-0.6725,0.0000,0.0000,0.0000
4.5940,2,7.9088,0.6419,0.0000,0.0000,-0.0000,0.0000,0.0000,0.0000,0.0000
4.5940,3,6.7925,2.0849,0.1373,-3.8421,-3.2934,5.1342,0.0000,0.0000,0.0000
4.6280,1,4.9233,0.8726,0.1754,0.6176,-3.4843,-0.7077,0.0000,0.0000,0.0000
4.6280,2,7.9088,0.6419,0.0000,0.0000,-0.0000,0.0000,0.0000,0.0000,0.0000
4.6280,3,6.7267,2.0304,0.2211,-3.9115,-3.1283,4.7382,0.0000,0.0000,0.0000
4.6600,1,4.9254,0.8607,0.1730,-0.0107,0.0610,0.0124,0.0000,0.0000,0.0000
4.6600,2,7.9088,0.6419,0.0000,0.0000,-0.0000,0.0000,0.0000,0.0000,0.0000
4.6600,3,6.6632,1.9820,0.2935,-4.0262,-2.9110,4.2935,0.0000,0.0000,0.0000
4.6940,1,4.9252,0.8618,0.1732,-0.0111,0.0637,0.0129,0.0000,0.0000,0.0000
4.6940,2,7.9088,0.6419,0.0000,0.0000,-0.0000,0.0000,0.0000,0.0000,0.0000
4.6940,3,6.5934,1.9346,0.3624,-4.1921,-2.6715,3.8160,0.0000,0.0000,0.0000
4.7280,1,4.9250,0.8627,0.1734,-0.0083,0.0477,0.0097,0.0000,0.0000,0.0000
4.7280,2,7.9088,0.6419,0.0000,0.0000,-0.0000,0.0000,0.0000,0.0000,0.0000
4.7280,3,6.5205,1.8910,0.4235,-4.3893,-2.4639,3.3853,0.0000,0.0000,0.0000
4.7640,1,4.9249,0.8633,0.1735,-0.0063,0.0359,0.0073,0.0000,0.0000,0.0000
4.7640,2,7.9088,0.6419,0.0000,0.0000,-0.0000,0.0000,0.0000,0.0000,0.0000
4.7640,3,6.4395,1.8483,0.4808,-4.6227,-2.2889,2.9938,0.0000,0.0000,0.0000
4.7940,1,4.9250,0.8629,0.1734,-0.0041,0.0234,0.0048,0.0000,0.0000,0.0000
4.7940,2,7.9088,0.6419,0.0000,0.0000,-0.0000,0.0000,0.0000,0.0000,0.0000
4.7940,3,6.3735,1.8274,0.5507,-4.2495,-0.7154,5.8583,0.0000,0.0000,0.0000
4.8260,1,4.9249,0.8634,0.1736,-0.0065,0.0369,0.0075,0.0000,0.0000,0.0000
4.8260,2,7.9088,0.6419,0.0000,0.0000,-0.0000,0.0000,0.0000,0.0000,0.0000
4.8260,3,6.3039,1.8164,0.6422,-4.4505,-0.6608,5.5868,0.0000,0.0000,0.0000
4.8600,1,4.9248,0.8639,0.1736,-0.0051,0.0288,0.0059,0.0000,0.0000,0.0000
4.8600,2,7.9088,0.6419,0.0000,0.0000,-0.0000,0.0000,0.0000,0.0000,0.0000
4.8600,3,6.2265,1.8054,0.7349,-4.6535,-0.6442,5.3211,0.0000,0.0000,0.0000
4.8940,1,4.9247,0.8643,0.1737,-0.0040,0.0229,0.0046,0.0000,0.0000,0.0000
4.8940,2,7.9088,0.6419,0.0000,0.0000,-0.0000,0.0000,0.0000,0.0000,0.0000
4.8940,3,6.1458,1.7943,0.8233,-4.8378,-0.6670,5.0822,0.0000,0.0000,0.0000
4.9260,1,4.9247,0.8645,0.1738,-0.0033,0.0187,0.0038,0.0000,0.0000,0.0000
4.9260,2,7.9088,0.6419,0.0000,0.0000,-0.0000,0.0000,0.0000,0.0000,0.0000
4.9260,3,6.0671,1.7832,0.9030,-4.9886,-0.7210,4.8845,0.0000,0.0000,0.0000
4.9600,1,4.9247,0.8647,0.1738,-0.0027,0.0154,0.0031,0.0000,0.0000,0.0000
4.9600,2,7.9088,0.6419,0.0000,0.0000,-0.0000,0.0000,0.0000,0.0000,0.0000
4.9600,3,5.9812,1.7703,0.9845,-5.1198,-0.8086,4.7065,0.0000,0.0000,0.0000
4.9920,1,4.9246,0.8649,0.1739,-0.0023,0.0131,0.0027,0.0000,0.0000,0.0000
4.9920,2,7.9088,0.6419,0.0000,0.0000,-0.0000,0.0000,0.0000,0.0000,0.0000
4.9920,3,5.8985,1.7565,1.0586,-5.2124,-0.9155,4.5721,0.0000,0.0000,0.0000
5.0260,1,4.9246,0.8650,0.1739,-0.0020,0.0111,0.0023,0.0000,0.0000,0.0000
5.0260,2,7.9088,0.6419,0.0000,0.0000,-0.0000,0.0000,0.0000,0.0000,0.0000
5.0260,3,5.8093,1.7398,1.1354,-5.2754,-1.0507,4.4679,0.0000,0.0000,0.0000
5.0600,1,4.9246,0.8652,0.1739,-0.0017,0.0096,0.0019,0.0000,0.0000,0.0000
5.0600,2,7.9088,0.6419,0.0000,0.0000,-0.0000,0.0000,0.0000,0.0000,0.0000
5.0600,3,5.7193,1.7207,1.2108,-5.3000,-1.2040,4.4070,0.0000,0.0000,0.0000
5.0940,1,4.9246,0.8651,0.1739,0.0050,-0.0287,-0.0058,0.0000,0.0000,0.0000
5.0940,2,7.9088,0.6419,0.0000,0.0000,-0.0000,0.0000,0.0000,0.0000,0.0000
5.0940,3,5.6296,1.6996,1.2873,-5.1157,-0.9313,5.3371,0.0000,0.0000,0.0000
5.1320,1,4.9246,0.8650,0.1739,-0.0010,0.0059,0.0012,0.0000,0.0000,0.0000
5.1320,2,7.9088,0.6419,0.0000,0.0000,-0.0000,0.0000,0.0000,0.0000,0.0000
5.1320,3,5.5340,1.6827,1.3933,-4.9451,-0.8607,5.8112,0.0000,0.0000,0.0000
5.1660,1,4.9246,0.8651,0.1739,-0.0010,0.0055,0.0011,0.0000,0.0000,0.0000
5.1660,2,7.9088,0.6419,0.0000,0.0000,-0.0000,0.0000,0.0000,0.0000,0.0000
5.1660,3,5.4513,1.6682,1.4955,-4.7643,-0.8296,6.2436,0.0000,0.0000,0.0000
5.1940,1,4.9246,0.8651,0.1739,-0.0009,0.0050,0.0010,0.0000,0.0000,0.0000
5.1940,2,7.9088,0.6419,0.0000,0.0000,-0.0000,0.0000,0.0000,0.0000,0.0000
5.1940,3,5.3858,1.6567,1.5856,-4.5882,-0.7993,6.6592,0.0000,0.0000,0.0000
5.2260,1,4.9246,0.8651,0.1739,-0.0008,0.0046,0.0009,0.0000,0.0000,0.0000
5.2260,2,7.9088,0.6419,0.0000,0.0000,-0.0000,0.0000,0.0000,0.0000,0.0000
5.2260,3,5.3141,1.6441,1.6962,-4.3605,-0.7599,7.1977,0.0000,0.0000,0.0000
5.2600,1,4.9246,0.8652,0.1739,-0.0007,0.0043,0.0009,0.0000,0.0000,0.0000
5.2600,2,7.9088,0.6419,0.0000,0.0000,-0.0000,0.0000,0.0000,0.0000,0.0000
5.2600,3,5.2422,1.6315,1.8237,-4.0932,-0.7133,7.8384,0.0000,0.0000,0.0000
5.2940,1,4.9246,0.8652,0.1739,-0.0007,0.0038,0.0008,0.0000,0.0000,0.0000
5.2940,2,7.9088,0.6419,0.0000,0.0000,-0.0000,0.0000,0.0000,0.0000,0.0000
5.2940,3,5.1743,1.6195,1.9600,-3.9416,-0.6872,7.9894,0.0000,0.0000,0.0000
5.3260,1,4.9246,0.8652,0.1739,-0.0007,0.0037,0.0008,0.0000,0.0000,0.0000
5.3260,2,7.9088,0.6419,0.0000,0.0000,-0.0000,0.0000,0.0000,0.0000,0.0000
5.3260,3,5.1119,1.6085,2.0869,-3.8685,-0.6745,7.8414,0.0000,0.0000,0.0000
5.3580,1,4.9246,0.8652,0.1739,-0.0006,0.0037,0.0007,0.0000,0.0000,0.0000
5.3580,2,7.9088,0.6419,0.0000,0.0000,-0.0000,0.0000,0.0000,0.0000,0.0000
5.3580,3,5.0507,1.5978,2.2115,-3.7945,-0.6616,7.6915,0.0000,0.0000,0.0000
5.3920,1,4.9246,0.8652,0.1739,-0.0006,0.0036,0.0007,0.0000,0.0000,0.0000
5.3920,2,7.9088,0.6419,0.0000,0.0000,-0.0000,0.0000,0.0000,0.0000,0.0000
5.3920,3,4.9869,1.5865,2.3412,-3.7148,-0.6477,7.5300,0.0000,0.0000,0.0000
5.4280,1,4.9246,0.8652,0.1739,-0.0006,0.0036,0.0007,0.0000,0.0000,0.0000
5.4280,2,7.9088,0.6419,0.0000,0.0000,-0.0000,0.0000,0.0000,0.0000,0.0000
5.4280,3,4.9209,1.5749,2.4755,-3.6287,-0.6326,7.3553,0.0000,0.0000,0.0000
5.4600,1,4.9246,0.8652,0.1739,-0.0006,0.0036,0.0007,0.0000,0.0000,0.0000
5.4600,2,7.9088,0.6419,0.0000,0.0000,-0.0000,0.0000,0.0000,0.0000,0.0000
5.4600,3,4.8636,1.5648,2.5923,-3.5499,-0.6188,7.1955,0.0000,0.0000,0.0000
5.4940,1,4.9246,0.8652,0.1739,-0.0006,0.0036,0.0007,0.0000,0.0000,0.0000
5.4940,2,7.9088,0.6419,0.0000,0.0000,-0.0000,0.0000,0.0000,0.0000,0.0000
5.4940,3,4.8041,1.5543,2.7135,-3.4628,-0.6036,7.0188,0.0000,0.0000,0.0000
5.5260,1,4.9246,0.8652,0.1739,-0.0006,0.0035,0.0007,0.0000,0.0000,0.0000
5.5260,2,7.9088,0.6419,0.0000,0.0000,-0.0000,0.0000,0.0000,0.0000,0.0000
5.5260,3,4.7494,1.5447,2.8247,-3.3765,-0.5885,6.8438,0.0000,0.0000,0.0000
5.5620,1,4.9246,0.8652,0.1739,-0.0006,0.0035,0.0007,0.0000,0.0000,0.0000
5.5620,2,7.9088,0.6419,0.0000,0.0000,-0.0000,0.0000,0.0000,0.0000,0.0000
5.5620,3,4.6897,1.5342,2.9465,-3.2732,-0.5704,6.6340,0.0000,0.0000,0.0000
5.5920,1,4.9246,0.8652,0.1739,-0.0006,0.0035,0.0007,0.0000,0.0000,0.0000
5.5920,2,7.9088,0.6419,0.0000,0.0000,-0.0000,0.0000,0.0000,0.0000,0.0000
5.5920,3,4.6414,1.5256,3.0450,-3.1807,-0.5543,6.4463,0.0000,0.0000,0.0000
5.6260,1,4.9246,0.8652,0.1739,-0.0006,0.0035,0.0007,0.0000,0.0000,0.0000
5.6260,2,7.9088,0.6419,0.0000,0.0000,-0.0000,0.0000,0.0000,0.0000,0.0000
5.6260,3,4.5883,1.5163,-3.1302,-3.0676,-0.5345,6.2167,0.0000,0.0000,0.0000
5.6600,1,4.9246,0.8652,0.1739,-0.0006,0.0035,0.0007,0.0000,0.0000,0.0000
5.6600,2,7.9088,0.6419,0.0000,0.0000,-0.0000,0.0000,0.0000,0.0000,0.0000
5.6600,3,4.5373,1.5073,-3.0262,-2.9444,-0.5129,5.9664,0.0000,0.0000,0.0000
5.6940,1,4.9246,0.8653,0.1739,-0.0006,0.0035,0.0007,0.0000,0.0000,0.0000
5.6940,2,7.9088,0.6419,0.0000,0.0000,-0.0000,0.0000,0.0000,0.0000,0.0000
5.6940,3,4.4885,1.4986,-2.9266,-2.8097,-0.4893,5.6930,0.0000,0.0000,0.0000
5.7260,1,4.9246,0.8653,0.1739,-0.0006,0.0035,0.0007,0.0000,0.0000,0.0000
5.7260,2,7.9088,0.6419,0.0000,0.0000,-0.0000,0.0000,0.0000,0.0000,0.0000
5.7260,3,4.4447,1.4909,-2.8374,-2.6717,-0.4652,5.4127,0.0000,0.0000,0.0000
5.7580,1,4.9246,0.8653,0.1739,-0.0006,0.0035,0.0007,0.0000,0.0000,0.0000
5.7580,2,7.9088,0.6419,0.0000,0.0000,-0.0000,0.0000,0.0000,0.0000,0.0000
5.7580,3,4.4032,1.4836,-2.7528,-2.5221,-0.4389,5.1089,0.0000,0.0000,0.0000
5.7920,1,4.9246,0.8653,0.1739,-0.0006,0.0034,0.0007,0.0000,0.0000,0.0000
5.7920,2,7.9088,0.6419,0.0000,0.0000,-0.0000,0.0000,0.0000,0.0000,0.0000
5.7920,3,4.3619,1.4763,-2.6686,-2.3501,-0.4088,4.7594,0.0000,0.0000,0.0000
5.8240,1,4.9246,0.8653,0.1739,-0.0006,0.0034,0.0007,0.0000,0.0000,0.0000
5.8240,2,7.9088,0.6419,0.0000,0.0000,-0.0000,0.0000,0.0000,0.0000,0.0000
5.8240,3,4.3258,1.4699,-2.5949,-2.1759,-0.3783,4.4055,0.0000,0.0000,0.0000
5.8600,1,4.9246,0.8653,0.1739,-0.0006,0.0034,0.0007,0.0000,0.0000,0.0000
5.8600,2,7.9088,0.6419,0.0000,0.0000,-0.0000,0.0000,0.0000,0.0000,0.0000
5.8600,3,4.2886,1.4632,-2.5190,-1.9660,-0.3415,3.9793,0.0000,0.0000,0.0000
5.8920,1,4.9246,0.8653,0.1739,-0.0006,0.0034,0.0007,0.0000,0.0000,0.0000
5.8920,2,7.9088,0.6419,0.0000,0.0000,-0.0000,0.0000,0.0000,0.0000,0.0000
5.8920,3,4.2587,1.4580,-2.4582,-1.7680,-0.3068,3.5770,0.0000,0.0000,0.0000
5.9260,1,4.9246,0.8653,0.1739,-0.0006,0.0034,0.0007,0.0000,0.0000,0.0000
5.9260,2,7.9088,0.6419,0.0000,0.0000,-0.0000,0.0000,0.0000,0.0000,0.0000
5.9260,3,4.2306,1.4529,-2.4009,-1.5471,-0.2680,3.1283,0.0000,0.0000,0.0000
5.9600,1,4.9246,0.8653,0.1739,-0.0006,0.0033,0.0007,0.0000,0.0000,0.0000
5.9600,2,7.9088,0.6419,0.0000,0.0000,-0.0000,0.0000,0.0000,0.0000,0.0000
5.9600,3,4.2064,1.4486,-2.3513,-1.3169,-0.2277,2.6608,0.0000,0.0000,0.0000
5.9940,1,4.9246,0.8653,0.1739,-0.0006,0.0033,0.0007,0.0000,0.0000,0.0000
5.9940,2,7.9088,0.6419,0.0000,0.0000,-0.0000,0.0000,0.0000,0.0000,0.0000
5.9940,3,4.1861,1.4450,-2.3099,-1.0797,-0.1861,2.1790,0.0000,0.0000,0.0000
6.0260,1,4.9246,0.8653,0.1739,-0.0006,0.0032,0.0007,0.0000,0.0000,0.0000
6.0260,2,7.9088,0.6419,0.0000,0.0000,-0.0000,0.0000,0.0000,0.0000,0.0000
6.0260,3,4.1707,1.4422,-2.2784,-0.8521,-0.1461,1.7167,0.0000,0.0000,0.0000
6.0600,1,4.9246,0.8653,0.1739,-0.0006,0.0032,0.0007,0.0000,0.0000,0.0000
6.0600,2,7.9088,0.6419,0.0000,0.0000,-0.0000,0.0000,0.0000,0.0000,0.0000
6.0600,3,4.1583,1.4400,-2.2532,-0.6080,-0.1033,1.2209,0.0000,0.0000,0.0000
6.0920,1,4.9246,0.8653,0.1739,-0.0006,0.0032,0.0006,0.0000,0.0000,0.0000
6.0920,2,7.9088,0.6419,0.0000,0.0000,-0.0000,0.0000,0.0000,0.0000,0.0000
6.0920,3,4.1505,1.4385,-2.2372,-0.3784,-0.0630,0.7547,0.0000,0.0000,0.0000
6.1260,1,4.9246,0.8653,0.1739,-0.0006,0.0031,0.0006,0.0000,0.0000,0.0000
6.1260,2,7.9088,0.6419,0.0000,0.0000,-0.0000,0.0000,0.0000,0.0000,0.0000
6.1260,3,4.1462,1.4377,-2.2282,-0.1373,-0.0207,0.2650,0.0000,0.0000,0.0000
6.1600,1,4.9246,0.8653,0.1739,-0.0005,0.0028,0.0006,0.0000,0.0000,0.0000
6.1600,2,7.9088,0.6419,0.0000,0.0000,-0.0000,0.0000,0.0000,0.0000,0.0000
6.1600,3,4.1459,1.4376,-2.2273,0.0755,0.0165,-0.1485,0.0000,0.0000,0.0000
6.1920,1,4.9246,0.8653,0.1739,-0.0005,0.0029,0.0006,0.0000,0.0000,0.0000
6.1920,2,7.9088,0.6419,0.0000,0.0000,-0.0000,0.0000,0.0000,0.0000,0.0000
6.1920,3,4.1485,1.4379,-2.2323,0.2460,0.0465,-0.4947,0.0000,0.0000,0.0000
6.2260,1,4.9246,0.8653,0.1739,-0.0005,0.0029,0.0006,0.0000,0.0000,0.0000
6.2260,2,7.9088,0.6419,0.0000,0.0000,-0.0000,0.0000,0.0000,0.0000,0.0000
6.2260,3,4.1543,1.4389,-2.2435,0.4197,0.0771,-0.8474,0.0000,0.0000,0.0000
6.2600,1,4.9246,0.8653,0.1739,-0.0005,0.0029,0.0006,0.0000,0.0000,0.0000
6.2600,2,7.9088,0.6419,0.0000,0.0000,-0.0000,0.0000,0.0000,0.0000,0.0000
6.2600,3,4.1629,1.4403,-2.2606,0.5843,0.1060,-1.1818,0.0000,0.0000,0.0000
6.2920,1,4.9246,0.8653,0.1739,-0.0005,0.0029,0.0006,0.0000,0.0000,0.0000
6.2920,2,7.9088,0.6419,0.0000,0.0000,-0.0000,0.0000,0.0000,0.0000,0.0000
6.2920,3,4.1735,1.4421,-2.2817,0.7298,0.1316,-1.4774,0.0000,0.0000,0.0000
6.3280,1,4.9246,0.8653,0.1739,-0.0005,0.0029,0.0006,0.0000,0.0000,0.0000
6.3280,2,7.9088,0.6419,0.0000,0.0000,-0.0000,0.0000,0.0000,0.0000,0.0000
6.3280,3,4.1881,1.4446,-2.3109,0.8816,0.1583,-1.7857,0.0000,0.0000,0.0000
6.3620,1,4.9246,0.8653,0.1739,-0.0005,0.0029,0.0006,0.0000,0.0000,0.0000
6.3620,2,7.9088,0.6419,0.0000,0.0000,-0.0000,0.0000,0.0000,0.0000,0.0000
6.3620,3,4.2043,1.4474,-2.3434,1.0127,0.1814,-2.0519,0.0000,0.0000,0.0000
6.3920,1,4.9246,0.8653,0.1739,-0.0005,0.0030,0.0006,0.0000,0.0000,0.0000
6.3920,2,7.9088,0.6419,0.0000,0.0000,-0.0000,0.0000,0.0000,0.0000,0.0000
6.3920,3,4.2204,1.4502,-2.3757,1.1181,0.2000,-2.2660,0.0000,0.0000,0.0000
6.4280,1,4.9246,0.8653,0.1739,-0.0005,0.0030,0.0006,0.0000,0.0000,0.0000
6.4280,2,7.9088,0.6419,0.0000,0.0000,-0.0000,0.0000,0.0000,0.0000,0.0000
6.4280,3,4.2417,1.4539,-2.4184,1.2317,0.2200,-2.4967,0.0000,0.0000,0.0000
6.4600,1,4.9246,0.8653,0.1739,-0.0005,0.0030,0.0006,0.0000,0.0000,0.0000
6.4600,2,7.9088,0.6419,0.0000,0.0000,-0.0000,0.0000,0.0000,0.0000,0.0000
6.4600,3,4.2622,1.4574,-2.4596,1.3209,0.2357,-2.6780,0.0000,0.0000,0.0000
6.4920,1,4.9246,0.8653,0.1739,-0.0005,0.0030,0.0006,0.0000,0.0000,0.0000
6.4920,2,7.9088,0.6419,0.0000,0.0000,-0.0000,0.0000,0.0000,0.0000,0.0000
6.4920,3,4.2840,1.4612,-2.5036,1.3993,0.2495,-2.8372,0.0000,0.0000,0.0000
6.5260,1,4.9246,0.8653,0.1739,-0.0005,0.0030,0.0006,0.0000,0.0000,0.0000
6.5260,2,7.9088,0.6419,0.0000,0.0000,-0.0000,0.0000,0.0000,0.0000,0.0000
6.5260,3,4.3085,1.4655,-2.5530,1.4711,0.2622,-2.9831,0.0000,0.0000,0.0000
6.5600,1,4.9246,0.8653,0.1739,-0.0005,0.0030,0.0006,0.0000,0.0000,0.0000
6.5600,2,7.9088,0.6419,0.0000,0.0000,-0.0000,0.0000,0.0000,0.0000,0.0000
6.5600,3,4.3341,1.4699,-2.6046,1.5316,0.2729,-3.1061,0.0000,0.0000,0.0000
6.5920,1,4.9246,0.8653,0.1739,-0.0005,0.0031,0.0006,0.0000,0.0000,0.0000
6.5920,2,7.9088,0.6419,0.0000,0.0000,-0.0000,0.0000,0.0000,0.0000,0.0000
6.5920,3,4.3591,1.4743,-2.6549,1.5789,0.2813,-3.2021,0.0000,0.0000,0.0000
6.6260,1,4.9246,0.8653,0.1739,-0.0005,0.0031,0.0006,0.0000,0.0000,0.0000
6.6260,2,7.9088,0.6419,0.0000,0.0000,-0.0000,0.0000,0.0000,0.0000,0.0000
6.6260,3,4.3864,1.4790,-2.7099,1.6195,0.2885,-3.2847,0.0000,0.0000,0.0000
6.6580,1,4.9246,0.8653,0.1739,-0.0005,0.0031,0.0006,0.0000,0.0000,0.0000
6.6580,2,7.9088,0.6419,0.0000,0.0000,-0.0000,0.0000,0.0000,0.0000,0.0000
6.6580,3,4.4126,1.4836,-2.7629,1.6494,0.2938,-3.3454,0.0000,0.0000,0.0000
6.6920,1,4.9246,0.8653,0.1739,-0.0005,0.0031,0.0006,0.0000,0.0000,0.0000
6.6920,2,7.9088,0.6419,0.0000,0.0000,-0.0000,0.0000,0.0000,0.0000,0.0000
6.6920,3,4.4409,1.4885,-2.8200,1.6730,0.2980,-3.3935,0.0000,0.0000,0.0000
6.7260,1,4.9246,0.8653,0.1739,-0.0006,0.0031,0.0006,0.0000,0.0000,0.0000
6.7260,2,7.9088,0.6419,0.0000,0.0000,-0.0000,0.0000,0.0000,0.0000,0.0000
6.7260,3,4.4696,1.4935,-2.8779,1.6891,0.3008,-3.4262,0.0000,0.0000,0.0000
6.7600,1,4.9246,0.8653,0.1739,-0.0006,0.0032,0.0006,0.0000,0.0000,0.0000
6.7600,2,7.9088,0.6419,0.0000,0.0000,-0.0000,0.0000,0.0000,0.0000,0.0000
6.7600,3,4.4985,1.4986,-2.9362,1.6983,0.3025,-3.4451,0.0000,0.0000,0.0000
6.7920,1,4.9246,0.8652,0.1739,-0.0006,0.0032,0.0006,0.0000,0.0000,0.0000
6.7920,2,7.9088,0.6419,0.0000,0.0000,-0.0000,0.0000,0.0000,0.0000,0.0000
6.7920,3,4.5257,1.5033,-2.9912,1.7014,0.3031,-3.4515,0.0000,0.0000,0.0000
6.8260,1,4.9246,0.8652,0.1739,-0.0006,0.0032,0.0007,0.0000,0.0000,0.0000
6.8260,2,7.9088,0.6419,0.0000,0.0000,-0.0000,0.0000,0.0000,0.0000,0.0000
6.8260,3,4.5547,1.5084,-3.0498,1.6995,0.3028,-3.4477,0.0000,0.0000,0.0000
6.8580,1,4.9246,0.8652,0.1739,-0.0006,0.0032,0.0007,0.0000,0.0000,0.0000
6.8580,2,7.9088,0.6419,0.0000,0.0000,-0.0000,0.0000,0.0000,0.0000,0.0000
6.8580,3,4.5819,1.5132,-3.1047,1.6932,0.3018,-3.4351,0.0000,0.0000,0.0000
6.8920,1,4.9246,0.8652,0.1739,-0.0006,0.0032,0.0007,0.0000,0.0000,0.0000
6.8920,2,7.9088,0.6419,0.0000,0.0000,-0.0000,0.0000,0.0000,0.0000,0.0000
6.8920,3,4.6107,1.5182,3.1203,1.6825,0.2999,-3.4135,0.0000,0.0000,0.0000
6.9240,1,4.9246,0.8652,0.1739,-0.0006,0.0033,0.0007,0.0000,0.0000,0.0000
6.9240,2,7.9088,0.6419,0.0000,0.0000,-0.0000,0.0000,0.0000,0.0000,0.0000
6.9240,3,4.6375,1.5229,3.0660,1.6690,0.2976,-3.3861,0.0000,0.0000,0.0000
6.9600,1,4.9246,0.8652,0.1739,-0.0006,0.0033,0.0007,0.0000,0.0000,0.0000
6.9600,2,7.9088,0.6419,0.0000,0.0000,-0.0000,0.0000,0.0000,0.0000,0.0000
6.9600,3,4.6675,1.5281,3.0055,1.6503,0.2943,-3.3483,0.0000,0.0000,0.0000
6.9940,1,4.9246,0.8652,0.1739,-0.0006,0.0033,0.0007,0.0000,0.0000,0.0000
6.9940,2,7.9088,0.6419,0.0000,0.0000,-0.0000,0.0000,0.0000,0.0000,0.0000
6.9940,3,4.6954,1.5330,2.9490,1.6297,0.2908,-3.3065,0.0000,0.0000,0.0000
7.0260,1,4.9246,0.8652,0.1739,-0.0006,0.0033,0.0007,0.0000,0.0000,0.0000
7.0260,2,7.9088,0.6419,0.0000,0.0000,-0.0000,0.0000,0.0000,0.0000,0.0000
7.0260,3,4.7214,1.5376,2.8965,1.6080,0.2870,-3.2626,0.0000,0.0000,0.0000
7.0600,1,4.9246,0.8652,0.1739,-0.0006,0.0033,0.0007,0.0000,0.0000,0.0000
7.0600,2,7.9088,0.6419,0.0000,0.0000,-0.0000,0.0000,0.0000,0.0000,0.0000
7.0600,3,4.7485,1.5423,2.8415,1.5828,0.2826,-3.2115,0.0000,0.0000,0.0000
7.0920,1,4.9246,0.8652,0.1739,-0.0006,0.0033,0.0007,0.0000,0.0000,0.0000
7.0920,2,7.9088,0.6419,0.0000,0.0000,-0.0000,0.0000,0.0000,0.0000,0.0000
7.0920,3,4.7737,1.5467,2.7906,1.5573,0.2782,-3.1599,0.0000,0.0000,0.0000
7.1280,1,4.9246,0.8652,0.1739,-0.0006,0.0033,0.0007,0.0000,0.0000,0.0000
7.1280,2,7.9088,0.6419,0.0000,0.0000,-0.0000,0.0000,0.0000,0.0000,0.0000
7.1280,3,4.8015,1.5516,2.7343,1.5268,0.2728,-3.0981,0.0000,0.0000,0.0000
7.1600,1,4.9246,0.8652,0.1739,-0.0006,0.0034,0.0007,0.0000,0.0000,0.0000
7.1600,2,7.9088,0.6419,0.0000,0.0000,-0.0000,0.0000,0.0000,0.0000,0.0000
7.1600,3,4.8258,1.5558,2.6853,1.4983,0.2678,-3.0403,0.0000,0.0000,0.0000
7.1940,1,4.9246,0.8652,0.1739,-0.0006,0.0034,0.0007,0.0000,0.0000,0.0000
7.1940,2,7.9088,0.6419,0.0000,0.0000,-0.0000,0.0000,0.0000,0.0000,0.0000
7.1940,3,4.8510,1.5603,2.6342,1.4667,0.2623,-2.9761,0.0000,0.0000,0.0000
7.2280,1,4.9246,0.8652,0.1739,-0.0006,0.0034,0.0007,0.0000,0.0000,0.0000
7.2280,2,7.9088,0.6419,0.0000,0.0000,-0.0000,0.0000,0.0000,0.0000,0.0000
7.2280,3,4.8757,1.5646,2.5842,1.4338,0.2566,-2.9095,0.0000,0.0000,0.0000
7.2600,1,4.9246,0.8652,0.1739,-0.0006,0.0034,0.0007,0.0000,0.0000,0.0000
7.2600,2,7.9088,0.6419,0.0000,0.0000,-0.0000,0.0000,0.0000,0.0000,0.0000
7.2600,3,4.8984,1.5686,2.5382,1.4019,0.2510,-2.8448,0.0000,0.0000,0.0000
7.2920,1,4.9246,0.8652,0.1739,-0.0006,0.0034,0.0007,0.0000,0.0000,0.0000
7.2920,2,7.9088,0.6419,0.0000,0.0000,-0.0000,0.0000,0.0000,0.0000,0.0000
7.2920,3,4.9206,1.5725,2.4932,1.3691,0.2452,-2.7782,0.0000,0.0000,0.0000
7.3240,1,4.9246,0.8652,0.1739,-0.0006,0.0034,0.0007,0.0000,0.0000,0.0000
7.3240,2,7.9088,0.6419,0.0000,0.0000,-0.0000,0.0000,0.0000,0.0000,0.0000
7.3240,3,4.9423,1.5763,2.4493,1.3355,0.2393,-2.7100,0.0000,0.0000,0.0000
7.3580,1,4.9246,0.8652,0.1739,-0.0006,0.0034,0.0007,0.0000,0.0000,0.0000
7.3580,2,7.9088,0.6419,0.0000,0.0000,-0.0000,0.0000,0.0000,0.0000,0.0000
7.3580,3,4.9648,1.5802,2.4039,1.2989,0.2329,-2.6358,0.0000,0.0000,0.0000
7.3920,1,4.9246,0.8652,0.1739,-0.0006,0.0034,0.0007,0.0000,0.0000,0.0000
7.3920,2,7.9088,0.6419,0.0000,0.0000,-0.0000,0.0000,0.0000,0.0000,0.0000
7.3920,3,4.9866,1.5840,2.3597,1.2615,0.2264,-2.5600,0.0000,0.0000,0.0000
7.4260,1,4.9246,0.8652,0.1739,-0.0006,0.0034,0.0007,0.0000,0.0000,0.0000
7.4260,2,7.9088,0.6419,0.0000,0.0000,-0.0000,0.0000,0.0000,0.0000,0.0000
7.4260,3,5.0077,1.5877,2.3169,1.2234,0.2197,-2.4826,0.0000,0.0000,0.0000
7.4600,1,4.9246,0.8652,0.1739,-0.0006,0.0034,0.0007,0.0000,0.0000,0.0000
7.4600,2,7.9088,0.6419,0.0000,0.0000,-0.0000,0.0000,0.0000,0.0000,0.0000
7.4600,3,5.0282,1.5913,2.2753,1.1845,0.2129,-2.4037,0.0000,0.0000,0.0000
7.4940,1,4.9246,0.8652,0.1739,-0.0006,0.0034,0.0007,0.0000,0.0000,0.0000
7.4940,2,7.9088,0.6419,0.0000,0.0000,-0.0000,0.0000,0.0000,0.0000,0.0000
7.4940,3,5.0480,1.5948,2.2351,1.1449,0.2060,-2.3234,0.0000,0.0000,0.0000
7.5300,1,4.9246,0.8652,0.1739,-0.0006,0.0035,0.0007,0.0000,0.0000,0.0000
7.5300,2,7.9088,0.6419,0.0000,0.0000,-0.0000,0.0000,0.0000,0.0000,0.0000
7.5300,3,5.0683,1.5984,2.1941,1.1023,0.1985,-2.2369,0.0000,0.0000,0.0000
7.5600,1,4.9246,0.8652,0.1739,-0.0006,0.0035,0.0007,0.0000,0.0000,0.0000
7.5600,2,7.9088,0.6419,0.0000,0.0000,-0.0000,0.0000,0.0000,0.0000,0.0000
7.5600,3,5.0846,1.6012,2.1611,1.0662,0.1922,-2.1637,0.0000,0.0000,0.0000
7.5940,1,4.9246,0.8652,0.1739,-0.0006,0.0035,0.0007,0.0000,0.0000,0.0000
7.5940,2,7.9088,0.6419,0.0000,0.0000,-0.0000,0.0000,0.0000,0.0000,0.0000
7.5940,3,5.1024,1.6044,2.1250,1.0248,0.1849,-2.0796,0.0000,0.0000,0.0000
7.6260,1,4.9246,0.8652,0.1739,-0.0006,0.0035,0.0007,0.0000,0.0000,0.0000
7.6260,2,7.9088,0.6419,0.0000,0.0000,-0.0000,0.0000,0.0000,0.0000,0.0000
7.6260,3,5.1185,1.6072,2.0923,0.9852,0.1780,-1.9994,0.0000,0.0000,0.0000
7.6600,1,4.9246,0.8652,0.1739,-0.0006,0.0035,0.0007,0.0000,0.0000,0.0000
7.6600,2,7.9088,0.6419,0.0000,0.0000,-0.0000,0.0000,0.0000,0.0000,0.0000
7.6600,3,5.1349,1.6101,2.0590,0.9427,0.1705,-1.9130,0.0000,0.0000,0.0000
7.6920,1,4.9246,0.8652,0.1739,-0.0006,0.0035,0.0007,0.0000,0.0000,0.0000
7.6920,2,7.9088,0.6419,0.0000,0.0000,-0.0000,0.0000,0.0000,0.0000,0.0000
7.6920,3,5.1497,1.6127,2.0291,0.9021,0.1634,-1.8307,0.0000,0.0000,0.0000
7.7260,1,4.9246,0.8652,0.1739,-0.0006,0.0035,0.0007,0.0000,0.0000,0.0000
7.7260,2,7.9088,0.6419,0.0000,0.0000,-0.0000,0.0000,0.0000,0.0000,0.0000
7.7260,3,5.1647,1.6153,1.9987,0.8586,0.1558,-1.7423,0.0000,0.0000,0.0000
7.7600,1,4.9246,0.8652,0.1739,-0.0006,0.0035,0.0007,0.0000,0.0000,0.0000
7.7600,2,7.9088,0.6419,0.0000,0.0000,-0.0000,0.0000,0.0000,0.0000,0.0000
7.7600,3,5.1789,1.6178,1.9698,0.8145,0.1480,-1.6529,0.0000,0.0000,0.0000
7.7920,1,4.9246,0.8652,0.1739,-0.0006,0.0035,0.0007,0.0000,0.0000,0.0000
7.7920,2,7.9088,0.6419,0.0000,0.0000,-0.0000,0.0000,0.0000,0.0000,0.0000
7.7920,3,5.1916,1.6200,1.9440,0.7727,0.1407,-1.5679,0.0000,0.0000,0.0000
7.8240,1,4.9246,0.8652,0.1739,-0.0006,0.0035,0.0007,0.0000,0.0000,0.0000
7.8240,2,7.9088,0.6419,0.0000,0.0000,-0.0000,0.0000,0.0000,0.0000,0.0000
7.8240,3,5.2037,1.6222,1.9195,0.7305,0.1333,-1.4823,0.0000,0.0000,0.0000
7.8580,1,4.9246,0.8652,0.1739,-0.0006,0.0035,0.0007,0.0000,0.0000,0.0000
7.8580,2,7.9088,0.6419,0.0000,0.0000,-0.0000,0.0000,0.0000,0.0000,0.0000
7.8580,3,5.2158,1.6243,1.8951,0.6853,0.1254,-1.3906,0.0000,0.0000,0.0000
7.8940,1,4.9246,0.8652,0.1739,-0.0006,0.0035,0.0007,0.0000,0.0000,0.0000
7.8940,2,7.9088,0.6419,0.0000,0.0000,-0.0000,0.0000,0.0000,0.0000,0.0000
7.8940,3,5.2277,1.6264,1.8709,0.6371,0.1169,-1.2928,0.0000,0.0000,0.0000
7.9280,1,4.9246,0.8652,0.1739,-0.0006,0.0035,0.0007,0.0000,0.0000,0.0000
7.9280,2,7.9088,0.6419,0.0000,0.0000,-0.0000,0.0000,0.0000,0.0000,0.0000
7.9280,3,5.2381,1.6282,1.8496,0.5914,0.1089,-1.1999,0.0000,0.0000,0.0000
7.9620,1,4.9246,0.8652,0.1739,-0.0006,0.0035,0.0007,0.0000,0.0000,0.0000
7.9620,2,7.9088,0.6419,0.0000,0.0000,-0.0000,0.0000,0.0000,0.0000,0.0000
7.9620,3,5.2478,1.6299,1.8300,0.5454,0.1008,-1.1067,0.0000,0.0000,0.0000
7.9940,1,4.9246,0.8652,0.1739,-0.0006,0.0035,0.0007,0.0000,0.0000,0.0000
7.9940,2,7.9088,0.6419,0.0000,0.0000,-0.0000,0.0000,0.0000,0.0000,0.0000
7.9940,3,5.2562,1.6314,1.8129,0.5021,0.0932,-1.0186,0.0000,0.0000,0.0000
8.0240,1,4.9246,0.8652,0.1739,-0.0006,0.0035,0.0007,0.0000,0.0000,0.0000
8.0240,2,7.9088,0.6419,0.0000,0.0000,-0.0000,0.0000,0.0000,0.0000,0.0000
8.0240,3,5.2635,1.6327,1.7982,0.4614,0.0861,-0.9360,0.0000,0.0000,0.0000
8.0600,1,4.9246,0.8652,0.1739,-0.0006,0.0035,0.0007,0.0000,0.0000,0.0000
8.0600,2,7.9088,0.6419,0.0000,0.0000,-0.0000,0.0000,0.0000,0.0000,0.0000
8.0600,3,5.2714,1.6341,1.7822,0.4125,0.0775,-0.8367,0.0000,0.0000,0.0000
8.0920,1,4.9246,0.8652,0.1739,-0.0006,0.0035,0.0007,0.0000,0.0000,0.0000
8.0920,2,7.9088,0.6419,0.0000,0.0000,-0.0000,0.0000,0.0000,0.0000,0.0000
8.0920,3,5.2776,1.6352,1.7695,0.3691,0.0699,-0.7486,0.0000,0.0000,0.0000
8.1260,1,4.9246,0.8652,0.1739,-0.0006,0.0036,0.0007,0.0000,0.0000,0.0000
8.1260,2,7.9088,0.6419,0.0000,0.0000,-0.0000,0.0000,0.0000,0.0000,0.0000
8.1260,3,5.2835,1.6362,1.7575,0.3231,0.0618,-0.6552,0.0000,0.0000,0.0000
8.1580,1,4.9246,0.8652,0.1739,-0.0006,0.0036,0.0007,0.0000,0.0000,0.0000
8.1580,2,7.9088,0.6419,0.0000,0.0000,-0.0000,0.0000,0.0000,0.0000,0.0000
8.1580,3,5.2884,1.6371,1.7477,0.2800,0.0543,-0.5677,0.0000,0.0000,0.0000
8.1920,1,4.9246,0.8652,0.1739,-0.0006,0.0035,0.0007,0.0000,0.0000,0.0000
8.1920,2,7.9088,0.6419,0.0000,0.0000,-0.0000,0.0000,0.0000,0.0000,0.0000
8.1920,3,5.2928,1.6378,1.7388,0.2344,0.0463,-0.4752,0.0000,0.0000,0.0000
8.2260,1,4.9246,0.8652,0.1739,-0.0006,0.0035,0.0007,0.0000,0.0000,0.0000
8.2260,2,7.9088,0.6419,0.0000,0.0000,-0.0000,0.0000,0.0000,0.0000,0.0000
8.2260,3,5.2964,1.6385,1.7314,0.1892,0.0383,-0.3834,0.0000,0.0000,0.0000
8.2600,1,4.9246,0.8652,0.1739,-0.0006,0.0035,0.0007,0.0000,0.0000,0.0000
8.2600,2,7.9088,0.6419,0.0000,0.0000,-0.0000,0.0000,0.0000,0.0000,0.0000
8.2600,3,5.2992,1.6390,1.7256,0.1444,0.0305,-0.2923,0.0000,0.0000,0.0000
8.2920,1,4.9246,0.8652,0.1739,-0.0006,0.0035,0.0007,0.0000,0.0000,0.0000
8.2920,2,7.9088,0.6419,0.0000,0.0000,-0.0000,0.0000,0.0000,0.0000,0.0000
8.2920,3,5.3012,1.6393,1.7216,0.1027,0.0231,-0.2075,0.0000,0.0000,0.0000
8.3260,1,4.9246,0.8652,0.1739,-0.0006,0.0035,0.0007,0.0000,0.0000,0.0000
8.3260,2,7.9088,0.6419,0.0000,0.0000,-0.0000,0.0000,0.0000,0.0000,0.0000
8.3260,3,5.3026,1.6396,1.7188,0.0588,0.0154,-0.1185,0.0000,0.0000,0.0000
8.3620,1,4.9246,0.8652,0.1739,-0.0006,0.0034,0.0007,0.0000,0.0000,0.0000
8.3620,2,7.9088,0.6419,0.0000,0.0000,-0.0000,0.0000,0.0000,0.0000,0.0000
8.3620,3,5.3033,1.6397,1.7174,0.0131,0.0074,0.0001,0.0000,0.0000,0.0000
8.3920,1,4.9246,0.8652,0.1739,-0.0007,0.0038,0.0008,0.0000,0.0000,0.0000
8.3920,2,7.9088,0.6419,0.0000,0.0000,-0.0000,0.0000,0.0000,0.0000,0.0000
8.3920,3,5.3033,1.6397,1.7174,-0.0076,0.0039,0.0003,0.0000,0.0000,0.0000
8.4240,1,4.9246,0.8652,0.1739,-0.0007,0.0037,0.0008,0.0000,0.0000,0.0000
8.4240,2,7.9088,0.6419,0.0000,0.0000,-0.0000,0.0000,0.0000,0.0000,0.0000
8.4240,3,5.3031,1.6397,1.7174,-0.0077,0.0039,0.0003,0.0000,0.0000,0.0000
8.4600,1,4.9246,0.8652,0.1739,-0.0007,0.0037,0.0008,0.0000,0.0000,0.0000
8.4600,2,7.9088,0.6419,0.0000,0.0000,-0.0000,0.0000,0.0000,0.0000,0.0000
8.4600,3,5.3030,1.6397,1.7174,-0.0077,0.0038,0.0003,0.0000,0.0000,0.0000
8.4920,1,4.9246,0.8652,0.1739,-0.0006,0.0037,0.0007,0.0000,0.0000,0.0000
8.4920,2,7.9088,0.6419,0.0000,0.0000,-0.0000,0.0000,0.0000,0.0000,0.0000
8.4920,3,5.3029,1.6396,1.7175,-0.0077,0.0038,0.0003,0.0000,0.0000,0.0000
8.5240,1,4.9246,0.8652,0.1739,-0.0006,0.0036,0.0007,0.0000,0.0000,0.0000
8.5240,2,7.9088,0.6419,0.0000,0.0000,-0.0000,0.0000,0.0000,0.0000,0.0000
8.5240,3,5.3027,1.6396,1.7175,-0.0076,0.0038,0.0003,0.0000,0.0000,0.0000
8.5600,1,4.9246,0.8652,0.1739,-0.0006,0.0036,0.0007,0.0000,0.0000,0.0000
8.5600,2,7.9088,0.6419,0.0000,0.0000,-0.0000,0.0000,0.0000,0.0000,0.0000
8.5600,3,5.3026,1.6396,1.7175,-0.0076,0.0038,0.0003,0.0000,0.0000,0.0000
8.5920,1,4.9246,0.8652,0.1739,-0.0006,0.0036,0.0007,0.0000,0.0000,0.0000
8.5920,2,7.9088,0.6419,0.0000,0.0000,-0.0000,0.0000,0.0000,0.0000,0.0000
8.5920,3,5.3025,1.6396,1.7175,-0.0076,0.0037,0.0003,0.0000,0.0000,0.0000
8.6260,1,4.9246,0.8652,0.1739,-0.0006,0.0036,0.0007,0.0000,0.0000,0.0000
8.6260,2,7.9088,0.6419,0.0000,0.0000,-0.0000,0.0000,0.0000,0.0000,0.0000
8.6260,3,5.3024,1.6396,1.7175,-0.0076,0.0037,0.0003,0.0000,0.0000,0.0000
8.6580,1,4.9246,0.8652,0.1739,-0.0006,0.0036,0.0007,0.0000,0.0000,0.0000
8.6580,2,7.9088,0.6419,0.0000,0.0000,-0.0000,0.0000,0.0000,0.0000,0.0000
8.6580,3,5.3022,1.6395,1.7175,-0.0076,0.0037,0.0003,0.0000,0.0000,0.0000
8.6920,1,4.9246,0.8652,0.1739,-0.0006,0.0036,0.0007,0.0000,0.0000,0.0000
8.6920,2,7.9088,0.6419,0.0000,0.0000,-0.0000,0.0000,0.0000,0.0000,0.0000
8.6920,3,5.3021,1.6395,1.7175,-0.0076,0.0037,0.0003,0.0000,0.0000,0.0000
8.7260,1,4.9246,0.8652,0.1739,-0.0006,0.0036,0.0007,0.0000,0.0000,0.0000
8.7260,2,7.9088,0.6419,0.0000,0.0000,-0.0000,0.0000,0.0000,0.0000,0.0000
8.7260,3,5.3020,1.6395,1.7175,-0.0076,0.0037,0.0003,0.0000,0.0000,0.0000
8.7580,1,4.9246,0.8652,0.1739,-0.0006,0.0036,0.0007,0.0000,0.0000,0.0000
8.7580,2,7.9088,0.6419,0.0000,0.0000,-0.0000,0.0000,0.0000,0.0000,0.0000
8.7580,3,5.3019,1.6395,1.7175,-0.0076,0.0037,0.0003,0.0000,0.0000,0.0000
8.7940,1,4.9246,0.8652,0.1739,-0.0006,0.0036,0.0007,0.0000,0.0000,0.0000
8.7940,2,7.9088,0.6419,0.0000,0.0000,-0.0000,0.0000,0.0000,0.0000,0.0000
8.7940,3,5.3017,1.6395,1.7175,-0.0076,0.0037,0.0003,0.0000,0.0000,0.0000
8.8260,1,4.9246,0.8652,0.1739,-0.0006,0.0036,0.0007,0.0000,0.0000,0.0000
8.8260,2,7.9088,0.6419,0.0000,0.0000,-0.0000,0.0000,0.0000,0.0000,0.0000
8.8260,3,5.3016,1.6394,1.7175,-0.0076,0.0037,0.0003,0.0000,0.0000,0.0000
8.8600,1,4.9246,0.8652,0.1739,-0.0006,0.0036,0.0007,0.0000,0.0000,0.0000
8.8600,2,7.9088,0.6419,0.0000,0.0000,-0.0000,0.0000,0.0000,0.0000,0.0000
8.8600,3,5.3015,1.6394,1.7175,-0.0076,0.0037,0.0003,0.0000,0.0000,0.0000
8.8920,1,4.9246,0.8652,0.1739,-0.0006,0.0036,0.0007,0.0000,0.0000,0.0000
8.8920,2,7.9088,0.6419,0.0000,0.0000,-0.0000,0.0000,0.0000,0.0000,0.0000
8.8920,3,5.3013,1.6394,1.7176,-0.0076,0.0037,0.0003,0.0000,0.0000,0.0000
8.9280,1,4.9246,0.8652,0.1739,-0.0006,0.0036,0.0007,0.0000,0.0000,0.0000
8.9280,2,7.9088,0.6419,0.0000,0.0000,-0.0000,0.0000,0.0000,0.0000,0.0000
8.9280,3,5.3012,1.6394,1.7176,-0.0076,0.0037,0.0003,0.0000,0.0000,0.0000
8.9580,1,4.9246,0.8652,0.1739,-0.0006,0.0036,0.0007,0.0000,0.0000,0.0000
8.9580,2,7.9088,0.6419,0.0000,0.0000,-0.0000,0.0000,0.0000,0.0000,0.0000
8.9580,3,5.3011,1.6394,1.7176,-0.0076,0.0037,0.0003,0.0000,0.0000,0.0000
8.9920,1,4.9246,0.8652,0.1739,-0.0006,0.0036,0.0007,0.0000,0.0000,0.0000
8.9920,2,7.9088,0.6419,0.0000,0.0000,-0.0000,0.0000,0.0000,0.0000,0.0000
8.9920,3,5.3010,1.6393,1.7176,-0.0076,0.0037,0.0003,0.0000,0.0000,0.0000
9.0260,1,4.9246,0.8652,0.1739,-0.0006,0.0036,0.0007,0.0000,0.0000,0.0000
9.0260,2,7.9088,0.6419,0.0000,0.0000,-0.0000,0.0000,0.0000,0.0000,0.0000
9.0260,3,5.3008,1.6393,1.7176,-0.0076,0.0037,0.0003,0.0000,0.0000,0.0000
9.0600,1,4.9246,0.8652,0.1739,-0.0006,0.0036,0.0007,0.0000,0.0000,0.0000
9.0600,2,7.9088,0.6419,0.0000,0.0000,-0.0000,0.0000,0.0000,0.0000,0.0000
9.0600,3,5.3007,1.6393,1.7176,-0.0075,0.0037,0.0003,0.0000,0.0000,0.0000
9.0920,1,4.9246,0.8652,0.1739,-0.0006,0.0036,0.0007,0.0000,0.0000,0.0000
9.0920,2,7.9088,0.6419,0.0000,0.0000,-0.0000,0.0000,0.0000,0.0000,0.0000
9.0920,3,5.3006,1.6393,1.7176,-0.0075,0.0037,0.0003,0.0000,0.0000,0.0000
9.1260,1,4.9246,0.8652,0.1739,-0.0006,0.0036,0.0007,0.0000,0.0000,0.0000
9.1260,2,7.9088,0.6419,0.0000,0.0000,-0.0000,0.0000,0.0000,0.0000,0.0000
9.1260,3,5.3005,1.6393,1.7176,-0.0075,0.0037,0.0003,0.0000,0.0000,0.0000
9.1600,1,4.9246,0.8652,0.1739,-0.0006,0.0036,0.0007,0.0000,0.0000,0.0000
9.1600,2,7.9088,0.6419,0.0000,0.0000,-0.0000,0.0000,0.0000,0.0000,0.0000
9.1600,3,5.3003,1.6392,1.7176,-0.0075,0.0037,0.0003,0.0000,0.0000,0.0000
9.1920,1,4.9246,0.8652,0.1739,-0.0006,0.0036,0.0007,0.0000,0.0000,0.0000
9.1920,2,7.9088,0.6419,0.0000,0.0000,-0.0000,0.0000,0.0000,0.0000,0.0000
9.1920,3,5.3002,1.6392,1.7176,-0.0075,0.0037,0.0003,0.0000,0.0000,0.0000
9.2240,1,4.9246,0.8652,0.1739,-0.0006,0.0036,0.0007,0.0000,0.0000,0.0000
9.2240,2,7.9088,0.6419,0.0000,0.0000,-0.0000,0.0000,0.0000,0.0000,0.0000
9.2240,3,5.3001,1.6392,1.7176,-0.0075,0.0037,0.0003,0.0000,0.0000,0.0000
9.2580,1,4.9246,0.8652,0.1739,-0.0006,0.0036,0.0007,0.0000,0.0000,0.0000
9.2580,2,7.9088,0.6419,0.0000,0.0000,-0.0000,0.0000,0.0000,0.0000,0.0000
9.2580,3,5.2999,1.6392,1.7176,-0.0075,0.0037,0.0003,0.0000,0.0000,0.0000
9.2920,1,4.9246,0.8652,0.1739,-0.0006,0.0036,0.0007,0.0000,0.0000,0.0000
9.2920,2,7.9088,0.6419,0.0000,0.0000,-0.0000,0.0000,0.0000,0.0000,0.0000
9.2920,3,5.2998,1.6392,1.7176,-0.0075,0.0037,0.0003,0.0000,0.0000,0.0000
9.3260,1,4.9246,0.8652,0.1739,-0.0006,0.0036,0.0007,0.0000,0.0000,0.0000
9.3260,2,7.9088,0.6419,0.0000,0.0000,-0.0000,0.0000,0.0000,0.0000,0.0000
9.3260,3,5.2997,1.6391,1.7177,-0.0075,0.0037,0.0003,0.0000,0.0000,0.0000
9.3600,1,4.9246,0.8652,0.1739,-0.0006,0.0036,0.0007,0.0000,0.0000,0.0000
9.3600,2,7.9088,0.6419,0.0000,0.0000,-0.0000,0.0000,0.0000,0.0000,0.0000
9.3600,3,5.2996,1.6391,1.7177,-0.0075,0.0037,0.0003,0.0000,0.0000,0.0000
9.3920,1,4.9246,0.8652,0.1739,-0.0006,0.0036,0.0007,0.0000,0.0000,0.0000
9.3920,2,7.9088,0.6419,0.0000,0.0000,-0.0000,0.0000,0.0000,0.0000,0.0000
9.3920,3,5.2994,1.6391,1.7177,-0.0075,0.0037,0.0003,0.0000,0.0000,0.0000
9.4260,1,4.9246,0.8652,0.1739,-0.0006,0.0036,0.0007,0.0000,0.0000,0.0000
9.4260,2,7.9088,0.6419,0.0000,0.0000,-0.0000,0.0000,0.0000,0.0000,0.0000
9.4260,3,5.2993,1.6391,1.7177,-0.0075,0.0037,0.0003,0.0000,0.0000,0.0000
9.4600,1,4.9246,0.8652,0.1739,-0.0006,0.0036,0.0007,0.0000,0.0000,0.0000
9.4600,2,7.9088,0.6419,0.0000,0.0000,-0.0000,0.0000,0.0000,0.0000,0.0000
9.4600,3,5.2992,1.6391,1.7177,-0.0075,0.0037,0.0003,0.0000,0.0000,0.0000
9.4920,1,4.9246,0.8652,0.1739,-0.0006,0.0036,0.0007,0.0000,0.0000,0.0000
9.4920,2,7.9088,0.6419,0.0000,0.0000,-0.0000,0.0000,0.0000,0.0000,0.0000
9.4920,3,5.2991,1.6391,1.7177,-0.0075,0.0037,0.0003,0.0000,0.0000,0.0000
9.5260,1,4.9246,0.8652,0.1739,-0.0006,0.0036,0.0007,0.0000,0.0000,0.0000
9.5260,2,7.9088,0.6419,0.0000,0.0000,-0.0000,0.0000,0.0000,0.0000,0.0000
9.5260,3,5.2990,1.6390,1.7177,-0.0075,0.0037,0.0003,0.0000,0.0000,0.0000
9.5580,1,4.9246,0.8652,0.1739,-0.0006,0.0036,0.0007,0.0000,0.0000,0.0000
9.5580,2,7.9088,0.6419,0.0000,0.0000,-0.0000,0.0000,0.0000,0.0000,0.0000
9.5580,3,5.2988,1.6390,1.7177,-0.0075,0.0037,0.0003,0.0000,0.0000,0.0000
9.5920,1,4.9246,0.8652,0.1739,-0.0006,0.0036,0.0007,0.0000,0.0000,0.0000
9.5920,2,7.9088,0.6419,0.0000,0.0000,-0.0000,0.0000,0.0000,0.0000,0.0000
9.5920,3,5.2987,1.6390,1.7177,-0.0075,0.0037,0.0003,0.0000,0.0000,0.0000
9.6280,1,4.9246,0.8652,0.1739,-0.0006,0.0036,0.0007,0.0000,0.0000,0.0000
9.6280,2,7.9088,0.6419,0.0000,0.0000,-0.0000,0.0000,0.0000,0.0000,0.0000
9.6280,3,5.2986,1.6390,1.7177,-0.0075,0.0037,0.0003,0.0000,0.0000,0.0000
9.6600,1,4.9246,0.8652,0.1739,-0.0006,0.0036,0.0007,0.0000,0.0000,0.0000
9.6600,2,7.9088,0.6419,0.0000,0.0000,-0.0000,0.0000,0.0000,0.0000,0.0000
9.6600,3,5.2985,1.6390,1.7177,-0.0075,0.0037,0.0003,0.0000,0.0000,0.0000
9.6960,1,4.9246,0.8652,0.1739,-0.0006,0.0036,0.0007,0.0000,0.0000,0.0000
9.6960,2,7.9088,0.6419,0.0000,0.0000,-0.0000,0.0000,0.0000,0.0000,0.0000
9.6960,3,5.2983,1.6389,1.7177,-0.0075,0.0037,0.0003,0.0000,0.0000,0.0000
9.7260,1,4.9246,0.8652,0.1739,-0.0006,0.0036,0.0007,0.0000,0.0000,0.0000
9.7260,2,7.9088,0.6419,0.0000,0.0000,-0.0000,0.0000,0.0000,0.0000,0.0000
9.7260,3,5.2982,1.6389,1.7178,-0.0075,0.0037,0.0003,0.0000,0.0000,0.0000
9.7640,1,4.9246,0.8652,0.1739,-0.0006,0.0036,0.0007,0.0000,0.0000,0.0000
9.7640,2,7.9088,0.6419,0.0000,0.0000,-0.0000,0.0000,0.0000,0.0000,0.0000
9.7640,3,5.2981,1.6389,1.7178,-0.0074,0.0037,0.0003,0.0000,0.0000,0.0000
9.7960,1,4.9246,0.8652,0.1739,-0.0006,0.0036,0.0007,0.0000,0.0000,0.0000
9.7960,2,7.9088,0.6419,0.0000,0.0000,-0.0000,0.0000,0.0000,0.0000,0.0000
9.7960,3,5.2980,1.6389,1.7178,-0.0074,0.0037,0.0003,0.0000,0.0000,0.0000
9.8260,1,4.9246,0.8652,0.1739,-0.0006,0.0036,0.0007,0.0000,0.0000,0.0000
9.8260,2,7.9088,0.6419,0.0000,0.0000,-0.0000,0.0000,0.0000,0.0000,0.0000
9.8260,3,5.2979,1.6389,1.7178,-0.0074,0.0037,0.0003,0.0000,0.0000,0.0000
9.8580,1,4.9246,0.8652,0.1739,-0.0006,0.0036,0.0007,0.0000,0.0000,0.0000
9.8580,2,7.9088,0.6419,0.0000,0.0000,-0.0000,0.0000,0.0000,0.0000,0.0000
9.8580,3,5.2978,1.6388,1.7178,-0.0074,0.0037,0.0003,0.0000,0.0000,0.0000
9.8920,1,4.9246,0.8652,0.1739,-0.0006,0.0036,0.0007,0.0000,0.0000,0.0000
9.8920,2,7.9088,0.6419,0.0000,0.0000,-0.0000,0.0000,0.0000,0.0000,0.0000
9.8920,3,5.2976,1.6388,1.7178,-0.0074,0.0037,0.0003,0.0000,0.0000,0.0000
9.9240,1,4.9246,0.8652,0.1739,-0.0006,0.0036,0.0007,0.0000,0.0000,0.0000
9.9240,2,7.9088,0.6419,0.0000,0.0000,-0.0000,0.0000,0.0000,0.0000,0.0000
9.9240,3,5.2975,1.6388,1.7178,-0.0074,0.0037,0.0003,0.0000,0.0000,0.0000
9.9600,1,4.9246,0.8652,0.1739,-0.0006,0.0036,0.0007,0.0000,0.0000,0.0000
9.9600,2,7.9088,0.6419,0.0000,0.0000,-0.0000,0.0000,0.0000,0.0000,0.0000
9.9600,3,5.2974,1.6388,1.7178,-0.0074,0.0037,0.0003,0.0000,0.0000,0.0000
9.9920,1,4.9246,0.8652,0.1739,-0.0006,0.0036,0.0007,0.0000,0.0000,0.0000
9.9920,2,7.9088,0.6419,0.0000,0.0000,-0.0000,0.0000,0.0000,0.0000,0.0000
9.9920,3,5.2973,1.6388,1.7178,-0.0074,0.0037,0.0003,0.0000,0.0000,0.0000
10.0240,1,4.9246,0.8652,0.1739,-0.0006,0.0036,0.0007,0.0000,0.0000,0.0000
10.0240,2,7.9088,0.6419,0.0000,0.0000,-0.0000,0.0000,0.0000,0.0000,0.0000
10.0240,3,5.2972,1.6387,1.7178,-0.0074,0.0037,0.0003,0.0000,0.0000,0.0000
10.0580,1,4.9246,0.8652,0.1739,-0.0006,0.0036,0.0007,0.0000,0.0000,0.0000
10.0580,2,7.9088,0.6419,0.0000,0.0000,-0.0000,0.0000,0.0000,0.0000,0.0000
10.0580,3,5.2970,1.6387,1.7178,-0.0074,0.0037,0.0003,0.0000,0.0000,0.0000
10.0920,1,4.9246,0.8652,0.1739,-0.0006,0.0036,0.0007,0.0000,0.0000,0.0000
10.0920,2,7.9088,0.6419,0.0000,0.0000,-0.0000,0.0000,0.0000,0.0000,0.0000
10.0920,3,5.2969,1.6387,1.7178,-0.0074,0.0037,0.0003,0.0000,0.0000,0.0000
10.1260,1,4.9246,0.8652,0.1739,-0.0006,0.0036,0.0007,0.0000,0.0000,0.0000
10.1260,2,7.9088,0.6419,0.0000,0.0000,-0.0000,0.0000,0.0000,0.0000,0.0000
10.1260,3,5.2968,1.6387,1.7178,-0.0074,0.0037,0.0003,0.0000,0.0000,0.0000
10.1620,1,4.9246,0.8652,0.1739,-0.0006,0.0036,0.0007,0.0000,0.0000,0.0000
10.1620,2,7.9088,0.6419,0.0000,0.0000,-0.0000,0.0000,0.0000,0.0000,0.0000
10.1620,3,5.2967,1.6387,1.7179,-0.0074,0.0037,0.0003,0.0000,0.0000,0.0000
10.1940,1,4.9246,0.8652,0.1739,-0.0006,0.0036,0.0007,0.0000,0.0000,0.0000
10.1940,2,7.9088,0.6419,0.0000,0.0000,-0.0000,0.0000,0.0000,0.0000,0.0000
10.1940,3,5.2966,1.6386,1.7179,-0.0074,0.0037,0.0003,0.0000,0.0000,0.0000
10.2280,1,4.9246,0.8652,0.1739,-0.0006,0.0036,0.0007,0.0000,0.0000,0.0000
10.2280,2,7.9088,0.6419,0.0000,0.0000,-0.0000,0.0000,0.0000,0.0000,0.0000
10.2280,3,5.2964,1.6386,1.7179,-0.0074,0.0037,0.0003,0.0000,0.0000,0.0000
10.2580,1,4.9246,0.8652,0.1739,-0.0006,0.0036,0.0007,0.0000,0.0000,0.0000
10.2580,2,7.9088,0.6419,0.0000,0.0000,-0.0000,0.0000,0.0000,0.0000,0.0000
10.2580,3,5.2963,1.6386,1.7179,-0.0074,0.0038,0.0003,0.0000,0.0000,0.0000
10.2960,1,4.9246,0.8652,0.1739,-0.0006,0.0036,0.0007,0.0000,0.0000,0.0000
10.2960,2,7.9088,0.6419,0.0000,0.0000,-0.0000,0.0000,0.0000,0.0000,0.0000
10.2960,3,5.2962,1.6386,1.7179,-0.0074,0.0038,0.0003,0.0000,0.0000,0.0000
10.3240,1,4.9246,0.8652,0.1739,-0.0006,0.0036,0.0007,0.0000,0.0000,0.0000
10.3240,2,7.9088,0.6419,0.0000,0.0000,-0.0000,0.0000,0.0000,0.0000,0.0000
10.3240,3,5.2961,1.6386,1.7179,-0.0074,0.0038,0.0003,0.0000,0.0000,0.0000
10.3620,1,4.9246,0.8652,0.1739,-0.0006,0.0036,0.0007,0.0000,0.0000,0.0000
10.3620,2,7.9088,0.6419,0.0000,0.0000,-0.0000,0.0000,0.0000,0.0000,0.0000
10.3620,3,5.2960,1.6385,1.7179,-0.0074,0.0038,0.0003,0.0000,0.0000,0.0000
10.3920,1,4.9246,0.8652,0.1739,-0.0006,0.0036,0.0007,0.0000,0.0000,0.0000
10.3920,2,7.9088,0.6419,0.0000,0.0000,-0.0000,0.0000,0.0000,0.0000,0.0000
10.3920,3,5.2959,1.6385,1.7179,-0.0074,0.0038,0.0003,0.0000,0.0000,0.0000
10.4280,1,4.9246,0.8652,0.1739,-0.0006,0.0036,0.0007,0.0000,0.0000,0.0000
10.4280,2,7.9088,0.6419,0.0000,0.0000,-0.0000,0.0000,0.0000,0.0000,0.0000
10.4280,3,5.2957,1.6385,1.7179,-0.0074,0.0038,0.0003,0.0000,0.0000,0.0000
10.4600,1,4.9246,0.8652,0.1739,-0.0006,0.0036,0.0007,0.0000,0.0000,0.0000
10.4600,2,7.9088,0.6419,0.0000,0.0000,-0.0000,0.0000,0.0000,0.0000,0.0000
10.4600,3,5.2956,1.6385,1.7179,-0.0074,0.0038,0.0003,0.0000,0.0000,0.0000
10.4960,1,4.9246,0.8652,0.1739,-0.0006,0.0036,0.0007,0.0000,0.0000,0.0000
10.4960,2,7.9088,0.6419,0.0000,0.0000,-0.0000,0.0000,0.0000,0.0000,0.0000
10.4960,3,5.2955,1.6385,1.7179,-0.0073,0.0038,0.0003,0.0000,0.0000,0.0000
10.5260,1,4.9246,0.8652,0.1739,-0.0006,0.0036,0.0007,0.0000,0.0000,0.0000
10.5260,2,7.9088,0.6419,0.0000,0.0000,-0.0000,0.0000,0.0000,0.0000,0.0000
10.5260,3,5.2954,1.6384,1.7179,-0.0073,0.0038,0.0003,0.0000,0.0000,0.0000
10.5580,1,4.9246,0.8652,0.1739,-0.0006,0.0036,0.0007,0.0000,0.0000,0.0000
10.5580,2,7.9088,0.6419,0.0000,0.0000,-0.0000,0.0000,0.0000,0.0000,0.0000
10.5580,3,5.2953,1.6384,1.7179,-0.0073,0.0038,0.0003,0.0000,0.0000,0.0000
10.5920,1,4.9246,0.8652,0.1739,-0.0006,0.0036,0.0007,0.0000,0.0000,0.0000
10.5920,2,7.9088,0.6419,0.0000,0.0000,-0.0000,0.0000,0.0000,0.0000,0.0000
10.5920,3,5.2951,1.6384,1.7180,-0.0073,0.0038,0.0003,0.0000,0.0000,0.0000
10.6260,1,4.9246,0.8652,0.1739,-0.0006,0.0036,0.0007,0.0000,0.0000,0.0000
10.6260,2,7.9088,0.6419,0.0000,0.0000,-0.0000,0.0000,0.0000,0.0000,0.0000
10.6260,3,5.2950,1.6384,1.7180,-0.0073,0.0038,0.0003,0.0000,0.0000,0.0000
10.6600,1,4.9246,0.8652,0.1739,-0.0006,0.0036,0.0007,0.0000,0.0000,0.0000
10.6600,2,7.9088,0.6419,0.0000,0.0000,-0.0000,0.0000,0.0000,0.0000,0.0000
10.6600,3,5.2949,1.6384,1.7180,-0.0073,0.0038,0.0003,0.0000,0.0000,0.0000
10.6920,1,4.9246,0.8652,0.1739,-0.0006,0.0036,0.0007,0.0000,0.0000,0.0000
10.6920,2,7.9088,0.6419,0.0000,0.0000,-0.0000,0.0000,0.0000,0.0000,0.0000
10.6920,3,5.2948,1.6383,1.7180,-0.0073,0.0038,0.0003,0.0000,0.0000,0.0000
10.7240,1,4.9246,0.8652,0.1739,-0.0006,0.0036,0.0007,0.0000,0.0000,0.0000
10.7240,2,7.9088,0.6419,0.0000,0.0000,-0.0000,0.0000,0.0000,0.0000,0.0000
10.7240,3,5.2947,1.6383,1.7180,-0.0073,0.0038,0.0003,0.0000,0.0000,0.0000
10.7600,1,4.9246,0.8652,0.1739,-0.0006,0.0036,0.0007,0.0000,0.0000,0.0000
10.7600,2,7.9088,0.6419,0.0000,0.0000,-0.0000,0.0000,0.0000,0.0000,0.0000
10.7600,3,5.2945,1.6383,1.7180,-0.0073,0.0038,0.0003,0.0000,0.0000,0.0000
10.7940,1,4.9246,0.8652,0.1739,-0.0006,0.0036,0.0007,0.0000,0.0000,0.0000
10.7940,2,7.9088,0.6419,0.0000,0.0000,-0.0000,0.0000,0.0000,0.0000,0.0000
10.7940,3,5.2944,1.6383,1.7180,-0.0073,0.0038,0.0003,0.0000,0.0000,0.0000
10.8280,1,4.9246,0.8652,0.1739,-0.0006,0.0036,0.0007,0.0000,0.0000,0.0000
10.8280,2,7.9088,0.6419,0.0000,0.0000,-0.0000,0.0000,0.0000,0.0000,0.0000
10.8280,3,5.2943,1.6383,1.7180,-0.0073,0.0038,0.0003,0.0000,0.0000,0.0000
10.8600,1,4.9246,0.8652,0.1739,-0.0006,0.0036,0.0007,0.0000,0.0000,0.0000
10.8600,2,7.9088,0.6419,0.0000,0.0000,-0.0000,0.0000,0.0000,0.0000,0.0000
10.8600,3,5.2942,1.6382,1.7180,-0.0073,0.0038,0.0003,0.0000,0.0000,0.0000
10.8920,1,4.9246,0.8652,0.1739,-0.0006,0.0036,0.0007,0.0000,0.0000,0.0000
10.8920,2,7.9088,0.6419,0.0000,0.0000,-0.0000,0.0000,0.0000,0.0000,0.0000
10.8920,3,5.2941,1.6382,1.7180,-0.0073,0.0038,0.0003,0.0000,0.0000,0.0000
10.9280,1,4.9246,0.8652,0.1739,-0.0006,0.0036,0.0007,0.0000,0.0000,0.0000
10.9280,2,7.9088,0.6419,0.0000,0.0000,-0.0000,0.0000,0.0000,0.0000,0.0000
10.9280,3,5.2939,1.6382,1.7180,-0.0073,0.0038,0.0003,0.0000,0.0000,0.0000
10.9580,1,4.9246,0.8652,0.1739,-0.0006,0.0036,0.0007,0.0000,0.0000,0.0000
10.9580,2,7.9088,0.6419,0.0000,0.0000,-0.0000,0.0000,0.0000,0.0000,0.0000
10.9580,3,5.2938,1.6382,1.7180,-0.0073,0.0038,0.0003,0.0000,0.0000,0.0000
10.9960,1,4.9246,0.8652,0.1739,-0.0006,0.0036,0.0007,0.0000,0.0000,0.0000
10.9960,2,7.9088,0.6419,0.0000,0.0000,-0.0000,0.0000,0.0000,0.0000,0.0000
10.9960,3,5.2937,1.6382,1.7181,-0.0073,0.0038,0.0003,0.0000,0.0000,0.0000
11.0280,1,4.9246,0.8652,0.1739,-0.0006,0.0036,0.0007,0.0000,0.0000,0.0000
11.0280,2,7.9088,0.6419,0.0000,0.0000,-0.0000,0.0000,0.0000,0.0000,0.0000
11.0280,3,5.2936,1.6381,1.7181,-0.0073,0.0038,0.0003,0.0000,0.0000,0.0000
11.0620,1,4.9246,0.8652,0.1739,-0.0006,0.0036,0.0007,0.0000,0.0000,0.0000
11.0620,2,7.9088,0.6419,0.0000,0.0000,-0.0000,0.0000,0.0000,0.0000,0.0000
11.0620,3,5.2935,1.6381,1.7181,-0.0073,0.0038,0.0003,0.0000,0.0000,0.0000
11.0960,1,4.9246,0.8652,0.1739,-0.0006,0.0036,0.0007,0.0000,0.0000,0.0000
11.0960,2,7.9088,0.6419,0.0000,0.0000,-0.0000,0.0000,0.0000,0.0000,0.0000
11.0960,3,5.2933,1.6381,1.7181,-0.0073,0.0038,0.0003,0.0000,0.0000,0.0000
11.1240,1,4.9246,0.8652,0.1739,-0.0006,0.0036,0.0007,0.0000,0.0000,0.0000
11.1240,2,7.9088,0.6419,0.0000,0.0000,-0.0000,0.0000,0.0000,0.0000,0.0000
11.1240,3,5.2932,1.6381,1.7181,-0.0073,0.0038,0.0003,0.0000,0.0000,0.0000
11.1620,1,4.9246,0.8652,0.1739,-0.0006,0.0036,0.0007,0.0000,0.0000,0.0000
11.1620,2,7.9088,0.6419,0.0000,0.0000,-0.0000,0.0000,0.0000,0.0000,0.0000
11.1620,3,5.2931,1.6381,1.7181,-0.0073,0.0038,0.0003,0.0000,0.0000,0.0000
11.1940,1,4.9246,0.8652,0.1739,-0.0006,0.0036,0.0007,0.0000,0.0000,0.0000
11.1940,2,7.9088,0.6419,0.0000,0.0000,-0.0000,0.0000,0.0000,0.0000,0.0000
11.1940,3,5.2930,1.6380,1.7181,-0.0073,0.0038,0.0003,0.0000,0.0000,0.0000
11.2280,1,4.9246,0.8652,0.1739,-0.0006,0.0036,0.0007,0.0000,0.0000,0.0000
11.2280,2,7.9088,0.6419,0.0000,0.0000,-0.0000,0.0000,0.0000,0.0000,0.0000
11.2280,3,5.2929,1.6380,1.7181,-0.0072,0.0038,0.0003,0.0000,0.0000,0.0000
11.2580,1,4.9246,0.8652,0.1739,-0.0006,0.0036,0.0007,0.0000,0.0000,0.0000
11.2580,2,7.9088,0.6419,0.0000,0.0000,-0.0000,0.0000,0.0000,0.0000,0.0000
11.2580,3,5.2928,1.6380,1.7181,-0.0072,0.0038,0.0003,0.0000,0.0000,0.0000
11.2940,1,4.9246,0.8652,0.1739,-0.0006,0.0036,0.0007,0.0000,0.0000,0.0000
11.2940,2,7.9088,0.6419,0.0000,0.0000,-0.0000,0.0000,0.0000,0.0000,0.0000
11.2940,3,5.2926,1.6380,1.7181,-0.0072,0.0038,0.0003,0.0000,0.0000,0.0000
11.3260,1,4.9246,0.8652,0.1739,-0.0006,0.0036,0.0007,0.0000,0.0000,0.0000
11.3260,2,7.9088,0.6419,0.0000,0.0000,-0.0000,0.0000,0.0000,0.0000,0.0000
11.3260,3,5.2925,1.6380,1.7181,-0.0072,0.0038,0.0003,0.0000,0.0000,0.0000
11.3600,1,4.9246,0.8652,0.1739,-0.0006,0.0036,0.0007,0.0000,0.0000,0.0000
11.3600,2,7.9088,0.6419,0.0000,0.0000,-0.0000,0.0000,0.0000,0.0000,0.0000
11.3600,3,5.2924,1.6379,1.7181,-0.0072,0.0038,0.0003,0.0000,0.0000,0.0000
11.3940,1,4.9246,0.8652,0.1739,-0.0006,0.0036,0.0007,0.0000,0.0000,0.0000
11.3940,2,7.9088,0.6419,0.0000,0.0000,-0.0000,0.0000,0.0000,0.0000,0.0000
11.3940,3,5.2923,1.6379,1.7181,-0.0072,0.0038,0.0003,0.0000,0.0000,0.0000
11.4300,1,4.9246,0.8652,0.1739,-0.0006,0.0036,0.0007,0.0000,0.0000,0.0000
11.4300,2,7.9088,0.6419,0.0000,0.0000,-0.0000,0.0000,0.0000,0.0000,0.0000
11.4300,3,5.2921,1.6379,1.7182,-0.0072,0.0038,0.0003,0.0000,0.0000,0.0000
11.4640,1,4.9246,0.8652,0.1739,-0.0006,0.0036,0.0007,0.0000,0.0000,0.0000
11.4640,2,7.9088,0.6419,0.0000,0.0000,-0.0000,0.0000,0.0000,0.0000,0.0000
11.4640,3,5.2920,1.6379,1.7182,-0.0072,0.0038,0.0003,0.0000,0.0000,0.0000
11.4960,1,4.9246,0.8652,0.1739,-0.0006,0.0036,0.0007,0.0000,0.0000,0.0000
11.4960,2,7.9088,0.6419,0.0000,0.0000,-0.0000,0.0000,0.0000,0.0000,0.0000
11.4960,3,5.2919,1.6379,1.7182,-0.0072,0.0038,0.0003,0.0000,0.0000,0.0000
11.5320,1,4.9246,0.8652,0.1739,-0.0006,0.0036,0.0007,0.0000,0.0000,0.0000
11.5320,2,7.9088,0.6419,0.0000,0.0000,-0.0000,0.0000,0.0000,0.0000,0.0000
11.5320,3,5.2918,1.6378,1.7182,-0.0072,0.0038,0.0003,0.0000,0.0000,0.0000
11.5620,1,4.9246,0.8652,0.1739,-0.0006,0.0036,0.0007,0.0000,0.0000,0.0000
11.5620,2,7.9088,0.6419,0.0000,0.0000,-0.0000,0.0000,0.0000,0.0000,0.0000
11.5620,3,5.2917,1.6378,1.7182,-0.0072,0.0038,0.0003,0.0000,0.0000,0.0000
11.5960,1,4.9246,0.8652,0.1739,-0.0006,0.0036,0.0007,0.0000,0.0000,0.0000
11.5960,2,7.9088,0.6419,0.0000,0.0000,-0.0000,0.0000,0.0000,0.0000,0.0000
11.5960,3,5.2915,1.6378,1.7182,-0.0072,0.0038,0.0003,0.0000,0.0000,0.0000
11.6300,1,4.9246,0.8652,0.1739,-0.0006,0.0036,0.0007,0.0000,0.0000,0.0000
11.6300,2,7.9088,0.6419,0.0000,0.0000,-0.0000,0.0000,0.0000,0.0000,0.0000
11.6300,3,5.2914,1.6378,1.7183,-0.0072,0.0038,0.0003,0.0000,0.0000,0.0000
11.6620,1,4.9246,0.8652,0.1739,-0.0006,0.0036,0.0007,0.0000,0.0000,0.0000
11.6620,2,7.9088,0.6419,0.0000,0.0000,-0.0000,0.0000,0.0000,0.0000,0.0000
11.6620,3,5.2913,1.6378,1.7183,-0.0072,0.0038,0.0003,0.0000,0.0000,0.0000
11.6960,1,4.9246,0.8652,0.1739,-0.0006,0.0036,0.0007,0.0000,0.0000,0.0000
11.6960,2,7.9088,0.6419,0.0000,0.0000,-0.0000,0.0000,0.0000,0.0000,0.0000
11.6960,3,5.2912,1.6377,1.7183,-0.0072,0.0038,0.0003,0.0000,0.0000,0.0000
11.7300,1,4.9246,0.8652,0.1739,-0.0006,0.0036,0.0007,0.0000,0.0000,0.0000
11.7300,2,7.9088,0.6419,0.0000,0.0000,-0.0000,0.0000,0.0000,0.0000,0.0000
11.7300,3,5.2911,1.6377,1.7183,-0.0072,0.0038,0.0003,0.0000,0.0000,0.0000
11.7620,1,4.9246,0.8652,0.1739,-0.0006,0.0036,0.0007,0.0000,0.0000,0.0000
11.7620,2,7.9088,0.6419,0.0000,0.0000,-0.0000,0.0000,0.0000,0.0000,0.0000
11.7620,3,5.2910,1.6377,1.7183,-0.0072,0.0038,0.0003,0.0000,0.0000,0.0000
11.7960,1,4.9246,0.8652,0.1739,-0.0006,0.0036,0.0007,0.0000,0.0000,0.0000
11.7960,2,7.9088,0.6419,0.0000,0.0000,-0.0000,0.0000,0.0000,0.0000,0.0000
11.7960,3,5.2908,1.6377,1.7183,-0.0072,0.0038,0.0003,0.0000,0.0000,0.0000
11.8280,1,4.9246,0.8652,0.1739,-0.0006,0.0036,0.0007,0.0000,0.0000,0.0000
11.8280,2,7.9088,0.6419,0.0000,0.0000,-0.0000,0.0000,0.0000,0.0000,0.0000
11.8280,3,5.2907,1.6377,1.7183,-0.0072,0.0038,0.0003,0.0000,0.0000,0.0000
11.8620,1,4.9246,0.8652,0.1739,-0.0006,0.0036,0.0007,0.0000,0.0000,0.0000
11.8620,2,7.9088,0.6419,0.0000,0.0000,-0.0000,0.0000,0.0000,0.0000,0.0000
11.8620,3,5.2906,1.6376,1.7184,-0.0072,0.0038,0.0003,0.0000,0.0000,0.0000
11.8960,1,4.9246,0.8652,0.1739,-0.0006,0.0036,0.0007,0.0000,0.0000,0.0000
11.8960,2,7.9088,0.6419,0.0000,0.0000,-0.0000,0.0000,0.0000,0.0000,0.0000
11.8960,3,5.2905,1.6376,1.7184,-0.0072,0.0038,0.0003,0.0000,0.0000,0.0000
11.9300,1,4.9246,0.8652,0.1739,-0.0006,0.0036,0.0007,0.0000,0.0000,0.0000
11.9300,2,7.9088,0.6419,0.0000,0.0000,-0.0000,0.0000,0.0000,0.0000,0.0000
11.9300,3,5.2904,1.6376,1.7184,-0.0072,0.0038,0.0003,0.0000,0.0000,0.0000
11.9620,1,4.9246,0.8652,0.1739,-0.0006,0.0036,0.0007,0.0000,0.0000,0.0000
11.9620,2,7.9088,0.6419,0.0000,0.0000,-0.0000,0.0000,0.0000,0.0000,0.0000
11.9620,3,5.2903,1.6376,1.7184,-0.0071,0.0038,0.0003,0.0000,0.0000,0.0000
11.9980,1,4.9246,0.8652,0.1739,-0.0006,0.0036,0.0007,0.0000,0.0000,0.0000
11.9980,2,7.9088,0.6419,0.0000,0.0000,-0.0000,0.0000,0.0000,0.0000,0.0000
11.9980,3,5.2901,1.6376,1.7184,-0.0071,0.0038,0.0003,0.0000,0.0000,0.0000
12.0300,1,4.9246,0.8652,0.1739,-0.0006,0.0036,0.0007,0.0000,0.0000,0.0000
12.0300,2,7.9088,0.6419,0.0000,0.0000,-0.0000,0.0000,0.0000,0.0000,0.0000
12.0300,3,5.2900,1.6375,1.7184,-0.0071,0.0038,0.0003,0.0000,0.0000,0.0000
12.0620,1,4.9246,0.8652,0.1739,-0.0006,0.0036,0.0007,0.0000,0.0000,0.0000
12.0620,2,7.9088,0.6419,0.0000,0.0000,-0.0000,0.0000,0.0000,0.0000,0.0000
12.0620,3,5.2899,1.6375,1.7185,-0.0071,0.0038,0.0003,0.0000,0.0000,0.0000
12.0940,1,4.9246,0.8652,0.1739,-0.0006,0.0036,0.0007,0.0000,0.0000,0.0000
12.0940,2,7.9088,0.6419,0.0000,0.0000,-0.0000,0.0000,0.0000,0.0000,0.0000
12.0940,3,5.2898,1.6375,1.7185,-0.0071,0.0038,0.0003,0.0000,0.0000,0.0000
12.1240,1,4.9246,0.8652,0.1739,-0.0006,0.0036,0.0007,0.0000,0.0000,0.0000
12.1240,2,7.9088,0.6419,0.0000,0.0000,-0.0000,0.0000,0.0000,0.0000,0.0000
12.1240,3,5.2897,1.6375,1.7185,-0.0071,0.0038,0.0003,0.0000,0.0000,0.0000
12.1580,1,4.9246,0.8652,0.1739,-0.0006,0.0036,0.0007,0.0000,0.0000,0.0000
12.1580,2,7.9088,0.6419,0.0000,0.0000,-0.0000,0.0000,0.0000,0.0000,0.0000
12.1580,3,5.2896,1.6375,1.7185,-0.0071,0.0038,0.0003,0.0000,0.0000,0.0000
12.1920,1,4.9246,0.8652,0.1739,-0.0006,0.0036,0.0007,0.0000,0.0000,0.0000
12.1920,2,7.9088,0.6419,0.0000,0.0000,-0.0000,0.0000,0.0000,0.0000,0.0000
12.1920,3,5.2895,1.6374,1.7185,-0.0071,0.0038,0.0003,0.0000,0.0000,0.0000
12.2240,1,4.9246,0.8652,0.1739,-0.0006,0.0036,0.0007,0.0000,0.0000,0.0000
12.2240,2,7.9088,0.6419,0.0000,0.0000,-0.0000,0.0000,0.0000,0.0000,0.0000
12.2240,3,5.2894,1.6374,1.7185,-0.0071,0.0038,0.0003,0.0000,0.0000,0.0000
12.2600,1,4.9246,0.8652,0.1739,-0.0006,0.0036,0.0007,0.0000,0.0000,0.0000
12.2600,2,7.9088,0.6419,0.0000,0.0000,-0.0000,0.0000,0.0000,0.0000,0.0000
12.2600,3,5.2893,1.6374,1.7186,-0.0071,0.0038,0.0003,0.0000,0.0000,0.0000
12.2940,1,4.9246,0.8652,0.1739,-0.0006,0.0036,0.0007,0.0000,0.0000,0.0000
12.2940,2,7.9088,0.6419,0.0000,0.0000,-0.0000,0.0000,0.0000,0.0000,0.0000
12.2940,3,5.2891,1.6374,1.7186,-0.0071,0.0038,0.0003,0.0000,0.0000,0.0000
12.3240,1,4.9246,0.8652,0.1739,-0.0006,0.0036,0.0007,0.0000,0.0000,0.0000
12.3240,2,7.9088,0.6419,0.0000,0.0000,-0.0000,0.0000,0.0000,0.0000,0.0000
12.3240,3,5.2890,1.6374,1.7186,-0.0071,0.0038,0.0003,0.0000,0.0000,0.0000
12.3640,1,4.9246,0.8652,0.1739,-0.0006,0.0036,0.0007,0.0000,0.0000,0.0000
12.3640,2,7.9088,0.6419,0.0000,0.0000,-0.0000,0.0000,0.0000,0.0000,0.0000
12.3640,3,5.2889,1.6373,1.7186,-0.0071,0.0038,0.0003,0.0000,0.0000,0.0000
12.3940,1,4.9246,0.8652,0.1739,-0.0006,0.0036,0.0007,0.0000,0.0000,0.0000
12.3940,2,7.9088,0.6419,0.0000,0.0000,-0.0000,0.0000,0.0000,0.0000,0.0000
12.3940,3,5.2888,1.6373,1.7186,-0.0071,0.0038,0.0003,0.0000,0.0000,0.0000
12.4260,1,4.9246,0.8652,0.1739,-0.0006,0.0036,0.0007,0.0000,0.0000,0.0000
12.4260,2,7.9088,0.6419,0.0000,0.0000,-0.0000,0.0000,0.0000,0.0000,0.0000
12.4260,3,5.2887,1.6373,1.7186,-0.0071,0.0038,0.0003,0.0000,0.0000,0.0000
12.4640,1,4.9246,0.8652,0.1739,-0.0006,0.0036,0.0007,0.0000,0.0000,0.0000
12.4640,2,7.9088,0.6419,0.0000,0.0000,-0.0000,0.0000,0.0000,0.0000,0.0000
12.4640,3,5.2886,1.6373,1.7186,-0.0071,0.0038,0.0003,0.0000,0.0000,0.0000
12.4980,1,4.9246,0.8652,0.1739,-0.0006,0.0036,0.0007,0.0000,0.0000,0.0000
12.4980,2,7.9088,0.6419,0.0000,0.0000,-0.0000,0.0000,0.0000,0.0000,0.0000
12.4980,3,5.2885,1.6373,1.7187,-0.0071,0.0038,0.0003,0.0000,0.0000,0.0000
12.5280,1,4.9246,0.8652,0.1739,-0.0006,0.0036,0.0007,0.0000,0.0000,0.0000
12.5280,2,7.9088,0.6419,0.0000,0.0000,-0.0000,0.0000,0.0000,0.0000,0.0000
12.5280,3,5.2884,1.6372,1.7187,-0.0071,0.0038,0.0003,0.0000,0.0000,0.0000
12.5620,1,4.9246,0.8652,0.1739,-0.0006,0.0036,0.0007,0.0000,0.0000,0.0000
12.5620,2,7.9088,0.6419,0.0000,0.0000,-0.0000,0.0000,0.0000,0.0000,0.0000
12.5620,3,5.2883,1.6372,1.7187,-0.0071,0.0038,0.0003,0.0000,0.0000,0.0000
12.5920,1,4.9246,0.8652,0.1739,-0.0006,0.0036,0.0007,0.0000,0.0000,0.0000
12.5920,2,7.9088,0.6419,0.0000,0.0000,-0.0000,0.0000,0.0000,0.0000,0.0000
12.5920,3,5.2882,1.6372,1.7187,-0.0071,0.0038,0.0003,0.0000,0.0000,0.0000
12.6280,1,4.9246,0.8652,0.1739,-0.0006,0.0036,0.0007,0.0000,0.0000,0.0000
12.6280,2,7.9088,0.6419,0.0000,0.0000,-0.0000,0.0000,0.0000,0.0000,0.0000
12.6280,3,5.2880,1.6372,1.7187,-0.0071,0.0038,0.0003,0.0000,0.0000,0.0000
12.6620,1,4.9246,0.8652,0.1739,-0.0006,0.0036,0.0007,0.0000,0.0000,0.0000
12.6620,2,7.9088,0.6419,0.0000,0.0000,-0.0000,0.0000,0.0000,0.0000,0.0000
12.6620,3,5.2879,1.6372,1.7187,-0.0071,0.0038,0.0003,0.0000,0.0000,0.0000
12.6960,1,4.9246,0.8652,0.1739,-0.0006,0.0036,0.0007,0.0000,0.0000,0.0000
12.6960,2,7.9088,0.6419,0.0000,0.0000,-0.0000,0.0000,0.0000,0.0000,0.0000
12.6960,3,5.2878,1.6371,1.7188,-0.0071,0.0038,0.0003,0.0000,0.0000,0.0000
12.7240,1,4.9246,0.8652,0.1739,-0.0006,0.0036,0.0007,0.0000,0.0000,0.0000
12.7240,2,7.9088,0.6419,0.0000,0.0000,-0.0000,0.0000,0.0000,0.0000,0.0000
12.7240,3,5.2877,1.6371,1.7188,-0.0070,0.0038,0.0003,0.0000,0.0000,0.0000
12.7600,1,4.9246,0.8652,0.1739,-0.0006,0.0036,0.0007,0.0000,0.0000,0.0000
12.7600,2,7.9088,0.6419,0.0000,0.0000,-0.0000,0.0000,0.0000,0.0000,0.0000
12.7600,3,5.2876,1.6371,1.7188,-0.0070,0.0038,0.0003,0.0000,0.0000,0.0000
12.7940,1,4.9246,0.8652,0.1739,-0.0006,0.0036,0.0007,0.0000,0.0000,0.0000
12.7940,2,7.9088,0.6419,0.0000,0.0000,-0.0000,0.0000,0.0000,0.0000,0.0000
12.7940,3,5.2875,1.6371,1.7188,-0.0070,0.0038,0.0003,0.0000,0.0000,0.0000
12.8240,1,4.9246,0.8652,0.1739,-0.0006,0.0036,0.0007,0.0000,0.0000,0.0000
12.8240,2,7.9088,0.6419,0.0000,0.0000,-0.0000,0.0000,0.0000,0.0000,0.0000
12.8240,3,5.2874,1.6371,1.7188,-0.0070,0.0038,0.0003,0.0000,0.0000,0.0000
12.8580,1,4.9246,0.8652,0.1739,-0.0006,0.0036,0.0007,0.0000,0.0000,0.0000
12.8580,2,7.9088,0.6419,0.0000,0.0000,-0.0000,0.0000,0.0000,0.0000,0.0000
12.8580,3,5.2873,1.6370,1.7188,-0.0070,0.0038,0.0003,0.0000,0.0000,0.0000
12.8920,1,4.9246,0.8652,0.1739,-0.0006,0.0036,0.0007,0.0000,0.0000,0.0000
12.8920,2,7.9088,0.6419,0.0000,0.0000,-0.0000,0.0000,0.0000,0.0000,0.0000
12.8920,3,5.2872,1.6370,1.7189,-0.0070,0.0038,0.0003,0.0000,0.0000,0.0000
12.9280,1,4.9246,0.8652,0.1739,-0.0006,0.0036,0.0007,0.0000,0.0000,0.0000
12.9280,2,7.9088,0.6419,0.0000,0.0000,-0.0000,0.0000,0.0000,0.0000,0.0000
12.9280,3,5.2870,1.6370,1.7189,-0.0070,0.0038,0.0003,0.0000,0.0000,0.0000
12.9560,1,4.9246,0.8652,0.1739,-0.0006,0.0036,0.0007,0.0000,0.0000,0.0000
12.9560,2,7.9088,0.6419,0.0000,0.0000,-0.0000,0.0000,0.0000,0.0000,0.0000
12.9560,3,5.2869,1.6370,1.7189,-0.0070,0.0038,0.0003,0.0000,0.0000,0.0000
12.9920,1,4.9246,0.8652,0.1739,-0.0006,0.0036,0.0007,0.0000,0.0000,0.0000
12.9920,2,7.9088,0.6419,0.0000,0.0000,-0.0000,0.0000,0.0000,0.0000,0.0000
12.9920,3,5.2868,1.6370,1.7189,-0.0070,0.0038,0.0003,0.0000,0.0000,0.0000
13.0240,1,4.9246,0.8652,0.1739,-0.0006,0.0036,0.0007,0.0000,0.0000,0.0000
13.0240,2,7.9088,0.6419,0.0000,0.0000,-0.0000,0.0000,0.0000,0.0000,0.0000
13.0240,3,5.2867,1.6369,1.7189,-0.0070,0.0038,0.0003,0.0000,0.0000,0.0000
13.0580,1,4.9246,0.8652,0.1739,-0.0006,0.0036,0.0007,0.0000,0.0000,0.0000
13.0580,2,7.9088,0.6419,0.0000,0.0000,-0.0000,0.0000,0.0000,0.0000,0.0000
13.0580,3,5.2866,1.6369,1.7189,-0.0070,0.0038,0.0003,0.0000,0.0000,0.0000
13.0920,1,4.9246,0.8652,0.1739,-0.0006,0.0036,0.0007,0.0000,0.0000,0.0000
13.0920,2,7.9088,0.6419,0.0000,0.0000,-0.0000,0.0000,0.0000,0.0000,0.0000
13.0920,3,5.2865,1.6369,1.7189,-0.0070,0.0038,0.0003,0.0000,0.0000,0.0000
13.1280,1,4.9246,0.8652,0.1739,-0.0006,0.0036,0.0007,0.0000,0.0000,0.0000
13.1280,2,7.9088,0.6419,0.0000,0.0000,-0.0000,0.0000,0.0000,0.0000,0.0000
13.1280,3,5.2864,1.6369,1.7190,-0.0070,0.0038,0.0003,0.0000,0.0000,0.0000
13.1580,1,4.9246,0.8652,0.1739,-0.0006,0.0036,0.0007,0.0000,0.0000,0.0000
13.1580,2,7.9088,0.6419,0.0000,0.0000,-0.0000,0.0000,0.0000,0.0000,0.0000
13.1580,3,5.2863,1.6369,1.7190,-0.0070,0.0038,0.0003,0.0000,0.0000,0.0000
13.1920,1,4.9246,0.8652,0.1739,-0.0006,0.0036,0.0007,0.0000,0.0000,0.0000
13.1920,2,7.9088,0.6419,0.0000,0.0000,-0.0000,0.0000,0.0000,0.0000,0.0000
13.1920,3,5.2862,1.6368,1.7190,-0.0070,0.0038,0.0003,0.0000,0.0000,0.0000
13.2240,1,4.9246,0.8652,0.1739,-0.0006,0.0036,0.0007,0.0000,0.0000,0.0000
13.2240,2,7.9088,0.6419,0.0000,0.0000,-0.0000,0.0000,0.0000,0.0000,0.0000
13.2240,3,5.2860,1.6368,1.7190,-0.0070,0.0038,0.0003,0.0000,0.0000,0.0000
13.2600,1,4.9246,0.8652,0.1739,-0.0006,0.0036,0.0007,0.0000,0.0000,0.0000
13.2600,2,7.9088,0.6419,0.0000,0.0000,-0.0000,0.0000,0.0000,0.0000,0.0000
13.2600,3,5.2859,1.6368,1.7190,-0.0070,0.0038,0.0003,0.0000,0.0000,0.0000
13.2920,1,4.9246,0.8652,0.1739,-0.0006,0.0036,0.0007,0.0000,0.0000,0.0000
13.2920,2,7.9088,0.6419,0.0000,0.0000,-0.0000,0.0000,0.0000,0.0000,0.0000
13.2920,3,5.2858,1.6368,1.7190,-0.0070,0.0038,0.0003,0.0000,0.0000,0.0000
13.3240,1,4.9246,0.8652,0.1739,-0.0006,0.0036,0.0007,0.0000,0.0000,0.0000
13.3240,2,7.9088,0.6419,0.0000,0.0000,-0.0000,0.0000,0.0000,0.0000,0.0000
13.3240,3,5.2857,1.6368,1.7191,-0.0070,0.0038,0.0003,0.0000,0.0000,0.0000
13.3580,1,4.9246,0.8652,0.1739,-0.0006,0.0036,0.0007,0.0000,0.0000,0.0000
13.3580,2,7.9088,0.6419,0.0000,0.0000,-0.0000,0.0000,0.0000,0.0000,0.0000
13.3580,3,5.2856,1.6367,1.7191,-0.0070,0.0038,0.0003,0.0000,0.0000,0.0000
13.3940,1,4.9246,0.8652,0.1739,-0.0006,0.0036,0.0007,0.0000,0.0000,0.0000
13.3940,2,7.9088,0.6419,0.0000,0.0000,-0.0000,0.0000,0.0000,0.0000,0.0000
13.3940,3,5.2855,1.6367,1.7191,-0.0070,0.0038,0.0003,0.0000,0.0000,0.0000
13.4240,1,4.9246,0.8652,0.1739,-0.0006,0.0036,0.0007,0.0000,0.0000,0.0000
13.4240,2,7.9088,0.6419,0.0000,0.0000,-0.0000,0.0000,0.0000,0.0000,0.0000
13.4240,3,5.2854,1.6367,1.7191,-0.0070,0.0038,0.0003,0.0000,0.0000,0.0000
13.4600,1,4.9246,0.8652,0.1739,-0.0006,0.0036,0.0007,0.0000,0.0000,0.0000
13.4600,2,7.9088,0.6419,0.0000,0.0000,-0.0000,0.0000,0.0000,0.0000,0.0000
13.4600,3,5.2853,1.6367,1.7191,-0.0070,0.0038,0.0003,0.0000,0.0000,0.0000
13.4920,1,4.9246,0.8652,0.1739,-0.0006,0.0036,0.0007,0.0000,0.0000,0.0000
13.4920,2,7.9088,0.6419,0.0000,0.0000,-0.0000,0.0000,0.0000,0.0000,0.0000
13.4920,3,5.2852,1.6367,1.7191,-0.0070,0.0038,0.0003,0.0000,0.0000,0.0000
13.5280,1,4.9246,0.8652,0.1739,-0.0006,0.0036,0.0007,0.0000,0.0000,0.0000
13.5280,2,7.9088,0.6419,0.0000,0.0000,-0.0000,0.0000,0.0000,0.0000,0.0000
13.5280,3,5.2850,1.6366,1.7192,-0.0069,0.0038,0.0003,0.0000,0.0000,0.0000
13.5600,1,4.9246,0.8652,0.1739,-0.0006,0.0036,0.0007,0.0000,0.0000,0.0000
13.5600,2,7.9088,0.6419,0.0000,0.0000,-0.0000,0.0000,0.0000,0.0000,0.0000
13.5600,3,5.2849,1.6366,1.7192,-0.0069,0.0038,0.0003,0.0000,0.0000,0.0000
13.5940,1,4.9246,0.8652,0.1739,-0.0006,0.0036,0.0007,0.0000,0.0000,0.0000
13.5940,2,7.9088,0.6419,0.0000,0.0000,-0.0000,0.0000,0.0000,0.0000,0.0000
13.5940,3,5.2848,1.6366,1.7192,-0.0069,0.0038,0.0003,0.0000,0.0000,0.0000
13.6240,1,4.9246,0.8652,0.1739,-0.0006,0.0036,0.0007,0.0000,0.0000,0.0000
13.6240,2,7.9088,0.6419,0.0000,0.0000,-0.0000,0.0000,0.0000,0.0000,0.0000
13.6240,3,5.2847,1.6366,1.7192,-0.0069,0.0038,0.0003,0.0000,0.0000,0.0000
13.6600,1,4.9246,0.8652,0.1739,-0.0006,0.0036,0.0007,0.0000,0.0000,0.0000
13.6600,2,7.9088,0.6419,0.0000,0.0000,-0.0000,0.0000,0.0000,0.0000,0.0000
13.6600,3,5.2846,1.6366,1.7192,-0.0069,0.0038,0.0003,0.0000,0.0000,0.0000
13.6940,1,4.9246,0.8652,0.1739,-0.0006,0.0036,0.0007,0.0000,0.0000,0.0000
13.6940,2,7.9088,0.6419,0.0000,0.0000,-0.0000,0.0000,0.0000,0.0000,0.0000
13.6940,3,5.2845,1.6365,1.7192,-0.0069,0.0038,0.0003,0.0000,0.0000,0.0000
13.7280,1,4.9246,0.8652,0.1739,-0.0006,0.0036,0.0007,0.0000,0.0000,0.0000
13.7280,2,7.9088,0.6419,0.0000,0.0000,-0.0000,0.0000,0.0000,0.0000,0.0000
13.7280,3,5.2844,1.6365,1.7193,-0.0069,0.0038,0.0003,0.0000,0.0000,0.0000
13.7560,1,4.9246,0.8652,0.1739,-0.0006,0.0036,0.0007,0.0000,0.0000,0.0000
13.7560,2,7.9088,0.6419,0.0000,0.0000,-0.0000,0.0000,0.0000,0.0000,0.0000
13.7560,3,5.2843,1.6365,1.7193,-0.0069,0.0038,0.0003,0.0000,0.0000,0.0000
13.7900,1,4.9246,0.8652,0.1739,-0.0006,0.0036,0.0007,0.0000,0.0000,0.0000
13.7900,2,7.9088,0.6419,0.0000,0.0000,-0.0000,0.0000,0.0000,0.0000,0.0000
13.7900,3,5.2842,1.6365,1.7193,-0.0069,0.0038,0.0003,0.0000,0.0000,0.0000
13.8260,1,4.9246,0.8652,0.1739,-0.0006,0.0036,0.0007,0.0000,0.0000,0.0000
13.8260,2,7.9088,0.6419,0.0000,0.0000,-0.0000,0.0000,0.0000,0.0000,0.0000
13.8260,3,5.2840,1.6365,1.7193,-0.0069,0.0038,0.0003,0.0000,0.0000,0.0000
13.8560,1,4.9246,0.8652,0.1739,-0.0006,0.0036,0.0007,0.0000,0.0000,0.0000
13.8560,2,7.9088,0.6419,0.0000,0.0000,-0.0000,0.0000,0.0000,0.0000,0.0000
13.8560,3,5.2839,1.6364,1.7193,-0.0069,0.0038,0.0003,0.0000,0.0000,0.0000
13.8940,1,4.9246,0.8652,0.1739,-0.0006,0.0036,0.0007,0.0000,0.0000,0.0000
13.8940,2,7.9088,0.6419,0.0000,0.0000,-0.0000,0.0000,0.0000,0.0000,0.0000
13.8940,3,5.2838,1.6364,1.7193,-0.0069,0.0038,0.0003,0.0000,0.0000,0.0000
13.9240,1,4.9246,0.8652,0.1739,-0.0006,0.0036,0.0007,0.0000,0.0000,0.0000
13.9240,2,7.9088,0.6419,0.0000,0.0000,-0.0000,0.0000,0.0000,0.0000,0.0000
13.9240,3,5.2837,1.6364,1.7193,-0.0069,0.0038,0.0003,0.0000,0.0000,0.0000
13.9620,1,4.9246,0.8652,0.1739,-0.0006,0.0036,0.0007,0.0000,0.0000,0.0000
13.9620,2,7.9088,0.6419,0.0000,0.0000,-0.0000,0.0000,0.0000,0.0000,0.0000
13.9620,3,5.2836,1.6364,1.7194,-0.0069,0.0038,0.0003,0.0000,0.0000,0.0000
13.9920,1,4.9246,0.8652,0.1739,-0.0006,0.0036,0.0007,0.0000,0.0000,0.0000
13.9920,2,7.9088,0.6419,0.0000,0.0000,-0.0000,0.0000,0.0000,0.0000,0.0000
13.9920,3,5.2835,1.6364,1.7194,-0.0069,0.0038,0.0003,0.0000,0.0000,0.0000
14.0260,1,4.9246,0.8652,0.1739,-0.0006,0.0036,0.0007,0.0000,0.0000,0.0000
14.0260,2,7.9088,0.6419,0.0000,0.0000,-0.0000,0.0000,0.0000,0.0000,0.0000
14.0260,3,5.2834,1.6364,1.7194,-0.0069,0.0038,0.0003,0.0000,0.0000,0.0000
14.0620,1,4.9246,0.8652,0.1739,-0.0006,0.0036,0.0007,0.0000,0.0000,0.0000
14.0620,2,7.9088,0.6419,0.0000,0.0000,-0.0000,0.0000,0.0000,0.0000,0.0000
14.0620,3,5.2832,1.6363,1.7194,-0.0069,0.0038,0.0003,0.0000,0.0000,0.0000
14.0920,1,4.9246,0.8652,0.1739,-0.0006,0.0036,0.0007,0.0000,0.0000,0.0000
14.0920,2,7.9088,0.6419,0.0000,0.0000,-0.0000,0.0000,0.0000,0.0000,0.0000
14.0920,3,5.2831,1.6363,1.7194,-0.0069,0.0038,0.0003,0.0000,0.0000,0.0000
14.1280,1,4.9246,0.8652,0.1739,-0.0006,0.0036,0.0007,0.0000,0.0000,0.0000
14.1280,2,7.9088,0.6419,0.0000,0.0000,-0.0000,0.0000,0.0000,0.0000,0.0000
14.1280,3,5.2830,1.6363,1.7194,-0.0069,0.0038,0.0003,0.0000,0.0000,0.0000
14.1600,1,4.9246,0.8652,0.1739,-0.0006,0.0036,0.0007,0.0000,0.0000,0.0000
14.1600,2,7.9088,0.6419,0.0000,0.0000,-0.0000,0.0000,0.0000,0.0000,0.0000
14.1600,3,5.2829,1.6363,1.7195,-0.0069,0.0038,0.0003,0.0000,0.0000,0.0000
14.1920,1,4.9246,0.8652,0.1739,-0.0006,0.0036,0.0007,0.0000,0.0000,0.0000
14.1920,2,7.9088,0.6419,0.0000,0.0000,-0.0000,0.0000,0.0000,0.0000,0.0000
14.1920,3,5.2828,1.6363,1.7195,-0.0069,0.0038,0.0003,0.0000,0.0000,0.0000
14.2240,1,4.9246,0.8652,0.1739,-0.0006,0.0036,0.0007,0.0000,0.0000,0.0000
14.2240,2,7.9088,0.6419,0.0000,0.0000,-0.0000,0.0000,0.0000,0.0000,0.0000
14.2240,3,5.2827,1.6362,1.7195,-0.0069,0.0038,0.0003,0.0000,0.0000,0.0000
14.2600,1,4.9246,0.8652,0.1739,-0.0006,0.0036,0.0007,0.0000,0.0000,0.0000
14.2600,2,7.9088,0.6419,0.0000,0.0000,-0.0000,0.0000,0.0000,0.0000,0.0000
14.2600,3,5.2826,1.6362,1.7195,-0.0069,0.0038,0.0003,0.0000,0.0000,0.0000
14.2920,1,4.9246,0.8652,0.1739,-0.0006,0.0036,0.0007,0.0000,0.0000,0.0000
14.2920,2,7.9088,0.6419,0.0000,0.0000,-0.0000,0.0000,0.0000,0.0000,0.0000
14.2920,3,5.2825,1.6362,1.7195,-0.0069,0.0038,0.0003,0.0000,0.0000,0.0000
14.3280,1,4.9246,0.8652,0.1739,-0.0006,0.0036,0.0007,0.0000,0.0000,0.0000
14.3280,2,7.9088,0.6419,0.0000,0.0000,-0.0000,0.0000,0.0000,0.0000,0.0000
14.3280,3,5.2824,1.6362,1.7195,-0.0068,0.0038,0.0003,0.0000,0.0000,0.0000
14.3580,1,4.9246,0.8652,0.1739,-0.0006,0.0036,0.0007,0.0000,0.0000,0.0000
14.3580,2,7.9088,0.6419,0.0000,0.0000,-0.0000,0.0000,0.0000,0.0000,0.0000
14.3580,3,5.2823,1.6362,1.7196,-0.0068,0.0038,0.0003,0.0000,0.0000,0.0000
14.3920,1,4.9246,0.8652,0.1739,-0.0006,0.0036,0.0007,0.0000,0.0000,0.0000
14.3920,2,7.9088,0.6419,0.0000,0.0000,-0.0000,0.0000,0.0000,0.0000,0.0000
14.3920,3,5.2821,1.6362,1.7196,-0.0068,0.0038,0.0003,0.0000,0.0000,0.0000
14.4260,1,4.9246,0.8652,0.1739,-0.0006,0.0036,0.0007,0.0000,0.0000,0.0000
14.4260,2,7.9088,0.6419,0.0000,0.0000,-0.0000,0.0000,0.0000,0.0000,0.0000
14.4260,3,5.2820,1.6361,1.7196,-0.0068,0.0038,0.0003,0.0000,0.0000,0.0000
14.4560,1,4.9246,0.8652,0.1739,-0.0006,0.0036,0.0007,0.0000,0.0000,0.0000
14.4560,2,7.9088,0.6419,0.0000,0.0000,-0.0000,0.0000,0.0000,0.0000,0.0000
14.4560,3,5.2819,1.6361,1.7196,-0.0068,0.0038,0.0003,0.0000,0.0000,0.0000
14.4900,1,4.9246,0.8652,0.1739,-0.0006,0.0036,0.0007,0.0000,0.0000,0.0000
14.4900,2,7.9088,0.6419,0.0000,0.0000,-0.0000,0.0000,0.0000,0.0000,0.0000
14.4900,3,5.2818,1.6361,1.7196,-0.0068,0.0038,0.0003,0.0000,0.0000,0.0000
14.5240,1,4.9246,0.8652,0.1739,-0.0006,0.0036,0.0007,0.0000,0.0000,0.0000
14.5240,2,7.9088,0.6419,0.0000,0.0000,-0.0000,0.0000,0.0000,0.0000,0.0000
14.5240,3,5.2817,1.6361,1.7196,-0.0068,0.0038,0.0003,0.0000,0.0000,0.0000
14.5560,1,4.9246,0.8652,0.1739,-0.0006,0.0036,0.0007,0.0000,0.0000,0.0000
14.5560,2,7.9088,0.6419,0.0000,0.0000,-0.0000,0.0000,0.0000,0.0000,0.0000
14.5560,3,5.2816,1.6361,1.7196,-0.0068,0.0038,0.0003,0.0000,0.0000,0.0000
14.5920,1,4.9246,0.8652,0.1739,-0.0006,0.0036,0.0007,0.0000,0.0000,0.0000
14.5920,2,7.9088,0.6419,0.0000,0.0000,-0.0000,0.0000,0.0000,0.0000,0.0000
14.5920,3,5.2815,1.6360,1.7197,-0.0068,0.0038,0.0003,0.0000,0.0000,0.0000
14.6240,1,4.9246,0.8652,0.1739,-0.0006,0.0036,0.0007,0.0000,0.0000,0.0000
14.6240,2,7.9088,0.6419,0.0000,0.0000,-0.0000,0.0000,0.0000,0.0000,0.0000
14.6240,3,5.2814,1.6360,1.7197,-0.0068,0.0038,0.0003,0.0000,0.0000,0.0000
14.6580,1,4.9246,0.8652,0.1739,-0.0006,0.0036,0.0007,0.0000,0.0000,0.0000
14.6580,2,7.9088,0.6419,0.0000,0.0000,-0.0000,0.0000,0.0000,0.0000,0.0000
14.6580,3,5.2813,1.6360,1.7197,-0.0068,0.0038,0.0003,0.0000,0.0000,0.0000
14.6900,1,4.9246,0.8652,0.1739,-0.0006,0.0036,0.0007,0.0000,0.0000,0.0000
14.6900,2,7.9088,0.6419,0.0000,0.0000,-0.0000,0.0000,0.0000,0.0000,0.0000
14.6900,3,5.2812,1.6360,1.7197,-0.0068,0.0038,0.0003,0.0000,0.0000,0.0000
14.7240,1,4.9246,0.8652,0.1739,-0.0006,0.0036,0.0007,0.0000,0.0000,0.0000
14.7240,2,7.9088,0.6419,0.0000,0.0000,-0.0000,0.0000,0.0000,0.0000,0.0000
14.7240,3,5.2811,1.6360,1.7197,-0.0068,0.0038,0.0003,0.0000,0.0000,0.0000
14.7580,1,4.9246,0.8652,0.1739,-0.0006,0.0036,0.0007,0.0000,0.0000,0.0000
14.7580,2,7.9088,0.6419,0.0000,0.0000,-0.0000,0.0000,0.0000,0.0000,0.0000
14.7580,3,5.2810,1.6360,1.7197,-0.0068,0.0038,0.0003,0.0000,0.0000,0.0000
14.7900,1,4.9246,0.8652,0.1739,-0.0006,0.0036,0.0007,0.0000,0.0000,0.0000
14.7900,2,7.9088,0.6419,0.0000,0.0000,-0.0000,0.0000,0.0000,0.0000,0.0000
14.7900,3,5.2809,1.6359,1.7198,-0.0068,0.0038,0.0003,0.0000,0.0000,0.0000
14.8240,1,4.9246,0.8652,0.1739,-0.0006,0.0036,0.0007,0.0000,0.0000,0.0000
14.8240,2,7.9088,0.6419,0.0000,0.0000,-0.0000,0.0000,0.0000,0.0000,0.0000
14.8240,3,5.2808,1.6359,1.7198,-0.0068,0.0038,0.0003,0.0000,0.0000,0.0000
14.8580,1,4.9246,0.8652,0.1739,-0.0006,0.0036,0.0007,0.0000,0.0000,0.0000
14.8580,2,7.9088,0.6419,0.0000,0.0000,-0.0000,0.0000,0.0000,0.0000,0.0000
14.8580,3,5.2807,1.6359,1.7198,-0.0068,0.0038,0.0003,0.0000,0.0000,0.0000
14.8920,1,4.9246,0.8652,0.1739,-0.0006,0.0036,0.0007,0.0000,0.0000,0.0000
14.8920,2,7.9088,0.6419,0.0000,0.0000,-0.0000,0.0000,0.0000,0.0000,0.0000
14.8920,3,5.2806,1.6359,1.7198,-0.0068,0.0038,0.0003,0.0000,0.0000,0.0000
14.9260,1,4.9246,0.8652,0.1739,-0.0006,0.0036,0.0007,0.0000,0.0000,0.0000
14.9260,2,7.9088,0.6419,0.0000,0.0000,-0.0000,0.0000,0.0000,0.0000,0.0000
14.9260,3,5.2805,1.6359,1.7198,-0.0068,0.0038,0.0003,0.0000,0.0000,0.0000
14.9600,1,4.9246,0.8652,0.1739,-0.0006,0.0036,0.0007,0.0000,0.0000,0.0000
14.9600,2,7.9088,0.6419,0.0000,0.0000,-0.0000,0.0000,0.0000,0.0000,0.0000
14.9600,3,5.2803,1.6358,1.7198,-0.0068,0.0038,0.0003,0.0000,0.0000,0.0000
14.9920,1,4.9246,0.8652,0.1739,-0.0006,0.0036,0.0007,0.0000,0.0000,0.0000
14.9920,2,7.9088,0.6419,0.0000,0.0000,-0.0000,0.0000,0.0000,0.0000,0.0000
14.9920,3,5.2802,1.6358,1.7199,-0.0068,0.0038,0.0003,0.0000,0.0000,0.0000
15.0240,1,4.9246,0.8652,0.1739,-0.0006,0.0036,0.0007,0.0000,0.0000,0.0000
15.0240,2,7.9088,0.6419,0.0000,0.0000,-0.0000,0.0000,0.0000,0.0000,0.0000
15.0240,3,5.2801,1.6358,1.7199,-0.0068,0.0038,0.0003,0.0000,0.0000,0.0000
15.0580,1,4.9246,0.8652,0.1739,-0.0006,0.0036,0.0007,0.0000,0.0000,0.0000
15.0580,2,7.9088,0.6419,0.0000,0.0000,-0.0000,0.0000,0.0000,0.0000,0.0000
15.0580,3,5.2800,1.6358,1.7199,-0.0068,0.0038,0.0003,0.0000,0.0000,0.0000
15.0900,1,4.9246,0.8652,0.1739,-0.0006,0.0036,0.0007,0.0000,0.0000,0.0000
15.0900,2,7.9088,0.6419,0.0000,0.0000,-0.0000,0.0000,0.0000,0.0000,0.0000
15.0900,3,5.2799,1.6358,1.7199,-0.0068,0.0038,0.0003,0.0000,0.0000,0.0000
15.1240,1,4.9246,0.8652,0.1739,-0.0006,0.0036,0.0007,0.0000,0.0000,0.0000
15.1240,2,7.9088,0.6419,0.0000,0.0000,-0.0000,0.0000,0.0000,0.0000,0.0000
15.1240,3,5.2798,1.6358,1.7199,-0.0068,0.0038,0.0003,0.0000,0.0000,0.0000
15.1600,1,4.9246,0.8652,0.1739,-0.0006,0.0036,0.0007,0.0000,0.0000,0.0000
15.1600,2,7.9088,0.6419,0.0000,0.0000,-0.0000,0.0000,0.0000,0.0000,0.0000
15.1600,3,5.2797,1.6357,1.7199,-0.0067,0.0038,0.0003,0.0000,0.0000,0.0000
15.1920,1,4.9246,0.8652,0.1739,-0.0006,0.0036,0.0007,0.0000,0.0000,0.0000
15.1920,2,7.9088,0.6419,0.0000,0.0000,-0.0000,0.0000,0.0000,0.0000,0.0000
15.1920,3,5.2796,1.6357,1.7199,-0.0067,0.0038,0.0003,0.0000,0.0000,0.0000
15.2240,1,4.9246,0.8652,0.1739,-0.0006,0.0036,0.0007,0.0000,0.0000,0.0000
15.2240,2,7.9088,0.6419,0.0000,0.0000,-0.0000,0.0000,0.0000,0.0000,0.0000
15.2240,3,5.2795,1.6357,1.7200,-0.0067,0.0038,0.0003,0.0000,0.0000,0.0000
15.2580,1,4.9246,0.8652,0.1739,-0.0006,0.0036,0.0007,0.0000,0.0000,0.0000
15.2580,2,7.9088,0.6419,0.0000,0.0000,-0.0000,0.0000,0.0000,0.0000,0.0000
15.2580,3,5.2794,1.6357,1.7200,-0.0067,0.0038,0.0003,0.0000,0.0000,0.0000
15.2940,1,4.9246,0.8652,0.1739,-0.0006,0.0036,0.0007,0.0000,0.0000,0.0000
15.2940,2,7.9088,0.6419,0.0000,0.0000,-0.0000,0.0000,0.0000,0.0000,0.0000
15.2940,3,5.2793,1.6357,1.7200,-0.0067,0.0038,0.0003,0.0000,0.0000,0.0000
15.3240,1,4.9246,0.8652,0.1739,-0.0006,0.0036,0.0007,0.0000,0.0000,0.0000
15.3240,2,7.9088,0.6419,0.0000,0.0000,-0.0000,0.0000,0.0000,0.0000,0.0000
15.3240,3,5.2792,1.6357,1.7200,-0.0067,0.0038,0.0003,0.0000,0.0000,0.0000
15.3600,1,4.9246,0.8652,0.1739,-0.0006,0.0036,0.0007,0.0000,0.0000,0.0000
15.3600,2,7.9088,0.6419,0.0000,0.0000,-0.0000,0.0000,0.0000,0.0000,0.0000
15.3600,3,5.2791,1.6356,1.7200,-0.0067,0.0039,0.0003,0.0000,0.0000,0.0000
15.3900,1,4.9246,0.8652,0.1739,-0.0006,0.0036,0.0007,0.0000,0.0000,0.0000
15.3900,2,7.9088,0.6419,0.0000,0.0000,-0.0000,0.0000,0.0000,0.0000,0.0000
15.3900,3,5.2790,1.6356,1.7200,-0.0067,0.0039,0.0003,0.0000,0.0000,0.0000
15.4260,1,4.9246,0.8652,0.1739,-0.0006,0.0036,0.0007,0.0000,0.0000,0.0000
15.4260,2,7.9088,0.6419,0.0000,0.0000,-0.0000,0.0000,0.0000,0.0000,0.0000
15.4260,3,5.2789,1.6356,1.7201,-0.0067,0.0039,0.0003,0.0000,0.0000,0.0000
15.4580,1,4.9246,0.8652,0.1739,-0.0006,0.0036,0.0007,0.0000,0.0000,0.0000
15.4580,2,7.9088,0.6419,0.0000,0.0000,-0.0000,0.0000,0.0000,0.0000,0.0000
15.4580,3,5.2788,1.6356,1.7201,-0.0067,0.0039,0.0003,0.0000,0.0000,0.0000
15.4920,1,4.9246,0.8652,0.1739,-0.0006,0.0036,0.0007,0.0000,0.0000,0.0000
15.4920,2,7.9088,0.6419,0.0000,0.0000,-0.0000,0.0000,0.0000,0.0000,0.0000
15.4920,3,5.2787,1.6356,1.7201,-0.0067,0.0039,0.0003,0.0000,0.0000,0.0000
15.5240,1,4.9246,0.8652,0.1739,-0.0006,0.0036,0.0007,0.0000,0.0000,0.0000
15.5240,2,7.9088,0.6419,0.0000,0.0000,-0.0000,0.0000,0.0000,0.0000,0.0000
15.5240,3,5.2786,1.6355,1.7201,-0.0067,0.0039,0.0003,0.0000,0.0000,0.0000
15.5580,1,4.9246,0.8652,0.1739,-0.0006,0.0036,0.0007,0.0000,0.0000,0.0000
15.5580,2,7.9088,0.6419,0.0000,0.0000,-0.0000,0.0000,0.0000,0.0000,0.0000
15.5580,3,5.2785,1.6355,1.7201,-0.0067,0.0039,0.0003,0.0000,0.0000,0.0000
15.5920,1,4.9246,0.8652,0.1739,-0.0006,0.0036,0.0007,0.0000,0.0000,0.0000
15.5920,2,7.9088,0.6419,0.0000,0.0000,-0.0000,0.0000,0.0000,0.0000,0.0000
15.5920,3,5.2784,1.6355,1.7201,-0.0067,0.0039,0.0003,0.0000,0.0000,0.0000
15.6240,1,4.9246,0.8652,0.1739,-0.0006,0.0036,0.0007,0.0000,0.0000,0.0000
15.6240,2,7.9088,0.6419,0.0000,0.0000,-0.0000,0.0000,0.0000,0.0000,0.0000
15.6240,3,5.2783,1.6355,1.7202,-0.0067,0.0039,0.0003,0.0000,0.0000,0.0000
15.6580,1,4.9246,0.8652,0.1739,-0.0006,0.0036,0.0007,0.0000,0.0000,0.0000
15.6580,2,7.9088,0.6419,0.0000,0.0000,-0.0000,0.0000,0.0000,0.0000,0.0000
15.6580,3,5.2782,1.6355,1.7202,-0.0067,0.0039,0.0003,0.0000,0.0000,0.0000
15.6940,1,4.9246,0.8652,0.1739,-0.0006,0.0036,0.0007,0.0000,0.0000,0.0000
15.6940,2,7.9088,0.6419,0.0000,0.0000,-0.0000,0.0000,0.0000,0.0000,0.0000
15.6940,3,5.2781,1.6355,1.7202,-0.0067,0.0039,0.0003,0.0000,0.0000,0.0000
15.7260,1,4.9246,0.8652,0.1739,-0.0006,0.0036,0.0007,0.0000,0.0000,0.0000
15.7260,2,7.9088,0.6419,0.0000,0.0000,-0.0000,0.0000,0.0000,0.0000,0.0000
15.7260,3,5.2780,1.6354,1.7202,-0.0067,0.0039,0.0003,0.0000,0.0000,0.0000
15.7620,1,4.9246,0.8652,0.1739,-0.0006,0.0036,0.0007,0.0000,0.0000,0.0000
15.7620,2,7.9088,0.6419,0.0000,0.0000,-0.0000,0.0000,0.0000,0.0000,0.0000
15.7620,3,5.2779,1.6354,1.7202,-0.0067,0.0039,0.0003,0.0000,0.0000,0.0000
15.7900,1,4.9246,0.8652,0.1739,-0.0006,0.0036,0.0007,0.0000,0.0000,0.0000
15.7900,2,7.9088,0.6419,0.0000,0.0000,-0.0000,0.0000,0.0000,0.0000,0.0000
15.7900,3,5.2778,1.6354,1.7202,-0.0067,0.0039,0.0003,0.0000,0.0000,0.0000
15.8240,1,4.9246,0.8652,0.1739,-0.0006,0.0036,0.0007,0.0000,0.0000,0.0000
15.8240,2,7.9088,0.6419,0.0000,0.0000,-0.0000,0.0000,0.0000,0.0000,0.0000
15.8240,3,5.2777,1.6354,1.7203,-0.0067,0.0039,0.0003,0.0000,0.0000,0.0000
15.8560,1,4.9246,0.8652,0.1739,-0.0006,0.0036,0.0007,0.0000,0.0000,0.0000
15.8560,2,7.9088,0.6419,0.0000,0.0000,-0.0000,0.0000,0.0000,0.0000,0.0000
15.8560,3,5.2776,1.6354,1.7203,-0.0067,0.0039,0.0003,0.0000,0.0000,0.0000
15.8900,1,4.9246,0.8652,0.1739,-0.0006,0.0036,0.0007,0.0000,0.0000,0.0000
15.8900,2,7.9088,0.6419,0.0000,0.0000,-0.0000,0.0000,0.0000,0.0000,0.0000
15.8900,3,5.2775,1.6354,1.7203,-0.0067,0.0039,0.0003,0.0000,0.0000,0.0000
15.9240,1,4.9246,0.8652,0.1739,-0.0006,0.0036,0.0007,0.0000,0.0000,0.0000
15.9240,2,7.9088,0.6419,0.0000,0.0000,-0.0000,0.0000,0.0000,0.0000,0.0000
15.9240,3,5.2774,1.6353,1.7203,-0.0067,0.0039,0.0003,0.0000,0.0000,0.0000
15.9580,1,4.9246,0.8652,0.1739,-0.0006,0.0036,0.0007,0.0000,0.0000,0.0000
15.9580,2,7.9088,0.6419,0.0000,0.0000,-0.0000,0.0000,0.0000,0.0000,0.0000
15.9580,3,5.2773,1.6353,1.7203,-0.0067,0.0039,0.0003,0.0000,0.0000,0.0000
15.9900,1,4.9246,0.8652,0.1739,-0.0006,0.0036,0.0007,0.0000,0.0000,0.0000
15.9900,2,7.9088,0.6419,0.0000,0.0000,-0.0000,0.0000,0.0000,0.0000,0.0000
15.9900,3,5.2772,1.6353,1.7203,-0.0066,0.0039,0.0003,0.0000,0.0000,0.0000
16.0240,1,4.9246,0.8652,0.1739,-0.0006,0.0036,0.0007,0.0000,0.0000,0.0000
16.0240,2,7.9088,0.6419,0.0000,0.0000,-0.0000,0.0000,0.0000,0.0000,0.0000
16.0240,3,5.2770,1.6353,1.7203,-0.0066,0.0039,0.0003,0.0000,0.0000,0.0000
16.0560,1,4.9246,0.8652,0.1739,-0.0006,0.0036,0.0007,0.0000,0.0000,0.0000
16.0560,2,7.9088,0.6419,0.0000,0.0000,-0.0000,0.0000,0.0000,0.0000,0.0000
16.0560,3,5.2770,1.6353,1.7204,-0.0066,0.0039,0.0003,0.0000,0.0000,0.0000
16.0900,1,4.9246,0.8652,0.1739,-0.0006,0.0036,0.0007,0.0000,0.0000,0.0000
16.0900,2,7.9088,0.6419,0.0000,0.0000,-0.0000,0.0000,0.0000,0.0000,0.0000
16.0900,3,5.2768,1.6352,1.7204,-0.0066,0.0039,0.0003,0.0000,0.0000,0.0000
16.1240,1,4.9246,0.8652,0.1739,-0.0006,0.0036,0.0007,0.0000,0.0000,0.0000
16.1240,2,7.9088,0.6419,0.0000,0.0000,-0.0000,0.0000,0.0000,0.0000,0.0000
16.1240,3,5.2767,1.6352,1.7204,-0.0066,0.0039,0.0003,0.0000,0.0000,0.0000
16.1600,1,4.9246,0.8652,0.1739,-0.0006,0.0036,0.0007,0.0000,0.0000,0.0000
16.1600,2,7.9088,0.6419,0.0000,0.0000,-0.0000,0.0000,0.0000,0.0000,0.0000
16.1600,3,5.2766,1.6352,1.7204,-0.0066,0.0039,0.0003,0.0000,0.0000,0.0000
16.1900,1,4.9246,0.8652,0.1739,-0.0006,0.0036,0.0007,0.0000,0.0000,0.0000
16.1900,2,7.9088,0.6419,0.0000,0.0000,-0.0000,0.0000,0.0000,0.0000,0.0000
16.1900,3,5.2765,1.6352,1.7204,-0.0066,0.0039,0.0003,0.0000,0.0000,0.0000
16.2240,1,4.9246,0.8652,0.1739,-0.0006,0.0036,0.0007,0.0000,0.0000,0.0000
16.2240,2,7.9088,0.6419,0.0000,0.0000,-0.0000,0.0000,0.0000,0.0000,0.0000
16.2240,3,5.2764,1.6352,1.7204,-0.0066,0.0039,0.0003,0.0000,0.0000,0.0000
16.2560,1,4.9246,0.8652,0.1739,-0.0006,0.0036,0.0007,0.0000,0.0000,0.0000
16.2560,2,7.9088,0.6419,0.0000,0.0000,-0.0000,0.0000,0.0000,0.0000,0.0000
16.2560,3,5.2763,1.6352,1.7205,-0.0066,0.0039,0.0003,0.0000,0.0000,0.0000
16.2920,1,4.9246,0.8652,0.1739,-0.0006,0.0036,0.0007,0.0000,0.0000,0.0000
16.2920,2,7.9088,0.6419,0.0000,0.0000,-0.0000,0.0000,0.0000,0.0000,0.0000
16.2920,3,5.2762,1.6351,1.7205,-0.0066,0.0039,0.0003,0.0000,0.0000,0.0000
16.3240,1,4.9246,0.8652,0.1739,-0.0006,0.0036,0.0007,0.0000,0.0000,0.0000
16.3240,2,7.9088,0.6419,0.0000,0.0000,-0.0000,0.0000,0.0000,0.0000,0.0000
16.3240,3,5.2761,1.6351,1.7205,-0.0066,0.0039,0.0003,0.0000,0.0000,0.0000
16.3580,1,4.9246,0.8652,0.1739,-0.0006,0.0036,0.0007,0.0000,0.0000,0.0000
16.3580,2,7.9088,0.6419,0.0000,0.0000,-0.0000,0.0000,0.0000,0.0000,0.0000
16.3580,3,5.2760,1.6351,1.7205,-0.0066,0.0039,0.0003,0.0000,0.0000,0.0000
16.3900,1,4.9246,0.8652,0.1739,-0.0006,0.0036,0.0007,0.0000,0.0000,0.0000
16.3900,2,7.9088,0.6419,0.0000,0.0000,-0.0000,0.0000,0.0000,0.0000,0.0000
16.3900,3,5.2759,1.6351,1.7205,-0.0066,0.0039,0.0003,0.0000,0.0000,0.0000
16.4240,1,4.9246,0.8652,0.1739,-0.0006,0.0036,0.0007,0.0000,0.0000,0.0000
16.4240,2,7.9088,0.6419,0.0000,0.0000,-0.0000,0.0000,0.0000,0.0000,0.0000
16.4240,3,5.2758,1.6351,1.7205,-0.0066,0.0039,0.0003,0.0000,0.0000,0.0000
16.4560,1,4.9246,0.8652,0.1739,-0.0006,0.0036,0.0007,0.0000,0.0000,0.0000
16.4560,2,7.9088,0.6419,0.0000,0.0000,-0.0000,0.0000,0.0000,0.0000,0.0000
16.4560,3,5.2757,1.6350,1.7206,-0.0066,0.0039,0.0003,0.0000,0.0000,0.0000
16.4900,1,4.9246,0.8652,0.1739,-0.0006,0.0036,0.0007,0.0000,0.0000,0.0000
16.4900,2,7.9088,0.6419,0.0000,0.0000,-0.0000,0.0000,0.0000,0.0000,0.0000
16.4900,3,5.2756,1.6350,1.7206,-0.0066,0.0039,0.0003,0.0000,0.0000,0.0000
16.5240,1,4.9246,0.8652,0.1739,-0.0006,0.0036,0.0007,0.0000,0.0000,0.0000
16.5240,2,7.9088,0.6419,0.0000,0.0000,-0.0000,0.0000,0.0000,0.0000,0.0000
16.5240,3,5.2755,1.6350,1.7206,-0.0066,0.0039,0.0003,0.0000,0.0000,0.0000
16.5560,1,4.9246,0.8652,0.1739,-0.0006,0.0036,0.0007,0.0000,0.0000,0.0000
16.5560,2,7.9088,0.6419,0.0000,0.0000,-0.0000,0.0000,0.0000,0.0000,0.0000
16.5560,3,5.2754,1.6350,1.7206,-0.0066,0.0039,0.0003,0.0000,0.0000,0.0000
16.5940,1,4.9246,0.8652,0.1739,-0.0006,0.0036,0.0007,0.0000,0.0000,0.0000
16.5940,2,7.9088,0.6419,0.0000,0.0000,-0.0000,0.0000,0.0000,0.0000,0.0000
16.5940,3,5.2753,1.6350,1.7206,-0.0066,0.0039,0.0003,0.0000,0.0000,0.0000
16.6220,1,4.9246,0.8652,0.1739,-0.0006,0.0036,0.0007,0.0000,0.0000,0.0000
16.6220,2,7.9088,0.6419,0.0000,0.0000,-0.0000,0.0000,0.0000,0.0000,0.0000
16.6220,3,5.2752,1.6350,1.7206,-0.0066,0.0039,0.0003,0.0000,0.0000,0.0000
16.6560,1,4.9246,0.8652,0.1739,-0.0006,0.0036,0.0007,0.0000,0.0000,0.0000
16.6560,2,7.9088,0.6419,0.0000,0.0000,-0.0000,0.0000,0.0000,0.0000,0.0000
16.6560,3,5.2751,1.6349,1.7206,-0.0066,0.0039,0.0003,0.0000,0.0000,0.0000
16.6900,1,4.9246,0.8652,0.1739,-0.0006,0.0036,0.0007,0.0000,0.0000,0.0000
16.6900,2,7.9088,0.6419,0.0000,0.0000,-0.0000,0.0000,0.0000,0.0000,0.0000
16.6900,3,5.2750,1.6349,1.7207,-0.0066,0.0039,0.0003,0.0000,0.0000,0.0000
16.7220,1,4.9246,0.8652,0.1739,-0.0006,0.0036,0.0007,0.0000,0.0000,0.0000
16.7220,2,7.9088,0.6419,0.0000,0.0000,-0.0000,0.0000,0.0000,0.0000,0.0000
16.7220,3,5.2749,1.6349,1.7207,-0.0066,0.0039,0.0003,0.0000,0.0000,0.0000
16.7560,1,4.9246,0.8652,0.1739,-0.0006,0.0036,0.0007,0.0000,0.0000,0.0000
16.7560,2,7.9088,0.6419,0.0000,0.0000,-0.0000,0.0000,0.0000,0.0000,0.0000
16.7560,3,5.2748,1.6349,1.7207,-0.0066,0.0039,0.0003,0.0000,0.0000,0.0000
16.7920,1,4.9246,0.8652,0.1739,-0.0006,0.0036,0.0007,0.0000,0.0000,0.0000
16.7920,2,7.9088,0.6419,0.0000,0.0000,-0.0000,0.0000,0.0000,0.0000,0.0000
16.7920,3,5.2747,1.6349,1.7207,-0.0066,0.0039,0.0003,0.0000,0.0000,0.0000
16.8240,1,4.9246,0.8652,0.1739,-0.0006,0.0036,0.0007,0.0000,0.0000,0.0000
16.8240,2,7.9088,0.6419,0.0000,0.0000,-0.0000,0.0000,0.0000,0.0000,0.0000
16.8240,3,5.2746,1.6348,1.7207,-0.0065,0.0039,0.0003,0.0000,0.0000,0.0000
16.8560,1,4.9246,0.8652,0.1739,-0.0006,0.0036,0.0007,0.0000,0.0000,0.0000
16.8560,2,7.9088,0.6419,0.0000,0.0000,-0.0000,0.0000,0.0000,0.0000,0.0000
16.8560,3,5.2745,1.6348,1.7207,-0.0065,0.0039,0.0003,0.0000,0.0000,0.0000
16.8900,1,4.9246,0.8652,0.1739,-0.0006,0.0036,0.0007,0.0000,0.0000,0.0000
16.8900,2,7.9088,0.6419,0.0000,0.0000,-0.0000,0.0000,0.0000,0.0000,0.0000
16.8900,3,5.2744,1.6348,1.7208,-0.0065,0.0039,0.0003,0.0000,0.0000,0.0000
16.9240,1,4.9246,0.8652,0.1739,-0.0006,0.0036,0.0007,0.0000,0.0000,0.0000
16.9240,2,7.9088,0.6419,0.0000,0.0000,-0.0000,0.0000,0.0000,0.0000,0.0000
16.9240,3,5.2743,1.6348,1.7208,-0.0065,0.0039,0.0003,0.0000,0.0000,0.0000
16.9560,1,4.9246,0.8652,0.1739,-0.0006,0.0036,0.0007,0.0000,0.0000,0.0000
16.9560,2,7.9088,0.6419,0.0000,0.0000,-0.0000,0.0000,0.0000,0.0000,0.0000
16.9560,3,5.2742,1.6348,1.7208,-0.0065,0.0039,0.0003,0.0000,0.0000,0.0000
16.9900,1,4.9246,0.8652,0.1739,-0.0006,0.0036,0.0007,0.0000,0.0000,0.0000
16.9900,2,7.9088,0.6419,0.0000,0.0000,-0.0000,0.0000,0.0000,0.0000,0.0000
16.9900,3,5.2741,1.6348,1.7208,-0.0065,0.0039,0.0003,0.0000,0.0000,0.0000
17.0240,1,4.9246,0.8652,0.1739,-0.0006,0.0036,0.0007,0.0000,0.0000,0.0000
17.0240,2,7.9088,0.6419,0.0000,0.0000,-0.0000,0.0000,0.0000,0.0000,0.0000
17.0240,3,5.2740,1.6347,1.7208,-0.0065,0.0039,0.0003,0.0000,0.0000,0.0000
17.0560,1,4.9246,0.8652,0.1739,-0.0006,0.0036,0.0007,0.0000,0.0000,0.0000
17.0560,2,7.9088,0.6419,0.0000,0.0000,-0.0000,0.0000,0.0000,0.0000,0.0000
17.0560,3,5.2739,1.6347,1.7208,-0.0065,0.0039,0.0003,0.0000,0.0000,0.0000
17.0900,1,4.9246,0.8652,0.1739,-0.0006,0.0036,0.0007,0.0000,0.0000,0.0000
17.0900,2,7.9088,0.6419,0.0000,0.0000,-0.0000,0.0000,0.0000,0.0000,0.0000
17.0900,3,5.2737,1.6347,1.7209,-0.0065,0.0039,0.0003,0.0000,0.0000,0.0000
17.1240,1,4.9246,0.8652,0.1739,-0.0006,0.0036,0.0007,0.0000,0.0000,0.0000
17.1240,2,7.9088,0.6419,0.0000,0.0000,-0.0000,0.0000,0.0000,0.0000,0.0000
17.1240,3,5.2736,1.6347,1.7209,-0.0065,0.0039,0.0003,0.0000,0.0000,0.0000
17.1560,1,4.9246,0.8652,0.1739,-0.0006,0.0036,0.0007,0.0000,0.0000,0.0000
17.1560,2,7.9088,0.6419,0.0000,0.0000,-0.0000,0.0000,0.0000,0.0000,0.0000
17.1560,3,5.2735,1.6347,1.7209,-0.0065,0.0039,0.0003,0.0000,0.0000,0.0000
17.1900,1,4.9246,0.8652,0.1739,-0.0006,0.0036,0.0007,0.0000,0.0000,0.0000
17.1900,2,7.9088,0.6419,0.0000,0.0000,-0.0000,0.0000,0.0000,0.0000,0.0000
17.1900,3,5.2734,1.6347,1.7209,-0.0065,0.0039,0.0003,0.0000,0.0000,0.0000
17.2240,1,4.9246,0.8652,0.1739,-0.0006,0.0036,0.0007,0.0000,0.0000,0.0000
17.2240,2,7.9088,0.6419,0.0000,0.0000,-0.0000,0.0000,0.0000,0.0000,0.0000
17.2240,3,5.2733,1.6346,1.7209,-0.0065,0.0039,0.0003,0.0000,0.0000,0.0000
17.2560,1,4.9246,0.8652,0.1739,-0.0006,0.0036,0.0007,0.0000,0.0000,0.0000
17.2560,2,7.9088,0.6419,0.0000,0.0000,-0.0000,0.0000,0.0000,0.0000,0.0000
17.2560,3,5.2732,1.6346,1.7209,-0.0065,0.0039,0.0003,0.0000,0.0000,0.0000
17.2900,1,4.9246,0.8652,0.1739,-0.0006,0.0036,0.0007,0.0000,0.0000,0.0000
17.2900,2,7.9088,0.6419,0.0000,0.0000,-0.0000,0.0000,0.0000,0.0000,0.0000
17.2900,3,5.2731,1.6346,1.7209,-0.0065,0.0039,0.0003,0.0000,0.0000,0.0000
17.3240,1,4.9246,0.8652,0.1739,-0.0006,0.0036,0.0007,0.0000,0.0000,0.0000
17.3240,2,7.9088,0.6419,0.0000,0.0000,-0.0000,0.0000,0.0000,0.0000,0.0000
17.3240,3,5.2730,1.6346,1.7210,-0.0065,0.0039,0.0003,0.0000,0.0000,0.0000
17.3560,1,4.9246,0.8652,0.1739,-0.0006,0.0036,0.0007,0.0000,0.0000,0.0000
17.3560,2,7.9088,0.6419,0.0000,0.0000,-0.0000,0.0000,0.0000,0.0000,0.0000
17.3560,3,5.2729,1.6346,1.7210,-0.0065,0.0039,0.0003,0.0000,0.0000,0.0000
17.3900,1,4.9246,0.8652,0.1739,-0.0006,0.0036,0.0007,0.0000,0.0000,0.0000
17.3900,2,7.9088,0.6419,0.0000,0.0000,-0.0000,0.0000,0.0000,0.0000,0.0000
17.3900,3,5.2728,1.6345,1.7210,-0.0065,0.0039,0.0003,0.0000,0.0000,0.0000
17.4240,1,4.9246,0.8652,0.1739,-0.0006,0.0036,0.0007,0.0000,0.0000,0.0000
17.4240,2,7.9088,0.6419,0.0000,0.0000,-0.0000,0.0000,0.0000,0.0000,0.0000
17.4240,3,5.2727,1.6345,1.7210,-0.0065,0.0039,0.0003,0.0000,0.0000,0.0000
17.4560,1,4.9246,0.8652,0.1739,-0.0006,0.0036,0.0007,0.0000,0.0000,0.0000
17.4560,2,7.9088,0.6419,0.0000,0.0000,-0.0000,0.0000,0.0000,0.0000,0.0000
17.4560,3,5.2726,1.6345,1.7210,-0.0065,0.0039,0.0003,0.0000,0.0000,0.0000
17.4900,1,4.9246,0.8652,0.1739,-0.0006,0.0036,0.0007,0.0000,0.0000,0.0000
17.4900,2,7.9088,0.6419,0.0000,0.0000,-0.0000,0.0000,0.0000,0.0000,0.0000
17.4900,3,5.2725,1.6345,1.7210,-0.0065,0.0039,0.0003,0.0000,0.0000,0.0000
17.5220,1,4.9246,0.8652,0.1739,-0.0006,0.0036,0.0007,0.0000,0.0000,0.0000
17.5220,2,7.9088,0.6419,0.0000,0.0000,-0.0000,0.0000,0.0000,0.0000,0.0000
17.5220,3,5.2724,1.6345,1.7211,-0.0065,0.0039,0.0003,0.0000,0.0000,0.0000
17.5560,1,4.9246,0.8652,0.1739,-0.0006,0.0036,0.0007,0.0000,0.0000,0.0000
17.5560,2,7.9088,0.6419,0.0000,0.0000,-0.0000,0.0000,0.0000,0.0000,0.0000
17.5560,3,5.2723,1.6345,1.7211,-0.0065,0.0039,0.0003,0.0000,0.0000,0.0000
17.5900,1,4.9246,0.8652,0.1739,-0.0006,0.0036,0.0007,0.0000,0.0000,0.0000
17.5900,2,7.9088,0.6419,0.0000,0.0000,-0.0000,0.0000,0.0000,0.0000,0.0000
17.5900,3,5.2722,1.6344,1.7211,-0.0065,0.0039,0.0003,0.0000,0.0000,0.0000
17.6220,1,4.9246,0.8652,0.1739,-0.0006,0.0036,0.0007,0.0000,0.0000,0.0000
17.6220,2,7.9088,0.6419,0.0000,0.0000,-0.0000,0.0000,0.0000,0.0000,0.0000
17.6220,3,5.2721,1.6344,1.7211,-0.0065,0.0039,0.0003,0.0000,0.0000,0.0000
17.6580,1,4.9246,0.8652,0.1739,-0.0006,0.0036,0.0007,0.0000,0.0000,0.0000
17.6580,2,7.9088,0.6419,0.0000,0.0000,-0.0000,0.0000,0.0000,0.0000,0.0000
17.6580,3,5.2720,1.6344,1.7211,-0.0065,0.0039,0.0003,0.0000,0.0000,0.0000
17.6900,1,4.9246,0.8652,0.1739,-0.0006,0.0036,0.0007,0.0000,0.0000,0.0000
17.6900,2,7.9088,0.6419,0.0000,0.0000,-0.0000,0.0000,0.0000,0.0000,0.0000
17.6900,3,5.2719,1.6344,1.7211,-0.0064,0.0039,0.0003,0.0000,0.0000,0.0000
17.7240,1,4.9246,0.8652,0.1739,-0.0006,0.0036,0.0007,0.0000,0.0000,0.0000
17.7240,2,7.9088,0.6419,0.0000,0.0000,-0.0000,0.0000,0.0000,0.0000,0.0000
17.7240,3,5.2718,1.6344,1.7212,-0.0064,0.0039,0.0003,0.0000,0.0000,0.0000
17.7560,1,4.9246,0.8652,0.1739,-0.0006,0.0036,0.0007,0.0000,0.0000,0.0000
17.7560,2,7.9088,0.6419,0.0000,0.0000,-0.0000,0.0000,0.0000,0.0000,0.0000
17.7560,3,5.2718,1.6343,1.7212,-0.0064,0.0039,0.0003,0.0000,0.0000,0.0000
17.7920,1,4.9246,0.8652,0.1739,-0.0006,0.0036,0.0007,0.0000,0.0000,0.0000
17.7920,2,7.9088,0.6419,0.0000,0.0000,-0.0000,0.0000,0.0000,0.0000,0.0000
17.7920,3,5.2717,1.6343,1.7212,-0.0064,0.0039,0.0003,0.0000,0.0000,0.0000
17.8240,1,4.9246,0.8652,0.1739,-0.0006,0.0036,0.0007,0.0000,0.0000,0.0000
17.8240,2,7.9088,0.6419,0.0000,0.0000,-0.0000,0.0000,0.0000,0.0000,0.0000
17.8240,3,5.2716,1.6343,1.7212,-0.0064,0.0039,0.0003,0.0000,0.0000,0.0000
17.8560,1,4.9246,0.8652,0.1739,-0.0006,0.0036,0.0007,0.0000,0.0000,0.0000
17.8560,2,7.9088,0.6419,0.0000,0.0000,-0.0000,0.0000,0.0000,0.0000,0.0000
17.8560,3,5.2715,1.6343,1.7212,-0.0064,0.0039,0.0003,0.0000,0.0000,0.0000
17.8900,1,4.9246,0.8652,0.1739,-0.0006,0.0036,0.0007,0.0000,0.0000,0.0000
17.8900,2,7.9088,0.6419,0.0000,0.0000,-0.0000,0.0000,0.0000,0.0000,0.0000
17.8900,3,5.2714,1.6343,1.7212,-0.0064,0.0039,0.0003,0.0000,0.0000,0.0000
17.9240,1,4.9246,0.8652,0.1739,-0.0006,0.0036,0.0007,0.0000,0.0000,0.0000
17.9240,2,7.9088,0.6419,0.0000,0.0000,-0.0000,0.0000,0.0000,0.0000,0.0000
17.9240,3,5.2713,1.6343,1.7213,-0.0064,0.0039,0.0003,0.0000,0.0000,0.0000
17.9560,1,4.9246,0.8652,0.1739,-0.0006,0.0036,0.0007,0.0000,0.0000,0.0000
17.9560,2,7.9088,0.6419,0.0000,0.0000,-0.0000,0.0000,0.0000,0.0000,0.0000
17.9560,3,5.2712,1.6342,1.7213,-0.0064,0.0039,0.0003,0.0000,0.0000,0.0000
17.9900,1,4.9246,0.8652,0.1739,-0.0006,0.0036,0.0007,0.0000,0.0000,0.0000
17.9900,2,7.9088,0.6419,0.0000,0.0000,-0.0000,0.0000,0.0000,0.0000,0.0000
17.9900,3,5.2711,1.6342,1.7213,-0.0064,0.0039,0.0003,0.0000,0.0000,0.0000
18.0220,1,4.9246,0.8652,0.1739,-0.0006,0.0036,0.0007,0.0000,0.0000,0.0000
18.0220,2,7.9088,0.6419,0.0000,0.0000,-0.0000,0.0000,0.0000,0.0000,0.0000
18.0220,3,5.2710,1.6342,1.7213,-0.0064,0.0039,0.0003,0.0000,0.0000,0.0000
18.0580,1,4.9246,0.8652,0.1739,-0.0006,0.0036,0.0007,0.0000,0.0000,0.0000
18.0580,2,7.9088,0.6419,0.0000,0.0000,-0.0000,0.0000,0.0000,0.0000,0.0000
18.0580,3,5.2709,1.6342,1.7213,-0.0064,0.0039,0.0003,0.0000,0.0000,0.0000
18.0900,1,4.9246,0.8652,0.1739,-0.0006,0.0036,0.0007,0.0000,0.0000,0.0000
18.0900,2,7.9088,0.6419,0.0000,0.0000,-0.0000,0.0000,0.0000,0.0000,0.0000
18.0900,3,5.2708,1.6342,1.7213,-0.0064,0.0039,0.0003,0.0000,0.0000,0.0000
18.1220,1,4.9246,0.8652,0.1739,-0.0006,0.0036,0.0007,0.0000,0.0000,0.0000
18.1220,2,7.9088,0.6419,0.0000,0.0000,-0.0000,0.0000,0.0000,0.0000,0.0000
18.1220,3,5.2707,1.6342,1.7213,-0.0064,0.0039,0.0003,0.0000,0.0000,0.0000
18.1580,1,4.9246,0.8652,0.1739,-0.0006,0.0036,0.0007,0.0000,0.0000,0.0000
18.1580,2,7.9088,0.6419,0.0000,0.0000,-0.0000,0.0000,0.0000,0.0000,0.0000
18.1580,3,5.2706,1.6341,1.7214,-0.0064,0.0039,0.0003,0.0000,0.0000,0.0000
18.1900,1,4.9246,0.8652,0.1739,-0.0006,0.0036,0.0007,0.0000,0.0000,0.0000
18.1900,2,7.9088,0.6419,0.0000,0.0000,-0.0000,0.0000,0.0000,0.0000,0.0000
18.1900,3,5.2705,1.6341,1.7214,-0.0064,0.0039,0.0003,0.0000,0.0000,0.0000
18.2240,1,4.9246,0.8652,0.1739,-0.0006,0.0036,0.0007,0.0000,0.0000,0.0000
18.2240,2,7.9088,0.6419,0.0000,0.0000,-0.0000,0.0000,0.0000,0.0000,0.0000
18.2240,3,5.2704,1.6341,1.7214,-0.0064,0.0039,0.0003,0.0000,0.0000,0.0000
18.2600,1,4.9246,0.8652,0.1739,-0.0006,0.0036,0.0007,0.0000,0.0000,0.0000
18.2600,2,7.9088,0.6419,0.0000,0.0000,-0.0000,0.0000,0.0000,0.0000,0.0000
18.2600,3,5.2703,1.6341,1.7214,-0.0064,0.0039,0.0003,0.0000,0.0000,0.0000
18.2920,1,4.9246,0.8652,0.1739,-0.0006,0.0036,0.0007,0.0000,0.0000,0.0000
18.2920,2,7.9088,0.6419,0.0000,0.0000,-0.0000,0.0000,0.0000,0.0000,0.0000
18.2920,3,5.2702,1.6341,1.7214,-0.0064,0.0039,0.0003,0.0000,0.0000,0.0000
18.3280,1,4.9246,0.8652,0.1739,-0.0006,0.0036,0.0007,0.0000,0.0000,0.0000
18.3280,2,7.9088,0.6419,0.0000,0.0000,-0.0000,0.0000,0.0000,0.0000,0.0000
18.3280,3,5.2701,1.6340,1.7214,-0.0064,0.0039,0.0003,0.0000,0.0000,0.0000
18.3600,1,4.9246,0.8652,0.1739,-0.0006,0.0036,0.0007,0.0000,0.0000,0.0000
18.3600,2,7.9088,0.6419,0.0000,0.0000,-0.0000,0.0000,0.0000,0.0000,0.0000
18.3600,3,5.2700,1.6340,1.7215,-0.0064,0.0039,0.0003,0.0000,0.0000,0.0000
18.3940,1,4.9246,0.8652,0.1739,-0.0006,0.0036,0.0007,0.0000,0.0000,0.0000
18.3940,2,7.9088,0.6419,0.0000,0.0000,-0.0000,0.0000,0.0000,0.0000,0.0000
18.3940,3,5.2699,1.6340,1.7215,-0.0064,0.0039,0.0003,0.0000,0.0000,0.0000
18.4240,1,4.9246,0.8652,0.1739,-0.0006,0.0036,0.0007,0.0000,0.0000,0.0000
18.4240,2,7.9088,0.6419,0.0000,0.0000,-0.0000,0.0000,0.0000,0.0000,0.0000
18.4240,3,5.2698,1.6340,1.7215,-0.0064,0.0039,0.0003,0.0000,0.0000,0.0000
18.4560,1,4.9246,0.8652,0.1739,-0.0006,0.0036,0.0007,0.0000,0.0000,0.0000
18.4560,2,7.9088,0.6419,0.0000,0.0000,-0.0000,0.0000,0.0000,0.0000,0.0000
18.4560,3,5.2698,1.6340,1.7215,-0.0064,0.0039,0.0003,0.0000,0.0000,0.0000
18.4900,1,4.9246,0.8652,0.1739,-0.0006,0.0036,0.0007,0.0000,0.0000,0.0000
18.4900,2,7.9088,0.6419,0.0000,0.0000,-0.0000,0.0000,0.0000,0.0000,0.0000
18.4900,3,5.2697,1.6340,1.7215,-0.0064,0.0039,0.0003,0.0000,0.0000,0.0000
18.5260,1,4.9246,0.8652,0.1739,-0.0006,0.0036,0.0007,0.0000,0.0000,0.0000
18.5260,2,7.9088,0.6419,0.0000,0.0000,-0.0000,0.0000,0.0000,0.0000,0.0000
18.5260,3,5.2696,1.6339,1.7215,-0.0064,0.0039,0.0003,0.0000,0.0000,0.0000
18.5600,1,4.9246,0.8652,0.1739,-0.0006,0.0036,0.0007,0.0000,0.0000,0.0000
18.5600,2,7.9088,0.6419,0.0000,0.0000,-0.0000,0.0000,0.0000,0.0000,0.0000
18.5600,3,5.2695,1.6339,1.7216,-0.0064,0.0039,0.0003,0.0000,0.0000,0.0000
18.5900,1,4.9246,0.8652,0.1739,-0.0006,0.0036,0.0007,0.0000,0.0000,0.0000
18.5900,2,7.9088,0.6419,0.0000,0.0000,-0.0000,0.0000,0.0000,0.0000,0.0000
18.5900,3,5.2694,1.6339,1.7216,-0.0064,0.0039,0.0003,0.0000,0.0000,0.0000
18.6220,1,4.9246,0.8652,0.1739,-0.0006,0.0036,0.0007,0.0000,0.0000,0.0000
18.6220,2,7.9088,0.6419,0.0000,0.0000,-0.0000,0.0000,0.0000,0.0000,0.0000
18.6220,3,5.2693,1.6339,1.7216,-0.0063,0.0039,0.0003,0.0000,0.0000,0.0000
18.6580,1,4.9246,0.8652,0.1739,-0.0006,0.0036,0.0007,0.0000,0.0000,0.0000
18.6580,2,7.9088,0.6419,0.0000,0.0000,-0.0000,0.0000,0.0000,0.0000,0.0000
18.6580,3,5.2692,1.6339,1.7216,-0.0063,0.0039,0.0003,0.0000,0.0000,0.0000
18.6900,1,4.9246,0.8652,0.1739,-0.0006,0.0036,0.0007,0.0000,0.0000,0.0000
18.6900,2,7.9088,0.6419,0.0000,0.0000,-0.0000,0.0000,0.0000,0.0000,0.0000
18.6900,3,5.2691,1.6338,1.7217,-0.0063,0.0039,0.0003,0.0000,0.0000,0.0000
18.7240,1,4.9246,0.8652,0.1739,-0.0006,0.0036,0.0007,0.0000,0.0000,0.0000
18.7240,2,7.9088,0.6419,0.0000,0.0000,-0.0000,0.0000,0.0000,0.0000,0.0000
18.7240,3,5.2690,1.6338,1.7217,-0.0063,0.0039,0.0003,0.0000,0.0000,0.0000
18.7600,1,4.9246,0.8652,0.1739,-0.0006,0.0036,0.0007,0.0000,0.0000,0.0000
18.7600,2,7.9088,0.6419,0.0000,0.0000,-0.0000,0.0000,0.0000,0.0000,0.0000
18.7600,3,5.2689,1.6338,1.7217,-0.0063,0.0039,0.0003,0.0000,0.0000,0.0000
18.7920,1,4.9246,0.8652,0.1739,-0.0006,0.0036,0.0007,0.0000,0.0000,0.0000
18.7920,2,7.9088,0.6419,0.0000,0.0000,-0.0000,0.0000,0.0000,0.0000,0.0000
18.7920,3,5.2688,1.6338,1.7217,-0.0063,0.0039,0.0003,0.0000,0.0000,0.0000
18.8260,1,4.9246,0.8652,0.1739,-0.0006,0.0036,0.0007,0.0000,0.0000,0.0000
18.8260,2,7.9088,0.6419,0.0000,0.0000,-0.0000,0.0000,0.0000,0.0000,0.0000
18.8260,3,5.2687,1.6338,1.7217,-0.0063,0.0039,0.0003,0.0000,0.0000,0.0000
18.8580,1,4.9246,0.8652,0.1739,-0.0006,0.0036,0.0007,0.0000,0.0000,0.0000
18.8580,2,7.9088,0.6419,0.0000,0.0000,-0.0000,0.0000,0.0000,0.0000,0.0000
18.8580,3,5.2686,1.6338,1.7218,-0.0063,0.0039,0.0003,0.0000,0.0000,0.0000
18.8920,1,4.9246,0.8652,0.1739,-0.0006,0.0036,0.0007,0.0000,0.0000,0.0000
18.8920,2,7.9088,0.6419,0.0000,0.0000,-0.0000,0.0000,0.0000,0.0000,0.0000
18.8920,3,5.2685,1.6337,1.7218,-0.0063,0.0039,0.0003,0.0000,0.0000,0.0000
18.9260,1,4.9246,0.8652,0.1739,-0.0006,0.0036,0.0007,0.0000,0.0000,0.0000
18.9260,2,7.9088,0.6419,0.0000,0.0000,-0.0000,0.0000,0.0000,0.0000,0.0000
18.9260,3,5.2684,1.6337,1.7218,-0.0063,0.0039,0.0003,0.0000,0.0000,0.0000
18.9600,1,4.9246,0.8652,0.1739,-0.0006,0.0036,0.0007,0.0000,0.0000,0.0000
18.9600,2,7.9088,0.6419,0.0000,0.0000,-0.0000,0.0000,0.0000,0.0000,0.0000
18.9600,3,5.2683,1.6337,1.7218,-0.0063,0.0039,0.0003,0.0000,0.0000,0.0000
18.9940,1,4.9246,0.8652,0.1739,-0.0006,0.0036,0.0007,0.0000,0.0000,0.0000
18.9940,2,7.9088,0.6419,0.0000,0.0000,-0.0000,0.0000,0.0000,0.0000,0.0000
18.9940,3,5.2682,1.6337,1.7219,-0.0063,0.0039,0.0003,0.0000,0.0000,0.0000
19.0260,1,4.9246,0.8652,0.1739,-0.0006,0.0036,0.0007,0.0000,0.0000,0.0000
19.0260,2,7.9088,0.6419,0.0000,0.0000,-0.0000,0.0000,0.0000,0.0000,0.0000
19.0260,3,5.2681,1.6337,1.7219,-0.0063,0.0039,0.0003,0.0000,0.0000,0.0000
19.0580,1,4.9246,0.8652,0.1739,-0.0006,0.0036,0.0007,0.0000,0.0000,0.0000
19.0580,2,7.9088,0.6419,0.0000,0.0000,-0.0000,0.0000,0.0000,0.0000,0.0000
19.0580,3,5.2680,1.6337,1.7219,-0.0063,0.0039,0.0003,0.0000,0.0000,0.0000
19.0940,1,4.9246,0.8652,0.1739,-0.0006,0.0036,0.0007,0.0000,0.0000,0.0000
19.0940,2,7.9088,0.6419,0.0000,0.0000,-0.0000,0.0000,0.0000,0.0000,0.0000
19.0940,3,5.2679,1.6336,1.7219,-0.0063,0.0039,0.0003,0.0000,0.0000,0.0000
19.1260,1,4.9246,0.8652,0.1739,-0.0006,0.0036,0.0007,0.0000,0.0000,0.0000
19.1260,2,7.9088,0.6419,0.0000,0.0000,-0.0000,0.0000,0.0000,0.0000,0.0000
19.1260,3,5.2678,1.6336,1.7220,-0.0063,0.0039,0.0003,0.0000,0.0000,0.0000
19.1600,1,4.9246,0.8652,0.1739,-0.0006,0.0036,0.0007,0.0000,0.0000,0.0000
19.1600,2,7.9088,0.6419,0.0000,0.0000,-0.0000,0.0000,0.0000,0.0000,0.0000
19.1600,3,5.2677,1.6336,1.7220,-0.0063,0.0039,0.0003,0.0000,0.0000,0.0000
19.1940,1,4.9246,0.8652,0.1739,-0.0006,0.0036,0.0007,0.0000,0.0000,0.0000
19.1940,2,7.9088,0.6419,0.0000,0.0000,-0.0000,0.0000,0.0000,0.0000,0.0000
19.1940,3,5.2676,1.6336,1.7220,-0.0063,0.0039,0.0003,0.0000,0.0000,0.0000
19.2260,1,4.9246,0.8652,0.1739,-0.0006,0.0036,0.0007,0.0000,0.0000,0.0000
19.2260,2,7.9088,0.6419,0.0000,0.0000,-0.0000,0.0000,0.0000,0.0000,0.0000
19.2260,3,5.2676,1.6336,1.7220,-0.0063,0.0039,0.0003,0.0000,0.0000,0.0000
19.2580,1,4.9246,0.8652,0.1739,-0.0006,0.0036,0.0007,0.0000,0.0000,0.0000
19.2580,2,7.9088,0.6419,0.0000,0.0000,-0.0000,0.0000,0.0000,0.0000,0.0000
19.2580,3,5.2675,1.6335,1.7221,-0.0063,0.0039,0.0003,0.0000,0.0000,0.0000
19.2920,1,4.9246,0.8652,0.1739,-0.0006,0.0036,0.0007,0.0000,0.0000,0.0000
19.2920,2,7.9088,0.6419,0.0000,0.0000,-0.0000,0.0000,0.0000,0.0000,0.0000
19.2920,3,5.2674,1.6335,1.7221,-0.0063,0.0039,0.0003,0.0000,0.0000,0.0000
19.3260,1,4.9246,0.8652,0.1739,-0.0006,0.0036,0.0007,0.0000,0.0000,0.0000
19.3260,2,7.9088,0.6419,0.0000,0.0000,-0.0000,0.0000,0.0000,0.0000,0.0000
19.3260,3,5.2673,1.6335,1.7221,-0.0063,0.0039,0.0003,0.0000,0.0000,0.0000
19.3560,1,4.9246,0.8652,0.1739,-0.0006,0.0036,0.0007,0.0000,0.0000,0.0000
19.3560,2,7.9088,0.6419,0.0000,0.0000,-0.0000,0.0000,0.0000,0.0000,0.0000
19.3560,3,5.2672,1.6335,1.7221,-0.0063,0.0039,0.0003,0.0000,0.0000,0.0000
19.3940,1,4.9246,0.8652,0.1739,-0.0006,0.0036,0.0007,0.0000,0.0000,0.0000
19.3940,2,7.9088,0.6419,0.0000,0.0000,-0.0000,0.0000,0.0000,0.0000,0.0000
19.3940,3,5.2671,1.6335,1.7222,-0.0063,0.0039,0.0003,0.0000,0.0000,0.0000
19.4240,1,4.9246,0.8652,0.1739,-0.0006,0.0036,0.0007,0.0000,0.0000,0.0000
19.4240,2,7.9088,0.6419,0.0000,0.0000,-0.0000,0.0000,0.0000,0.0000,0.0000
19.4240,3,5.2670,1.6335,1.7222,-0.0063,0.0039,0.0003,0.0000,0.0000,0.0000
19.4600,1,4.9246,0.8652,0.1739,-0.0006,0.0036,0.0007,0.0000,0.0000,0.0000
19.4600,2,7.9088,0.6419,0.0000,0.0000,-0.0000,0.0000,0.0000,0.0000,0.0000
19.4600,3,5.2669,1.6334,1.7222,-0.0063,0.0039,0.0003,0.0000,0.0000,0.0000
19.4900,1,4.9246,0.8652,0.1739,-0.0006,0.0036,0.0007,0.0000,0.0000,0.0000
19.4900,2,7.9088,0.6419,0.0000,0.0000,-0.0000,0.0000,0.0000,0.0000,0.0000
19.4900,3,5.2668,1.6334,1.7222,-0.0063,0.0039,0.0003,0.0000,0.0000,0.0000
19.5240,1,4.9246,0.8652,0.1739,-0.0006,0.0036,0.0007,0.0000,0.0000,0.0000
19.5240,2,7.9088,0.6419,0.0000,0.0000,-0.0000,0.0000,0.0000,0.0000,0.0000
19.5240,3,5.2667,1.6334,1.7222,-0.0063,0.0039,0.0003,0.0000,0.0000,0.0000
19.5600,1,4.9246,0.8652,0.1739,-0.0006,0.0036,0.0007,0.0000,0.0000,0.0000
19.5600,2,7.9088,0.6419,0.0000,0.0000,-0.0000,0.0000,0.0000,0.0000,0.0000
19.5600,3,5.2666,1.6334,1.7223,-0.0062,0.0039,0.0003,0.0000,0.0000,0.0000
19.5940,1,4.9246,0.8652,0.1739,-0.0006,0.0036,0.0007,0.0000,0.0000,0.0000
19.5940,2,7.9088,0.6419,0.0000,0.0000,-0.0000,0.0000,0.0000,0.0000,0.0000
19.5940,3,5.2665,1.6334,1.7223,-0.0062,0.0039,0.0003,0.0000,0.0000,0.0000
19.6260,1,4.9246,0.8652,0.1739,-0.0006,0.0036,0.0007,0.0000,0.0000,0.0000
19.6260,2,7.9088,0.6419,0.0000,0.0000,-0.0000,0.0000,0.0000,0.0000,0.0000
19.6260,3,5.2664,1.6333,1.7223,-0.0062,0.0039,0.0003,0.0000,0.0000,0.0000
19.6580,1,4.9246,0.8652,0.1739,-0.0006,0.0036,0.0007,0.0000,0.0000,0.0000
19.6580,2,7.9088,0.6419,0.0000,0.0000,-0.0000,0.0000,0.0000,0.0000,0.0000
19.6580,3,5.2663,1.6333,1.7223,-0.0062,0.0039,0.0003,0.0000,0.0000,0.0000
19.6920,1,4.9246,0.8652,0.1739,-0.0006,0.0036,0.0007,0.0000,0.0000,0.0000
19.6920,2,7.9088,0.6419,0.0000,0.0000,-0.0000,0.0000,0.0000,0.0000,0.0000
19.6920,3,5.2662,1.6333,1.7224,-0.0062,0.0039,0.0003,0.0000,0.0000,0.0000
19.7260,1,4.9246,0.8652,0.1739,-0.0006,0.0036,0.0007,0.0000,0.0000,0.0000
19.7260,2,7.9088,0.6419,0.0000,0.0000,-0.0000,0.0000,0.0000,0.0000,0.0000
19.7260,3,5.2661,1.6333,1.7224,-0.0062,0.0039,0.0003,0.0000,0.0000,0.0000
19.7580,1,4.9246,0.8652,0.1739,-0.0006,0.0036,0.0007,0.0000,0.0000,0.0000
19.7580,2,7.9088,0.6419,0.0000,0.0000,-0.0000,0.0000,0.0000,0.0000,0.0000
19.7580,3,5.2660,1.6333,1.7224,-0.0062,0.0039,0.0003,0.0000,0.0000,0.0000
19.7920,1,4.9246,0.8652,0.1739,-0.0006,0.0036,0.0007,0.0000,0.0000,0.0000
19.7920,2,7.9088,0.6419,0.0000,0.0000,-0.0000,0.0000,0.0000,0.0000,0.0000
19.7920,3,5.2659,1.6333,1.7224,-0.0062,0.0039,0.0003,0.0000,0.0000,0.0000
19.8220,1,4.9246,0.8652,0.1739,-0.0006,0.0036,0.0007,0.0000,0.0000,0.0000
19.8220,2,7.9088,0.6419,0.0000,0.0000,-0.0000,0.0000,0.0000,0.0000,0.0000
19.8220,3,5.2658,1.6332,1.7225,-0.0062,0.0039,0.0003,0.0000,0.0000,0.0000
19.8580,1,4.9246,0.8652,0.1739,-0.0006,0.0036,0.0007,0.0000,0.0000,0.0000
19.8580,2,7.9088,0.6419,0.0000,0.0000,-0.0000,0.0000,0.0000,0.0000,0.0000
19.8580,3,5.2657,1.6332,1.7225,-0.0062,0.0039,0.0003,0.0000,0.0000,0.0000
19.8920,1,4.9246,0.8652,0.1739,-0.0006,0.0036,0.0007,0.0000,0.0000,0.0000
19.8920,2,7.9088,0.6419,0.0000,0.0000,-0.0000,0.0000,0.0000,0.0000,0.0000
19.8920,3,5.2656,1.6332,1.7225,-0.0062,0.0039,0.0003,0.0000,0.0000,0.0000
19.9220,1,4.9246,0.8652,0.1739,-0.0006,0.0036,0.0007,0.0000,0.0000,0.0000
19.9220,2,7.9088,0.6419,0.0000,0.0000,-0.0000,0.0000,0.0000,0.0000,0.0000
19.9220,3,5.2656,1.6332,1.7225,-0.0062,0.0039,0.0003,0.0000,0.0000,0.0000
19.9560,1,4.9246,0.8652,0.1739,-0.0006,0.0036,0.0007,0.0000,0.0000,0.0000
19.9560,2,7.9088,0.6419,0.0000,0.0000,-0.0000,0.0000,0.0000,0.0000,0.0000
19.9560,3,5.2655,1.6332,1.7226,-0.0062,0.0039,0.0003,0.0000,0.0000,0.0000
19.9940,1,4.9246,0.8652,0.1739,-0.0006,0.0036,0.0007,0.0000,0.0000,0.0000
19.9940,2,7.9088,0.6419,0.0000,0.0000,-0.0000,0.0000,0.0000,0.0000,0.0000
19.9940,3,5.2654,1.6331,1.7226,-0.0062,0.0039,0.0003,0.0000,0.0000,0.0000
20.0280,1,4.9246,0.8652,0.1739,-0.0006,0.0036,0.0007,0.0000,0.0000,0.0000
20.0280,2,7.9088,0.6419,0.0000,0.0000,-0.0000,0.0000,0.0000,0.0000,0.0000
20.0280,3,5.2653,1.6331,1.7226,-0.0062,0.0039,0.0003,0.0000,0.0000,0.0000
20.0620,1,4.9246,0.8652,0.1739,-0.0006,0.0036,0.0007,0.0000,0.0000,0.0000
20.0620,2,7.9088,0.6419,0.0000,0.0000,-0.0000,0.0000,0.0000,0.0000,0.0000
20.0620,3,5.2652,1.6331,1.7226,-0.0062,0.0039,0.0003,0.0000,0.0000,0.0000
20.0900,1,4.9246,0.8652,0.1739,-0.0006,0.0036,0.0007,0.0000,0.0000,0.0000
20.0900,2,7.9088,0.6419,0.0000,0.0000,-0.0000,0.0000,0.0000,0.0000,0.0000
20.0900,3,5.2651,1.6331,1.7227,-0.0062,0.0039,0.0003,0.0000,0.0000,0.0000
20.1280,1,4.9246,0.8652,0.1739,-0.0006,0.0036,0.0007,0.0000,0.0000,0.0000
20.1280,2,7.9088,0.6419,0.0000,0.0000,-0.0000,0.0000,0.0000,0.0000,0.0000
20.1280,3,5.2650,1.6331,1.7227,-0.0062,0.0039,0.0003,0.0000,0.0000,0.0000
20.1560,1,4.9246,0.8652,0.1739,-0.0006,0.0036,0.0007,0.0000,0.0000,0.0000
20.1560,2,7.9088,0.6419,0.0000,0.0000,-0.0000,0.0000,0.0000,0.0000,0.0000
20.1560,3,5.2649,1.6331,1.7227,-0.0062,0.0039,0.0003,0.0000,0.0000,0.0000
20.1940,1,4.9246,0.8652,0.1739,-0.0006,0.0036,0.0007,0.0000,0.0000,0.0000
20.1940,2,7.9088,0.6419,0.0000,0.0000,-0.0000,0.0000,0.0000,0.0000,0.0000
20.1940,3,5.2648,1.6330,1.7227,-0.0062,0.0039,0.0003,0.0000,0.0000,0.0000
20.2240,1,4.9246,0.8652,0.1739,-0.0006,0.0036,0.0007,0.0000,0.0000,0.0000
20.2240,2,7.9088,0.6419,0.0000,0.0000,-0.0000,0.0000,0.0000,0.0000,0.0000
20.2240,3,5.2647,1.6330,1.7227,-0.0062,0.0039,0.0003,0.0000,0.0000,0.0000
20.2600,1,4.9246,0.8652,0.1739,-0.0006,0.0036,0.0007,0.0000,0.0000,0.0000
20.2600,2,7.9088,0.6419,0.0000,0.0000,-0.0000,0.0000,0.0000,0.0000,0.0000
20.2600,3,5.2646,1.6330,1.7228,-0.0062,0.0039,0.0003,0.0000,0.0000,0.0000
20.2920,1,4.9246,0.8652,0.1739,-0.0006,0.0036,0.0007,0.0000,0.0000,0.0000
20.2920,2,7.9088,0.6419,0.0000,0.0000,-0.0000,0.0000,0.0000,0.0000,0.0000
20.2920,3,5.2645,1.6330,1.7228,-0.0062,0.0039,0.0003,0.0000,0.0000,0.0000
20.3260,1,4.9246,0.8652,0.1739,-0.0006,0.0036,0.0007,0.0000,0.0000,0.0000
20.3260,2,7.9088,0.6419,0.0000,0.0000,-0.0000,0.0000,0.0000,0.0000,0.0000
20.3260,3,5.2644,1.6330,1.7228,-0.0062,0.0039,0.0003,0.0000,0.0000,0.0000
20.3560,1,4.9246,0.8652,0.1739,-0.0006,0.0036,0.0007,0.0000,0.0000,0.0000
20.3560,2,7.9088,0.6419,0.0000,0.0000,-0.0000,0.0000,0.0000,0.0000,0.0000
20.3560,3,5.2643,1.6330,1.7228,-0.0062,0.0039,0.0003,0.0000,0.0000,0.0000
20.3920,1,4.9246,0.8652,0.1739,-0.0006,0.0036,0.0007,0.0000,0.0000,0.0000
20.3920,2,7.9088,0.6419,0.0000,0.0000,-0.0000,0.0000,0.0000,0.0000,0.0000
20.3920,3,5.2642,1.6329,1.7229,-0.0062,0.0039,0.0003,0.0000,0.0000,0.0000
20.4260,1,4.9246,0.8652,0.1739,-0.0006,0.0036,0.0007,0.0000,0.0000,0.0000
20.4260,2,7.9088,0.6419,0.0000,0.0000,-0.0000,0.0000,0.0000,0.0000,0.0000
20.4260,3,5.2641,1.6329,1.7229,-0.0062,0.0039,0.0003,0.0000,0.0000,0.0000
20.4600,1,4.9246,0.8652,0.1739,-0.0006,0.0036,0.0007,0.0000,0.0000,0.0000
20.4600,2,7.9088,0.6419,0.0000,0.0000,-0.0000,0.0000,0.0000,0.0000,0.0000
20.4600,3,5.2640,1.6329,1.7229,-0.0062,0.0039,0.0003,0.0000,0.0000,0.0000
20.4940,1,4.9246,0.8652,0.1739,-0.0006,0.0036,0.0007,0.0000,0.0000,0.0000
20.4940,2,7.9088,0.6419,0.0000,0.0000,-0.0000,0.0000,0.0000,0.0000,0.0000
20.4940,3,5.2639,1.6329,1.7229,-0.0061,0.0039,0.0003,0.0000,0.0000,0.0000
20.5240,1,4.9246,0.8652,0.1739,-0.0006,0.0036,0.0007,0.0000,0.0000,0.0000
20.5240,2,7.9088,0.6419,0.0000,0.0000,-0.0000,0.0000,0.0000,0.0000,0.0000
20.5240,3,5.2638,1.6329,1.7230,-0.0061,0.0039,0.0003,0.0000,0.0000,0.0000
20.5600,1,4.9246,0.8652,0.1739,-0.0006,0.0036,0.0007,0.0000,0.0000,0.0000
20.5600,2,7.9088,0.6419,0.0000,0.0000,-0.0000,0.0000,0.0000,0.0000,0.0000
20.5600,3,5.2637,1.6328,1.7230,-0.0061,0.0039,0.0003,0.0000,0.0000,0.0000
20.5920,1,4.9246,0.8652,0.1739,-0.0006,0.0036,0.0007,0.0000,0.0000,0.0000
20.5920,2,7.9088,0.6419,0.0000,0.0000,-0.0000,0.0000,0.0000,0.0000,0.0000
20.5920,3,5.2636,1.6328,1.7230,-0.0061,0.0039,0.0003,0.0000,0.0000,0.0000
20.6240,1,4.9246,0.8652,0.1739,-0.0006,0.0036,0.0007,0.0000,0.0000,0.0000
20.6240,2,7.9088,0.6419,0.0000,0.0000,-0.0000,0.0000,0.0000,0.0000,0.0000
20.6240,3,5.2636,1.6328,1.7230,-0.0061,0.0039,0.0003,0.0000,0.0000,0.0000
20.6580,1,4.9246,0.8652,0.1739,-0.0006,0.0036,0.0007,0.0000,0.0000,0.0000
20.6580,2,7.9088,0.6419,0.0000,0.0000,-0.0000,0.0000,0.0000,0.0000,0.0000
20.6580,3,5.2635,1.6328,1.7231,-0.0061,0.0039,0.0003,0.0000,0.0000,0.0000
20.6900,1,4.9246,0.8652,0.1739,-0.0006,0.0036,0.0007,0.0000,0.0000,0.0000
20.6900,2,7.9088,0.6419,0.0000,0.0000,-0.0000,0.0000,0.0000,0.0000,0.0000
20.6900,3,5.2634,1.6328,1.7231,-0.0061,0.0039,0.0003,0.0000,0.0000,0.0000
20.7240,1,4.9246,0.8652,0.1739,-0.0006,0.0036,0.0007,0.0000,0.0000,0.0000
20.7240,2,7.9088,0.6419,0.0000,0.0000,-0.0000,0.0000,0.0000,0.0000,0.0000
20.7240,3,5.2633,1.6328,1.7231,-0.0061,0.0039,0.0003,0.0000,0.0000,0.0000
20.7560,1,4.9246,0.8652,0.1739,-0.0006,0.0036,0.0007,0.0000,0.0000,0.0000
20.7560,2,7.9088,0.6419,0.0000,0.0000,-0.0000,0.0000,0.0000,0.0000,0.0000
20.7560,3,5.2632,1.6327,1.7231,-0.0061,0.0039,0.0003,0.0000,0.0000,0.0000
20.7920,1,4.9246,0.8652,0.1739,-0.0006,0.0036,0.0007,0.0000,0.0000,0.0000
20.7920,2,7.9088,0.6419,0.0000,0.0000,-0.0000,0.0000,0.0000,0.0000,0.0000
20.7920,3,5.2631,1.6327,1.7232,-0.0061,0.0039,0.0003,0.0000,0.0000,0.0000
20.8240,1,4.9246,0.8652,0.1739,-0.0006,0.0036,0.0007,0.0000,0.0000,0.0000
20.8240,2,7.9088,0.6419,0.0000,0.0000,-0.0000,0.0000,0.0000,0.0000,0.0000
20.8240,3,5.2630,1.6327,1.7232,-0.0061,0.0039,0.0003,0.0000,0.0000,0.0000
20.8600,1,4.9246,0.8652,0.1739,-0.0006,0.0036,0.0007,0.0000,0.0000,0.0000
20.8600,2,7.9088,0.6419,0.0000,0.0000,-0.0000,0.0000,0.0000,0.0000,0.0000
20.8600,3,5.2629,1.6327,1.7232,-0.0061,0.0039,0.0003,0.0000,0.0000,0.0000
20.8920,1,4.9246,0.8652,0.1739,-0.0006,0.0036,0.0007,0.0000,0.0000,0.0000
20.8920,2,7.9088,0.6419,0.0000,0.0000,-0.0000,0.0000,0.0000,0.0000,0.0000
20.8920,3,5.2629,1.6327,1.7232,-0.0061,0.0039,0.0003,0.0000,0.0000,0.0000
20.9240,1,4.9246,0.8652,0.1739,-0.0006,0.0036,0.0007,0.0000,0.0000,0.0000
20.9240,2,7.9088,0.6419,0.0000,0.0000,-0.0000,0.0000,0.0000,0.0000,0.0000
20.9240,3,5.2628,1.6326,1.7232,-0.0061,0.0039,0.0003,0.0000,0.0000,0.0000
20.9600,1,4.9246,0.8652,0.1739,-0.0006,0.0036,0.0007,0.0000,0.0000,0.0000
20.9600,2,7.9088,0.6419,0.0000,0.0000,-0.0000,0.0000,0.0000,0.0000,0.0000
20.9600,3,5.2627,1.6326,1.7233,-0.0061,0.0039,0.0003,0.0000,0.0000,0.0000
20.9880,1,4.9246,0.8652,0.1739,-0.0006,0.0036,0.0007,0.0000,0.0000,0.0000
20.9880,2,7.9088,0.6419,0.0000,0.0000,-0.0000,0.0000,0.0000,0.0000,0.0000
20.9880,3,5.2626,1.6326,1.7233,-0.0061,0.0039,0.0003,0.0000,0.0000,0.0000
21.0220,1,4.9246,0.8652,0.1739,-0.0006,0.0036,0.0007,0.0000,0.0000,0.0000
21.0220,2,7.9088,0.6419,0.0000,0.0000,-0.0000,0.0000,0.0000,0.0000,0.0000
21.0220,3,5.2625,1.6326,1.7233,-0.0061,0.0039,0.0003,0.0000,0.0000,0.0000
21.0560,1,4.9246,0.8652,0.1739,-0.0006,0.0036,0.0007,0.0000,0.0000,0.0000
21.0560,2,7.9088,0.6419,0.0000,0.0000,-0.0000,0.0000,0.0000,0.0000,0.0000
21.0560,3,5.2624,1.6326,1.7233,-0.0061,0.0039,0.0003,0.0000,0.0000,0.0000
21.0880,1,4.9246,0.8652,0.1739,-0.0006,0.0036,0.0007,0.0000,0.0000,0.0000
21.0880,2,7.9088,0.6419,0.0000,0.0000,-0.0000,0.0000,0.0000,0.0000,0.0000
21.0880,3,5.2623,1.6326,1.7234,-0.0061,0.0039,0.0003,0.0000,0.0000,0.0000
21.1240,1,4.9246,0.8652,0.1739,-0.0006,0.0036,0.0007,0.0000,0.0000,0.0000
21.1240,2,7.9088,0.6419,0.0000,0.0000,-0.0000,0.0000,0.0000,0.0000,0.0000
21.1240,3,5.2622,1.6325,1.7234,-0.0061,0.0039,0.0003,0.0000,0.0000,0.0000
21.1560,1,4.9246,0.8652,0.1739,-0.0006,0.0036,0.0007,0.0000,0.0000,0.0000
21.1560,2,7.9088,0.6419,0.0000,0.0000,-0.0000,0.0000,0.0000,0.0000,0.0000
21.1560,3,5.2622,1.6325,1.7234,-0.0061,0.0039,0.0003,0.0000,0.0000,0.0000
21.1900,1,4.9246,0.8652,0.1739,-0.0006,0.0036,0.0007,0.0000,0.0000,0.0000
21.1900,2,7.9088,0.6419,0.0000,0.0000,-0.0000,0.0000,0.0000,0.0000,0.0000
21.1900,3,5.2621,1.6325,1.7234,-0.0061,0.0039,0.0003,0.0000,0.0000,0.0000
21.2220,1,4.9246,0.8652,0.1739,-0.0006,0.0036,0.0007,0.0000,0.0000,0.0000
21.2220,2,7.9088,0.6419,0.0000,0.0000,-0.0000,0.0000,0.0000,0.0000,0.0000
21.2220,3,5.2620,1.6325,1.7235,-0.0061,0.0039,0.0003,0.0000,0.0000,0.0000
21.2580,1,4.9246,0.8652,0.1739,-0.0006,0.0036,0.0007,0.0000,0.0000,0.0000
21.2580,2,7.9088,0.6419,0.0000,0.0000,-0.0000,0.0000,0.0000,0.0000,0.0000
21.2580,3,5.2619,1.6325,1.7235,-0.0061,0.0039,0.0003,0.0000,0.0000,0.0000
21.2920,1,4.9246,0.8652,0.1739,-0.0006,0.0036,0.0007,0.0000,0.0000,0.0000
21.2920,2,7.9088,0.6419,0.0000,0.0000,-0.0000,0.0000,0.0000,0.0000,0.0000
21.2920,3,5.2618,1.6325,1.7235,-0.0061,0.0039,0.0003,0.0000,0.0000,0.0000
21.3240,1,4.9246,0.8652,0.1739,-0.0006,0.0036,0.0007,0.0000,0.0000,0.0000
21.3240,2,7.9088,0.6419,0.0000,0.0000,-0.0000,0.0000,0.0000,0.0000,0.0000
21.3240,3,5.2617,1.6324,1.7235,-0.0061,0.0040,0.0003,0.0000,0.0000,0.0000
21.3600,1,4.9246,0.8652,0.1739,-0.0006,0.0036,0.0007,0.0000,0.0000,0.0000
21.3600,2,7.9088,0.6419,0.0000,0.0000,-0.0000,0.0000,0.0000,0.0000,0.0000
21.3600,3,5.2616,1.6324,1.7236,-0.0061,0.0040,0.0003,0.0000,0.0000,0.0000
21.3900,1,4.9246,0.8652,0.1739,-0.0006,0.0036,0.0007,0.0000,0.0000,0.0000
21.3900,2,7.9088,0.6419,0.0000,0.0000,-0.0000,0.0000,0.0000,0.0000,0.0000
21.3900,3,5.2615,1.6324,1.7236,-0.0061,0.0040,0.0003,0.0000,0.0000,0.0000
21.4320,1,4.9246,0.8652,0.1739,-0.0006,0.0036,0.0007,0.0000,0.0000,0.0000
21.4320,2,7.9088,0.6419,0.0000,0.0000,-0.0000,0.0000,0.0000,0.0000,0.0000
21.4320,3,5.2614,1.6324,1.7236,-0.0061,0.0040,0.0003,0.0000,0.0000,0.0000
21.4580,1,4.9246,0.8652,0.1739,-0.0006,0.0036,0.0007,0.0000,0.0000,0.0000
21.4580,2,7.9088,0.6419,0.0000,0.0000,-0.0000,0.0000,0.0000,0.0000,0.0000
21.4580,3,5.2614,1.6324,1.7236,-0.0061,0.0040,0.0003,0.0000,0.0000,0.0000
21.4920,1,4.9246,0.8652,0.1739,-0.0006,0.0036,0.0007,0.0000,0.0000,0.0000
21.4920,2,7.9088,0.6419,0.0000,0.0000,-0.0000,0.0000,0.0000,0.0000,0.0000
21.4920,3,5.2613,1.6323,1.7237,-0.0061,0.0040,0.0003,0.0000,0.0000,0.0000
21.5240,1,4.9246,0.8652,0.1739,-0.0006,0.0036,0.0007,0.0000,0.0000,0.0000
21.5240,2,7.9088,0.6419,0.0000,0.0000,-0.0000,0.0000,0.0000,0.0000,0.0000
21.5240,3,5.2612,1.6323,1.7237,-0.0060,0.0040,0.0003,0.0000,0.0000,0.0000
21.5580,1,4.9246,0.8652,0.1739,-0.0006,0.0036,0.0007,0.0000,0.0000,0.0000
21.5580,2,7.9088,0.6419,0.0000,0.0000,-0.0000,0.0000,0.0000,0.0000,0.0000
21.5580,3,5.2611,1.6323,1.7237,-0.0060,0.0040,0.0003,0.0000,0.0000,0.0000
21.5880,1,4.9246,0.8652,0.1739,-0.0006,0.0036,0.0007,0.0000,0.0000,0.0000
21.5880,2,7.9088,0.6419,0.0000,0.0000,-0.0000,0.0000,0.0000,0.0000,0.0000
21.5880,3,5.2610,1.6323,1.7237,-0.0060,0.0040,0.0003,0.0000,0.0000,0.0000
21.6260,1,4.9246,0.8652,0.1739,-0.0006,0.0036,0.0007,0.0000,0.0000,0.0000
21.6260,2,7.9088,0.6419,0.0000,0.0000,-0.0000,0.0000,0.0000,0.0000,0.0000
21.6260,3,5.2609,1.6323,1.7238,-0.0060,0.0040,0.0003,0.0000,0.0000,0.0000
21.6580,1,4.9246,0.8652,0.1739,-0.0006,0.0036,0.0007,0.0000,0.0000,0.0000
21.6580,2,7.9088,0.6419,0.0000,0.0000,-0.0000,0.0000,0.0000,0.0000,0.0000
21.6580,3,5.2608,1.6323,1.7238,-0.0060,0.0040,0.0003,0.0000,0.0000,0.0000
21.6920,1,4.9246,0.8652,0.1739,-0.0006,0.0036,0.0007,0.0000,0.0000,0.0000
21.6920,2,7.9088,0.6419,0.0000,0.0000,-0.0000,0.0000,0.0000,0.0000,0.0000
21.6920,3,5.2608,1.6322,1.7238,-0.0060,0.0040,0.0003,0.0000,0.0000,0.0000
21.7220,1,4.9246,0.8652,0.1739,-0.0006,0.0036,0.0007,0.0000,0.0000,0.0000
21.7220,2,7.9088,0.6419,0.0000,0.0000,-0.0000,0.0000,0.0000,0.0000,0.0000
21.7220,3,5.2607,1.6322,1.7238,-0.0060,0.0040,0.0003,0.0000,0.0000,0.0000
21.7600,1,4.9246,0.8652,0.1739,-0.0006,0.0036,0.0007,0.0000,0.0000,0.0000
21.7600,2,7.9088,0.6419,0.0000,0.0000,-0.0000,0.0000,0.0000,0.0000,0.0000
21.7600,3,5.2606,1.6322,1.7238,-0.0060,0.0040,0.0003,0.0000,0.0000,0.0000
21.7900,1,4.9246,0.8652,0.1739,-0.0006,0.0036,0.0007,0.0000,0.0000,0.0000
21.7900,2,7.9088,0.6419,0.0000,0.0000,-0.0000,0.0000,0.0000,0.0000,0.0000
21.7900,3,5.2605,1.6322,1.7239,-0.0060,0.0040,0.0003,0.0000,0.0000,0.0000
21.8220,1,4.9246,0.8652,0.1739,-0.0006,0.0036,0.0007,0.0000,0.0000,0.0000
21.8220,2,7.9088,0.6419,0.0000,0.0000,-0.0000,0.0000,0.0000,0.0000,0.0000
21.8220,3,5.2604,1.6322,1.7239,-0.0060,0.0040,0.0003,0.0000,0.0000,0.0000
21.8540,1,4.9246,0.8652,0.1739,-0.0006,0.0036,0.0007,0.0000,0.0000,0.0000
21.8540,2,7.9088,0.6419,0.0000,0.0000,-0.0000,0.0000,0.0000,0.0000,0.0000
21.8540,3,5.2603,1.6322,1.7239,-0.0060,0.0040,0.0003,0.0000,0.0000,0.0000
21.8920,1,4.9246,0.8652,0.1739,-0.0006,0.0036,0.0007,0.0000,0.0000,0.0000
21.8920,2,7.9088,0.6419,0.0000,0.0000,-0.0000,0.0000,0.0000,0.0000,0.0000
21.8920,3,5.2602,1.6321,1.7239,-0.0060,0.0040,0.0003,0.0000,0.0000,0.0000
21.9240,1,4.9246,0.8652,0.1739,-0.0006,0.0036,0.0007,0.0000,0.0000,0.0000
21.9240,2,7.9088,0.6419,0.0000,0.0000,-0.0000,0.0000,0.0000,0.0000,0.0000
21.9240,3,5.2601,1.6321,1.7240,-0.0060,0.0040,0.0003,0.0000,0.0000,0.0000
21.9580,1,4.9246,0.8652,0.1739,-0.0006,0.0036,0.0007,0.0000,0.0000,0.0000
21.9580,2,7.9088,0.6419,0.0000,0.0000,-0.0000,0.0000,0.0000,0.0000,0.0000
21.9580,3,5.2601,1.6321,1.7240,-0.0060,0.0040,0.0003,0.0000,0.0000,0.0000
21.9920,1,4.9246,0.8652,0.1739,-0.0006,0.0036,0.0007,0.0000,0.0000,0.0000
21.9920,2,7.9088,0.6419,0.0000,0.0000,-0.0000,0.0000,0.0000,0.0000,0.0000
21.9920,3,5.2600,1.6321,1.7240,-0.0060,0.0040,0.0003,0.0000,0.0000,0.0000
22.0300,1,4.9246,0.8652,0.1739,-0.0006,0.0036,0.0007,0.0000,0.0000,0.0000
22.0300,2,7.9088,0.6419,0.0000,0.0000,-0.0000,0.0000,0.0000,0.0000,0.0000
22.0300,3,5.2599,1.6321,1.7240,-0.0060,0.0040,0.0003,0.0000,0.0000,0.0000
22.0580,1,4.9246,0.8652,0.1739,-0.0006,0.0036,0.0007,0.0000,0.0000,0.0000
22.0580,2,7.9088,0.6419,0.0000,0.0000,-0.0000,0.0000,0.0000,0.0000,0.0000
22.0580,3,5.2598,1.6320,1.7241,-0.0060,0.0040,0.0003,0.0000,0.0000,0.0000
22.0920,1,4.9246,0.8652,0.1739,-0.0006,0.0036,0.0007,0.0000,0.0000,0.0000
22.0920,2,7.9088,0.6419,0.0000,0.0000,-0.0000,0.0000,0.0000,0.0000,0.0000
22.0920,3,5.2597,1.6320,1.7241,-0.0060,0.0040,0.0003,0.0000,0.0000,0.0000
22.1240,1,4.9246,0.8652,0.1739,-0.0006,0.0036,0.0007,0.0000,0.0000,0.0000
22.1240,2,7.9088,0.6419,0.0000,0.0000,-0.0000,0.0000,0.0000,0.0000,0.0000
22.1240,3,5.2596,1.6320,1.7241,-0.0060,0.0040,0.0003,0.0000,0.0000,0.0000
22.1540,1,4.9246,0.8652,0.1739,-0.0006,0.0036,0.0007,0.0000,0.0000,0.0000
22.1540,2,7.9088,0.6419,0.0000,0.0000,-0.0000,0.0000,0.0000,0.0000,0.0000
22.1540,3,5.2595,1.6320,1.7241,-0.0060,0.0040,0.0003,0.0000,0.0000,0.0000
22.1880,1,4.9246,0.8652,0.1739,-0.0006,0.0036,0.0007,0.0000,0.0000,0.0000
22.1880,2,7.9088,0.6419,0.0000,0.0000,-0.0000,0.0000,0.0000,0.0000,0.0000
22.1880,3,5.2595,1.6320,1.7242,-0.0060,0.0040,0.0003,0.0000,0.0000,0.0000
22.2240,1,4.9246,0.8652,0.1739,-0.0006,0.0036,0.0007,0.0000,0.0000,0.0000
22.2240,2,7.9088,0.6419,0.0000,0.0000,-0.0000,0.0000,0.0000,0.0000,0.0000
22.2240,3,5.2594,1.6320,1.7242,-0.0060,0.0040,0.0003,0.0000,0.0000,0.0000
22.2560,1,4.9246,0.8652,0.1739,-0.0006,0.0036,0.0007,0.0000,0.0000,0.0000
22.2560,2,7.9088,0.6419,0.0000,0.0000,-0.0000,0.0000,0.0000,0.0000,0.0000
22.2560,3,5.2593,1.6319,1.7242,-0.0060,0.0040,0.0003,0.0000,0.0000,0.0000
22.2920,1,4.9246,0.8652,0.1739,-0.0006,0.0036,0.0007,0.0000,0.0000,0.0000
22.2920,2,7.9088,0.6419,0.0000,0.0000,-0.0000,0.0000,0.0000,0.0000,0.0000
22.2920,3,5.2592,1.6319,1.7242,-0.0060,0.0040,0.0003,0.0000,0.0000,0.0000
22.3220,1,4.9246,0.8652,0.1739,-0.0006,0.0036,0.0007,0.0000,0.0000,0.0000
22.3220,2,7.9088,0.6419,0.0000,0.0000,-0.0000,0.0000,0.0000,0.0000,0.0000
22.3220,3,5.2591,1.6319,1.7242,-0.0060,0.0040,0.0003,0.0000,0.0000,0.0000
22.3600,1,4.9246,0.8652,0.1739,-0.0006,0.0036,0.0007,0.0000,0.0000,0.0000
22.3600,2,7.9088,0.6419,0.0000,0.0000,-0.0000,0.0000,0.0000,0.0000,0.0000
22.3600,3,5.2590,1.6319,1.7243,-0.0060,0.0040,0.0003,0.0000,0.0000,0.0000
22.3940,1,4.9246,0.8652,0.1739,-0.0006,0.0036,0.0007,0.0000,0.0000,0.0000
22.3940,2,7.9088,0.6419,0.0000,0.0000,-0.0000,0.0000,0.0000,0.0000,0.0000
22.3940,3,5.2589,1.6319,1.7243,-0.0060,0.0040,0.0003,0.0000,0.0000,0.0000
22.4300,1,4.9246,0.8652,0.1739,-0.0006,0.0036,0.0007,0.0000,0.0000,0.0000
22.4300,2,7.9088,0.6419,0.0000,0.0000,-0.0000,0.0000,0.0000,0.0000,0.0000
22.4300,3,5.2588,1.6318,1.7243,-0.0060,0.0040,0.0003,0.0000,0.0000,0.0000
22.4600,1,4.9246,0.8652,0.1739,-0.0006,0.0036,0.0007,0.0000,0.0000,0.0000
22.4600,2,7.9088,0.6419,0.0000,0.0000,-0.0000,0.0000,0.0000,0.0000,0.0000
22.4600,3,5.2587,1.6318,1.7243,-0.0060,0.0040,0.0003,0.0000,0.0000,0.0000
22.4920,1,4.9246,0.8652,0.1739,-0.0006,0.0036,0.0007,0.0000,0.0000,0.0000
22.4920,2,7.9088,0.6419,0.0000,0.0000,-0.0000,0.0000,0.0000,0.0000,0.0000
22.4920,3,5.2587,1.6318,1.7244,-0.0060,0.0040,0.0003,0.0000,0.0000,0.0000
22.5240,1,4.9246,0.8652,0.1739,-0.0006,0.0036,0.0007,0.0000,0.0000,0.0000
22.5240,2,7.9088,0.6419,0.0000,0.0000,-0.0000,0.0000,0.0000,0.0000,0.0000
22.5240,3,5.2586,1.6318,1.7244,-0.0060,0.0040,0.0003,0.0000,0.0000,0.0000
22.5620,1,4.9246,0.8652,0.1739,-0.0006,0.0036,0.0007,0.0000,0.0000,0.0000
22.5620,2,7.9088,0.6419,0.0000,0.0000,-0.0000,0.0000,0.0000,0.0000,0.0000
22.5620,3,5.2585,1.6318,1.7244,-0.0059,0.0040,0.0003,0.0000,0.0000,0.0000
22.5920,1,4.9246,0.8652,0.1739,-0.0006,0.0036,0.0007,0.0000,0.0000,0.0000
22.5920,2,7.9088,0.6419,0.0000,0.0000,-0.0000,0.0000,0.0000,0.0000,0.0000
22.5920,3,5.2584,1.6318,1.7244,-0.0059,0.0040,0.0003,0.0000,0.0000,0.0000
22.6280,1,4.9246,0.8652,0.1739,-0.0006,0.0036,0.0007,0.0000,0.0000,0.0000
22.6280,2,7.9088,0.6419,0.0000,0.0000,-0.0000,0.0000,0.0000,0.0000,0.0000
22.6280,3,5.2583,1.6317,1.7245,-0.0059,0.0040,0.0003,0.0000,0.0000,0.0000
22.6600,1,4.9246,0.8652,0.1739,-0.0006,0.0036,0.0007,0.0000,0.0000,0.0000
22.6600,2,7.9088,0.6419,0.0000,0.0000,-0.0000,0.0000,0.0000,0.0000,0.0000
22.6600,3,5.2582,1.6317,1.7245,-0.0059,0.0040,0.0003,0.0000,0.0000,0.0000
22.6940,1,4.9246,0.8652,0.1739,-0.0006,0.0036,0.0007,0.0000,0.0000,0.0000
22.6940,2,7.9088,0.6419,0.0000,0.0000,-0.0000,0.0000,0.0000,0.0000,0.0000
22.6940,3,5.2581,1.6317,1.7245,-0.0059,0.0040,0.0003,0.0000,0.0000,0.0000
22.7220,1,4.9246,0.8652,0.1739,-0.0006,0.0036,0.0007,0.0000,0.0000,0.0000
22.7220,2,7.9088,0.6419,0.0000,0.0000,-0.0000,0.0000,0.0000,0.0000,0.0000
22.7220,3,5.2581,1.6317,1.7245,-0.0059,0.0040,0.0003,0.0000,0.0000,0.0000
22.7580,1,4.9246,0.8652,0.1739,-0.0006,0.0036,0.0007,0.0000,0.0000,0.0000
22.7580,2,7.9088,0.6419,0.0000,0.0000,-0.0000,0.0000,0.0000,0.0000,0.0000
22.7580,3,5.2580,1.6317,1.7246,-0.0059,0.0040,0.0003,0.0000,0.0000,0.0000
22.7880,1,4.9246,0.8652,0.1739,-0.0006,0.0036,0.0007,0.0000,0.0000,0.0000
22.7880,2,7.9088,0.6419,0.0000,0.0000,-0.0000,0.0000,0.0000,0.0000,0.0000
22.7880,3,5.2579,1.6316,1.7246,-0.0059,0.0040,0.0003,0.0000,0.0000,0.0000
22.8220,1,4.9246,0.8652,0.1739,-0.0006,0.0036,0.0007,0.0000,0.0000,0.0000
22.8220,2,7.9088,0.6419,0.0000,0.0000,-0.0000,0.0000,0.0000,0.0000,0.0000
22.8220,3,5.2578,1.6316,1.7246,-0.0059,0.0040,0.0003,0.0000,0.0000,0.0000
22.8580,1,4.9246,0.8652,0.1739,-0.0006,0.0036,0.0007,0.0000,0.0000,0.0000
22.8580,2,7.9088,0.6419,0.0000,0.0000,-0.0000,0.0000,0.0000,0.0000,0.0000
22.8580,3,5.2577,1.6316,1.7246,-0.0059,0.0040,0.0003,0.0000,0.0000,0.0000
22.8880,1,4.9246,0.8652,0.1739,-0.0006,0.0036,0.0007,0.0000,0.0000,0.0000
22.8880,2,7.9088,0.6419,0.0000,0.0000,-0.0000,0.0000,0.0000,0.0000,0.0000
22.8880,3,5.2576,1.6316,1.7247,-0.0059,0.0040,0.0003,0.0000,0.0000,0.0000
22.9220,1,4.9246,0.8652,0.1739,-0.0006,0.0036,0.0007,0.0000,0.0000,0.0000
22.9220,2,7.9088,0.6419,0.0000,0.0000,-0.0000,0.0000,0.0000,0.0000,0.0000
22.9220,3,5.2575,1.6316,1.7247,-0.0059,0.0040,0.0003,0.0000,0.0000,0.0000
22.9560,1,4.9246,0.8652,0.1739,-0.0006,0.0036,0.0007,0.0000,0.0000,0.0000
22.9560,2,7.9088,0.6419,0.0000,0.0000,-0.0000,0.0000,0.0000,0.0000,0.0000
22.9560,3,5.2574,1.6316,1.7247,-0.0059,0.0040,0.0003,0.0000,0.0000,0.0000
22.9880,1,4.9246,0.8652,0.1739,-0.0006,0.0036,0.0007,0.0000,0.0000,0.0000
22.9880,2,7.9088,0.6419,0.0000,0.0000,-0.0000,0.0000,0.0000,0.0000,0.0000
22.9880,3,5.2574,1.6315,1.7247,-0.0059,0.0040,0.0003,0.0000,0.0000,0.0000
23.0220,1,4.9246,0.8652,0.1739,-0.0006,0.0036,0.0007,0.0000,0.0000,0.0000
23.0220,2,7.9088,0.6419,0.0000,0.0000,-0.0000,0.0000,0.0000,0.0000,0.0000
23.0220,3,5.2573,1.6315,1.7248,-0.0059,0.0040,0.0003,0.0000,0.0000,0.0000
23.0560,1,4.9246,0.8652,0.1739,-0.0006,0.0036,0.0007,0.0000,0.0000,0.0000
23.0560,2,7.9088,0.6419,0.0000,0.0000,-0.0000,0.0000,0.0000,0.0000,0.0000
23.0560,3,5.2572,1.6315,1.7248,-0.0059,0.0040,0.0003,0.0000,0.0000,0.0000
23.0880,1,4.9246,0.8652,0.1739,-0.0006,0.0036,0.0007,0.0000,0.0000,0.0000
23.0880,2,7.9088,0.6419,0.0000,0.0000,-0.0000,0.0000,0.0000,0.0000,0.0000
23.0880,3,5.2571,1.6315,1.7248,-0.0059,0.0040,0.0003,0.0000,0.0000,0.0000
23.1220,1,4.9246,0.8652,0.1739,-0.0006,0.0036,0.0007,0.0000,0.0000,0.0000
23.1220,2,7.9088,0.6419,0.0000,0.0000,-0.0000,0.0000,0.0000,0.0000,0.0000
23.1220,3,5.2570,1.6315,1.7248,-0.0059,0.0040,0.0003,0.0000,0.0000,0.0000
23.1560,1,4.9246,0.8652,0.1739,-0.0006,0.0036,0.0007,0.0000,0.0000,0.0000
23.1560,2,7.9088,0.6419,0.0000,0.0000,-0.0000,0.0000,0.0000,0.0000,0.0000
23.1560,3,5.2569,1.6315,1.7248,-0.0059,0.0040,0.0003,0.0000,0.0000,0.0000
23.1920,1,4.9246,0.8652,0.1739,-0.0006,0.0036,0.0007,0.0000,0.0000,0.0000
23.1920,2,7.9088,0.6419,0.0000,0.0000,-0.0000,0.0000,0.0000,0.0000,0.0000
23.1920,3,5.2568,1.6314,1.7249,-0.0059,0.0040,0.0003,0.0000,0.0000,0.0000
23.2240,1,4.9246,0.8652,0.1739,-0.0006,0.0036,0.0007,0.0000,0.0000,0.0000
23.2240,2,7.9088,0.6419,0.0000,0.0000,-0.0000,0.0000,0.0000,0.0000,0.0000
23.2240,3,5.2567,1.6314,1.7249,-0.0059,0.0040,0.0003,0.0000,0.0000,0.0000
23.2560,1,4.9246,0.8652,0.1739,-0.0006,0.0036,0.0007,0.0000,0.0000,0.0000
23.2560,2,7.9088,0.6419,0.0000,0.0000,-0.0000,0.0000,0.0000,0.0000,0.0000
23.2560,3,5.2567,1.6314,1.7249,-0.0059,0.0040,0.0003,0.0000,0.0000,0.0000
23.2920,1,4.9246,0.8652,0.1739,-0.0006,0.0036,0.0007,0.0000,0.0000,0.0000
23.2920,2,7.9088,0.6419,0.0000,0.0000,-0.0000,0.0000,0.0000,0.0000,0.0000
23.2920,3,5.2566,1.6314,1.7249,-0.0059,0.0040,0.0003,0.0000,0.0000,0.0000
23.3260,1,4.9246,0.8652,0.1739,-0.0006,0.0036,0.0007,0.0000,0.0000,0.0000
23.3260,2,7.9088,0.6419,0.0000,0.0000,-0.0000,0.0000,0.0000,0.0000,0.0000
23.3260,3,5.2565,1.6314,1.7250,-0.0059,0.0040,0.0003,0.0000,0.0000,0.0000
23.3620,1,4.9246,0.8652,0.1739,-0.0006,0.0036,0.0007,0.0000,0.0000,0.0000
23.3620,2,7.9088,0.6419,0.0000,0.0000,-0.0000,0.0000,0.0000,0.0000,0.0000
23.3620,3,5.2564,1.6313,1.7250,-0.0059,0.0040,0.0003,0.0000,0.0000,0.0000
23.3920,1,4.9246,0.8652,0.1739,-0.0006,0.0036,0.0007,0.0000,0.0000,0.0000
23.3920,2,7.9088,0.6419,0.0000,0.0000,-0.0000,0.0000,0.0000,0.0000,0.0000
23.3920,3,5.2563,1.6313,1.7250,-0.0059,0.0040,0.0003,0.0000,0.0000,0.0000
23.4220,1,4.9246,0.8652,0.1739,-0.0006,0.0036,0.0007,0.0000,0.0000,0.0000
23.4220,2,7.9088,0.6419,0.0000,0.0000,-0.0000,0.0000,0.0000,0.0000,0.0000
23.4220,3,5.2562,1.6313,1.7250,-0.0059,0.0040,0.0003,0.0000,0.0000,0.0000
23.4560,1,4.9246,0.8652,0.1739,-0.0006,0.0036,0.0007,0.0000,0.0000,0.0000
23.4560,2,7.9088,0.6419,0.0000,0.0000,-0.0000,0.0000,0.0000,0.0000,0.0000
23.4560,3,5.2561,1.6313,1.7251,-0.0059,0.0040,0.0003,0.0000,0.0000,0.0000
23.4880,1,4.9246,0.8652,0.1739,-0.0006,0.0036,0.0007,0.0000,0.0000,0.0000
23.4880,2,7.9088,0.6419,0.0000,0.0000,-0.0000,0.0000,0.0000,0.0000,0.0000
23.4880,3,5.2560,1.6313,1.7251,-0.0059,0.0040,0.0003,0.0000,0.0000,0.0000
23.5220,1,4.9246,0.8652,0.1739,-0.0006,0.0036,0.0007,0.0000,0.0000,0.0000
23.5220,2,7.9088,0.6419,0.0000,0.0000,-0.0000,0.0000,0.0000,0.0000,0.0000
23.5220,3,5.2560,1.6313,1.7251,-0.0059,0.0040,0.0003,0.0000,0.0000,0.0000
23.5560,1,4.9246,0.8652,0.1739,-0.0006,0.0036,0.0007,0.0000,0.0000,0.0000
23.5560,2,7.9088,0.6419,0.0000,0.0000,-0.0000,0.0000,0.0000,0.0000,0.0000
23.5560,3,5.2559,1.6312,1.7251,-0.0059,0.0040,0.0003,0.0000,0.0000,0.0000
23.5880,1,4.9246,0.8652,0.1739,-0.0006,0.0036,0.0007,0.0000,0.0000,0.0000
23.5880,2,7.9088,0.6419,0.0000,0.0000,-0.0000,0.0000,0.0000,0.0000,0.0000
23.5880,3,5.2558,1.6312,1.7252,-0.0058,0.0040,0.0003,0.0000,0.0000,0.0000
23.6220,1,4.9246,0.8652,0.1739,-0.0006,0.0036,0.0007,0.0000,0.0000,0.0000
23.6220,2,7.9088,0.6419,0.0000,0.0000,-0.0000,0.0000,0.0000,0.0000,0.0000
23.6220,3,5.2557,1.6312,1.7252,-0.0058,0.0040,0.0003,0.0000,0.0000,0.0000
23.6560,1,4.9246,0.8652,0.1739,-0.0006,0.0036,0.0007,0.0000,0.0000,0.0000
23.6560,2,7.9088,0.6419,0.0000,0.0000,-0.0000,0.0000,0.0000,0.0000,0.0000
23.6560,3,5.2556,1.6312,1.7252,-0.0058,0.0040,0.0003,0.0000,0.0000,0.0000
23.6900,1,4.9246,0.8652,0.1739,-0.0006,0.0036,0.0007,0.0000,0.0000,0.0000
23.6900,2,7.9088,0.6419,0.0000,0.0000,-0.0000,0.0000,0.0000,0.0000,0.0000
23.6900,3,5.2555,1.6312,1.7252,-0.0058,0.0040,0.0003,0.0000,0.0000,0.0000
23.7220,1,4.9246,0.8652,0.1739,-0.0006,0.0036,0.0007,0.0000,0.0000,0.0000
23.7220,2,7.9088,0.6419,0.0000,0.0000,-0.0000,0.0000,0.0000,0.0000,0.0000
23.7220,3,5.2554,1.6311,1.7253,-0.0058,0.0040,0.0003,0.0000,0.0000,0.0000
23.7560,1,4.9246,0.8652,0.1739,-0.0006,0.0036,0.0007,0.0000,0.0000,0.0000
23.7560,2,7.9088,0.6419,0.0000,0.0000,-0.0000,0.0000,0.0000,0.0000,0.0000
23.7560,3,5.2553,1.6311,1.7253,-0.0058,0.0040,0.0003,0.0000,0.0000,0.0000
23.7880,1,4.9246,0.8652,0.1739,-0.0006,0.0036,0.0007,0.0000,0.0000,0.0000
23.7880,2,7.9088,0.6419,0.0000,0.0000,-0.0000,0.0000,0.0000,0.0000,0.0000
23.7880,3,5.2553,1.6311,1.7253,-0.0058,0.0040,0.0003,0.0000,0.0000,0.0000
23.8220,1,4.9246,0.8652,0.1739,-0.0006,0.0036,0.0007,0.0000,0.0000,0.0000
23.8220,2,7.9088,0.6419,0.0000,0.0000,-0.0000,0.0000,0.0000,0.0000,0.0000
23.8220,3,5.2552,1.6311,1.7254,-0.0058,0.0040,0.0003,0.0000,0.0000,0.0000
23.8600,1,4.9246,0.8652,0.1739,-0.0006,0.0036,0.0007,0.0000,0.0000,0.0000
23.8600,2,7.9088,0.6419,0.0000,0.0000,-0.0000,0.0000,0.0000,0.0000,0.0000
23.8600,3,5.2551,1.6311,1.7254,-0.0058,0.0040,0.0003,0.0000,0.0000,0.0000
23.8900,1,4.9246,0.8652,0.1739,-0.0006,0.0035,0.0007,0.0000,0.0000,0.0000
23.8900,2,7.9088,0.6419,0.0000,0.0000,-0.0000,0.0000,0.0000,0.0000,0.0000
23.8900,3,5.2550,1.6311,1.7254,-0.0058,0.0040,0.0003,0.0000,0.0000,0.0000
23.9220,1,4.9246,0.8652,0.1739,-0.0006,0.0035,0.0007,0.0000,0.0000,0.0000
23.9220,2,7.9088,0.6419,0.0000,0.0000,-0.0000,0.0000,0.0000,0.0000,0.0000
23.9220,3,5.2549,1.6310,1.7255,-0.0058,0.0040,0.0003,0.0000,0.0000,0.0000
23.9580,1,4.9246,0.8652,0.1739,-0.0006,0.0035,0.0007,0.0000,0.0000,0.0000
23.9580,2,7.9088,0.6419,0.0000,0.0000,-0.0000,0.0000,0.0000,0.0000,0.0000
23.9580,3,5.2548,1.6310,1.7255,-0.0058,0.0040,0.0003,0.0000,0.0000,0.0000
23.9900,1,4.9246,0.8652,0.1739,-0.0006,0.0035,0.0007,0.0000,0.0000,0.0000
23.9900,2,7.9088,0.6419,0.0000,0.0000,-0.0000,0.0000,0.0000,0.0000,0.0000
23.9900,3,5.2547,1.6310,1.7255,-0.0058,0.0040,0.0003,0.0000,0.0000,0.0000
24.0240,1,4.9246,0.8652,0.1739,-0.0006,0.0035,0.0007,0.0000,0.0000,0.0000
24.0240,2,7.9088,0.6419,0.0000,0.0000,-0.0000,0.0000,0.0000,0.0000,0.0000
24.0240,3,5.2546,1.6310,1.7256,-0.0058,0.0040,0.0003,0.0000,0.0000,0.0000
24.0600,1,4.9246,0.8652,0.1739,-0.0006,0.0035,0.0007,0.0000,0.0000,0.0000
24.0600,2,7.9088,0.6419,0.0000,0.0000,-0.0000,0.0000,0.0000,0.0000,0.0000
24.0600,3,5.2545,1.6310,1.7256,-0.0058,0.0040,0.0003,0.0000,0.0000,0.0000
24.0900,1,4.9246,0.8652,0.1739,-0.0006,0.0035,0.0007,0.0000,0.0000,0.0000
24.0900,2,7.9088,0.6419,0.0000,0.0000,-0.0000,0.0000,0.0000,0.0000,0.0000
24.0900,3,5.2545,1.6310,1.7256,-0.0058,0.0040,0.0003,0.0000,0.0000,0.0000
24.1240,1,4.9246,0.8652,0.1739,-0.0006,0.0035,0.0007,0.0000,0.0000,0.0000
24.1240,2,7.9088,0.6419,0.0000,0.0000,-0.0000,0.0000,0.0000,0.0000,0.0000
24.1240,3,5.2544,1.6309,1.7256,-0.0058,0.0040,0.0003,0.0000,0.0000,0.0000
24.1560,1,4.9246,0.8652,0.1739,-0.0006,0.0035,0.0007,0.0000,0.0000,0.0000
24.1560,2,7.9088,0.6419,0.0000,0.0000,-0.0000,0.0000,0.0000,0.0000,0.0000
24.1560,3,5.2543,1.6309,1.7257,-0.0058,0.0040,0.0003,0.0000,0.0000,0.0000
24.1920,1,4.9246,0.8652,0.1739,-0.0006,0.0035,0.0007,0.0000,0.0000,0.0000
24.1920,2,7.9088,0.6419,0.0000,0.0000,-0.0000,0.0000,0.0000,0.0000,0.0000
24.1920,3,5.2542,1.6309,1.7257,-0.0058,0.0040,0.0003,0.0000,0.0000,0.0000
24.2240,1,4.9246,0.8652,0.1739,-0.0006,0.0035,0.0007,0.0000,0.0000,0.0000
24.2240,2,7.9088,0.6419,0.0000,0.0000,-0.0000,0.0000,0.0000,0.0000,0.0000
24.2240,3,5.2541,1.6309,1.7257,-0.0058,0.0040,0.0003,0.0000,0.0000,0.0000
24.2560,1,4.9246,0.8652,0.1739,-0.0006,0.0035,0.0007,0.0000,0.0000,0.0000
24.2560,2,7.9088,0.6419,0.0000,0.0000,-0.0000,0.0000,0.0000,0.0000,0.0000
24.2560,3,5.2541,1.6309,1.7258,-0.0058,0.0040,0.0003,0.0000,0.0000,0.0000
24.2880,1,4.9246,0.8652,0.1739,-0.0006,0.0035,0.0007,0.0000,0.0000,0.0000
24.2880,2,7.9088,0.6419,0.0000,0.0000,-0.0000,0.0000,0.0000,0.0000,0.0000
24.2880,3,5.2540,1.6308,1.7258,-0.0058,0.0040,0.0003,0.0000,0.0000,0.0000
24.3240,1,4.9246,0.8652,0.1739,-0.0006,0.0035,0.0007,0.0000,0.0000,0.0000
24.3240,2,7.9088,0.6419,0.0000,0.0000,-0.0000,0.0000,0.0000,0.0000,0.0000
24.3240,3,5.2539,1.6308,1.7258,-0.0058,0.0040,0.0003,0.0000,0.0000,0.0000
24.3560,1,4.9246,0.8652,0.1739,-0.0006,0.0035,0.0007,0.0000,0.0000,0.0000
24.3560,2,7.9088,0.6419,0.0000,0.0000,-0.0000,0.0000,0.0000,0.0000,0.0000
24.3560,3,5.2538,1.6308,1.7259,-0.0058,0.0040,0.0003,0.0000,0.0000,0.0000
24.3900,1,4.9246,0.8652,0.1739,-0.0006,0.0035,0.0007,0.0000,0.0000,0.0000
24.3900,2,7.9088,0.6419,0.0000,0.0000,-0.0000,0.0000,0.0000,0.0000,0.0000
24.3900,3,5.2537,1.6308,1.7259,-0.0058,0.0040,0.0003,0.0000,0.0000,0.0000
24.4220,1,4.9246,0.8652,0.1739,-0.0006,0.0035,0.0007,0.0000,0.0000,0.0000
24.4220,2,7.9088,0.6419,0.0000,0.0000,-0.0000,0.0000,0.0000,0.0000,0.0000
24.4220,3,5.2537,1.6308,1.7259,-0.0058,0.0040,0.0003,0.0000,0.0000,0.0000
24.4540,1,4.9246,0.8652,0.1739,-0.0006,0.0035,0.0007,0.0000,0.0000,0.0000
24.4540,2,7.9088,0.6419,0.0000,0.0000,-0.0000,0.0000,0.0000,0.0000,0.0000
24.4540,3,5.2536,1.6308,1.7260,-0.0058,0.0040,0.0003,0.0000,0.0000,0.0000
24.4880,1,4.9246,0.8652,0.1739,-0.0006,0.0035,0.0007,0.0000,0.0000,0.0000
24.4880,2,7.9088,0.6419,0.0000,0.0000,-0.0000,0.0000,0.0000,0.0000,0.0000
24.4880,3,5.2535,1.6307,1.7260,-0.0058,0.0040,0.0003,0.0000,0.0000,0.0000
24.5220,1,4.9246,0.8652,0.1739,-0.0006,0.0035,0.0007,0.0000,0.0000,0.0000
24.5220,2,7.9088,0.6419,0.0000,0.0000,-0.0000,0.0000,0.0000,0.0000,0.0000
24.5220,3,5.2534,1.6307,1.7260,-0.0058,0.0040,0.0003,0.0000,0.0000,0.0000
24.5580,1,4.9246,0.8652,0.1739,-0.0006,0.0035,0.0007,0.0000,0.0000,0.0000
24.5580,2,7.9088,0.6419,0.0000,0.0000,-0.0000,0.0000,0.0000,0.0000,0.0000
24.5580,3,5.2533,1.6307,1.7261,-0.0058,0.0040,0.0003,0.0000,0.0000,0.0000
24.5900,1,4.9246,0.8652,0.1739,-0.0006,0.0035,0.0007,0.0000,0.0000,0.0000
24.5900,2,7.9088,0.6419,0.0000,0.0000,-0.0000,0.0000,0.0000,0.0000,0.0000
24.5900,3,5.2533,1.6307,1.7261,-0.0058,0.0040,0.0003,0.0000,0.0000,0.0000
24.6240,1,4.9246,0.8652,0.1739,-0.0006,0.0035,0.0007,0.0000,0.0000,0.0000
24.6240,2,7.9088,0.6419,0.0000,0.0000,-0.0000,0.0000,0.0000,0.0000,0.0000
24.6240,3,5.2532,1.6307,1.7261,-0.0058,0.0040,0.0003,0.0000,0.0000,0.0000
24.6560,1,4.9246,0.8652,0.1739,-0.0006,0.0035,0.0007,0.0000,0.0000,0.0000
24.6560,2,7.9088,0.6419,0.0000,0.0000,-0.0000,0.0000,0.0000,0.0000,0.0000
24.6560,3,5.2531,1.6306,1.7262,-0.0058,0.0040,0.0003,0.0000,0.0000,0.0000
24.6880,1,4.9246,0.8652,0.1739,-0.0006,0.0035,0.0007,0.0000,0.0000,0.0000
24.6880,2,7.9088,0.6419,0.0000,0.0000,-0.0000,0.0000,0.0000,0.0000,0.0000
24.6880,3,5.2530,1.6306,1.7262,-0.0057,0.0040,0.0003,0.0000,0.0000,0.0000
24.7220,1,4.9246,0.8652,0.1739,-0.0006,0.0035,0.0007,0.0000,0.0000,0.0000
24.7220,2,7.9088,0.6419,0.0000,0.0000,-0.0000,0.0000,0.0000,0.0000,0.0000
24.7220,3,5.2530,1.6306,1.7262,-0.0057,0.0040,0.0003,0.0000,0.0000,0.0000
24.7600,1,4.9246,0.8652,0.1739,-0.0006,0.0035,0.0007,0.0000,0.0000,0.0000
24.7600,2,7.9088,0.6419,0.0000,0.0000,-0.0000,0.0000,0.0000,0.0000,0.0000
24.7600,3,5.2529,1.6306,1.7263,-0.0057,0.0040,0.0003,0.0000,0.0000,0.0000
24.7920,1,4.9246,0.8652,0.1739,-0.0006,0.0035,0.0007,0.0000,0.0000,0.0000
24.7920,2,7.9088,0.6419,0.0000,0.0000,-0.0000,0.0000,0.0000,0.0000,0.0000
24.7920,3,5.2528,1.6306,1.7263,-0.0057,0.0040,0.0003,0.0000,0.0000,0.0000
24.8220,1,4.9246,0.8652,0.1739,-0.0006,0.0035,0.0007,0.0000,0.0000,0.0000
24.8220,2,7.9088,0.6419,0.0000,0.0000,-0.0000,0.0000,0.0000,0.0000,0.0000
24.8220,3,5.2527,1.6306,1.7263,-0.0057,0.0040,0.0003,0.0000,0.0000,0.0000
24.8560,1,4.9246,0.8652,0.1739,-0.0006,0.0035,0.0007,0.0000,0.0000,0.0000
24.8560,2,7.9088,0.6419,0.0000,0.0000,-0.0000,0.0000,0.0000,0.0000,0.0000
24.8560,3,5.2526,1.6305,1.7263,-0.0057,0.0040,0.0003,0.0000,0.0000,0.0000
24.8880,1,4.9246,0.8652,0.1739,-0.0006,0.0035,0.0007,0.0000,0.0000,0.0000
24.8880,2,7.9088,0.6419,0.0000,0.0000,-0.0000,0.0000,0.0000,0.0000,0.0000
24.8880,3,5.2526,1.6305,1.7264,-0.0057,0.0040,0.0003,0.0000,0.0000,0.0000
24.9220,1,4.9246,0.8652,0.1739,-0.0006,0.0035,0.0007,0.0000,0.0000,0.0000
24.9220,2,7.9088,0.6419,0.0000,0.0000,-0.0000,0.0000,0.0000,0.0000,0.0000
24.9220,3,5.2525,1.6305,1.7264,-0.0057,0.0040,0.0003,0.0000,0.0000,0.0000
24.9540,1,4.9246,0.8652,0.1739,-0.0006,0.0035,0.0007,0.0000,0.0000,0.0000
24.9540,2,7.9088,0.6419,0.0000,0.0000,-0.0000,0.0000,0.0000,0.0000,0.0000
24.9540,3,5.2524,1.6305,1.7264,-0.0057,0.0040,0.0003,0.0000,0.0000,0.0000
24.9880,1,4.9246,0.8652,0.1739,-0.0006,0.0035,0.0007,0.0000,0.0000,0.0000
24.9880,2,7.9088,0.6419,0.0000,0.0000,-0.0000,0.0000,0.0000,0.0000,0.0000
24.9880,3,5.2523,1.6305,1.7265,-0.0057,0.0040,0.0003,0.0000,0.0000,0.0000
25.0220,1,4.9246,0.8652,0.1739,-0.0006,0.0035,0.0007,0.0000,0.0000,0.0000
25.0220,2,7.9088,0.6419,0.0000,0.0000,-0.0000,0.0000,0.0000,0.0000,0.0000
25.0220,3,5.2522,1.6305,1.7265,-0.0057,0.0040,0.0003,0.0000,0.0000,0.0000
25.0560,1,4.9246,0.8652,0.1739,-0.0006,0.0035,0.0007,0.0000,0.0000,0.0000
25.0560,2,7.9088,0.6419,0.0000,0.0000,-0.0000,0.0000,0.0000,0.0000,0.0000
25.0560,3,5.2522,1.6304,1.7265,-0.0057,0.0040,0.0003,0.0000,0.0000,0.0000
25.0880,1,4.9246,0.8652,0.1739,-0.0006,0.0035,0.0007,0.0000,0.0000,0.0000
25.0880,2,7.9088,0.6419,0.0000,0.0000,-0.0000,0.0000,0.0000,0.0000,0.0000
25.0880,3,5.2521,1.6304,1.7266,-0.0057,0.0040,0.0003,0.0000,0.0000,0.0000
25.1220,1,4.9246,0.8652,0.1739,-0.0006,0.0035,0.0007,0.0000,0.0000,0.0000
25.1220,2,7.9088,0.6419,0.0000,0.0000,-0.0000,0.0000,0.0000,0.0000,0.0000
25.1220,3,5.2520,1.6304,1.7266,-0.0057,0.0040,0.0003,0.0000,0.0000,0.0000
25.1540,1,4.9246,0.8652,0.1739,-0.0006,0.0035,0.0007,0.0000,0.0000,0.0000
25.1540,2,7.9088,0.6419,0.0000,0.0000,-0.0000,0.0000,0.0000,0.0000,0.0000
25.1540,3,5.2519,1.6304,1.7266,-0.0057,0.0040,0.0003,0.0000,0.0000,0.0000
25.1880,1,4.9246,0.8652,0.1739,-0.0006,0.0035,0.0007,0.0000,0.0000,0.0000
25.1880,2,7.9088,0.6419,0.0000,0.0000,-0.0000,0.0000,0.0000,0.0000,0.0000
25.1880,3,5.2518,1.6304,1.7267,-0.0057,0.0040,0.0003,0.0000,0.0000,0.0000
25.2220,1,4.9246,0.8652,0.1739,-0.0006,0.0035,0.0007,0.0000,0.0000,0.0000
25.2220,2,7.9088,0.6419,0.0000,0.0000,-0.0000,0.0000,0.0000,0.0000,0.0000
25.2220,3,5.2518,1.6303,1.7267,-0.0057,0.0040,0.0003,0.0000,0.0000,0.0000
25.2540,1,4.9246,0.8652,0.1739,-0.0006,0.0035,0.0007,0.0000,0.0000,0.0000
25.2540,2,7.9088,0.6419,0.0000,0.0000,-0.0000,0.0000,0.0000,0.0000,0.0000
25.2540,3,5.2517,1.6303,1.7267,-0.0057,0.0040,0.0003,0.0000,0.0000,0.0000
25.2880,1,4.9246,0.8652,0.1739,-0.0006,0.0035,0.0007,0.0000,0.0000,0.0000
25.2880,2,7.9088,0.6419,0.0000,0.0000,-0.0000,0.0000,0.0000,0.0000,0.0000
25.2880,3,5.2516,1.6303,1.7268,-0.0057,0.0040,0.0003,0.0000,0.0000,0.0000
25.3200,1,4.9246,0.8652,0.1739,-0.0006,0.0035,0.0007,0.0000,0.0000,0.0000
25.3200,2,7.9088,0.6419,0.0000,0.0000,-0.0000,0.0000,0.0000,0.0000,0.0000
25.3200,3,5.2515,1.6303,1.7268,-0.0057,0.0040,0.0003,0.0000,0.0000,0.0000
25.3540,1,4.9246,0.8652,0.1739,-0.0006,0.0035,0.0007,0.0000,0.0000,0.0000
25.3540,2,7.9088,0.6419,0.0000,0.0000,-0.0000,0.0000,0.0000,0.0000,0.0000
25.3540,3,5.2514,1.6303,1.7268,-0.0057,0.0040,0.0003,0.0000,0.0000,0.0000
25.3880,1,4.9246,0.8652,0.1739,-0.0006,0.0035,0.0007,0.0000,0.0000,0.0000
25.3880,2,7.9088,0.6419,0.0000,0.0000,-0.0000,0.0000,0.0000,0.0000,0.0000
25.3880,3,5.2514,1.6303,1.7269,-0.0057,0.0040,0.0003,0.0000,0.0000,0.0000
25.4200,1,4.9246,0.8652,0.1739,-0.0006,0.0035,0.0007,0.0000,0.0000,0.0000
25.4200,2,7.9088,0.6419,0.0000,0.0000,-0.0000,0.0000,0.0000,0.0000,0.0000
25.4200,3,5.2513,1.6302,1.7269,-0.0057,0.0040,0.0003,0.0000,0.0000,0.0000
25.4540,1,4.9246,0.8652,0.1739,-0.0006,0.0035,0.0007,0.0000,0.0000,0.0000
25.4540,2,7.9088,0.6419,0.0000,0.0000,-0.0000,0.0000,0.0000,0.0000,0.0000
25.4540,3,5.2512,1.6302,1.7269,-0.0057,0.0040,0.0003,0.0000,0.0000,0.0000
25.4880,1,4.9246,0.8652,0.1739,-0.0006,0.0035,0.0007,0.0000,0.0000,0.0000
25.4880,2,7.9088,0.6419,0.0000,0.0000,-0.0000,0.0000,0.0000,0.0000,0.0000
25.4880,3,5.2511,1.6302,1.7269,-0.0057,0.0040,0.0003,0.0000,0.0000,0.0000
25.5200,1,4.9246,0.8652,0.1739,-0.0006,0.0035,0.0007,0.0000,0.0000,0.0000
25.5200,2,7.9088,0.6419,0.0000,0.0000,-0.0000,0.0000,0.0000,0.0000,0.0000
25.5200,3,5.2510,1.6302,1.7270,-0.0057,0.0040,0.0003,0.0000,0.0000,0.0000
25.5560,1,4.9246,0.8652,0.1739,-0.0006,0.0035,0.0007,0.0000,0.0000,0.0000
25.5560,2,7.9088,0.6419,0.0000,0.0000,-0.0000,0.0000,0.0000,0.0000,0.0000
25.5560,3,5.2510,1.6302,1.7270,-0.0057,0.0040,0.0003,0.0000,0.0000,0.0000
25.5880,1,4.9246,0.8652,0.1739,-0.0006,0.0035,0.0007,0.0000,0.0000,0.0000
25.5880,2,7.9088,0.6419,0.0000,0.0000,-0.0000,0.0000,0.0000,0.0000,0.0000
25.5880,3,5.2509,1.6301,1.7270,-0.0057,0.0040,0.0003,0.0000,0.0000,0.0000
25.6220,1,4.9246,0.8652,0.1739,-0.0006,0.0035,0.0007,0.0000,0.0000,0.0000
25.6220,2,7.9088,0.6419,0.0000,0.0000,-0.0000,0.0000,0.0000,0.0000,0.0000
25.6220,3,5.2508,1.6301,1.7271,-0.0057,0.0040,0.0003,0.0000,0.0000,0.0000
25.6560,1,4.9246,0.8652,0.1739,-0.0006,0.0035,0.0007,0.0000,0.0000,0.0000
25.6560,2,7.9088,0.6419,0.0000,0.0000,-0.0000,0.0000,0.0000,0.0000,0.0000
25.6560,3,5.2507,1.6301,1.7271,-0.0057,0.0040,0.0003,0.0000,0.0000,0.0000
25.6900,1,4.9246,0.8652,0.1739,-0.0006,0.0035,0.0007,0.0000,0.0000,0.0000
25.6900,2,7.9088,0.6419,0.0000,0.0000,-0.0000,0.0000,0.0000,0.0000,0.0000
25.6900,3,5.2506,1.6301,1.7271,-0.0057,0.0040,0.0003,0.0000,0.0000,0.0000
25.7220,1,4.9246,0.8652,0.1739,-0.0006,0.0035,0.0007,0.0000,0.0000,0.0000
25.7220,2,7.9088,0.6419,0.0000,0.0000,-0.0000,0.0000,0.0000,0.0000,0.0000
25.7220,3,5.2506,1.6301,1.7272,-0.0057,0.0040,0.0003,0.0000,0.0000,0.0000
25.7560,1,4.9246,0.8652,0.1739,-0.0006,0.0035,0.0007,0.0000,0.0000,0.0000
25.7560,2,7.9088,0.6419,0.0000,0.0000,-0.0000,0.0000,0.0000,0.0000,0.0000
25.7560,3,5.2505,1.6301,1.7272,-0.0057,0.0040,0.0003,0.0000,0.0000,0.0000
25.7880,1,4.9246,0.8652,0.1739,-0.0006,0.0035,0.0007,0.0000,0.0000,0.0000
25.7880,2,7.9088,0.6419,0.0000,0.0000,-0.0000,0.0000,0.0000,0.0000,0.0000
25.7880,3,5.2504,1.6300,1.7272,-0.0057,0.0040,0.0003,0.0000,0.0000,0.0000
25.8220,1,4.9246,0.8652,0.1739,-0.0006,0.0035,0.0007,0.0000,0.0000,0.0000
25.8220,2,7.9088,0.6419,0.0000,0.0000,-0.0000,0.0000,0.0000,0.0000,0.0000
25.8220,3,5.2503,1.6300,1.7273,-0.0057,0.0040,0.0003,0.0000,0.0000,0.0000
25.8560,1,4.9246,0.8652,0.1739,-0.0006,0.0035,0.0007,0.0000,0.0000,0.0000
25.8560,2,7.9088,0.6419,0.0000,0.0000,-0.0000,0.0000,0.0000,0.0000,0.0000
25.8560,3,5.2502,1.6300,1.7273,-0.0056,0.0040,0.0003,0.0000,0.0000,0.0000
25.8880,1,4.9246,0.8652,0.1739,-0.0006,0.0035,0.0007,0.0000,0.0000,0.0000
25.8880,2,7.9088,0.6419,0.0000,0.0000,-0.0000,0.0000,0.0000,0.0000,0.0000
25.8880,3,5.2502,1.6300,1.7273,-0.0056,0.0040,0.0003,0.0000,0.0000,0.0000
25.9220,1,4.9246,0.8652,0.1739,-0.0006,0.0035,0.0007,0.0000,0.0000,0.0000
25.9220,2,7.9088,0.6419,0.0000,0.0000,-0.0000,0.0000,0.0000,0.0000,0.0000
25.9220,3,5.2501,1.6300,1.7274,-0.0056,0.0040,0.0003,0.0000,0.0000,0.0000
25.9560,1,4.9246,0.8652,0.1739,-0.0006,0.0035,0.0007,0.0000,0.0000,0.0000
25.9560,2,7.9088,0.6419,0.0000,0.0000,-0.0000,0.0000,0.0000,0.0000,0.0000
25.9560,3,5.2500,1.6300,1.7274,-0.0056,0.0040,0.0003,0.0000,0.0000,0.0000
25.9900,1,4.9246,0.8652,0.1739,-0.0006,0.0035,0.0007,0.0000,0.0000,0.0000
25.9900,2,7.9088,0.6419,0.0000,0.0000,-0.0000,0.0000,0.0000,0.0000,0.0000
25.9900,3,5.2499,1.6299,1.7274,-0.0056,0.0040,0.0003,0.0000,0.0000,0.0000
26.0220,1,4.9246,0.8652,0.1739,-0.0006,0.0035,0.0007,0.0000,0.0000,0.0000
26.0220,2,7.9088,0.6419,0.0000,0.0000,-0.0000,0.0000,0.0000,0.0000,0.0000
26.0220,3,5.2499,1.6299,1.7275,-0.0056,0.0040,0.0003,0.0000,0.0000,0.0000
26.0540,1,4.9246,0.8652,0.1739,-0.0006,0.0035,0.0007,0.0000,0.0000,0.0000
26.0540,2,7.9088,0.6419,0.0000,0.0000,-0.0000,0.0000,0.0000,0.0000,0.0000
26.0540,3,5.2498,1.6299,1.7275,-0.0056,0.0040,0.0003,0.0000,0.0000,0.0000
26.0880,1,4.9246,0.8652,0.1739,-0.0006,0.0035,0.0007,0.0000,0.0000,0.0000
26.0880,2,7.9088,0.6419,0.0000,0.0000,-0.0000,0.0000,0.0000,0.0000,0.0000
26.0880,3,5.2497,1.6299,1.7275,-0.0056,0.0040,0.0003,0.0000,0.0000,0.0000
26.1220,1,4.9246,0.8652,0.1739,-0.0006,0.0035,0.0007,0.0000,0.0000,0.0000
26.1220,2,7.9088,0.6419,0.0000,0.0000,-0.0000,0.0000,0.0000,0.0000,0.0000
26.1220,3,5.2496,1.6299,1.7276,-0.0056,0.0040,0.0003,0.0000,0.0000,0.0000
26.1560,1,4.9246,0.8652,0.1739,-0.0006,0.0035,0.0007,0.0000,0.0000,0.0000
26.1560,2,7.9088,0.6419,0.0000,0.0000,-0.0000,0.0000,0.0000,0.0000,0.0000
26.1560,3,5.2495,1.6299,1.7276,-0.0056,0.0040,0.0003,0.0000,0.0000,0.0000
26.1900,1,4.9246,0.8652,0.1739,-0.0006,0.0035,0.0007,0.0000,0.0000,0.0000
26.1900,2,7.9088,0.6419,0.0000,0.0000,-0.0000,0.0000,0.0000,0.0000,0.0000
26.1900,3,5.2495,1.6298,1.7276,-0.0056,0.0040,0.0003,0.0000,0.0000,0.0000
26.2220,1,4.9246,0.8652,0.1739,-0.0006,0.0035,0.0007,0.0000,0.0000,0.0000
26.2220,2,7.9088,0.6419,0.0000,0.0000,-0.0000,0.0000,0.0000,0.0000,0.0000
26.2220,3,5.2494,1.6298,1.7276,-0.0056,0.0040,0.0003,0.0000,0.0000,0.0000
26.2560,1,4.9246,0.8652,0.1739,-0.0006,0.0035,0.0007,0.0000,0.0000,0.0000
26.2560,2,7.9088,0.6419,0.0000,0.0000,-0.0000,0.0000,0.0000,0.0000,0.0000
26.2560,3,5.2493,1.6298,1.7277,-0.0056,0.0040,0.0003,0.0000,0.0000,0.0000
26.2880,1,4.9246,0.8652,0.1739,-0.0006,0.0035,0.0007,0.0000,0.0000,0.0000
26.2880,2,7.9088,0.6419,0.0000,0.0000,-0.0000,0.0000,0.0000,0.0000,0.0000
26.2880,3,5.2492,1.6298,1.7277,-0.0056,0.0040,0.0003,0.0000,0.0000,0.0000
26.3200,1,4.9246,0.8652,0.1739,-0.0006,0.0035,0.0007,0.0000,0.0000,0.0000
26.3200,2,7.9088,0.6419,0.0000,0.0000,-0.0000,0.0000,0.0000,0.0000,0.0000
26.3200,3,5.2491,1.6298,1.7277,-0.0056,0.0040,0.0003,0.0000,0.0000,0.0000
26.3540,1,4.9246,0.8652,0.1739,-0.0006,0.0035,0.0007,0.0000,0.0000,0.0000
26.3540,2,7.9088,0.6419,0.0000,0.0000,-0.0000,0.0000,0.0000,0.0000,0.0000
26.3540,3,5.2491,1.6298,1.7278,-0.0056,0.0040,0.0003,0.0000,0.0000,0.0000
26.3880,1,4.9246,0.8652,0.1739,-0.0006,0.0035,0.0007,0.0000,0.0000,0.0000
26.3880,2,7.9088,0.6419,0.0000,0.0000,-0.0000,0.0000,0.0000,0.0000,0.0000
26.3880,3,5.2490,1.6298,1.7278,-0.0056,0.0040,0.0003,0.0000,0.0000,0.0000
26.4200,1,4.9246,0.8652,0.1739,-0.0006,0.0035,0.0007,0.0000,0.0000,0.0000
26.4200,2,7.9088,0.6419,0.0000,0.0000,-0.0000,0.0000,0.0000,0.0000,0.0000
26.4200,3,5.2489,1.6297,1.7278,-0.0056,0.0040,0.0003,0.0000,0.0000,0.0000
26.4540,1,4.9246,0.8652,0.1739,-0.0006,0.0035,0.0007,0.0000,0.0000,0.0000
26.4540,2,7.9088,0.6419,0.0000,0.0000,-0.0000,0.0000,0.0000,0.0000,0.0000
26.4540,3,5.2488,1.6297,1.7279,-0.0056,0.0040,0.0003,0.0000,0.0000,0.0000
26.4880,1,4.9246,0.8652,0.1739,-0.0006,0.0035,0.0007,0.0000,0.0000,0.0000
26.4880,2,7.9088,0.6419,0.0000,0.0000,-0.0000,0.0000,0.0000,0.0000,0.0000
26.4880,3,5.2487,1.6297,1.7279,-0.0056,0.0040,0.0003,0.0000,0.0000,0.0000
26.5200,1,4.9246,0.8652,0.1739,-0.0006,0.0035,0.0007,0.0000,0.0000,0.0000
26.5200,2,7.9088,0.6419,0.0000,0.0000,-0.0000,0.0000,0.0000,0.0000,0.0000
26.5200,3,5.2487,1.6297,1.7279,-0.0056,0.0040,0.0003,0.0000,0.0000,0.0000
26.5560,1,4.9246,0.8652,0.1739,-0.0006,0.0035,0.0007,0.0000,0.0000,0.0000
26.5560,2,7.9088,0.6419,0.0000,0.0000,-0.0000,0.0000,0.0000,0.0000,0.0000
26.5560,3,5.2486,1.6297,1.7280,-0.0056,0.0040,0.0003,0.0000,0.0000,0.0000
26.5880,1,4.9246,0.8652,0.1739,-0.0006,0.0035,0.0007,0.0000,0.0000,0.0000
26.5880,2,7.9088,0.6419,0.0000,0.0000,-0.0000,0.0000,0.0000,0.0000,0.0000
26.5880,3,5.2485,1.6297,1.7280,-0.0056,0.0040,0.0003,0.0000,0.0000,0.0000
26.6220,1,4.9246,0.8652,0.1739,-0.0006,0.0035,0.0007,0.0000,0.0000,0.0000
26.6220,2,7.9088,0.6419,0.0000,0.0000,-0.0000,0.0000,0.0000,0.0000,0.0000
26.6220,3,5.2484,1.6296,1.7280,-0.0056,0.0040,0.0003,0.0000,0.0000,0.0000
26.6560,1,4.9246,0.8652,0.1739,-0.0006,0.0035,0.0007,0.0000,0.0000,0.0000
26.6560,2,7.9088,0.6419,0.0000,0.0000,-0.0000,0.0000,0.0000,0.0000,0.0000
26.6560,3,5.2483,1.6296,1.7281,-0.0056,0.0040,0.0003,0.0000,0.0000,0.0000
26.6880,1,4.9246,0.8652,0.1739,-0.0006,0.0035,0.0007,0.0000,0.0000,0.0000
26.6880,2,7.9088,0.6419,0.0000,0.0000,-0.0000,0.0000,0.0000,0.0000,0.0000
26.6880,3,5.2483,1.6296,1.7281,-0.0056,0.0040,0.0003,0.0000,0.0000,0.0000
26.7200,1,4.9246,0.8652,0.1739,-0.0006,0.0035,0.0007,0.0000,0.0000,0.0000
26.7200,2,7.9088,0.6419,0.0000,0.0000,-0.0000,0.0000,0.0000,0.0000,0.0000
26.7200,3,5.2482,1.6296,1.7281,-0.0056,0.0040,0.0003,0.0000,0.0000,0.0000
26.7540,1,4.9246,0.8652,0.1739,-0.0006,0.0035,0.0007,0.0000,0.0000,0.0000
26.7540,2,7.9088,0.6419,0.0000,0.0000,-0.0000,0.0000,0.0000,0.0000,0.0000
26.7540,3,5.2481,1.6296,1.7282,-0.0056,0.0040,0.0003,0.0000,0.0000,0.0000
26.7880,1,4.9246,0.8652,0.1739,-0.0006,0.0035,0.0007,0.0000,0.0000,0.0000
26.7880,2,7.9088,0.6419,0.0000,0.0000,-0.0000,0.0000,0.0000,0.0000,0.0000
26.7880,3,5.2480,1.6296,1.7282,-0.0056,0.0040,0.0003,0.0000,0.0000,0.0000
26.8260,1,4.9246,0.8652,0.1739,-0.0006,0.0035,0.0007,0.0000,0.0000,0.0000
26.8260,2,7.9088,0.6419,0.0000,0.0000,-0.0000,0.0000,0.0000,0.0000,0.0000
26.8260,3,5.2479,1.6295,1.7282,-0.0056,0.0040,0.0003,0.0000,0.0000,0.0000
26.8580,1,4.9246,0.8652,0.1739,-0.0006,0.0035,0.0007,0.0000,0.0000,0.0000
26.8580,2,7.9088,0.6419,0.0000,0.0000,-0.0000,0.0000,0.0000,0.0000,0.0000
26.8580,3,5.2479,1.6295,1.7283,-0.0056,0.0040,0.0003,0.0000,0.0000,0.0000
26.8940,1,4.9246,0.8652,0.1739,-0.0006,0.0035,0.0007,0.0000,0.0000,0.0000
26.8940,2,7.9088,0.6419,0.0000,0.0000,-0.0000,0.0000,0.0000,0.0000,0.0000
26.8940,3,5.2478,1.6295,1.7283,-0.0056,0.0040,0.0003,0.0000,0.0000,0.0000
26.9240,1,4.9246,0.8652,0.1739,-0.0006,0.0035,0.0007,0.0000,0.0000,0.0000
26.9240,2,7.9088,0.6419,0.0000,0.0000,-0.0000,0.0000,0.0000,0.0000,0.0000
26.9240,3,5.2477,1.6295,1.7283,-0.0056,0.0040,0.0003,0.0000,0.0000,0.0000
26.9580,1,4.9246,0.8652,0.1739,-0.0006,0.0035,0.0007,0.0000,0.0000,0.0000
26.9580,2,7.9088,0.6419,0.0000,0.0000,-0.0000,0.0000,0.0000,0.0000,0.0000
26.9580,3,5.2476,1.6295,1.7284,-0.0056,0.0040,0.0003,0.0000,0.0000,0.0000
26.9900,1,4.9246,0.8652,0.1739,-0.0006,0.0035,0.0007,0.0000,0.0000,0.0000
26.9900,2,7.9088,0.6419,0.0000,0.0000,-0.0000,0.0000,0.0000,0.0000,0.0000
26.9900,3,5.2475,1.6295,1.7284,-0.0056,0.0040,0.0003,0.0000,0.0000,0.0000
27.0200,1,4.9246,0.8652,0.1739,-0.0006,0.0035,0.0007,0.0000,0.0000,0.0000
27.0200,2,7.9088,0.6419,0.0000,0.0000,-0.0000,0.0000,0.0000,0.0000,0.0000
27.0200,3,5.2475,1.6295,1.7284,-0.0056,0.0040,0.0003,0.0000,0.0000,0.0000
27.0580,1,4.9246,0.8652,0.1739,-0.0006,0.0035,0.0007,0.0000,0.0000,0.0000
27.0580,2,7.9088,0.6419,0.0000,0.0000,-0.0000,0.0000,0.0000,0.0000,0.0000
27.0580,3,5.2474,1.6294,1.7284,-0.0055,0.0040,0.0003,0.0000,0.0000,0.0000
27.0880,1,4.9246,0.8652,0.1739,-0.0006,0.0035,0.0007,0.0000,0.0000,0.0000
27.0880,2,7.9088,0.6419,0.0000,0.0000,-0.0000,0.0000,0.0000,0.0000,0.0000
27.0880,3,5.2473,1.6294,1.7285,-0.0055,0.0040,0.0003,0.0000,0.0000,0.0000
27.1240,1,4.9246,0.8652,0.1739,-0.0006,0.0035,0.0007,0.0000,0.0000,0.0000
27.1240,2,7.9088,0.6419,0.0000,0.0000,-0.0000,0.0000,0.0000,0.0000,0.0000
27.1240,3,5.2472,1.6294,1.7285,-0.0055,0.0040,0.0003,0.0000,0.0000,0.0000
27.1560,1,4.9246,0.8652,0.1739,-0.0006,0.0035,0.0007,0.0000,0.0000,0.0000
27.1560,2,7.9088,0.6419,0.0000,0.0000,-0.0000,0.0000,0.0000,0.0000,0.0000
27.1560,3,5.2471,1.6294,1.7285,-0.0055,0.0040,0.0003,0.0000,0.0000,0.0000
27.1860,1,4.9246,0.8652,0.1739,-0.0006,0.0035,0.0007,0.0000,0.0000,0.0000
27.1860,2,7.9088,0.6419,0.0000,0.0000,-0.0000,0.0000,0.0000,0.0000,0.0000
27.1860,3,5.2471,1.6294,1.7286,-0.0055,0.0040,0.0003,0.0000,0.0000,0.0000
27.2240,1,4.9246,0.8652,0.1739,-0.0006,0.0035,0.0007,0.0000,0.0000,0.0000
27.2240,2,7.9088,0.6419,0.0000,0.0000,-0.0000,0.0000,0.0000,0.0000,0.0000
27.2240,3,5.2470,1.6294,1.7286,-0.0055,0.0040,0.0003,0.0000,0.0000,0.0000
27.2560,1,4.9246,0.8652,0.1739,-0.0006,0.0035,0.0007,0.0000,0.0000,0.0000
27.2560,2,7.9088,0.6419,0.0000,0.0000,-0.0000,0.0000,0.0000,0.0000,0.0000
27.2560,3,5.2469,1.6293,1.7286,-0.0055,0.0040,0.0003,0.0000,0.0000,0.0000
27.2920,1,4.9246,0.8652,0.1739,-0.0006,0.0035,0.0007,0.0000,0.0000,0.0000
27.2920,2,7.9088,0.6419,0.0000,0.0000,-0.0000,0.0000,0.0000,0.0000,0.0000
27.2920,3,5.2468,1.6293,1.7287,-0.0055,0.0040,0.0003,0.0000,0.0000,0.0000
27.3220,1,4.9246,0.8652,0.1739,-0.0006,0.0035,0.0007,0.0000,0.0000,0.0000
27.3220,2,7.9088,0.6419,0.0000,0.0000,-0.0000,0.0000,0.0000,0.0000,0.0000
27.3220,3,5.2468,1.6293,1.7287,-0.0055,0.0040,0.0003,0.0000,0.0000,0.0000
27.3560,1,4.9246,0.8652,0.1739,-0.0006,0.0035,0.0007,0.0000,0.0000,0.0000
27.3560,2,7.9088,0.6419,0.0000,0.0000,-0.0000,0.0000,0.0000,0.0000,0.0000
27.3560,3,5.2467,1.6293,1.7287,-0.0055,0.0040,0.0003,0.0000,0.0000,0.0000
27.3920,1,4.9246,0.8652,0.1739,-0.0006,0.0035,0.0007,0.0000,0.0000,0.0000
27.3920,2,7.9088,0.6419,0.0000,0.0000,-0.0000,0.0000,0.0000,0.0000,0.0000
27.3920,3,5.2466,1.6293,1.7288,-0.0055,0.0040,0.0003,0.0000,0.0000,0.0000
27.4220,1,4.9246,0.8652,0.1739,-0.0006,0.0035,0.0007,0.0000,0.0000,0.0000
27.4220,2,7.9088,0.6419,0.0000,0.0000,-0.0000,0.0000,0.0000,0.0000,0.0000
27.4220,3,5.2465,1.6293,1.7288,-0.0055,0.0040,0.0003,0.0000,0.0000,0.0000
27.4560,1,4.9246,0.8652,0.1739,-0.0006,0.0035,0.0007,0.0000,0.0000,0.0000
27.4560,2,7.9088,0.6419,0.0000,0.0000,-0.0000,0.0000,0.0000,0.0000,0.0000
27.4560,3,5.2464,1.6292,1.7288,-0.0055,0.0040,0.0003,0.0000,0.0000,0.0000
27.4920,1,4.9246,0.8652,0.1739,-0.0006,0.0035,0.0007,0.0000,0.0000,0.0000
27.4920,2,7.9088,0.6419,0.0000,0.0000,-0.0000,0.0000,0.0000,0.0000,0.0000
27.4920,3,5.2463,1.6292,1.7289,-0.0055,0.0040,0.0003,0.0000,0.0000,0.0000
27.5220,1,4.9246,0.8652,0.1739,-0.0006,0.0035,0.0007,0.0000,0.0000,0.0000
27.5220,2,7.9088,0.6419,0.0000,0.0000,-0.0000,0.0000,0.0000,0.0000,0.0000
27.5220,3,5.2463,1.6292,1.7289,-0.0055,0.0040,0.0003,0.0000,0.0000,0.0000
27.5560,1,4.9246,0.8652,0.1739,-0.0006,0.0035,0.0007,0.0000,0.0000,0.0000
27.5560,2,7.9088,0.6419,0.0000,0.0000,-0.0000,0.0000,0.0000,0.0000,0.0000
27.5560,3,5.2462,1.6292,1.7289,-0.0055,0.0040,0.0003,0.0000,0.0000,0.0000
27.5900,1,4.9246,0.8652,0.1739,-0.0006,0.0035,0.0007,0.0000,0.0000,0.0000
27.5900,2,7.9088,0.6419,0.0000,0.0000,-0.0000,0.0000,0.0000,0.0000,0.0000
27.5900,3,5.2461,1.6292,1.7290,-0.0055,0.0040,0.0003,0.0000,0.0000,0.0000
27.6240,1,4.9246,0.8652,0.1739,-0.0006,0.0035,0.0007,0.0000,0.0000,0.0000
27.6240,2,7.9088,0.6419,0.0000,0.0000,-0.0000,0.0000,0.0000,0.0000,0.0000
27.6240,3,5.2460,1.6292,1.7290,-0.0055,0.0040,0.0003,0.0000,0.0000,0.0000
27.6560,1,4.9246,0.8652,0.1739,-0.0006,0.0035,0.0007,0.0000,0.0000,0.0000
27.6560,2,7.9088,0.6419,0.0000,0.0000,-0.0000,0.0000,0.0000,0.0000,0.0000
27.6560,3,5.2460,1.6291,1.7290,-0.0055,0.0040,0.0003,0.0000,0.0000,0.0000
27.6920,1,4.9246,0.8652,0.1739,-0.0006,0.0035,0.0007,0.0000,0.0000,0.0000
27.6920,2,7.9088,0.6419,0.0000,0.0000,-0.0000,0.0000,0.0000,0.0000,0.0000
27.6920,3,5.2459,1.6291,1.7291,-0.0055,0.0040,0.0003,0.0000,0.0000,0.0000
27.7200,1,4.9246,0.8652,0.1739,-0.0006,0.0035,0.0007,0.0000,0.0000,0.0000
27.7200,2,7.9088,0.6419,0.0000,0.0000,-0.0000,0.0000,0.0000,0.0000,0.0000
27.7200,3,5.2458,1.6291,1.7291,-0.0055,0.0040,0.0003,0.0000,0.0000,0.0000
27.7540,1,4.9246,0.8652,0.1739,-0.0006,0.0035,0.0007,0.0000,0.0000,0.0000
27.7540,2,7.9088,0.6419,0.0000,0.0000,-0.0000,0.0000,0.0000,0.0000,0.0000
27.7540,3,5.2457,1.6291,1.7291,-0.0055,0.0040,0.0003,0.0000,0.0000,0.0000
27.7900,1,4.9246,0.8652,0.1739,-0.0006,0.0035,0.0007,0.0000,0.0000,0.0000
27.7900,2,7.9088,0.6419,0.0000,0.0000,-0.0000,0.0000,0.0000,0.0000,0.0000
27.7900,3,5.2456,1.6291,1.7291,-0.0055,0.0040,0.0003,0.0000,0.0000,0.0000
27.8220,1,4.9246,0.8652,0.1739,-0.0006,0.0035,0.0007,0.0000,0.0000,0.0000
27.8220,2,7.9088,0.6419,0.0000,0.0000,-0.0000,0.0000,0.0000,0.0000,0.0000
27.8220,3,5.2456,1.6291,1.7292,-0.0055,0.0040,0.0003,0.0000,0.0000,0.0000
27.8560,1,4.9246,0.8652,0.1739,-0.0006,0.0035,0.0007,0.0000,0.0000,0.0000
27.8560,2,7.9088,0.6419,0.0000,0.0000,-0.0000,0.0000,0.0000,0.0000,0.0000
27.8560,3,5.2455,1.6291,1.7292,-0.0055,0.0040,0.0003,0.0000,0.0000,0.0000
27.8900,1,4.9246,0.8652,0.1739,-0.0006,0.0035,0.0007,0.0000,0.0000,0.0000
27.8900,2,7.9088,0.6419,0.0000,0.0000,-0.0000,0.0000,0.0000,0.0000,0.0000
27.8900,3,5.2454,1.6290,1.7292,-0.0055,0.0040,0.0003,0.0000,0.0000,0.0000
27.9260,1,4.9246,0.8652,0.1739,-0.0006,0.0035,0.0007,0.0000,0.0000,0.0000
27.9260,2,7.9088,0.6419,0.0000,0.0000,-0.0000,0.0000,0.0000,0.0000,0.0000
27.9260,3,5.2453,1.6290,1.7293,-0.0055,0.0040,0.0003,0.0000,0.0000,0.0000
27.9560,1,4.9246,0.8652,0.1739,-0.0006,0.0035,0.0007,0.0000,0.0000,0.0000
27.9560,2,7.9088,0.6419,0.0000,0.0000,-0.0000,0.0000,0.0000,0.0000,0.0000
27.9560,3,5.2452,1.6290,1.7293,-0.0055,0.0040,0.0003,0.0000,0.0000,0.0000
27.9900,1,4.9246,0.8652,0.1739,-0.0006,0.0035,0.0007,0.0000,0.0000,0.0000
27.9900,2,7.9088,0.6419,0.0000,0.0000,-0.0000,0.0000,0.0000,0.0000,0.0000
27.9900,3,5.2452,1.6290,1.7293,-0.0055,0.0040,0.0003,0.0000,0.0000,0.0000
28.0200,1,4.9246,0.8652,0.1739,-0.0006,0.0035,0.0007,0.0000,0.0000,0.0000
28.0200,2,7.9088,0.6419,0.0000,0.0000,-0.0000,0.0000,0.0000,0.0000,0.0000
28.0200,3,5.2451,1.6290,1.7294,-0.0055,0.0040,0.0003,0.0000,0.0000,0.0000
28.0560,1,4.9246,0.8652,0.1739,-0.0006,0.0035,0.0007,0.0000,0.0000,0.0000
28.0560,2,7.9088,0.6419,0.0000,0.0000,-0.0000,0.0000,0.0000,0.0000,0.0000
28.0560,3,5.2450,1.6290,1.7294,-0.0055,0.0040,0.0003,0.0000,0.0000,0.0000
28.0900,1,4.9246,0.8652,0.1739,-0.0006,0.0035,0.0007,0.0000,0.0000,0.0000
28.0900,2,7.9088,0.6419,0.0000,0.0000,-0.0000,0.0000,0.0000,0.0000,0.0000
28.0900,3,5.2449,1.6289,1.7294,-0.0055,0.0040,0.0003,0.0000,0.0000,0.0000
28.1200,1,4.9246,0.8652,0.1739,-0.0006,0.0035,0.0007,0.0000,0.0000,0.0000
28.1200,2,7.9088,0.6419,0.0000,0.0000,-0.0000,0.0000,0.0000,0.0000,0.0000
28.1200,3,5.2449,1.6289,1.7295,-0.0055,0.0040,0.0003,0.0000,0.0000,0.0000
28.1560,1,4.9246,0.8652,0.1739,-0.0006,0.0035,0.0007,0.0000,0.0000,0.0000
28.1560,2,7.9088,0.6419,0.0000,0.0000,-0.0000,0.0000,0.0000,0.0000,0.0000
28.1560,3,5.2448,1.6289,1.7295,-0.0055,0.0040,0.0003,0.0000,0.0000,0.0000
28.1880,1,4.9246,0.8652,0.1739,-0.0006,0.0035,0.0007,0.0000,0.0000,0.0000
28.1880,2,7.9088,0.6419,0.0000,0.0000,-0.0000,0.0000,0.0000,0.0000,0.0000
28.1880,3,5.2447,1.6289,1.7295,-0.0055,0.0040,0.0003,0.0000,0.0000,0.0000
28.2200,1,4.9246,0.8652,0.1739,-0.0006,0.0035,0.0007,0.0000,0.0000,0.0000
28.2200,2,7.9088,0.6419,0.0000,0.0000,-0.0000,0.0000,0.0000,0.0000,0.0000
28.2200,3,5.2446,1.6289,1.7296,-0.0054,0.0040,0.0003,0.0000,0.0000,0.0000
28.2540,1,4.9246,0.8652,0.1739,-0.0006,0.0035,0.0007,0.0000,0.0000,0.0000
28.2540,2,7.9088,0.6419,0.0000,0.0000,-0.0000,0.0000,0.0000,0.0000,0.0000
28.2540,3,5.2446,1.6289,1.7296,-0.0054,0.0040,0.0003,0.0000,0.0000,0.0000
28.2860,1,4.9246,0.8652,0.1739,-0.0006,0.0035,0.0007,0.0000,0.0000,0.0000
28.2860,2,7.9088,0.6419,0.0000,0.0000,-0.0000,0.0000,0.0000,0.0000,0.0000
28.2860,3,5.2445,1.6288,1.7296,-0.0054,0.0040,0.0003,0.0000,0.0000,0.0000
28.3200,1,4.9246,0.8652,0.1739,-0.0006,0.0035,0.0007,0.0000,0.0000,0.0000
28.3200,2,7.9088,0.6419,0.0000,0.0000,-0.0000,0.0000,0.0000,0.0000,0.0000
28.3200,3,5.2444,1.6288,1.7296,-0.0054,0.0040,0.0003,0.0000,0.0000,0.0000
28.3560,1,4.9246,0.8652,0.1739,-0.0006,0.0035,0.0007,0.0000,0.0000,0.0000
28.3560,2,7.9088,0.6419,0.0000,0.0000,-0.0000,0.0000,0.0000,0.0000,0.0000
28.3560,3,5.2443,1.6288,1.7297,-0.0054,0.0040,0.0003,0.0000,0.0000,0.0000
28.3900,1,4.9246,0.8652,0.1739,-0.0006,0.0035,0.0007,0.0000,0.0000,0.0000
28.3900,2,7.9088,0.6419,0.0000,0.0000,-0.0000,0.0000,0.0000,0.0000,0.0000
28.3900,3,5.2443,1.6288,1.7297,-0.0054,0.0040,0.0003,0.0000,0.0000,0.0000
28.4220,1,4.9246,0.8652,0.1739,-0.0006,0.0035,0.0007,0.0000,0.0000,0.0000
28.4220,2,7.9088,0.6419,0.0000,0.0000,-0.0000,0.0000,0.0000,0.0000,0.0000
28.4220,3,5.2442,1.6288,1.7297,-0.0054,0.0040,0.0003,0.0000,0.0000,0.0000
28.4560,1,4.9246,0.8652,0.1739,-0.0006,0.0035,0.0007,0.0000,0.0000,0.0000
28.4560,2,7.9088,0.6419,0.0000,0.0000,-0.0000,0.0000,0.0000,0.0000,0.0000
28.4560,3,5.2441,1.6288,1.7298,-0.0054,0.0040,0.0003,0.0000,0.0000,0.0000
28.4900,1,4.9246,0.8652,0.1739,-0.0006,0.0035,0.0007,0.0000,0.0000,0.0000
28.4900,2,7.9088,0.6419,0.0000,0.0000,-0.0000,0.0000,0.0000,0.0000,0.0000
28.4900,3,5.2441,1.6288,1.7298,-0.0054,0.0040,0.0003,0.0000,0.0000,0.0000
28.5220,1,4.9246,0.8652,0.1739,-0.0006,0.0035,0.0007,0.0000,0.0000,0.0000
28.5220,2,7.9088,0.6419,0.0000,0.0000,-0.0000,0.0000,0.0000,0.0000,0.0000
28.5220,3,5.2440,1.6287,1.7298,-0.0054,0.0040,0.0003,0.0000,0.0000,0.0000
28.5560,1,4.9246,0.8652,0.1739,-0.0006,0.0035,0.0007,0.0000,0.0000,0.0000
28.5560,2,7.9088,0.6419,0.0000,0.0000,-0.0000,0.0000,0.0000,0.0000,0.0000
28.5560,3,5.2439,1.6287,1.7299,-0.0054,0.0040,0.0003,0.0000,0.0000,0.0000
28.5880,1,4.9246,0.8652,0.1739,-0.0006,0.0035,0.0007,0.0000,0.0000,0.0000
28.5880,2,7.9088,0.6419,0.0000,0.0000,-0.0000,0.0000,0.0000,0.0000,0.0000
28.5880,3,5.2438,1.6287,1.7299,-0.0054,0.0040,0.0003,0.0000,0.0000,0.0000
28.6220,1,4.9246,0.8652,0.1739,-0.0006,0.0035,0.0007,0.0000,0.0000,0.0000
28.6220,2,7.9088,0.6419,0.0000,0.0000,-0.0000,0.0000,0.0000,0.0000,0.0000
28.6220,3,5.2438,1.6287,1.7299,-0.0054,0.0040,0.0003,0.0000,0.0000,0.0000
28.6560,1,4.9246,0.8652,0.1739,-0.0006,0.0035,0.0007,0.0000,0.0000,0.0000
28.6560,2,7.9088,0.6419,0.0000,0.0000,-0.0000,0.0000,0.0000,0.0000,0.0000
28.6560,3,5.2437,1.6287,1.7300,-0.0054,0.0040,0.0003,0.0000,0.0000,0.0000
28.6900,1,4.9246,0.8652,0.1739,-0.0006,0.0035,0.0007,0.0000,0.0000,0.0000
28.6900,2,7.9088,0.6419,0.0000,0.0000,-0.0000,0.0000,0.0000,0.0000,0.0000
28.6900,3,5.2436,1.6287,1.7300,-0.0054,0.0040,0.0003,0.0000,0.0000,0.0000
28.7240,1,4.9246,0.8652,0.1739,-0.0006,0.0035,0.0007,0.0000,0.0000,0.0000
28.7240,2,7.9088,0.6419,0.0000,0.0000,-0.0000,0.0000,0.0000,0.0000,0.0000
28.7240,3,5.2436,1.6286,1.7300,-0.0054,0.0040,0.0003,0.0000,0.0000,0.0000
28.7560,1,4.9246,0.8652,0.1739,-0.0006,0.0035,0.0007,0.0000,0.0000,0.0000
28.7560,2,7.9088,0.6419,0.0000,0.0000,-0.0000,0.0000,0.0000,0.0000,0.0000
28.7560,3,5.2435,1.6286,1.7301,-0.0054,0.0040,0.0003,0.0000,0.0000,0.0000
28.7920,1,4.9246,0.8652,0.1739,-0.0006,0.0035,0.0007,0.0000,0.0000,0.0000
28.7920,2,7.9088,0.6419,0.0000,0.0000,-0.0000,0.0000,0.0000,0.0000,0.0000
28.7920,3,5.2434,1.6286,1.7301,-0.0054,0.0041,0.0003,0.0000,0.0000,0.0000
28.8200,1,4.9246,0.8652,0.1739,-0.0006,0.0035,0.0007,0.0000,0.0000,0.0000
28.8200,2,7.9088,0.6419,0.0000,0.0000,-0.0000,0.0000,0.0000,0.0000,0.0000
28.8200,3,5.2434,1.6286,1.7301,-0.0054,0.0041,0.0003,0.0000,0.0000,0.0000
28.8540,1,4.9246,0.8652,0.1739,-0.0006,0.0035,0.0007,0.0000,0.0000,0.0000
28.8540,2,7.9088,0.6419,0.0000,0.0000,-0.0000,0.0000,0.0000,0.0000,0.0000
28.8540,3,5.2433,1.6286,1.7302,-0.0054,0.0041,0.0003,0.0000,0.0000,0.0000
28.8900,1,4.9246,0.8652,0.1739,-0.0006,0.0035,0.0007,0.0000,0.0000,0.0000
28.8900,2,7.9088,0.6419,0.0000,0.0000,-0.0000,0.0000,0.0000,0.0000,0.0000
28.8900,3,5.2432,1.6286,1.7302,-0.0054,0.0041,0.0003,0.0000,0.0000,0.0000
28.9200,1,4.9246,0.8652,0.1739,-0.0006,0.0035,0.0007,0.0000,0.0000,0.0000
28.9200,2,7.9088,0.6419,0.0000,0.0000,-0.0000,0.0000,0.0000,0.0000,0.0000
28.9200,3,5.2431,1.6285,1.7302,-0.0054,0.0041,0.0003,0.0000,0.0000,0.0000
28.9560,1,4.9246,0.8652,0.1739,-0.0006,0.0035,0.0007,0.0000,0.0000,0.0000
28.9560,2,7.9088,0.6419,0.0000,0.0000,-0.0000,0.0000,0.0000,0.0000,0.0000
28.9560,3,5.2431,1.6285,1.7303,-0.0054,0.0041,0.0003,0.0000,0.0000,0.0000
28.9900,1,4.9246,0.8652,0.1739,-0.0006,0.0035,0.0007,0.0000,0.0000,0.0000
28.9900,2,7.9088,0.6419,0.0000,0.0000,-0.0000,0.0000,0.0000,0.0000,0.0000
28.9900,3,5.2430,1.6285,1.7303,-0.0054,0.0041,0.0003,0.0000,0.0000,0.0000
29.0200,1,4.9246,0.8652,0.1739,-0.0006,0.0035,0.0007,0.0000,0.0000,0.0000
29.0200,2,7.9088,0.6419,0.0000,0.0000,-0.0000,0.0000,0.0000,0.0000,0.0000
29.0200,3,5.2429,1.6285,1.7303,-0.0054,0.0041,0.0003,0.0000,0.0000,0.0000
29.0520,1,4.9246,0.8652,0.1739,-0.0006,0.0035,0.0007,0.0000,0.0000,0.0000
29.0520,2,7.9088,0.6419,0.0000,0.0000,-0.0000,0.0000,0.0000,0.0000,0.0000
29.0520,3,5.2429,1.6285,1.7303,-0.0054,0.0041,0.0003,0.0000,0.0000,0.0000
29.0860,1,4.9246,0.8652,0.1739,-0.0006,0.0035,0.0007,0.0000,0.0000,0.0000
29.0860,2,7.9088,0.6419,0.0000,0.0000,-0.0000,0.0000,0.0000,0.0000,0.0000
29.0860,3,5.2428,1.6285,1.7304,-0.0054,0.0041,0.0003,0.0000,0.0000,0.0000
29.1240,1,4.9246,0.8652,0.1739,-0.0006,0.0035,0.0007,0.0000,0.0000,0.0000
29.1240,2,7.9088,0.6419,0.0000,0.0000,-0.0000,0.0000,0.0000,0.0000,0.0000
29.1240,3,5.2427,1.6284,1.7304,-0.0054,0.0041,0.0003,0.0000,0.0000,0.0000
29.1540,1,4.9246,0.8652,0.1739,-0.0006,0.0035,0.0007,0.0000,0.0000,0.0000
29.1540,2,7.9088,0.6419,0.0000,0.0000,-0.0000,0.0000,0.0000,0.0000,0.0000
29.1540,3,5.2426,1.6284,1.7304,-0.0054,0.0041,0.0003,0.0000,0.0000,0.0000
29.1920,1,4.9246,0.8652,0.1739,-0.0006,0.0035,0.0007,0.0000,0.0000,0.0000
29.1920,2,7.9088,0.6419,0.0000,0.0000,-0.0000,0.0000,0.0000,0.0000,0.0000
29.1920,3,5.2426,1.6284,1.7305,-0.0054,0.0041,0.0003,0.0000,0.0000,0.0000
29.2240,1,4.9246,0.8652,0.1739,-0.0006,0.0035,0.0007,0.0000,0.0000,0.0000
29.2240,2,7.9088,0.6419,0.0000,0.0000,-0.0000,0.0000,0.0000,0.0000,0.0000
29.2240,3,5.2425,1.6284,1.7305,-0.0054,0.0041,0.0003,0.0000,0.0000,0.0000
29.2560,1,4.9246,0.8652,0.1739,-0.0006,0.0035,0.0007,0.0000,0.0000,0.0000
29.2560,2,7.9088,0.6419,0.0000,0.0000,-0.0000,0.0000,0.0000,0.0000,0.0000
29.2560,3,5.2424,1.6284,1.7305,-0.0054,0.0041,0.0003,0.0000,0.0000,0.0000
29.2900,1,4.9246,0.8652,0.1739,-0.0006,0.0035,0.0007,0.0000,0.0000,0.0000
29.2900,2,7.9088,0.6419,0.0000,0.0000,-0.0000,0.0000,0.0000,0.0000,0.0000
29.2900,3,5.2423,1.6284,1.7306,-0.0054,0.0041,0.0003,0.0000,0.0000,0.0000
29.3200,1,4.9246,0.8652,0.1739,-0.0006,0.0035,0.0007,0.0000,0.0000,0.0000
29.3200,2,7.9088,0.6419,0.0000,0.0000,-0.0000,0.0000,0.0000,0.0000,0.0000
29.3200,3,5.2423,1.6284,1.7306,-0.0054,0.0041,0.0003,0.0000,0.0000,0.0000
29.3540,1,4.9246,0.8652,0.1739,-0.0006,0.0035,0.0007,0.0000,0.0000,0.0000
29.3540,2,7.9088,0.6419,0.0000,0.0000,-0.0000,0.0000,0.0000,0.0000,0.0000
29.3540,3,5.2422,1.6283,1.7306,-0.0054,0.0041,0.0003,0.0000,0.0000,0.0000
29.3860,1,4.9246,0.8652,0.1739,-0.0006,0.0035,0.0007,0.0000,0.0000,0.0000
29.3860,2,7.9088,0.6419,0.0000,0.0000,-0.0000,0.0000,0.0000,0.0000,0.0000
29.3860,3,5.2421,1.6283,1.7307,-0.0054,0.0041,0.0003,0.0000,0.0000,0.0000
29.4200,1,4.9246,0.8652,0.1739,-0.0006,0.0035,0.0007,0.0000,0.0000,0.0000
29.4200,2,7.9088,0.6419,0.0000,0.0000,-0.0000,0.0000,0.0000,0.0000,0.0000
29.4200,3,5.2421,1.6283,1.7307,-0.0054,0.0041,0.0003,0.0000,0.0000,0.0000
29.4560,1,4.9246,0.8652,0.1739,-0.0006,0.0035,0.0007,0.0000,0.0000,0.0000
29.4560,2,7.9088,0.6419,0.0000,0.0000,-0.0000,0.0000,0.0000,0.0000,0.0000
29.4560,3,5.2420,1.6283,1.7307,-0.0054,0.0041,0.0003,0.0000,0.0000,0.0000
29.4860,1,4.9246,0.8652,0.1739,-0.0006,0.0035,0.0007,0.0000,0.0000,0.0000
29.4860,2,7.9088,0.6419,0.0000,0.0000,-0.0000,0.0000,0.0000,0.0000,0.0000
29.4860,3,5.2419,1.6283,1.7308,-0.0054,0.0041,0.0003,0.0000,0.0000,0.0000
29.5200,1,4.9246,0.8652,0.1739,-0.0006,0.0035,0.0007,0.0000,0.0000,0.0000
29.5200,2,7.9088,0.6419,0.0000,0.0000,-0.0000,0.0000,0.0000,0.0000,0.0000
29.5200,3,5.2418,1.6283,1.7308,-0.0053,0.0041,0.0003,0.0000,0.0000,0.0000
29.5560,1,4.9246,0.8652,0.1739,-0.0006,0.0035,0.0007,0.0000,0.0000,0.0000
29.5560,2,7.9088,0.6419,0.0000,0.0000,-0.0000,0.0000,0.0000,0.0000,0.0000
29.5560,3,5.2418,1.6282,1.7308,-0.0053,0.0041,0.0003,0.0000,0.0000,0.0000
29.5900,1,4.9246,0.8652,0.1739,-0.0006,0.0035,0.0007,0.0000,0.0000,0.0000
29.5900,2,7.9088,0.6419,0.0000,0.0000,-0.0000,0.0000,0.0000,0.0000,0.0000
29.5900,3,5.2417,1.6282,1.7309,-0.0053,0.0041,0.0003,0.0000,0.0000,0.0000
29.6200,1,4.9246,0.8652,0.1739,-0.0006,0.0035,0.0007,0.0000,0.0000,0.0000
29.6200,2,7.9088,0.6419,0.0000,0.0000,-0.0000,0.0000,0.0000,0.0000,0.0000
29.6200,3,5.2416,1.6282,1.7309,-0.0053,0.0041,0.0003,0.0000,0.0000,0.0000
29.6560,1,4.9246,0.8652,0.1739,-0.0006,0.0035,0.0007,0.0000,0.0000,0.0000
29.6560,2,7.9088,0.6419,0.0000,0.0000,-0.0000,0.0000,0.0000,0.0000,0.0000
29.6560,3,5.2416,1.6282,1.7309,-0.0053,0.0041,0.0003,0.0000,0.0000,0.0000
29.6920,1,4.9246,0.8652,0.1739,-0.0006,0.0035,0.0007,0.0000,0.0000,0.0000
29.6920,2,7.9088,0.6419,0.0000,0.0000,-0.0000,0.0000,0.0000,0.0000,0.0000
29.6920,3,5.2415,1.6282,1.7310,-0.0053,0.0041,0.0003,0.0000,0.0000,0.0000
29.7200,1,4.9246,0.8652,0.1739,-0.0006,0.0035,0.0007,0.0000,0.0000,0.0000
29.7200,2,7.9088,0.6419,0.0000,0.0000,-0.0000,0.0000,0.0000,0.0000,0.0000
29.7200,3,5.2414,1.6282,1.7310,-0.0053,0.0041,0.0003,0.0000,0.0000,0.0000
29.7540,1,4.9246,0.8652,0.1739,-0.0006,0.0035,0.0007,0.0000,0.0000,0.0000
29.7540,2,7.9088,0.6419,0.0000,0.0000,-0.0000,0.0000,0.0000,0.0000,0.0000
29.7540,3,5.2413,1.6281,1.7310,-0.0053,0.0041,0.0003,0.0000,0.0000,0.0000
29.7880,1,4.9246,0.8652,0.1739,-0.0006,0.0035,0.0007,0.0000,0.0000,0.0000
29.7880,2,7.9088,0.6419,0.0000,0.0000,-0.0000,0.0000,0.0000,0.0000,0.0000
29.7880,3,5.2413,1.6281,1.7310,-0.0053,0.0041,0.0003,0.0000,0.0000,0.0000
29.8240,1,4.9246,0.8652,0.1739,-0.0006,0.0035,0.0007,0.0000,0.0000,0.0000
29.8240,2,7.9088,0.6419,0.0000,0.0000,-0.0000,0.0000,0.0000,0.0000,0.0000
29.8240,3,5.2412,1.6281,1.7311,-0.0053,0.0041,0.0003,0.0000,0.0000,0.0000
29.8540,1,4.9246,0.8652,0.1739,-0.0006,0.0035,0.0007,0.0000,0.0000,0.0000
29.8540,2,7.9088,0.6419,0.0000,0.0000,-0.0000,0.0000,0.0000,0.0000,0.0000
29.8540,3,5.2411,1.6281,1.7311,-0.0053,0.0041,0.0003,0.0000,0.0000,0.0000
29.8880,1,4.9246,0.8652,0.1739,-0.0006,0.0035,0.0007,0.0000,0.0000,0.0000
29.8880,2,7.9088,0.6419,0.0000,0.0000,-0.0000,0.0000,0.0000,0.0000,0.0000
29.8880,3,5.2411,1.6281,1.7311,-0.0053,0.0041,0.0003,0.0000,0.0000,0.0000
29.9200,1,4.9246,0.8652,0.1739,-0.0006,0.0035,0.0007,0.0000,0.0000,0.0000
29.9200,2,7.9088,0.6419,0.0000,0.0000,-0.0000,0.0000,0.0000,0.0000,0.0000
29.9200,3,5.2410,1.6281,1.7312,-0.0053,0.0041,0.0003,0.0000,0.0000,0.0000
29.9520,1,4.9246,0.8652,0.1739,-0.0006,0.0035,0.0007,0.0000,0.0000,0.0000
29.9520,2,7.9088,0.6419,0.0000,0.0000,-0.0000,0.0000,0.0000,0.0000,0.0000
29.9520,3,5.2409,1.6281,1.7312,-0.0053,0.0041,0.0003,0.0000,0.0000,0.0000
29.9880,1,4.9246,0.8652,0.1739,-0.0006,0.0035,0.0007,0.0000,0.0000,0.0000
29.9880,2,7.9088,0.6419,0.0000,0.0000,-0.0000,0.0000,0.0000,0.0000,0.0000
29.9880,3,5.2408,1.6280,1.7312,-0.0053,0.0041,0.0003,0.0000,0.0000,0.0000
30.0200,1,4.9246,0.8652,0.1739,-0.0006,0.0035,0.0007,0.0000,0.0000,0.0000
30.0200,2,7.9088,0.6419,0.0000,0.0000,-0.0000,0.0000,0.0000,0.0000,0.0000
30.0200,3,5.2408,1.6280,1.7313,-0.0053,0.0041,0.0003,0.0000,0.0000,0.0000
