Timp,ID_Legatura,FortaModul_N,FortaX_N,FortaY_N,Moment_Nm
0.0380,0,44.3303,-18.8660,-40.1155,0.0000
0.0380,1,196.1994,0.0000,-196.1994,392.3985
0.0820,0,44.3088,-18.8632,-40.0930,0.0000
0.0820,1,196.1994,0.0000,-196.1994,392.3985
0.1040,0,44.3029,-18.8694,-40.0836,0.0000
0.1040,1,196.1994,0.0000,-196.1994,392.3985
0.1340,0,44.2889,-18.8681,-40.0687,0.0000
0.1340,1,196.1994,0.0000,-196.1994,392.3985
0.1620,0,44.2780,-18.8629,-40.0591,0.0000
0.1620,1,196.1994,0.0000,-196.1994,392.3985
0.2020,0,44.2794,-18.8540,-40.0649,0.0000
0.2020,1,196.1994,0.0000,-196.1994,392.3985
0.2340,0,44.2483,-18.8427,-40.0358,0.0000
0.2340,1,196.2003,0.0001,-196.2003,392.4008
0.2660,0,44.2706,-18.8236,-40.0694,0.0000
0.2660,1,196.1996,0.0000,-196.1996,392.3991
0.3000,0,44.2842,-18.8350,-40.0791,0.0000
0.3000,1,196.1996,0.0000,-196.1996,392.3990
0.3340,0,44.2970,-18.8403,-40.0908,0.0000
0.3340,1,196.1996,0.0000,-196.1996,392.3990
0.3700,0,44.3067,-18.8444,-40.0996,0.0000
0.3700,1,196.1996,0.0000,-196.1996,392.3990
0.3980,0,44.3124,-18.8467,-40.1047,0.0000
0.3980,1,196.1996,0.0000,-196.1996,392.3990
0.4300,0,44.3182,-18.8492,-40.1100,0.0000
0.4300,1,196.1996,0.0000,-196.1996,392.3990
0.4660,0,44.3223,-18.8509,-40.1137,0.0000
0.4660,1,196.1996,0.0000,-196.1996,392.3990
0.4980,0,44.3248,-18.8520,-40.1160,0.0000
0.4980,1,196.1996,0.0000,-196.1996,392.3990
0.5320,0,44.3277,-18.8532,-40.1186,0.0000
0.5320,1,196.1996,0.0000,-196.1996,392.3990
0.5620,0,44.3301,-18.8542,-40.1208,0.0000
0.5620,1,196.1996,0.0000,-196.1996,392.3990
0.5980,0,44.3301,-18.8542,-40.1208,0.0000
0.5980,1,196.1996,0.0000,-196.1996,392.3990
0.6320,0,44.3301,-18.8542,-40.1208,0.0000
0.6320,1,196.1996,0.0000,-196.1996,392.3989
0.6660,0,44.3301,-18.8542,-40.1208,0.0000
0.6660,1,196.1996,0.0000,-196.1996,392.3989
0.7000,0,44.3301,-18.8542,-40.1208,0.0000
0.7000,1,196.1996,0.0000,-196.1996,392.3990
0.7320,0,44.3301,-18.8542,-40.1208,0.0000
0.7320,1,196.1996,0.0000,-196.1996,392.3990
0.7660,0,44.3301,-18.8542,-40.1208,0.0000
0.7660,1,196.1996,0.0000,-196.1996,392.3989
0.7980,0,44.3301,-18.8542,-40.1208,0.0000
0.7980,1,196.1996,0.0000,-196.1996,392.3990
0.8320,0,44.3301,-18.8542,-40.1208,0.0000
0.8320,1,196.1996,0.0000,-196.1996,392.3989
0.8620,0,44.3301,-18.8542,-40.1208,0.0000
0.8620,1,196.1996,0.0000,-196.1996,392.3990
0.8960,0,44.3301,-18.8542,-40.1208,0.0000
0.8960,1,196.1996,0.0000,-196.1996,392.3989
0.9300,0,44.3301,-18.8542,-40.1208,0.0000
0.9300,1,196.1996,0.0000,-196.1996,392.3990
0.9640,0,44.3301,-18.8542,-40.1208,0.0000
0.9640,1,196.1996,0.0000,-196.1996,392.3989
0.9960,0,44.3301,-18.8542,-40.1208,0.0000
0.9960,1,196.1996,0.0000,-196.1996,392.3990
1.0300,0,44.3301,-18.8542,-40.1208,0.0000
1.0300,1,196.1996,0.0000,-196.1996,392.3990
1.0660,0,44.3301,-18.8542,-40.1208,0.0000
1.0660,1,196.1996,0.0000,-196.1996,392.3989
1.0980,0,44.3301,-18.8542,-40.1208,0.0000
1.0980,1,196.1996,0.0000,-196.1996,392.3989
1.1300,0,44.3301,-18.8542,-40.1208,0.0000
1.1300,1,196.1996,0.0000,-196.1996,392.3990
1.1640,0,44.3301,-18.8542,-40.1208,0.0000
1.1640,1,196.1996,0.0000,-196.1996,392.3990
1.1960,0,44.3301,-18.8542,-40.1208,0.0000
1.1960,1,196.1996,0.0000,-196.1996,392.3990
1.2300,0,44.3301,-18.8542,-40.1208,0.0000
1.2300,1,196.1996,0.0000,-196.1996,392.3990
1.2620,0,44.3301,-18.8542,-40.1208,0.0000
1.2620,1,196.1996,0.0000,-196.1996,392.3990
1.2980,0,44.3301,-18.8542,-40.1208,0.0000
1.2980,1,196.1996,0.0000,-196.1996,392.3990
1.3320,0,44.3301,-18.8542,-40.1208,0.0000
1.3320,1,196.1996,0.0000,-196.1996,392.3990
1.3620,0,44.3301,-18.8542,-40.1208,0.0000
1.3620,1,196.1996,0.0000,-196.1996,392.3990
1.3960,0,44.3301,-18.8542,-40.1208,0.0000
1.3960,1,196.1996,0.0000,-196.1996,392.3990
1.4300,0,44.3301,-18.8542,-40.1208,0.0000
1.4300,1,196.1996,0.0000,-196.1996,392.3990
1.4620,0,44.3301,-18.8542,-40.1208,0.0000
1.4620,1,196.1996,0.0000,-196.1996,392.3990
1.5000,0,44.3301,-18.8542,-40.1208,0.0000
1.5000,1,196.1996,0.0000,-196.1996,392.3990
1.5300,0,44.3301,-18.8542,-40.1208,0.0000
1.5300,1,196.1996,0.0000,-196.1996,392.3990
1.5620,0,44.3301,-18.8542,-40.1208,0.0000
1.5620,1,196.1996,0.0000,-196.1996,392.3990
1.5980,0,44.3301,-18.8542,-40.1208,0.0000
1.5980,1,196.1996,0.0000,-196.1996,392.3990
1.6300,0,44.3301,-18.8542,-40.1208,0.0000
1.6300,1,196.1996,0.0000,-196.1996,392.3990
1.6680,0,44.3301,-18.8542,-40.1208,0.0000
1.6680,1,196.1996,0.0000,-196.1996,392.3990
1.6960,0,44.3301,-18.8542,-40.1208,0.0000
1.6960,1,196.1996,0.0000,-196.1996,392.3990
1.7300,0,44.3301,-18.8542,-40.1208,0.0000
1.7300,1,196.1996,0.0000,-196.1996,392.3990
1.7620,0,44.3301,-18.8542,-40.1208,0.0000
1.7620,1,196.1996,0.0000,-196.1996,392.3990
1.7620,0,44.3301,-18.8542,-40.1208,0.0000
1.7620,1,196.1996,0.0000,-196.1996,392.3990
1.9340,0,44.3301,-18.8542,-40.1208,0.0000
1.9340,1,196.1996,0.0000,-196.1996,392.3990
1.9720,0,44.3301,-18.8542,-40.1208,0.0000
1.9720,1,196.1996,0.0000,-196.1996,392.3990
1.9880,0,44.3301,-18.8542,-40.1208,0.0000
1.9880,1,196.1996,0.0000,-196.1996,392.3990
2.0200,0,44.3301,-18.8542,-40.1208,0.0000
2.0200,1,196.1996,0.0000,-196.1996,392.3990
2.0540,0,44.3301,-18.8542,-40.1208,0.0000
2.0540,1,196.1996,0.0000,-196.1996,392.3989
2.0880,0,44.3301,-18.8542,-40.1208,0.0000
2.0880,1,196.1996,0.0000,-196.1996,392.3989
2.1200,0,44.3301,-18.8542,-40.1208,0.0000
2.1200,1,196.1996,0.0000,-196.1996,392.3990
2.1520,0,44.3301,-18.8542,-40.1208,0.0000
2.1520,1,196.1996,0.0000,-196.1996,392.3990
2.1860,0,44.3301,-18.8542,-40.1208,0.0000
2.1860,1,196.1996,0.0000,-196.1996,392.3990
2.2180,0,44.3301,-18.8542,-40.1208,0.0000
2.2180,1,196.1996,0.0000,-196.1996,392.3990
2.2520,0,44.3301,-18.8542,-40.1208,0.0000
2.2520,1,196.1996,0.0000,-196.1996,392.3990
2.2860,0,44.3301,-18.8542,-40.1208,0.0000
2.2860,1,196.1996,0.0000,-196.1996,392.3990
2.3200,0,44.3301,-18.8542,-40.1208,0.0000
2.3200,1,196.1996,0.0000,-196.1996,392.3990
2.3520,0,44.3301,-18.8542,-40.1208,0.0000
2.3520,1,196.1996,0.0000,-196.1996,392.3990
2.3840,0,44.3301,-18.8542,-40.1208,0.0000
2.3840,1,196.1996,0.0000,-196.1996,392.3990
2.4200,0,44.3301,-18.8542,-40.1208,0.0000
2.4200,1,196.1996,0.0000,-196.1996,392.3990
2.4500,0,44.3301,-18.8542,-40.1208,0.0000
2.4500,1,196.1996,0.0000,-196.1996,392.3990
2.4880,0,44.3301,-18.8542,-40.1208,0.0000
2.4880,1,196.1996,0.0000,-196.1996,392.3989
2.5180,0,44.3301,-18.8542,-40.1208,0.0000
2.5180,1,196.1996,0.0000,-196.1996,392.3990
2.5520,0,44.3301,-18.8542,-40.1208,0.0000
2.5520,1,196.1996,0.0000,-196.1996,392.3990
2.5860,0,44.3301,-18.8542,-40.1208,0.0000
2.5860,1,196.1996,0.0000,-196.1996,392.3990
2.6160,0,44.3301,-18.8542,-40.1208,0.0000
2.6160,1,196.1996,0.0000,-196.1996,392.3990
2.6500,0,44.3301,-18.8542,-40.1208,0.0000
2.6500,1,196.1996,0.0000,-196.1996,392.3989
2.6840,0,44.3302,-18.8542,-40.1208,0.0000
2.6840,1,196.1996,0.0000,-196.1996,392.3990
2.7180,0,44.3302,-18.8542,-40.1208,0.0000
2.7180,1,196.1996,0.0000,-196.1996,392.3990
2.7520,0,44.3302,-18.8542,-40.1208,0.0000
2.7520,1,196.1996,0.0000,-196.1996,392.3990
2.7840,0,44.3301,-18.8542,-40.1208,0.0000
2.7840,1,196.1996,0.0000,-196.1996,392.3990
2.8180,0,44.3301,-18.8542,-40.1208,0.0000
2.8180,1,196.1996,0.0000,-196.1996,392.3990
2.8520,0,44.3301,-18.8542,-40.1208,0.0000
2.8520,1,196.1996,0.0000,-196.1996,392.3990
2.8860,0,44.3301,-18.8542,-40.1208,0.0000
2.8860,1,196.1996,0.0000,-196.1996,392.3990
2.9200,0,44.3301,-18.8542,-40.1208,0.0000
2.9200,1,196.1996,0.0000,-196.1996,392.3990
2.9500,0,44.3301,-18.8542,-40.1208,0.0000
2.9500,1,196.1996,0.0000,-196.1996,392.3990
2.9880,0,44.3302,-18.8542,-40.1208,0.0000
2.9880,1,196.1996,0.0000,-196.1996,392.3990
3.0200,0,44.3302,-18.8542,-40.1208,0.0000
3.0200,1,196.1996,0.0000,-196.1996,392.3990
3.0540,0,44.3302,-18.8542,-40.1208,0.0000
3.0540,1,196.1996,0.0000,-196.1996,392.3990
3.0880,0,44.3301,-18.8542,-40.1208,0.0000
3.0880,1,196.1996,0.0000,-196.1996,392.3990
3.1220,0,44.3301,-18.8542,-40.1208,0.0000
3.1220,1,196.1996,0.0000,-196.1996,392.3989
3.1540,0,44.3301,-18.8542,-40.1208,0.0000
3.1540,1,196.1996,0.0000,-196.1996,392.3990
3.1860,0,44.3302,-18.8542,-40.1208,0.0000
3.1860,1,196.1996,0.0000,-196.1996,392.3990
3.2200,0,44.3301,-18.8542,-40.1208,0.0000
3.2200,1,196.1996,0.0000,-196.1996,392.3989
3.2520,0,44.3301,-18.8542,-40.1208,0.0000
3.2520,1,196.1996,0.0000,-196.1996,392.3989
3.2860,0,44.3301,-18.8542,-40.1208,0.0000
3.2860,1,196.1996,0.0000,-196.1996,392.3990
3.3200,0,44.3301,-18.8542,-40.1208,0.0000
3.3200,1,196.1996,0.0000,-196.1996,392.3990
3.3500,0,44.3301,-18.8542,-40.1208,0.0000
3.3500,1,196.1996,0.0000,-196.1996,392.3990
3.3840,0,44.3301,-18.8542,-40.1208,0.0000
3.3840,1,196.1996,0.0000,-196.1996,392.3990
3.4180,0,44.3301,-18.8542,-40.1208,0.0000
3.4180,1,196.1996,0.0000,-196.1996,392.3990
3.4500,0,44.3302,-18.8542,-40.1208,0.0000
3.4500,1,196.1996,0.0000,-196.1996,392.3990
3.4880,0,44.3302,-18.8542,-40.1208,0.0000
3.4880,1,196.1996,0.0000,-196.1996,392.3989
3.5200,0,44.3302,-18.8542,-40.1208,0.0000
3.5200,1,196.1996,0.0000,-196.1996,392.3989
3.5540,0,44.3302,-18.8542,-40.1208,0.0000
3.5540,1,196.1996,0.0000,-196.1996,392.3990
3.5900,0,44.3302,-18.8542,-40.1208,0.0000
3.5900,1,196.1996,0.0000,-196.1996,392.3990
3.6240,0,44.3302,-18.8542,-40.1208,0.0000
3.6240,1,196.1996,0.0000,-196.1996,392.3990
3.6540,0,44.3302,-18.8542,-40.1208,0.0000
3.6540,1,196.1996,0.0000,-196.1996,392.3990
3.6880,0,44.3301,-18.8542,-40.1208,0.0000
3.6880,1,196.1996,0.0000,-196.1996,392.3989
3.7200,0,44.3301,-18.8542,-40.1208,0.0000
3.7200,1,196.1996,0.0000,-196.1996,392.3990
3.7540,0,44.3302,-18.8542,-40.1208,0.0000
3.7540,1,196.1996,0.0000,-196.1996,392.3989
3.7900,0,44.3301,-18.8542,-40.1208,0.0000
3.7900,1,196.1996,0.0000,-196.1996,392.3990
3.8180,0,44.3301,-18.8542,-40.1208,0.0000
3.8180,1,196.1996,0.0000,-196.1996,392.3990
3.8520,0,44.3301,-18.8542,-40.1208,0.0000
3.8520,1,196.1996,0.0000,-196.1996,392.3990
3.8860,0,44.3301,-18.8542,-40.1208,0.0000
3.8860,1,196.1996,0.0000,-196.1996,392.3990
3.9180,0,44.3301,-18.8542,-40.1208,0.0000
3.9180,1,196.1996,0.0000,-196.1996,392.3990
3.9520,0,44.3301,-18.8542,-40.1208,0.0000
3.9520,1,196.1996,0.0000,-196.1996,392.3990
3.9860,0,44.3302,-18.8542,-40.1208,0.0000
3.9860,1,196.1996,0.0000,-196.1996,392.3990
4.0180,0,44.3301,-18.8542,-40.1208,0.0000
4.0180,1,196.1996,0.0000,-196.1996,392.3990
4.0540,0,44.3301,-18.8542,-40.1208,0.0000
4.0540,1,196.1996,0.0000,-196.1996,392.3990
4.0860,0,44.3301,-18.8542,-40.1208,0.0000
4.0860,1,196.1996,0.0000,-196.1996,392.3990
4.1180,0,44.3302,-18.8542,-40.1208,0.0000
4.1180,1,196.1996,0.0000,-196.1996,392.3990
4.1520,0,44.3302,-18.8542,-40.1208,0.0000
4.1520,1,196.1996,0.0000,-196.1996,392.3990
4.1840,0,44.3302,-18.8542,-40.1208,0.0000
4.1840,1,196.1996,0.0000,-196.1996,392.3990
4.2200,0,44.3302,-18.8542,-40.1208,0.0000
4.2200,1,196.1996,0.0000,-196.1996,392.3990
4.2520,0,44.3302,-18.8542,-40.1208,0.0000
4.2520,1,196.1996,0.0000,-196.1996,392.3989
4.2860,0,44.3302,-18.8542,-40.1208,0.0000
4.2860,1,196.1996,0.0000,-196.1996,392.3989
4.3180,0,44.3302,-18.8542,-40.1208,0.0000
4.3180,1,196.1996,0.0000,-196.1996,392.3989
4.3520,0,44.3302,-18.8542,-40.1208,0.0000
4.3520,1,196.1996,0.0000,-196.1996,392.3989
4.3860,0,44.3302,-18.8542,-40.1208,0.0000
4.3860,1,196.1996,0.0000,-196.1996,392.3989
4.4200,0,44.3301,-18.8542,-40.1208,0.0000
4.4200,1,196.1996,0.0000,-196.1996,392.3989
4.4520,0,44.3301,-18.8542,-40.1208,0.0000
4.4520,1,196.1996,0.0000,-196.1996,392.3989
4.4900,0,44.3301,-18.8542,-40.1208,0.0000
4.4900,1,196.1996,0.0000,-196.1996,392.3990
4.5240,0,44.3301,-18.8542,-40.1208,0.0000
4.5240,1,196.1996,0.0000,-196.1996,392.3989
4.5520,0,44.3302,-18.8542,-40.1208,0.0000
4.5520,1,196.1996,0.0000,-196.1996,392.3989
4.5840,0,44.3301,-18.8542,-40.1208,0.0000
4.5840,1,196.1996,0.0000,-196.1996,392.3990
4.6200,0,44.3301,-18.8542,-40.1208,0.0000
4.6200,1,196.1996,0.0000,-196.1996,392.3990
4.6560,0,44.3302,-18.8542,-40.1208,0.0000
4.6560,1,196.1996,0.0000,-196.1996,392.3989
4.6860,0,44.3302,-18.8542,-40.1208,0.0000
4.6860,1,196.1996,0.0000,-196.1996,392.3990
4.7180,0,44.3302,-18.8542,-40.1208,0.0000
4.7180,1,196.1996,0.0000,-196.1996,392.3990
4.7520,0,44.3302,-18.8542,-40.1208,0.0000
4.7520,1,196.1996,0.0000,-196.1996,392.3990
4.7860,0,44.3301,-18.8542,-40.1208,0.0000
4.7860,1,196.1996,0.0000,-196.1996,392.3990
4.8180,0,44.3302,-18.8542,-40.1208,0.0000
4.8180,1,196.1996,0.0000,-196.1996,392.3990
4.8520,0,44.3302,-18.8542,-40.1208,0.0000
4.8520,1,196.1996,0.0000,-196.1996,392.3989
4.8860,0,44.3302,-18.8542,-40.1208,0.0000
4.8860,1,196.1996,0.0000,-196.1996,392.3990
4.9180,0,44.3302,-18.8542,-40.1208,0.0000
4.9180,1,196.1996,0.0000,-196.1996,392.3989
4.9520,0,44.3302,-18.8542,-40.1208,0.0000
4.9520,1,196.1996,0.0000,-196.1996,392.3989
4.9820,0,44.3302,-18.8542,-40.1208,0.0000
4.9820,1,196.1996,0.0000,-196.1996,392.3990
5.0200,0,44.3302,-18.8542,-40.1208,0.0000
5.0200,1,196.1996,0.0000,-196.1996,392.3990
5.0520,0,44.3302,-18.8542,-40.1208,0.0000
5.0520,1,196.1996,0.0000,-196.1996,392.3990
5.0860,0,44.3302,-18.8542,-40.1208,0.0000
5.0860,1,196.1996,0.0000,-196.1996,392.3990
5.1180,0,44.3302,-18.8542,-40.1208,0.0000
5.1180,1,196.1996,0.0000,-196.1996,392.3990
5.1540,0,44.3302,-18.8542,-40.1208,0.0000
5.1540,1,196.1996,0.0000,-196.1996,392.3990
5.1880,0,44.3302,-18.8542,-40.1208,0.0000
5.1880,1,196.1996,0.0000,-196.1996,392.3990
5.2240,0,44.3302,-18.8542,-40.1208,0.0000
5.2240,1,196.1996,0.0000,-196.1996,392.3990
5.2540,0,44.3302,-18.8542,-40.1208,0.0000
5.2540,1,196.1996,0.0000,-196.1996,392.3990
5.2840,0,44.3302,-18.8542,-40.1208,0.0000
5.2840,1,196.1996,0.0000,-196.1996,392.3990
5.3180,0,44.3302,-18.8542,-40.1208,0.0000
5.3180,1,196.1996,0.0000,-196.1996,392.3989
5.3500,0,44.3302,-18.8542,-40.1208,0.0000
5.3500,1,196.1996,0.0000,-196.1996,392.3990
5.3860,0,44.3302,-18.8542,-40.1208,0.0000
5.3860,1,196.1996,0.0000,-196.1996,392.3990
5.4200,0,44.3302,-18.8542,-40.1208,0.0000
5.4200,1,196.1996,0.0000,-196.1996,392.3989
5.4540,0,44.3302,-18.8542,-40.1208,0.0000
5.4540,1,196.1996,0.0000,-196.1996,392.3990
5.4860,0,44.3302,-18.8542,-40.1208,0.0000
5.4860,1,196.1996,0.0000,-196.1996,392.3990
5.5200,0,44.3302,-18.8542,-40.1208,0.0000
5.5200,1,196.1996,0.0000,-196.1996,392.3990
5.5540,0,44.3302,-18.8542,-40.1208,0.0000
5.5540,1,196.1996,0.0000,-196.1996,392.3989
5.5860,0,44.3302,-18.8542,-40.1208,0.0000
5.5860,1,196.1996,0.0000,-196.1996,392.3990
5.6200,0,44.3302,-18.8542,-40.1208,0.0000
5.6200,1,196.1996,0.0000,-196.1996,392.3990
5.6540,0,44.3302,-18.8542,-40.1208,0.0000
5.6540,1,196.1996,0.0000,-196.1996,392.3990
5.6880,0,44.3302,-18.8542,-40.1208,0.0000
5.6880,1,196.1996,0.0000,-196.1996,392.3990
5.7200,0,44.3302,-18.8542,-40.1208,0.0000
5.7200,1,196.1996,0.0000,-196.1996,392.3990
5.7520,0,44.3302,-18.8542,-40.1208,0.0000
5.7520,1,196.1996,0.0000,-196.1996,392.3990
5.7880,0,44.3302,-18.8542,-40.1208,0.0000
5.7880,1,196.1996,0.0000,-196.1996,392.3989
5.8220,0,44.3302,-18.8542,-40.1208,0.0000
5.8220,1,196.1996,0.0000,-196.1996,392.3989
5.8520,0,44.3302,-18.8542,-40.1208,0.0000
5.8520,1,196.1996,0.0000,-196.1996,392.3989
5.8860,0,44.3302,-18.8542,-40.1208,0.0000
5.8860,1,196.1996,0.0000,-196.1996,392.3989
5.9180,0,44.3302,-18.8542,-40.1208,0.0000
5.9180,1,196.1996,0.0000,-196.1996,392.3990
5.9520,0,44.3302,-18.8542,-40.1208,0.0000
5.9520,1,196.1996,0.0000,-196.1996,392.3990
5.9880,0,44.3302,-18.8542,-40.1208,0.0000
5.9880,1,196.1996,0.0000,-196.1996,392.3990
6.0180,0,44.3302,-18.8542,-40.1208,0.0000
6.0180,1,196.1996,0.0000,-196.1996,392.3990
6.0520,0,44.3302,-18.8542,-40.1208,0.0000
6.0520,1,196.1996,0.0000,-196.1996,392.3990
6.0880,0,44.3302,-18.8542,-40.1208,0.0000
6.0880,1,196.1996,0.0000,-196.1996,392.3989
6.1200,0,44.3302,-18.8542,-40.1208,0.0000
6.1200,1,196.1996,0.0000,-196.1996,392.3990
6.1300,0,44.3302,-18.8542,-40.1208,0.0000
6.1300,1,196.1996,0.0000,-196.1996,392.3990
6.1520,0,44.3302,-18.8542,-40.1208,0.0000
6.1520,1,196.1996,0.0000,-196.1996,392.3990
6.1880,0,44.3302,-18.8542,-40.1208,0.0000
6.1880,1,196.1996,0.0000,-196.1996,392.3990
6.2220,0,44.3302,-18.8542,-40.1208,0.0000
6.2220,1,196.1996,0.0000,-196.1996,392.3990
6.2520,0,44.3302,-18.8542,-40.1208,0.0000
6.2520,1,196.1996,0.0000,-196.1996,392.3990
6.2880,0,44.3302,-18.8542,-40.1208,0.0000
6.2880,1,196.1996,0.0000,-196.1996,392.3990
6.3180,0,44.3302,-18.8542,-40.1208,0.0000
6.3180,1,196.1996,0.0000,-196.1996,392.3990
6.3520,0,44.3302,-18.8542,-40.1208,0.0000
6.3520,1,196.1996,0.0000,-196.1996,392.3990
6.3840,0,44.3302,-18.8542,-40.1208,0.0000
6.3840,1,196.1996,0.0000,-196.1996,392.3990
6.4180,0,44.3302,-18.8542,-40.1208,0.0000
6.4180,1,196.1996,0.0000,-196.1996,392.3990
6.4500,0,44.3302,-18.8542,-40.1208,0.0000
6.4500,1,196.1996,0.0000,-196.1996,392.3990
6.4860,0,44.3302,-18.8542,-40.1208,0.0000
6.4860,1,196.1996,0.0000,-196.1996,392.3990
6.5180,0,44.3302,-18.8542,-40.1208,0.0000
6.5180,1,196.1996,0.0000,-196.1996,392.3990
6.5500,0,44.3302,-18.8542,-40.1208,0.0000
6.5500,1,196.1996,0.0000,-196.1996,392.3990
6.5880,0,44.3302,-18.8542,-40.1208,0.0000
6.5880,1,196.1996,0.0000,-196.1996,392.3990
6.6200,0,44.3302,-18.8542,-40.1208,0.0000
6.6200,1,196.1996,0.0000,-196.1996,392.3990
6.6520,0,44.3302,-18.8542,-40.1208,0.0000
6.6520,1,196.1996,0.0000,-196.1996,392.3990
6.6860,0,44.3302,-18.8542,-40.1208,0.0000
6.6860,1,196.1996,0.0000,-196.1996,392.3990
6.7180,0,44.3302,-18.8542,-40.1208,0.0000
6.7180,1,196.1996,0.0000,-196.1996,392.3989
6.7540,0,44.3302,-18.8542,-40.1208,0.0000
6.7540,1,196.1996,0.0000,-196.1996,392.3989
6.7840,0,44.3302,-18.8542,-40.1208,0.0000
6.7840,1,196.1996,0.0000,-196.1996,392.3990
6.8220,0,44.3302,-18.8542,-40.1208,0.0000
6.8220,1,196.1996,0.0000,-196.1996,392.3990
6.8520,0,44.3302,-18.8542,-40.1208,0.0000
6.8520,1,196.1996,0.0000,-196.1996,392.3990
6.8840,0,44.3302,-18.8542,-40.1208,0.0000
6.8840,1,196.1996,0.0000,-196.1996,392.3990
6.9180,0,44.3302,-18.8542,-40.1208,0.0000
6.9180,1,196.1996,0.0000,-196.1996,392.3990
6.9540,0,44.3302,-18.8542,-40.1208,0.0000
6.9540,1,196.1996,0.0000,-196.1996,392.3990
6.9880,0,44.3302,-18.8542,-40.1208,0.0000
6.9880,1,196.1996,0.0000,-196.1996,392.3990
7.0180,0,44.3302,-18.8542,-40.1208,0.0000
7.0180,1,196.1996,0.0000,-196.1996,392.3989
7.0520,0,44.3302,-18.8542,-40.1208,0.0000
7.0520,1,196.1996,0.0000,-196.1996,392.3990
7.0880,0,44.3302,-18.8542,-40.1208,0.0000
7.0880,1,196.1996,0.0000,-196.1996,392.3990
7.1200,0,44.3302,-18.8542,-40.1208,0.0000
7.1200,1,196.1996,0.0000,-196.1996,392.3990
7.1540,0,44.3302,-18.8542,-40.1208,0.0000
7.1540,1,196.1996,0.0000,-196.1996,392.3990
7.1860,0,44.3302,-18.8542,-40.1208,0.0000
7.1860,1,196.1996,0.0000,-196.1996,392.3990
7.2180,0,44.3302,-18.8542,-40.1208,0.0000
7.2180,1,196.1996,0.0000,-196.1996,392.3990
7.2540,0,44.3302,-18.8542,-40.1208,0.0000
7.2540,1,196.1996,0.0000,-196.1996,392.3990
7.2880,0,44.3302,-18.8542,-40.1208,0.0000
7.2880,1,196.1996,0.0000,-196.1996,392.3990
7.3200,0,44.3302,-18.8542,-40.1208,0.0000
7.3200,1,196.1996,0.0000,-196.1996,392.3990
7.3540,0,44.3302,-18.8542,-40.1208,0.0000
7.3540,1,196.1996,0.0000,-196.1996,392.3990
7.3880,0,44.3302,-18.8542,-40.1208,0.0000
7.3880,1,196.1996,0.0000,-196.1996,392.3990
7.4180,0,44.3302,-18.8542,-40.1208,0.0000
7.4180,1,196.1996,0.0000,-196.1996,392.3990
7.4520,0,44.3302,-18.8542,-40.1208,0.0000
7.4520,1,196.1996,0.0000,-196.1996,392.3990
7.4840,0,44.3302,-18.8542,-40.1208,0.0000
7.4840,1,196.1996,0.0000,-196.1996,392.3990
7.5160,0,44.3302,-18.8542,-40.1208,0.0000
7.5160,1,196.1996,0.0000,-196.1996,392.3990
7.5500,0,44.3302,-18.8542,-40.1208,0.0000
7.5500,1,196.1996,0.0000,-196.1996,392.3990
7.5860,0,44.3302,-18.8542,-40.1208,0.0000
7.5860,1,196.1996,0.0000,-196.1996,392.3990
7.6200,0,44.3302,-18.8542,-40.1208,0.0000
7.6200,1,196.1996,0.0000,-196.1996,392.3990
7.6500,0,44.3302,-18.8542,-40.1208,0.0000
7.6500,1,196.1996,0.0000,-196.1996,392.3990
7.6840,0,44.3302,-18.8542,-40.1208,0.0000
7.6840,1,196.1996,0.0000,-196.1996,392.3990
7.7180,0,44.3302,-18.8542,-40.1208,0.0000
7.7180,1,196.1996,0.0000,-196.1996,392.3990
7.7540,0,44.3302,-18.8542,-40.1208,0.0000
7.7540,1,196.1996,0.0000,-196.1996,392.3990
7.7840,0,44.3302,-18.8542,-40.1208,0.0000
7.7840,1,196.1996,0.0000,-196.1996,392.3990
7.8200,0,44.3302,-18.8542,-40.1208,0.0000
7.8200,1,196.1996,0.0000,-196.1996,392.3989
7.8520,0,44.3302,-18.8542,-40.1208,0.0000
7.8520,1,196.1996,0.0000,-196.1996,392.3990
7.8860,0,44.3302,-18.8542,-40.1208,0.0000
7.8860,1,196.1996,0.0000,-196.1996,392.3989
7.9200,0,44.3302,-18.8542,-40.1208,0.0000
7.9200,1,196.1996,0.0000,-196.1996,392.3989
7.9500,0,44.3302,-18.8542,-40.1208,0.0000
7.9500,1,196.1996,0.0000,-196.1996,392.3990
7.9860,0,44.3302,-18.8542,-40.1208,0.0000
7.9860,1,196.1996,0.0000,-196.1996,392.3990
8.0180,0,44.3302,-18.8542,-40.1208,0.0000
8.0180,1,196.1996,0.0000,-196.1996,392.3990
8.0540,0,44.3302,-18.8542,-40.1208,0.0000
8.0540,1,196.1996,0.0000,-196.1996,392.3989
8.0840,0,44.3302,-18.8542,-40.1208,0.0000
8.0840,1,196.1996,0.0000,-196.1996,392.3989
8.1180,0,44.3302,-18.8542,-40.1208,0.0000
8.1180,1,196.1996,0.0000,-196.1996,392.3989
8.1520,0,44.3302,-18.8542,-40.1208,0.0000
8.1520,1,196.1996,0.0000,-196.1996,392.3990
8.1860,0,44.3302,-18.8542,-40.1208,0.0000
8.1860,1,196.1996,0.0000,-196.1996,392.3989
8.2180,0,44.3302,-18.8542,-40.1208,0.0000
8.2180,1,196.1996,0.0000,-196.1996,392.3989
8.2900,0,44.3302,-18.8542,-40.1208,0.0000
8.2900,1,196.1996,0.0000,-196.1996,392.3989
8.3800,0,44.3302,-18.8542,-40.1208,0.0000
8.3800,1,196.1996,0.0000,-196.1996,392.3990
8.4540,0,44.3302,-18.8542,-40.1208,0.0000
8.4540,1,196.1996,0.0000,-196.1996,392.3990
8.5460,0,44.3302,-18.8542,-40.1208,0.0000
8.5460,1,196.1996,0.0000,-196.1996,392.3990
8.6400,0,44.3302,-18.8542,-40.1208,0.0000
8.6400,1,196.1996,0.0000,-196.1996,392.3990
8.7300,0,44.3302,-18.8542,-40.1208,0.0000
8.7300,1,196.1996,0.0000,-196.1996,392.3990
8.8080,0,44.3302,-18.8542,-40.1208,0.0000
8.8080,1,196.1996,0.0000,-196.1996,392.3990
8.8200,0,44.3302,-18.8542,-40.1208,0.0000
8.8200,1,196.1996,0.0000,-196.1996,392.3990
8.8540,0,44.3302,-18.8542,-40.1208,0.0000
8.8540,1,196.1996,0.0000,-196.1996,392.3990
8.8860,0,44.3302,-18.8542,-40.1208,0.0000
8.8860,1,196.1996,0.0000,-196.1996,392.3990
8.9220,0,44.3302,-18.8542,-40.1208,0.0000
8.9220,1,196.1996,0.0000,-196.1996,392.3990
8.9520,0,44.3302,-18.8542,-40.1208,0.0000
8.9520,1,196.1996,0.0000,-196.1996,392.3990
8.9860,0,44.3302,-18.8542,-40.1208,0.0000
8.9860,1,196.1996,0.0000,-196.1996,392.3990
9.0220,0,44.3302,-18.8542,-40.1208,0.0000
9.0220,1,196.1996,0.0000,-196.1996,392.3989
9.0540,0,44.3302,-18.8542,-40.1208,0.0000
9.0540,1,196.1996,0.0000,-196.1996,392.3990
9.0880,0,44.3302,-18.8542,-40.1208,0.0000
9.0880,1,196.1996,0.0000,-196.1996,392.3990
9.1180,0,44.3302,-18.8542,-40.1208,0.0000
9.1180,1,196.1996,0.0000,-196.1996,392.3990
9.1560,0,44.3302,-18.8542,-40.1208,0.0000
9.1560,1,196.1996,0.0000,-196.1996,392.3989
9.1880,0,44.3302,-18.8542,-40.1208,0.0000
9.1880,1,196.1996,0.0000,-196.1996,392.3990
9.2200,0,44.3302,-18.8542,-40.1208,0.0000
9.2200,1,196.1996,0.0000,-196.1996,392.3990
9.2500,0,44.3302,-18.8542,-40.1208,0.0000
9.2500,1,196.1996,0.0000,-196.1996,392.3990
9.2880,0,44.3302,-18.8542,-40.1208,0.0000
9.2880,1,196.1996,0.0000,-196.1996,392.3989
9.3200,0,44.3302,-18.8542,-40.1208,0.0000
9.3200,1,196.1996,0.0000,-196.1996,392.3989
9.3520,0,44.3302,-18.8542,-40.1208,0.0000
9.3520,1,196.1996,0.0000,-196.1996,392.3989
9.3840,0,44.3302,-18.8542,-40.1208,0.0000
9.3840,1,196.1996,0.0000,-196.1996,392.3989
9.4180,0,44.3302,-18.8542,-40.1208,0.0000
9.4180,1,196.1996,0.0000,-196.1996,392.3990
9.4520,0,44.3302,-18.8542,-40.1208,0.0000
9.4520,1,196.1996,0.0000,-196.1996,392.3989
9.4840,0,44.3302,-18.8542,-40.1208,0.0000
9.4840,1,196.1996,0.0000,-196.1996,392.3989
9.5220,0,44.3302,-18.8542,-40.1208,0.0000
9.5220,1,196.1996,0.0000,-196.1996,392.3990
9.5500,0,44.3302,-18.8542,-40.1208,0.0000
9.5500,1,196.1996,0.0000,-196.1996,392.3990
9.5860,0,44.3302,-18.8542,-40.1208,0.0000
9.5860,1,196.1996,0.0000,-196.1996,392.3990
9.6180,0,44.3302,-18.8542,-40.1208,0.0000
9.6180,1,196.1996,0.0000,-196.1996,392.3990
9.6500,0,44.3302,-18.8542,-40.1208,0.0000
9.6500,1,196.1996,0.0000,-196.1996,392.3990
9.6840,0,44.3302,-18.8542,-40.1208,0.0000
9.6840,1,196.1996,0.0000,-196.1996,392.3989
9.7160,0,44.3302,-18.8542,-40.1208,0.0000
9.7160,1,196.1996,0.0000,-196.1996,392.3989
9.7500,0,44.3302,-18.8542,-40.1208,0.0000
9.7500,1,196.1996,0.0000,-196.1996,392.3989
9.7840,0,44.3302,-18.8542,-40.1208,0.0000
9.7840,1,196.1996,0.0000,-196.1996,392.3990
9.8180,0,44.3302,-18.8542,-40.1208,0.0000
9.8180,1,196.1996,0.0000,-196.1996,392.3990
9.8500,0,44.3302,-18.8542,-40.1208,0.0000
9.8500,1,196.1996,0.0000,-196.1996,392.3990
9.8860,0,44.3302,-18.8542,-40.1208,0.0000
9.8860,1,196.1996,0.0000,-196.1996,392.3990
9.9160,0,44.3302,-18.8542,-40.1208,0.0000
9.9160,1,196.1996,0.0000,-196.1996,392.3990
9.9520,0,44.3302,-18.8542,-40.1208,0.0000
9.9520,1,196.1996,0.0000,-196.1996,392.3990
9.9860,0,44.3302,-18.8542,-40.1208,0.0000
9.9860,1,196.1996,0.0000,-196.1996,392.3990
10.0180,0,44.3302,-18.8542,-40.1208,0.0000
10.0180,1,196.1996,0.0000,-196.1996,392.3990
10.0500,0,44.3302,-18.8542,-40.1208,0.0000
10.0500,1,196.1996,0.0000,-196.1996,392.3990
10.0820,0,44.3302,-18.8542,-40.1208,0.0000
10.0820,1,196.1996,0.0000,-196.1996,392.3990
10.1200,0,44.3302,-18.8542,-40.1208,0.0000
10.1200,1,196.1996,0.0000,-196.1996,392.3990
10.1500,0,44.3302,-18.8542,-40.1208,0.0000
10.1500,1,196.1996,0.0000,-196.1996,392.3990
10.1840,0,44.3302,-18.8542,-40.1208,0.0000
10.1840,1,196.1996,0.0000,-196.1996,392.3990
10.2180,0,44.3302,-18.8542,-40.1208,0.0000
10.2180,1,196.1996,0.0000,-196.1996,392.3989
10.2520,0,44.3302,-18.8542,-40.1208,0.0000
10.2520,1,196.1996,0.0000,-196.1996,392.3989
10.2820,0,44.3302,-18.8542,-40.1208,0.0000
10.2820,1,196.1996,0.0000,-196.1996,392.3990
10.3180,0,44.3302,-18.8542,-40.1208,0.0000
10.3180,1,196.1996,0.0000,-196.1996,392.3990
10.3520,0,44.3302,-18.8542,-40.1208,0.0000
10.3520,1,196.1996,0.0000,-196.1996,392.3989
10.3860,0,44.3302,-18.8542,-40.1208,0.0000
10.3860,1,196.1996,0.0000,-196.1996,392.3989
10.4160,0,44.3302,-18.8542,-40.1208,0.0000
10.4160,1,196.1996,0.0000,-196.1996,392.3990
10.4520,0,44.3302,-18.8542,-40.1208,0.0000
10.4520,1,196.1996,0.0000,-196.1996,392.3989
10.4840,0,44.3302,-18.8542,-40.1209,0.0000
10.4840,1,196.1996,0.0000,-196.1996,392.3989
10.5160,0,44.3302,-18.8542,-40.1208,0.0000
10.5160,1,196.1996,0.0000,-196.1996,392.3990
10.5480,0,44.3302,-18.8542,-40.1208,0.0000
10.5480,1,196.1996,0.0000,-196.1996,392.3990
10.5840,0,44.3302,-18.8542,-40.1208,0.0000
10.5840,1,196.1996,0.0000,-196.1996,392.3990
10.6180,0,44.3302,-18.8542,-40.1209,0.0000
10.6180,1,196.1996,0.0000,-196.1996,392.3989
10.6480,0,44.3302,-18.8542,-40.1208,0.0000
10.6480,1,196.1996,0.0000,-196.1996,392.3989
10.6860,0,44.3302,-18.8542,-40.1208,0.0000
10.6860,1,196.1996,0.0000,-196.1996,392.3989
10.7180,0,44.3302,-18.8542,-40.1208,0.0000
10.7180,1,196.1996,0.0000,-196.1996,392.3990
10.7500,0,44.3302,-18.8542,-40.1208,0.0000
10.7500,1,196.1996,0.0000,-196.1996,392.3990
10.7840,0,44.3302,-18.8542,-40.1208,0.0000
10.7840,1,196.1996,0.0000,-196.1996,392.3990
10.8160,0,44.3302,-18.8542,-40.1208,0.0000
10.8160,1,196.1996,0.0000,-196.1996,392.3990
10.8520,0,44.3302,-18.8542,-40.1209,0.0000
10.8520,1,196.1996,0.0000,-196.1996,392.3989
10.8840,0,44.3302,-18.8542,-40.1209,0.0000
10.8840,1,196.1996,0.0000,-196.1996,392.3989
10.9180,0,44.3302,-18.8542,-40.1209,0.0000
10.9180,1,196.1996,0.0000,-196.1996,392.3989
10.9520,0,44.3302,-18.8542,-40.1209,0.0000
10.9520,1,196.1996,0.0000,-196.1996,392.3990
10.9860,0,44.3302,-18.8542,-40.1208,0.0000
10.9860,1,196.1996,0.0000,-196.1996,392.3990
11.0180,0,44.3302,-18.8542,-40.1209,0.0000
11.0180,1,196.1996,0.0000,-196.1996,392.3990
11.0500,0,44.3302,-18.8542,-40.1209,0.0000
11.0500,1,196.1996,0.0000,-196.1996,392.3990
11.0840,0,44.3302,-18.8542,-40.1209,0.0000
11.0840,1,196.1996,0.0000,-196.1996,392.3990
11.1180,0,44.3302,-18.8542,-40.1208,0.0000
11.1180,1,196.1996,0.0000,-196.1996,392.3989
11.1500,0,44.3302,-18.8542,-40.1209,0.0000
11.1500,1,196.1996,0.0000,-196.1996,392.3990
11.1840,0,44.3302,-18.8542,-40.1209,0.0000
11.1840,1,196.1996,0.0000,-196.1996,392.3990
11.2180,0,44.3302,-18.8542,-40.1209,0.0000
11.2180,1,196.1996,0.0000,-196.1996,392.3990
11.2520,0,44.3302,-18.8542,-40.1209,0.0000
11.2520,1,196.1996,0.0000,-196.1996,392.3990
11.2840,0,44.3302,-18.8542,-40.1209,0.0000
11.2840,1,196.1996,0.0000,-196.1996,392.3990
11.3180,0,44.3302,-18.8542,-40.1209,0.0000
11.3180,1,196.1996,0.0000,-196.1996,392.3990
11.3500,0,44.3302,-18.8542,-40.1209,0.0000
11.3500,1,196.1996,0.0000,-196.1996,392.3990
11.3840,0,44.3302,-18.8542,-40.1209,0.0000
11.3840,1,196.1996,0.0000,-196.1996,392.3990
11.4160,0,44.3302,-18.8542,-40.1209,0.0000
11.4160,1,196.1996,0.0000,-196.1996,392.3990
11.4500,0,44.3302,-18.8542,-40.1209,0.0000
11.4500,1,196.1996,0.0000,-196.1996,392.3989
11.4860,0,44.3302,-18.8542,-40.1209,0.0000
11.4860,1,196.1996,0.0000,-196.1996,392.3990
11.5180,0,44.3302,-18.8542,-40.1209,0.0000
11.5180,1,196.1996,0.0000,-196.1996,392.3989
11.5500,0,44.3302,-18.8542,-40.1209,0.0000
11.5500,1,196.1996,0.0000,-196.1996,392.3989
11.5820,0,44.3302,-18.8542,-40.1209,0.0000
11.5820,1,196.1996,0.0000,-196.1996,392.3989
11.6180,0,44.3302,-18.8542,-40.1209,0.0000
11.6180,1,196.1996,0.0000,-196.1996,392.3990
11.6520,0,44.3302,-18.8542,-40.1209,0.0000
11.6520,1,196.1996,0.0000,-196.1996,392.3990
11.6840,0,44.3302,-18.8542,-40.1209,0.0000
11.6840,1,196.1996,0.0000,-196.1996,392.3990
11.7160,0,44.3302,-18.8542,-40.1209,0.0000
11.7160,1,196.1996,0.0000,-196.1996,392.3989
11.7500,0,44.3302,-18.8542,-40.1209,0.0000
11.7500,1,196.1996,0.0000,-196.1996,392.3990
11.7820,0,44.3302,-18.8542,-40.1209,0.0000
11.7820,1,196.1996,0.0000,-196.1996,392.3990
11.8180,0,44.3302,-18.8542,-40.1209,0.0000
11.8180,1,196.1996,0.0000,-196.1996,392.3989
11.8520,0,44.3302,-18.8542,-40.1209,0.0000
11.8520,1,196.1996,0.0000,-196.1996,392.3990
11.8860,0,44.3302,-18.8542,-40.1209,0.0000
11.8860,1,196.1996,0.0000,-196.1996,392.3990
11.9200,0,44.3302,-18.8542,-40.1209,0.0000
11.9200,1,196.1996,0.0000,-196.1996,392.3990
11.9500,0,44.3302,-18.8542,-40.1209,0.0000
11.9500,1,196.1996,0.0000,-196.1996,392.3989
11.9820,0,44.3302,-18.8542,-40.1209,0.0000
11.9820,1,196.1996,0.0000,-196.1996,392.3990
12.0160,0,44.3302,-18.8542,-40.1209,0.0000
12.0160,1,196.1996,0.0000,-196.1996,392.3990
12.0520,0,44.3302,-18.8542,-40.1209,0.0000
12.0520,1,196.1996,0.0000,-196.1996,392.3990
12.0860,0,44.3302,-18.8542,-40.1209,0.0000
12.0860,1,196.1996,0.0000,-196.1996,392.3990
12.1160,0,44.3302,-18.8542,-40.1209,0.0000
12.1160,1,196.1996,0.0000,-196.1996,392.3990
12.1480,0,44.3302,-18.8542,-40.1209,0.0000
12.1480,1,196.1996,0.0000,-196.1996,392.3990
12.1820,0,44.3302,-18.8542,-40.1209,0.0000
12.1820,1,196.1996,0.0000,-196.1996,392.3990
12.2160,0,44.3302,-18.8542,-40.1209,0.0000
12.2160,1,196.1996,0.0000,-196.1996,392.3990
12.2300,0,44.3302,-18.8542,-40.1209,0.0000
12.2300,1,196.1996,0.0000,-196.1996,392.3990
12.2500,0,44.3302,-18.8542,-40.1209,0.0000
12.2500,1,196.1996,0.0000,-196.1996,392.3990
12.2820,0,44.3302,-18.8542,-40.1209,0.0000
12.2820,1,196.1996,0.0000,-196.1996,392.3990
12.3160,0,44.3302,-18.8542,-40.1209,0.0000
12.3160,1,196.1996,0.0000,-196.1996,392.3990
12.3500,0,44.3302,-18.8542,-40.1209,0.0000
12.3500,1,196.1996,0.0000,-196.1996,392.3990
12.3820,0,44.3302,-18.8542,-40.1209,0.0000
12.3820,1,196.1996,0.0000,-196.1996,392.3990
12.4160,0,44.3302,-18.8542,-40.1209,0.0000
12.4160,1,196.1996,0.0000,-196.1996,392.3990
12.4520,0,44.3302,-18.8542,-40.1209,0.0000
12.4520,1,196.1996,0.0000,-196.1996,392.3990
12.4840,0,44.3302,-18.8542,-40.1209,0.0000
12.4840,1,196.1996,0.0000,-196.1996,392.3990
12.5180,0,44.3302,-18.8542,-40.1209,0.0000
12.5180,1,196.1996,0.0000,-196.1996,392.3990
12.5520,0,44.3302,-18.8542,-40.1209,0.0000
12.5520,1,196.1996,0.0000,-196.1996,392.3990
12.5840,0,44.3302,-18.8542,-40.1209,0.0000
12.5840,1,196.1996,0.0000,-196.1996,392.3990
12.6160,0,44.3302,-18.8542,-40.1209,0.0000
12.6160,1,196.1996,0.0000,-196.1996,392.3989
12.6520,0,44.3302,-18.8542,-40.1209,0.0000
12.6520,1,196.1996,0.0000,-196.1996,392.3990
12.6840,0,44.3302,-18.8542,-40.1209,0.0000
12.6840,1,196.1996,0.0000,-196.1996,392.3990
12.7180,0,44.3302,-18.8542,-40.1209,0.0000
12.7180,1,196.1996,0.0000,-196.1996,392.3990
12.7500,0,44.3302,-18.8542,-40.1209,0.0000
12.7500,1,196.1996,0.0000,-196.1996,392.3989
12.7840,0,44.3302,-18.8542,-40.1209,0.0000
12.7840,1,196.1996,0.0000,-196.1996,392.3989
12.8180,0,44.3302,-18.8542,-40.1209,0.0000
12.8180,1,196.1996,0.0000,-196.1996,392.3989
12.8480,0,44.3302,-18.8542,-40.1209,0.0000
12.8480,1,196.1996,0.0000,-196.1996,392.3990
12.8860,0,44.3302,-18.8542,-40.1209,0.0000
12.8860,1,196.1996,0.0000,-196.1996,392.3989
12.9180,0,44.3302,-18.8542,-40.1209,0.0000
12.9180,1,196.1996,0.0000,-196.1996,392.3989
12.9520,0,44.3302,-18.8542,-40.1209,0.0000
12.9520,1,196.1996,0.0000,-196.1996,392.3990
12.9840,0,44.3302,-18.8542,-40.1209,0.0000
12.9840,1,196.1996,0.0000,-196.1996,392.3990
13.0160,0,44.3302,-18.8542,-40.1209,0.0000
13.0160,1,196.1996,0.0000,-196.1996,392.3989
13.0540,0,44.3302,-18.8542,-40.1209,0.0000
13.0540,1,196.1996,0.0000,-196.1996,392.3990
13.0820,0,44.3302,-18.8542,-40.1209,0.0000
13.0820,1,196.1996,0.0000,-196.1996,392.3989
13.1140,0,44.3302,-18.8542,-40.1209,0.0000
13.1140,1,196.1996,0.0000,-196.1996,392.3990
13.1520,0,44.3302,-18.8542,-40.1209,0.0000
13.1520,1,196.1996,0.0000,-196.1996,392.3990
13.1820,0,44.3302,-18.8542,-40.1209,0.0000
13.1820,1,196.1996,0.0000,-196.1996,392.3989
13.2180,0,44.3302,-18.8542,-40.1209,0.0000
13.2180,1,196.1996,0.0000,-196.1996,392.3989
13.2500,0,44.3302,-18.8542,-40.1209,0.0000
13.2500,1,196.1996,0.0000,-196.1996,392.3990
13.2840,0,44.3302,-18.8542,-40.1209,0.0000
13.2840,1,196.1996,0.0000,-196.1996,392.3990
13.3140,0,44.3302,-18.8542,-40.1209,0.0000
13.3140,1,196.1996,0.0000,-196.1996,392.3990
13.3500,0,44.3302,-18.8542,-40.1209,0.0000
13.3500,1,196.1996,0.0000,-196.1996,392.3990
13.3840,0,44.3302,-18.8542,-40.1209,0.0000
13.3840,1,196.1996,0.0000,-196.1996,392.3990
13.4180,0,44.3302,-18.8542,-40.1209,0.0000
13.4180,1,196.1996,0.0000,-196.1996,392.3990
13.4500,0,44.3302,-18.8542,-40.1209,0.0000
13.4500,1,196.1996,0.0000,-196.1996,392.3990
13.4840,0,44.3302,-18.8542,-40.1209,0.0000
13.4840,1,196.1996,0.0000,-196.1996,392.3990
13.5180,0,44.3302,-18.8542,-40.1209,0.0000
13.5180,1,196.1996,0.0000,-196.1996,392.3990
13.5480,0,44.3302,-18.8542,-40.1209,0.0000
13.5480,1,196.1996,0.0000,-196.1996,392.3990
13.5840,0,44.3302,-18.8542,-40.1209,0.0000
13.5840,1,196.1996,0.0000,-196.1996,392.3990
13.6180,0,44.3302,-18.8542,-40.1209,0.0000
13.6180,1,196.1996,0.0000,-196.1996,392.3990
13.6480,0,44.3302,-18.8542,-40.1209,0.0000
13.6480,1,196.1996,0.0000,-196.1996,392.3990
13.6820,0,44.3302,-18.8542,-40.1209,0.0000
13.6820,1,196.1996,0.0000,-196.1996,392.3990
13.7160,0,44.3302,-18.8542,-40.1209,0.0000
13.7160,1,196.1996,0.0000,-196.1996,392.3990
13.7520,0,44.3302,-18.8542,-40.1209,0.0000
13.7520,1,196.1996,0.0000,-196.1996,392.3990
13.7840,0,44.3302,-18.8542,-40.1209,0.0000
13.7840,1,196.1996,0.0000,-196.1996,392.3990
13.8180,0,44.3302,-18.8542,-40.1209,0.0000
13.8180,1,196.1996,0.0000,-196.1996,392.3989
13.8500,0,44.3302,-18.8542,-40.1209,0.0000
13.8500,1,196.1996,0.0000,-196.1996,392.3989
13.8840,0,44.3302,-18.8542,-40.1209,0.0000
13.8840,1,196.1996,0.0000,-196.1996,392.3990
13.9180,0,44.3302,-18.8542,-40.1209,0.0000
13.9180,1,196.1996,0.0000,-196.1996,392.3990
13.9520,0,44.3302,-18.8542,-40.1209,0.0000
13.9520,1,196.1996,0.0000,-196.1996,392.3989
13.9840,0,44.3302,-18.8542,-40.1209,0.0000
13.9840,1,196.1996,0.0000,-196.1996,392.3989
14.0180,0,44.3302,-18.8542,-40.1209,0.0000
14.0180,1,196.1996,0.0000,-196.1996,392.3989
14.0520,0,44.3302,-18.8542,-40.1209,0.0000
14.0520,1,196.1996,0.0000,-196.1996,392.3990
14.0840,0,44.3302,-18.8542,-40.1209,0.0000
14.0840,1,196.1996,0.0000,-196.1996,392.3990
14.1160,0,44.3302,-18.8542,-40.1209,0.0000
14.1160,1,196.1996,0.0000,-196.1996,392.3990
14.1480,0,44.3302,-18.8542,-40.1209,0.0000
14.1480,1,196.1996,0.0000,-196.1996,392.3989
14.1840,0,44.3302,-18.8542,-40.1209,0.0000
14.1840,1,196.1996,0.0000,-196.1996,392.3990
14.2180,0,44.3302,-18.8542,-40.1209,0.0000
14.2180,1,196.1996,0.0000,-196.1996,392.3990
14.2500,0,44.3302,-18.8542,-40.1209,0.0000
14.2500,1,196.1996,0.0000,-196.1996,392.3989
14.2820,0,44.3302,-18.8542,-40.1209,0.0000
14.2820,1,196.1996,0.0000,-196.1996,392.3989
14.3160,0,44.3302,-18.8542,-40.1209,0.0000
14.3160,1,196.1996,0.0000,-196.1996,392.3989
14.3500,0,44.3299,-18.8541,-40.1206,0.0000
14.3500,1,196.1996,0.0000,-196.1996,392.3990
14.3840,0,44.3299,-18.8541,-40.1206,0.0000
14.3840,1,196.1996,0.0000,-196.1996,392.3989
14.4160,0,44.3299,-18.8541,-40.1206,0.0000
14.4160,1,196.1996,0.0000,-196.1996,392.3990
14.4500,0,44.3300,-18.8541,-40.1207,0.0000
14.4500,1,196.1996,0.0000,-196.1996,392.3990
14.4840,0,44.3300,-18.8541,-40.1207,0.0000
14.4840,1,196.1996,0.0000,-196.1996,392.3990
14.5180,0,44.3300,-18.8541,-40.1207,0.0000
14.5180,1,196.1996,0.0000,-196.1996,392.3990
14.5500,0,44.3300,-18.8541,-40.1207,0.0000
14.5500,1,196.1996,0.0000,-196.1996,392.3989
14.5840,0,44.3300,-18.8541,-40.1207,0.0000
14.5840,1,196.1996,0.0000,-196.1996,392.3989
14.6180,0,44.3300,-18.8541,-40.1207,0.0000
14.6180,1,196.1996,0.0000,-196.1996,392.3990
14.6520,0,44.3300,-18.8541,-40.1207,0.0000
14.6520,1,196.1996,0.0000,-196.1996,392.3989
14.6840,0,44.3300,-18.8541,-40.1207,0.0000
14.6840,1,196.1996,0.0000,-196.1996,392.3990
14.7180,0,44.3300,-18.8541,-40.1207,0.0000
14.7180,1,196.1996,0.0000,-196.1996,392.3990
14.7500,0,44.3300,-18.8541,-40.1207,0.0000
14.7500,1,196.1996,0.0000,-196.1996,392.3990
14.7840,0,44.3300,-18.8541,-40.1207,0.0000
14.7840,1,196.1996,0.0000,-196.1996,392.3990
14.8160,0,44.3300,-18.8541,-40.1207,0.0000
14.8160,1,196.1996,0.0000,-196.1996,392.3989
14.8500,0,44.3297,-18.8540,-40.1205,0.0000
14.8500,1,196.1996,0.0000,-196.1996,392.3990
14.8840,0,44.3297,-18.8540,-40.1205,0.0000
14.8840,1,196.1996,0.0000,-196.1996,392.3990
14.9160,0,44.3297,-18.8540,-40.1204,0.0000
14.9160,1,196.1996,0.0000,-196.1996,392.3990
14.9500,0,44.3297,-18.8540,-40.1204,0.0000
14.9500,1,196.1996,0.0000,-196.1996,392.3990
14.9840,0,44.3297,-18.8540,-40.1204,0.0000
14.9840,1,196.1996,0.0000,-196.1996,392.3990
15.0180,0,44.3297,-18.8540,-40.1204,0.0000
15.0180,1,196.1996,0.0000,-196.1996,392.3989
15.0500,0,44.3297,-18.8540,-40.1204,0.0000
15.0500,1,196.1996,0.0000,-196.1996,392.3989
15.0840,0,44.3297,-18.8540,-40.1204,0.0000
15.0840,1,196.1996,0.0000,-196.1996,392.3990
15.1180,0,44.3297,-18.8540,-40.1204,0.0000
15.1180,1,196.1996,0.0000,-196.1996,392.3989
15.1520,0,44.3297,-18.8540,-40.1204,0.0000
15.1520,1,196.1996,0.0000,-196.1996,392.3990
15.1840,0,44.3297,-18.8540,-40.1204,0.0000
15.1840,1,196.1996,0.0000,-196.1996,392.3990
15.2160,0,44.3297,-18.8540,-40.1204,0.0000
15.2160,1,196.1996,0.0000,-196.1996,392.3989
15.2500,0,44.3297,-18.8540,-40.1204,0.0000
15.2500,1,196.1996,0.0000,-196.1996,392.3989
15.2820,0,44.3297,-18.8540,-40.1204,0.0000
15.2820,1,196.1996,0.0000,-196.1996,392.3989
15.3180,0,44.3294,-18.8539,-40.1202,0.0000
15.3180,1,196.1996,0.0000,-196.1996,392.3990
15.3500,0,44.3294,-18.8539,-40.1202,0.0000
15.3500,1,196.1996,0.0000,-196.1996,392.3990
15.3840,0,44.3294,-18.8538,-40.1201,0.0000
15.3840,1,196.1996,0.0000,-196.1996,392.3989
15.4160,0,44.3294,-18.8538,-40.1201,0.0000
15.4160,1,196.1996,0.0000,-196.1996,392.3989
15.4500,0,44.3294,-18.8538,-40.1201,0.0000
15.4500,1,196.1996,0.0000,-196.1996,392.3990
15.4840,0,44.3294,-18.8539,-40.1201,0.0000
15.4840,1,196.1996,0.0000,-196.1996,392.3990
15.5160,0,44.3294,-18.8539,-40.1201,0.0000
15.5160,1,196.1996,0.0000,-196.1996,392.3989
15.5500,0,44.3294,-18.8538,-40.1201,0.0000
15.5500,1,196.1996,0.0000,-196.1996,392.3990
15.5840,0,44.3294,-18.8538,-40.1201,0.0000
15.5840,1,196.1996,0.0000,-196.1996,392.3990
15.6140,0,44.3294,-18.8538,-40.1201,0.0000
15.6140,1,196.1996,0.0000,-196.1996,392.3990
15.6500,0,44.3294,-18.8538,-40.1201,0.0000
15.6500,1,196.1996,0.0000,-196.1996,392.3990
15.6840,0,44.3294,-18.8538,-40.1201,0.0000
15.6840,1,196.1996,0.0000,-196.1996,392.3990
15.7200,0,44.3294,-18.8538,-40.1201,0.0000
15.7200,1,196.1996,0.0000,-196.1996,392.3990
15.7500,0,44.3294,-18.8538,-40.1201,0.0000
15.7500,1,196.1996,0.0000,-196.1996,392.3989
15.7840,0,44.3291,-18.8537,-40.1199,0.0000
15.7840,1,196.1996,0.0000,-196.1996,392.3990
15.8180,0,44.3291,-18.8537,-40.1199,0.0000
15.8180,1,196.1996,0.0000,-196.1996,392.3989
15.8500,0,44.3291,-18.8537,-40.1199,0.0000
15.8500,1,196.1996,0.0000,-196.1996,392.3990
15.8840,0,44.3290,-18.8537,-40.1198,0.0000
15.8840,1,196.1996,0.0000,-196.1996,392.3990
15.9140,0,44.3290,-18.8537,-40.1198,0.0000
15.9140,1,196.1996,0.0000,-196.1996,392.3990
15.9520,0,44.3290,-18.8537,-40.1198,0.0000
15.9520,1,196.1996,0.0000,-196.1996,392.3989
15.9840,0,44.3290,-18.8537,-40.1198,0.0000
15.9840,1,196.1996,0.0000,-196.1996,392.3990
16.0160,0,44.3290,-18.8537,-40.1198,0.0000
16.0160,1,196.1996,0.0000,-196.1996,392.3990
16.0500,0,44.3290,-18.8537,-40.1198,0.0000
16.0500,1,196.1996,0.0000,-196.1996,392.3990
16.0840,0,44.3290,-18.8537,-40.1198,0.0000
16.0840,1,196.1996,0.0000,-196.1996,392.3989
16.1160,0,44.3290,-18.8537,-40.1198,0.0000
16.1160,1,196.1996,0.0000,-196.1996,392.3989
16.1500,0,44.3290,-18.8537,-40.1198,0.0000
16.1500,1,196.1996,0.0000,-196.1996,392.3990
16.1840,0,44.3290,-18.8537,-40.1198,0.0000
16.1840,1,196.1996,0.0000,-196.1996,392.3990
16.2160,0,44.3290,-18.8537,-40.1198,0.0000
16.2160,1,196.1996,0.0000,-196.1996,392.3990
16.2500,0,44.3290,-18.8537,-40.1198,0.0000
16.2500,1,196.1996,0.0000,-196.1996,392.3989
16.2840,0,44.3288,-18.8536,-40.1196,0.0000
16.2840,1,196.1996,0.0000,-196.1996,392.3990
16.3160,0,44.3288,-18.8536,-40.1196,0.0000
16.3160,1,196.1996,0.0000,-196.1996,392.3989
16.3500,0,44.3287,-18.8536,-40.1196,0.0000
16.3500,1,196.1996,0.0000,-196.1996,392.3990
16.3840,0,44.3287,-18.8536,-40.1196,0.0000
16.3840,1,196.1996,0.0000,-196.1996,392.3989
16.4180,0,44.3287,-18.8536,-40.1196,0.0000
16.4180,1,196.1996,0.0000,-196.1996,392.3989
16.4500,0,44.3287,-18.8536,-40.1196,0.0000
16.4500,1,196.1996,0.0000,-196.1996,392.3990
16.4840,0,44.3287,-18.8536,-40.1196,0.0000
16.4840,1,196.1996,0.0000,-196.1996,392.3990
16.5180,0,44.3287,-18.8536,-40.1196,0.0000
16.5180,1,196.1996,0.0000,-196.1996,392.3989
16.5500,0,44.3287,-18.8536,-40.1196,0.0000
16.5500,1,196.1996,0.0000,-196.1996,392.3989
16.5840,0,44.3287,-18.8536,-40.1196,0.0000
16.5840,1,196.1996,0.0000,-196.1996,392.3990
16.6160,0,44.3287,-18.8536,-40.1196,0.0000
16.6160,1,196.1996,0.0000,-196.1996,392.3990
16.6500,0,44.3287,-18.8536,-40.1196,0.0000
16.6500,1,196.1996,0.0000,-196.1996,392.3989
16.6840,0,44.3287,-18.8536,-40.1196,0.0000
16.6840,1,196.1996,0.0000,-196.1996,392.3990
16.7160,0,44.3287,-18.8536,-40.1196,0.0000
16.7160,1,196.1996,0.0000,-196.1996,392.3989
16.7480,0,44.3285,-18.8535,-40.1193,0.0000
16.7480,1,196.1996,0.0000,-196.1996,392.3990
16.7860,0,44.3285,-18.8535,-40.1193,0.0000
16.7860,1,196.1996,0.0000,-196.1996,392.3989
16.8180,0,44.3284,-18.8534,-40.1193,0.0000
16.8180,1,196.1996,0.0000,-196.1996,392.3990
16.8520,0,44.3284,-18.8534,-40.1193,0.0000
16.8520,1,196.1996,0.0000,-196.1996,392.3990
16.8840,0,44.3284,-18.8534,-40.1193,0.0000
16.8840,1,196.1996,0.0000,-196.1996,392.3989
16.9140,0,44.3284,-18.8534,-40.1193,0.0000
16.9140,1,196.1996,0.0000,-196.1996,392.3990
16.9500,0,44.3284,-18.8534,-40.1193,0.0000
16.9500,1,196.1996,0.0000,-196.1996,392.3990
16.9840,0,44.3284,-18.8534,-40.1193,0.0000
16.9840,1,196.1996,0.0000,-196.1996,392.3990
17.0180,0,44.3284,-18.8534,-40.1193,0.0000
17.0180,1,196.1996,0.0000,-196.1996,392.3990
17.0500,0,44.3284,-18.8534,-40.1193,0.0000
17.0500,1,196.1996,0.0000,-196.1996,392.3989
17.0840,0,44.3284,-18.8534,-40.1193,0.0000
17.0840,1,196.1996,0.0000,-196.1996,392.3990
17.1140,0,44.3284,-18.8534,-40.1193,0.0000
17.1140,1,196.1996,0.0000,-196.1996,392.3990
17.1500,0,44.3284,-18.8534,-40.1193,0.0000
17.1500,1,196.1996,0.0000,-196.1996,392.3990
17.1840,0,44.3284,-18.8534,-40.1193,0.0000
17.1840,1,196.1996,0.0000,-196.1996,392.3990
17.2180,0,44.3281,-18.8533,-40.1190,0.0000
17.2180,1,196.1996,0.0000,-196.1996,392.3989
17.2500,0,44.3281,-18.8533,-40.1190,0.0000
17.2500,1,196.1996,0.0000,-196.1996,392.3989
17.2800,0,44.3281,-18.8533,-40.1190,0.0000
17.2800,1,196.1996,0.0000,-196.1996,392.3990
17.3160,0,44.3281,-18.8533,-40.1190,0.0000
17.3160,1,196.1996,0.0000,-196.1996,392.3990
17.3500,0,44.3281,-18.8533,-40.1190,0.0000
17.3500,1,196.1996,0.0000,-196.1996,392.3990
17.3840,0,44.3281,-18.8533,-40.1190,0.0000
17.3840,1,196.1996,0.0000,-196.1996,392.3990
17.4140,0,44.3281,-18.8533,-40.1190,0.0000
17.4140,1,196.1996,0.0000,-196.1996,392.3989
17.4500,0,44.3281,-18.8533,-40.1190,0.0000
17.4500,1,196.1996,0.0000,-196.1996,392.3989
17.4840,0,44.3281,-18.8533,-40.1190,0.0000
17.4840,1,196.1996,0.0000,-196.1996,392.3989
17.5140,0,44.3281,-18.8533,-40.1190,0.0000
17.5140,1,196.1996,0.0000,-196.1996,392.3990
17.5480,0,44.3281,-18.8533,-40.1190,0.0000
17.5480,1,196.1996,0.0000,-196.1996,392.3989
17.5840,0,44.3281,-18.8533,-40.1190,0.0000
17.5840,1,196.1996,0.0000,-196.1996,392.3990
17.6160,0,44.3281,-18.8533,-40.1190,0.0000
17.6160,1,196.1996,0.0000,-196.1996,392.3990
17.6500,0,44.3281,-18.8533,-40.1190,0.0000
17.6500,1,196.1996,0.0000,-196.1996,392.3990
17.6820,0,44.3281,-18.8533,-40.1190,0.0000
17.6820,1,196.1996,0.0000,-196.1996,392.3989
17.7160,0,44.3278,-18.8532,-40.1187,0.0000
17.7160,1,196.1996,0.0000,-196.1996,392.3989
17.7520,0,44.3278,-18.8532,-40.1187,0.0000
17.7520,1,196.1996,0.0000,-196.1996,392.3990
17.7800,0,44.3278,-18.8532,-40.1187,0.0000
17.7800,1,196.1996,0.0000,-196.1996,392.3989
17.8160,0,44.3278,-18.8532,-40.1187,0.0000
17.8160,1,196.1996,0.0000,-196.1996,392.3990
17.8500,0,44.3278,-18.8532,-40.1187,0.0000
17.8500,1,196.1996,0.0000,-196.1996,392.3989
17.8840,0,44.3278,-18.8532,-40.1187,0.0000
17.8840,1,196.1996,0.0000,-196.1996,392.3989
17.9140,0,44.3278,-18.8532,-40.1187,0.0000
17.9140,1,196.1996,0.0000,-196.1996,392.3990
17.9500,0,44.3278,-18.8532,-40.1187,0.0000
17.9500,1,196.1996,0.0000,-196.1996,392.3990
17.9840,0,44.3278,-18.8532,-40.1187,0.0000
17.9840,1,196.1996,0.0000,-196.1996,392.3989
18.0140,0,44.3278,-18.8532,-40.1187,0.0000
18.0140,1,196.1996,0.0000,-196.1996,392.3990
18.0500,0,44.3278,-18.8532,-40.1187,0.0000
18.0500,1,196.1996,0.0000,-196.1996,392.3990
18.0840,0,44.3278,-18.8532,-40.1187,0.0000
18.0840,1,196.1996,0.0000,-196.1996,392.3990
18.1180,0,44.3278,-18.8532,-40.1187,0.0000
18.1180,1,196.1996,0.0000,-196.1996,392.3990
18.1500,0,44.3278,-18.8532,-40.1187,0.0000
18.1500,1,196.1996,0.0000,-196.1996,392.3990
18.1840,0,44.3275,-18.8531,-40.1184,0.0000
18.1840,1,196.1996,0.0000,-196.1996,392.3990
18.2180,0,44.3275,-18.8531,-40.1184,0.0000
18.2180,1,196.1996,0.0000,-196.1996,392.3990
18.2500,0,44.3273,-18.8530,-40.1183,0.0000
18.2500,1,196.1996,0.0000,-196.1996,392.3989
18.2840,0,44.3274,-18.8530,-40.1184,0.0000
18.2840,1,196.1996,0.0000,-196.1996,392.3990
18.3160,0,44.3274,-18.8530,-40.1184,0.0000
18.3160,1,196.1996,0.0000,-196.1996,392.3990
18.3520,0,44.3274,-18.8530,-40.1184,0.0000
18.3520,1,196.1996,0.0000,-196.1996,392.3989
18.3840,0,44.3274,-18.8530,-40.1184,0.0000
18.3840,1,196.1996,0.0000,-196.1996,392.3990
18.4160,0,44.3274,-18.8530,-40.1184,0.0000
18.4160,1,196.1996,0.0000,-196.1996,392.3990
18.4500,0,44.3274,-18.8530,-40.1184,0.0000
18.4500,1,196.1996,0.0000,-196.1996,392.3990
18.4840,0,44.3274,-18.8530,-40.1184,0.0000
18.4840,1,196.1996,0.0000,-196.1996,392.3990
18.5160,0,44.3274,-18.8530,-40.1184,0.0000
18.5160,1,196.1996,0.0000,-196.1996,392.3990
18.5480,0,44.3274,-18.8530,-40.1184,0.0000
18.5480,1,196.1996,0.0000,-196.1996,392.3990
18.5820,0,44.3274,-18.8530,-40.1184,0.0000
18.5820,1,196.1996,0.0000,-196.1996,392.3990
18.6160,0,44.3274,-18.8530,-40.1184,0.0000
18.6160,1,196.1996,0.0000,-196.1996,392.3990
18.6500,0,44.3272,-18.8529,-40.1181,0.0000
18.6500,1,196.1996,0.0000,-196.1996,392.3990
18.6840,0,44.3272,-18.8529,-40.1181,0.0000
18.6840,1,196.1996,0.0000,-196.1996,392.3990
18.7140,0,44.3272,-18.8529,-40.1181,0.0000
18.7140,1,196.1996,0.0000,-196.1996,392.3990
18.7500,0,44.3271,-18.8529,-40.1181,0.0000
18.7500,1,196.1996,0.0000,-196.1996,392.3989
18.7820,0,44.3271,-18.8529,-40.1181,0.0000
18.7820,1,196.1996,0.0000,-196.1996,392.3990
18.8160,0,44.3271,-18.8529,-40.1181,0.0000
18.8160,1,196.1996,0.0000,-196.1996,392.3990
18.8480,0,44.3271,-18.8529,-40.1181,0.0000
18.8480,1,196.1996,0.0000,-196.1996,392.3990
18.8840,0,44.3271,-18.8529,-40.1181,0.0000
18.8840,1,196.1996,0.0000,-196.1996,392.3989
18.9160,0,44.3271,-18.8529,-40.1181,0.0000
18.9160,1,196.1996,0.0000,-196.1996,392.3990
18.9480,0,44.3271,-18.8529,-40.1181,0.0000
18.9480,1,196.1996,0.0000,-196.1996,392.3990
18.9820,0,44.3271,-18.8529,-40.1181,0.0000
18.9820,1,196.1996,0.0000,-196.1996,392.3990
19.0140,0,44.3271,-18.8529,-40.1181,0.0000
19.0140,1,196.1996,0.0000,-196.1996,392.3990
19.0480,0,44.3271,-18.8529,-40.1181,0.0000
19.0480,1,196.1996,0.0000,-196.1996,392.3990
19.0840,0,44.3271,-18.8529,-40.1181,0.0000
19.0840,1,196.1996,0.0000,-196.1996,392.3989
19.1180,0,44.3271,-18.8529,-40.1181,0.0000
19.1180,1,196.1996,0.0000,-196.1996,392.3989
19.1500,0,44.3268,-18.8528,-40.1179,0.0000
19.1500,1,196.1996,0.0000,-196.1996,392.3990
19.1820,0,44.3268,-18.8528,-40.1179,0.0000
19.1820,1,196.1996,0.0000,-196.1996,392.3990
19.2140,0,44.3268,-18.8528,-40.1178,0.0000
19.2140,1,196.1996,0.0000,-196.1996,392.3989
19.2480,0,44.3268,-18.8528,-40.1178,0.0000
19.2480,1,196.1996,0.0000,-196.1996,392.3990
19.2840,0,44.3268,-18.8528,-40.1178,0.0000
19.2840,1,196.1996,0.0000,-196.1996,392.3990
19.3160,0,44.3268,-18.8528,-40.1178,0.0000
19.3160,1,196.1996,0.0000,-196.1996,392.3990
19.3500,0,44.3268,-18.8528,-40.1178,0.0000
19.3500,1,196.1996,0.0000,-196.1996,392.3990
19.3840,0,44.3268,-18.8528,-40.1178,0.0000
19.3840,1,196.1996,0.0000,-196.1996,392.3990
19.4160,0,44.3268,-18.8528,-40.1178,0.0000
19.4160,1,196.1996,0.0000,-196.1996,392.3990
19.4500,0,44.3268,-18.8528,-40.1178,0.0000
19.4500,1,196.1996,0.0000,-196.1996,392.3990
19.4820,0,44.3268,-18.8528,-40.1178,0.0000
19.4820,1,196.1996,0.0000,-196.1996,392.3990
19.5160,0,44.3268,-18.8528,-40.1178,0.0000
19.5160,1,196.1996,0.0000,-196.1996,392.3990
19.5500,0,44.3268,-18.8528,-40.1178,0.0000
19.5500,1,196.1996,0.0000,-196.1996,392.3990
19.5840,0,44.3268,-18.8528,-40.1178,0.0000
19.5840,1,196.1996,0.0000,-196.1996,392.3990
19.6160,0,44.3265,-18.8526,-40.1176,0.0000
19.6160,1,196.1996,0.0000,-196.1996,392.3990
19.6500,0,44.3265,-18.8526,-40.1176,0.0000
19.6500,1,196.1996,0.0000,-196.1996,392.3989
19.6840,0,44.3265,-18.8526,-40.1176,0.0000
19.6840,1,196.1996,0.0000,-196.1996,392.3990
19.7160,0,44.3265,-18.8526,-40.1175,0.0000
19.7160,1,196.1996,0.0000,-196.1996,392.3990
19.7500,0,44.3265,-18.8526,-40.1175,0.0000
19.7500,1,196.1996,0.0000,-196.1996,392.3990
19.7840,0,44.3265,-18.8526,-40.1175,0.0000
19.7840,1,196.1996,0.0000,-196.1996,392.3990
19.8140,0,44.3265,-18.8526,-40.1175,0.0000
19.8140,1,196.1996,0.0000,-196.1996,392.3990
19.8500,0,44.3265,-18.8526,-40.1175,0.0000
19.8500,1,196.1996,0.0000,-196.1996,392.3990
19.8840,0,44.3265,-18.8526,-40.1175,0.0000
19.8840,1,196.1996,0.0000,-196.1996,392.3989
19.9160,0,44.3265,-18.8526,-40.1175,0.0000
19.9160,1,196.1996,0.0000,-196.1996,392.3990
19.9500,0,44.3265,-18.8526,-40.1175,0.0000
19.9500,1,196.1996,0.0000,-196.1996,392.3990
19.9820,0,44.3265,-18.8526,-40.1175,0.0000
19.9820,1,196.1996,0.0000,-196.1996,392.3989
20.0160,0,44.3265,-18.8526,-40.1175,0.0000
20.0160,1,196.1996,0.0000,-196.1996,392.3990
20.0500,0,44.3265,-18.8526,-40.1175,0.0000
20.0500,1,196.1996,0.0000,-196.1996,392.3990
20.0840,0,44.3262,-18.8525,-40.1173,0.0000
20.0840,1,196.1996,0.0000,-196.1996,392.3990
20.1160,0,44.3262,-18.8525,-40.1173,0.0000
20.1160,1,196.1996,0.0000,-196.1996,392.3990
20.1500,0,44.3262,-18.8525,-40.1173,0.0000
20.1500,1,196.1996,0.0000,-196.1996,392.3990
20.1820,0,44.3262,-18.8525,-40.1172,0.0000
20.1820,1,196.1996,0.0000,-196.1996,392.3989
20.2140,0,44.3261,-18.8525,-40.1172,0.0000
20.2140,1,196.1996,0.0000,-196.1996,392.3990
20.2480,0,44.3262,-18.8525,-40.1172,0.0000
20.2480,1,196.1996,0.0000,-196.1996,392.3990
20.2840,0,44.3262,-18.8525,-40.1172,0.0000
20.2840,1,196.1996,0.0000,-196.1996,392.3990
20.3160,0,44.3262,-18.8525,-40.1172,0.0000
20.3160,1,196.1996,0.0000,-196.1996,392.3990
20.3500,0,44.3262,-18.8525,-40.1172,0.0000
20.3500,1,196.1996,0.0000,-196.1996,392.3990
20.3820,0,44.3262,-18.8525,-40.1172,0.0000
20.3820,1,196.1996,0.0000,-196.1996,392.3990
20.4160,0,44.3262,-18.8525,-40.1172,0.0000
20.4160,1,196.1996,0.0000,-196.1996,392.3990
20.4480,0,44.3262,-18.8525,-40.1172,0.0000
20.4480,1,196.1996,0.0000,-196.1996,392.3990
20.4820,0,44.3262,-18.8525,-40.1172,0.0000
20.4820,1,196.1996,0.0000,-196.1996,392.3990
20.5140,0,44.3262,-18.8525,-40.1172,0.0000
20.5140,1,196.1996,0.0000,-196.1996,392.3990
20.5500,0,44.3262,-18.8525,-40.1172,0.0000
20.5500,1,196.1996,0.0000,-196.1996,392.3990
20.5820,0,44.3259,-18.8524,-40.1170,0.0000
20.5820,1,196.1996,0.0000,-196.1996,392.3990
20.6160,0,44.3259,-18.8524,-40.1170,0.0000
20.6160,1,196.1996,0.0000,-196.1996,392.3990
20.6480,0,44.3258,-18.8523,-40.1169,0.0000
20.6480,1,196.1996,0.0000,-196.1996,392.3990
20.6840,0,44.3258,-18.8523,-40.1169,0.0000
20.6840,1,196.1996,0.0000,-196.1996,392.3990
20.7160,0,44.3258,-18.8523,-40.1169,0.0000
20.7160,1,196.1996,0.0000,-196.1996,392.3990
20.7500,0,44.3258,-18.8523,-40.1169,0.0000
20.7500,1,196.1996,0.0000,-196.1996,392.3990
20.7820,0,44.3258,-18.8523,-40.1169,0.0000
20.7820,1,196.1996,0.0000,-196.1996,392.3989
20.8160,0,44.3258,-18.8523,-40.1169,0.0000
20.8160,1,196.1996,0.0000,-196.1996,392.3990
20.8500,0,44.3258,-18.8523,-40.1169,0.0000
20.8500,1,196.1996,0.0000,-196.1996,392.3990
20.8800,0,44.3258,-18.8523,-40.1169,0.0000
20.8800,1,196.1996,0.0000,-196.1996,392.3990
20.9160,0,44.3258,-18.8523,-40.1169,0.0000
20.9160,1,196.1996,0.0000,-196.1996,392.3990
20.9500,0,44.3258,-18.8523,-40.1169,0.0000
20.9500,1,196.1996,0.0000,-196.1996,392.3990
20.9800,0,44.3258,-18.8523,-40.1169,0.0000
20.9800,1,196.1996,0.0000,-196.1996,392.3990
21.0160,0,44.3258,-18.8523,-40.1169,0.0000
21.0160,1,196.1996,0.0000,-196.1996,392.3990
21.0460,0,44.3256,-18.8522,-40.1167,0.0000
21.0460,1,196.1996,0.0000,-196.1996,392.3990
21.0820,0,44.3256,-18.8522,-40.1167,0.0000
21.0820,1,196.1996,0.0000,-196.1996,392.3990
21.1160,0,44.3256,-18.8522,-40.1167,0.0000
21.1160,1,196.1996,0.0000,-196.1996,392.3990
21.1500,0,44.3255,-18.8522,-40.1166,0.0000
21.1500,1,196.1996,0.0000,-196.1996,392.3990
21.1820,0,44.3255,-18.8522,-40.1166,0.0000
21.1820,1,196.1996,0.0000,-196.1996,392.3990
21.2160,0,44.3255,-18.8522,-40.1166,0.0000
21.2160,1,196.1996,0.0000,-196.1996,392.3990
21.2460,0,44.3255,-18.8522,-40.1166,0.0000
21.2460,1,196.1996,0.0000,-196.1996,392.3989
21.2820,0,44.3255,-18.8522,-40.1166,0.0000
21.2820,1,196.1996,0.0000,-196.1996,392.3989
21.3140,0,44.3255,-18.8522,-40.1166,0.0000
21.3140,1,196.1996,0.0000,-196.1996,392.3989
21.3480,0,44.3255,-18.8522,-40.1166,0.0000
21.3480,1,196.1996,0.0000,-196.1996,392.3989
21.3840,0,44.3255,-18.8522,-40.1166,0.0000
21.3840,1,196.1996,0.0000,-196.1996,392.3989
21.4160,0,44.3255,-18.8522,-40.1166,0.0000
21.4160,1,196.1996,0.0000,-196.1996,392.3990
21.4500,0,44.3255,-18.8522,-40.1166,0.0000
21.4500,1,196.1996,0.0000,-196.1996,392.3989
21.4820,0,44.3255,-18.8522,-40.1166,0.0000
21.4820,1,196.1996,0.0000,-196.1996,392.3989
21.5140,0,44.3255,-18.8522,-40.1166,0.0000
21.5140,1,196.1996,0.0000,-196.1996,392.3990
21.5500,0,44.3252,-18.8521,-40.1164,0.0000
21.5500,1,196.1996,0.0000,-196.1996,392.3990
21.5820,0,44.3252,-18.8521,-40.1164,0.0000
21.5820,1,196.1996,0.0000,-196.1996,392.3990
21.6140,0,44.3252,-18.8521,-40.1164,0.0000
21.6140,1,196.1996,0.0000,-196.1996,392.3990
21.6500,0,44.3252,-18.8521,-40.1164,0.0000
21.6500,1,196.1996,0.0000,-196.1996,392.3990
21.6820,0,44.3252,-18.8521,-40.1164,0.0000
21.6820,1,196.1996,0.0000,-196.1996,392.3989
21.7140,0,44.3252,-18.8521,-40.1164,0.0000
21.7140,1,196.1996,0.0000,-196.1996,392.3990
21.7480,0,44.3252,-18.8521,-40.1164,0.0000
21.7480,1,196.1996,0.0000,-196.1996,392.3989
21.7820,0,44.3252,-18.8521,-40.1164,0.0000
21.7820,1,196.1996,0.0000,-196.1996,392.3990
21.8160,0,44.3252,-18.8521,-40.1164,0.0000
21.8160,1,196.1996,0.0000,-196.1996,392.3990
21.8460,0,44.3252,-18.8521,-40.1164,0.0000
21.8460,1,196.1996,0.0000,-196.1996,392.3990
21.8800,0,44.3252,-18.8521,-40.1164,0.0000
21.8800,1,196.1996,0.0000,-196.1996,392.3990
21.9160,0,44.3252,-18.8521,-40.1164,0.0000
21.9160,1,196.1996,0.0000,-196.1996,392.3990
21.9460,0,44.3252,-18.8521,-40.1164,0.0000
21.9460,1,196.1996,0.0000,-196.1996,392.3990
21.9840,0,44.3252,-18.8521,-40.1164,0.0000
21.9840,1,196.1996,0.0000,-196.1996,392.3989
22.0160,0,44.3249,-18.8520,-40.1161,0.0000
22.0160,1,196.1996,0.0000,-196.1996,392.3990
22.0500,0,44.3249,-18.8520,-40.1161,0.0000
22.0500,1,196.1996,0.0000,-196.1996,392.3990
22.0820,0,44.3249,-18.8519,-40.1161,0.0000
22.0820,1,196.1996,0.0000,-196.1996,392.3989
22.1140,0,44.3249,-18.8519,-40.1161,0.0000
22.1140,1,196.1996,0.0000,-196.1996,392.3990
22.1500,0,44.3249,-18.8519,-40.1161,0.0000
22.1500,1,196.1996,0.0000,-196.1996,392.3990
22.1820,0,44.3249,-18.8519,-40.1161,0.0000
22.1820,1,196.1996,0.0000,-196.1996,392.3990
22.2160,0,44.3249,-18.8519,-40.1161,0.0000
22.2160,1,196.1996,0.0000,-196.1996,392.3989
22.2500,0,44.3249,-18.8519,-40.1161,0.0000
22.2500,1,196.1996,0.0000,-196.1996,392.3990
22.2840,0,44.3249,-18.8519,-40.1161,0.0000
22.2840,1,196.1996,0.0000,-196.1996,392.3989
22.3160,0,44.3249,-18.8519,-40.1161,0.0000
22.3160,1,196.1996,0.0000,-196.1996,392.3990
22.3500,0,44.3249,-18.8519,-40.1161,0.0000
22.3500,1,196.1996,0.0000,-196.1996,392.3990
22.3840,0,44.3249,-18.8519,-40.1161,0.0000
22.3840,1,196.1996,0.0000,-196.1996,392.3990
22.4140,0,44.3249,-18.8519,-40.1161,0.0000
22.4140,1,196.1996,0.0000,-196.1996,392.3989
22.4500,0,44.3249,-18.8519,-40.1161,0.0000
22.4500,1,196.1996,0.0000,-196.1996,392.3989
22.4820,0,44.3246,-18.8518,-40.1158,0.0000
22.4820,1,196.1996,0.0000,-196.1996,392.3990
22.5160,0,44.3246,-18.8518,-40.1158,0.0000
22.5160,1,196.1996,0.0000,-196.1996,392.3990
22.5500,0,44.3246,-18.8518,-40.1158,0.0000
22.5500,1,196.1996,0.0000,-196.1996,392.3989
22.5840,0,44.3245,-18.8518,-40.1158,0.0000
22.5840,1,196.1996,0.0000,-196.1996,392.3990
22.6160,0,44.3245,-18.8518,-40.1158,0.0000
22.6160,1,196.1996,0.0000,-196.1996,392.3990
22.6500,0,44.3246,-18.8518,-40.1158,0.0000
22.6500,1,196.1996,0.0000,-196.1996,392.3990
22.6840,0,44.3246,-18.8518,-40.1158,0.0000
22.6840,1,196.1996,0.0000,-196.1996,392.3989
22.7180,0,44.3246,-18.8518,-40.1158,0.0000
22.7180,1,196.1996,0.0000,-196.1996,392.3990
22.7500,0,44.3246,-18.8518,-40.1158,0.0000
22.7500,1,196.1996,0.0000,-196.1996,392.3990
22.7840,0,44.3246,-18.8518,-40.1158,0.0000
22.7840,1,196.1996,0.0000,-196.1996,392.3990
22.8160,0,44.3246,-18.8518,-40.1158,0.0000
22.8160,1,196.1996,0.0000,-196.1996,392.3989
22.8460,0,44.3246,-18.8518,-40.1158,0.0000
22.8460,1,196.1996,0.0000,-196.1996,392.3989
22.8840,0,44.3246,-18.8518,-40.1158,0.0000
22.8840,1,196.1996,0.0000,-196.1996,392.3990
22.9140,0,44.3246,-18.8518,-40.1158,0.0000
22.9140,1,196.1996,0.0000,-196.1996,392.3990
22.9460,0,44.3246,-18.8518,-40.1158,0.0000
22.9460,1,196.1996,0.0000,-196.1996,392.3989
22.9820,0,44.3243,-18.8517,-40.1155,0.0000
22.9820,1,196.1996,0.0000,-196.1996,392.3990
23.0160,0,44.3243,-18.8517,-40.1155,0.0000
23.0160,1,196.1996,0.0000,-196.1996,392.3990
23.0480,0,44.3242,-18.8517,-40.1155,0.0000
23.0480,1,196.1996,0.0000,-196.1996,392.3989
23.0820,0,44.3242,-18.8517,-40.1155,0.0000
23.0820,1,196.1996,0.0000,-196.1996,392.3990
23.1120,0,44.3242,-18.8517,-40.1155,0.0000
23.1120,1,196.1996,0.0000,-196.1996,392.3990
23.1480,0,44.3242,-18.8517,-40.1155,0.0000
23.1480,1,196.1996,0.0000,-196.1996,392.3990
23.1820,0,44.3242,-18.8517,-40.1155,0.0000
23.1820,1,196.1996,0.0000,-196.1996,392.3990
23.2140,0,44.3242,-18.8517,-40.1155,0.0000
23.2140,1,196.1996,0.0000,-196.1996,392.3990
23.2500,0,44.3242,-18.8517,-40.1155,0.0000
23.2500,1,196.1996,0.0000,-196.1996,392.3990
23.2800,0,44.3242,-18.8517,-40.1155,0.0000
23.2800,1,196.1996,0.0000,-196.1996,392.3990
23.3160,0,44.3242,-18.8517,-40.1155,0.0000
23.3160,1,196.1996,0.0000,-196.1996,392.3990
23.3500,0,44.3242,-18.8517,-40.1155,0.0000
23.3500,1,196.1996,0.0000,-196.1996,392.3990
23.3820,0,44.3242,-18.8517,-40.1155,0.0000
23.3820,1,196.1996,0.0000,-196.1996,392.3990
23.4160,0,44.3242,-18.8517,-40.1155,0.0000
23.4160,1,196.1996,0.0000,-196.1996,392.3990
23.4520,0,44.3240,-18.8515,-40.1152,0.0000
23.4520,1,196.1996,0.0000,-196.1996,392.3990
23.4800,0,44.3240,-18.8515,-40.1152,0.0000
23.4800,1,196.1996,0.0000,-196.1996,392.3990
23.5140,0,44.3239,-18.8515,-40.1152,0.0000
23.5140,1,196.1996,0.0000,-196.1996,392.3989
23.5460,0,44.3239,-18.8515,-40.1152,0.0000
23.5460,1,196.1996,0.0000,-196.1996,392.3990
23.5840,0,44.3239,-18.8515,-40.1152,0.0000
23.5840,1,196.1996,0.0000,-196.1996,392.3989
23.6120,0,44.3239,-18.8515,-40.1152,0.0000
23.6120,1,196.1996,0.0000,-196.1996,392.3989
23.6460,0,44.3239,-18.8515,-40.1152,0.0000
23.6460,1,196.1996,0.0000,-196.1996,392.3990
23.6820,0,44.3239,-18.8515,-40.1152,0.0000
23.6820,1,196.1996,0.0000,-196.1996,392.3990
23.7160,0,44.3239,-18.8515,-40.1152,0.0000
23.7160,1,196.1996,0.0000,-196.1996,392.3989
23.7480,0,44.3239,-18.8515,-40.1152,0.0000
23.7480,1,196.1996,0.0000,-196.1996,392.3989
23.7820,0,44.3239,-18.8515,-40.1152,0.0000
23.7820,1,196.1996,0.0000,-196.1996,392.3990
23.8120,0,44.3239,-18.8515,-40.1152,0.0000
23.8120,1,196.1996,0.0000,-196.1996,392.3990
23.8480,0,44.3239,-18.8515,-40.1152,0.0000
23.8480,1,196.1996,0.0000,-196.1996,392.3989
23.8820,0,44.3239,-18.8515,-40.1152,0.0000
23.8820,1,196.1996,0.0000,-196.1996,392.3990
23.9140,0,44.3236,-18.8514,-40.1149,0.0000
23.9140,1,196.1996,0.0000,-196.1996,392.3989
23.9480,0,44.3236,-18.8514,-40.1149,0.0000
23.9480,1,196.1996,0.0000,-196.1996,392.3990
23.9820,0,44.3236,-18.8514,-40.1149,0.0000
23.9820,1,196.1996,0.0000,-196.1996,392.3989
24.0120,0,44.3236,-18.8514,-40.1149,0.0000
24.0120,1,196.1996,0.0000,-196.1996,392.3990
24.0460,0,44.3236,-18.8514,-40.1149,0.0000
24.0460,1,196.1996,0.0000,-196.1996,392.3990
24.0820,0,44.3236,-18.8514,-40.1149,0.0000
24.0820,1,196.1996,0.0000,-196.1996,392.3989
24.1160,0,44.3236,-18.8514,-40.1149,0.0000
24.1160,1,196.1996,0.0000,-196.1996,392.3989
24.1500,0,44.3236,-18.8514,-40.1149,0.0000
24.1500,1,196.1996,0.0000,-196.1996,392.3989
24.1820,0,44.3236,-18.8514,-40.1149,0.0000
24.1820,1,196.1996,0.0000,-196.1996,392.3990
24.2160,0,44.3236,-18.8514,-40.1149,0.0000
24.2160,1,196.1996,0.0000,-196.1996,392.3990
24.2460,0,44.3236,-18.8514,-40.1149,0.0000
24.2460,1,196.1996,0.0000,-196.1996,392.3990
24.2820,0,44.3236,-18.8514,-40.1149,0.0000
24.2820,1,196.1996,0.0000,-196.1996,392.3990
24.3160,0,44.3236,-18.8514,-40.1149,0.0000
24.3160,1,196.1996,0.0000,-196.1996,392.3990
24.3480,0,44.3236,-18.8514,-40.1149,0.0000
24.3480,1,196.1996,0.0000,-196.1996,392.3990
24.3800,0,44.3236,-18.8514,-40.1149,0.0000
24.3800,1,196.1996,0.0000,-196.1996,392.3989
24.4160,0,44.3233,-18.8513,-40.1147,0.0000
24.4160,1,196.1996,0.0000,-196.1996,392.3990
24.4500,0,44.3233,-18.8513,-40.1147,0.0000
24.4500,1,196.1996,0.0000,-196.1996,392.3990
24.4840,0,44.3233,-18.8512,-40.1146,0.0000
24.4840,1,196.1996,0.0000,-196.1996,392.3990
24.5120,0,44.3233,-18.8512,-40.1146,0.0000
24.5120,1,196.1996,0.0000,-196.1996,392.3990
24.5500,0,44.3233,-18.8512,-40.1146,0.0000
24.5500,1,196.1996,0.0000,-196.1996,392.3990
24.5820,0,44.3233,-18.8512,-40.1146,0.0000
24.5820,1,196.1996,0.0000,-196.1996,392.3990
24.6160,0,44.3233,-18.8512,-40.1146,0.0000
24.6160,1,196.1996,0.0000,-196.1996,392.3990
24.6480,0,44.3233,-18.8512,-40.1146,0.0000
24.6480,1,196.1996,0.0000,-196.1996,392.3990
24.6800,0,44.3233,-18.8512,-40.1146,0.0000
24.6800,1,196.1996,0.0000,-196.1996,392.3990
24.7120,0,44.3233,-18.8512,-40.1146,0.0000
24.7120,1,196.1996,0.0000,-196.1996,392.3989
24.7460,0,44.3233,-18.8513,-40.1146,0.0000
24.7460,1,196.1996,0.0000,-196.1996,392.3989
24.7820,0,44.3233,-18.8512,-40.1146,0.0000
24.7820,1,196.1996,0.0000,-196.1996,392.3990
24.8160,0,44.3233,-18.8513,-40.1146,0.0000
24.8160,1,196.1996,0.0000,-196.1996,392.3989
24.8480,0,44.3233,-18.8512,-40.1146,0.0000
24.8480,1,196.1996,0.0000,-196.1996,392.3989
24.8840,0,44.3230,-18.8511,-40.1144,0.0000
24.8840,1,196.1996,0.0000,-196.1996,392.3990
24.9120,0,44.3230,-18.8511,-40.1144,0.0000
24.9120,1,196.1996,0.0000,-196.1996,392.3989
24.9480,0,44.3228,-18.8511,-40.1142,0.0000
24.9480,1,196.1996,0.0000,-196.1996,392.3990
24.9820,0,44.3226,-18.8510,-40.1140,0.0000
24.9820,1,196.1996,0.0000,-196.1996,392.3990
25.0160,0,44.3226,-18.8510,-40.1140,0.0000
25.0160,1,196.1996,0.0000,-196.1996,392.3989
25.0460,0,44.3226,-18.8510,-40.1140,0.0000
25.0460,1,196.1996,0.0000,-196.1996,392.3990
25.0820,0,44.3226,-18.8510,-40.1140,0.0000
25.0820,1,196.1996,0.0000,-196.1996,392.3989
25.1140,0,44.3226,-18.8510,-40.1140,0.0000
25.1140,1,196.1996,0.0000,-196.1996,392.3990
25.1260,0,44.3226,-18.8510,-40.1140,0.0000
25.1260,1,196.1996,0.0000,-196.1996,392.3990
25.1460,0,44.3226,-18.8510,-40.1140,0.0000
25.1460,1,196.1996,0.0000,-196.1996,392.3990
25.1800,0,44.3226,-18.8510,-40.1140,0.0000
25.1800,1,196.1996,0.0000,-196.1996,392.3990
25.2160,0,44.3226,-18.8510,-40.1140,0.0000
25.2160,1,196.1996,0.0000,-196.1996,392.3990
25.2480,0,44.3226,-18.8510,-40.1140,0.0000
25.2480,1,196.1996,0.0000,-196.1996,392.3990
25.2820,0,44.3226,-18.8510,-40.1140,0.0000
25.2820,1,196.1996,0.0000,-196.1996,392.3990
25.3160,0,44.3226,-18.8510,-40.1140,0.0000
25.3160,1,196.1996,0.0000,-196.1996,392.3989
25.3480,0,44.3223,-18.8509,-40.1138,0.0000
25.3480,1,196.1996,0.0000,-196.1996,392.3990
25.3820,0,44.3223,-18.8509,-40.1138,0.0000
25.3820,1,196.1996,0.0000,-196.1996,392.3990
25.4180,0,44.3223,-18.8509,-40.1138,0.0000
25.4180,1,196.1996,0.0000,-196.1996,392.3990
25.4460,0,44.3223,-18.8508,-40.1137,0.0000
25.4460,1,196.1996,0.0000,-196.1996,392.3990
25.4800,0,44.3223,-18.8508,-40.1137,0.0000
25.4800,1,196.1996,0.0000,-196.1996,392.3990
25.5120,0,44.3223,-18.8508,-40.1137,0.0000
25.5120,1,196.1996,0.0000,-196.1996,392.3990
25.5460,0,44.3223,-18.8508,-40.1137,0.0000
25.5460,1,196.1996,0.0000,-196.1996,392.3990
25.5800,0,44.3223,-18.8508,-40.1137,0.0000
25.5800,1,196.1996,0.0000,-196.1996,392.3990
25.6120,0,44.3223,-18.8508,-40.1137,0.0000
25.6120,1,196.1996,0.0000,-196.1996,392.3990
25.6460,0,44.3223,-18.8508,-40.1137,0.0000
25.6460,1,196.1996,0.0000,-196.1996,392.3990
25.6820,0,44.3223,-18.8508,-40.1137,0.0000
25.6820,1,196.1996,0.0000,-196.1996,392.3990
25.7120,0,44.3223,-18.8508,-40.1137,0.0000
25.7120,1,196.1996,0.0000,-196.1996,392.3989
25.7460,0,44.3223,-18.8508,-40.1137,0.0000
25.7460,1,196.1996,0.0000,-196.1996,392.3990
25.7820,0,44.3223,-18.8508,-40.1137,0.0000
25.7820,1,196.1996,0.0000,-196.1996,392.3990
25.8140,0,44.3223,-18.8508,-40.1137,0.0000
25.8140,1,196.1996,0.0000,-196.1996,392.3990
25.8480,0,44.3220,-18.8507,-40.1135,0.0000
25.8480,1,196.1996,0.0000,-196.1996,392.3990
25.8800,0,44.3220,-18.8507,-40.1135,0.0000
25.8800,1,196.1996,0.0000,-196.1996,392.3989
25.9140,0,44.3220,-18.8507,-40.1134,0.0000
25.9140,1,196.1996,0.0000,-196.1996,392.3989
25.9480,0,44.3220,-18.8507,-40.1134,0.0000
25.9480,1,196.1996,0.0000,-196.1996,392.3989
25.9800,0,44.3220,-18.8507,-40.1134,0.0000
25.9800,1,196.1996,0.0000,-196.1996,392.3990
26.0160,0,44.3220,-18.8507,-40.1134,0.0000
26.0160,1,196.1996,0.0000,-196.1996,392.3990
26.0480,0,44.3220,-18.8507,-40.1134,0.0000
26.0480,1,196.1996,0.0000,-196.1996,392.3990
26.0800,0,44.3220,-18.8507,-40.1134,0.0000
26.0800,1,196.1996,0.0000,-196.1996,392.3990
26.1140,0,44.3220,-18.8507,-40.1134,0.0000
26.1140,1,196.1996,0.0000,-196.1996,392.3990
26.1480,0,44.3220,-18.8507,-40.1134,0.0000
26.1480,1,196.1996,0.0000,-196.1996,392.3990
26.1820,0,44.3220,-18.8507,-40.1134,0.0000
26.1820,1,196.1996,0.0000,-196.1996,392.3989
26.2140,0,44.3220,-18.8507,-40.1134,0.0000
26.2140,1,196.1996,0.0000,-196.1996,392.3990
26.2480,0,44.3220,-18.8507,-40.1134,0.0000
26.2480,1,196.1996,0.0000,-196.1996,392.3989
26.2820,0,44.3220,-18.8507,-40.1134,0.0000
26.2820,1,196.1996,0.0000,-196.1996,392.3989
26.3140,0,44.3217,-18.8506,-40.1132,0.0000
26.3140,1,196.1996,0.0000,-196.1996,392.3990
26.3480,0,44.3217,-18.8506,-40.1132,0.0000
26.3480,1,196.1996,0.0000,-196.1996,392.3990
26.3800,0,44.3217,-18.8506,-40.1132,0.0000
26.3800,1,196.1996,0.0000,-196.1996,392.3990
26.4140,0,44.3216,-18.8506,-40.1131,0.0000
26.4140,1,196.1996,0.0000,-196.1996,392.3990
26.4480,0,44.3216,-18.8506,-40.1131,0.0000
26.4480,1,196.1996,0.0000,-196.1996,392.3989
26.4820,0,44.3216,-18.8506,-40.1131,0.0000
26.4820,1,196.1996,0.0000,-196.1996,392.3990
26.5140,0,44.3217,-18.8506,-40.1132,0.0000
26.5140,1,196.1996,0.0000,-196.1996,392.3990
26.5500,0,44.3217,-18.8506,-40.1132,0.0000
26.5500,1,196.1996,0.0000,-196.1996,392.3990
26.5820,0,44.3217,-18.8506,-40.1132,0.0000
26.5820,1,196.1996,0.0000,-196.1996,392.3989
26.6140,0,44.3217,-18.8506,-40.1132,0.0000
26.6140,1,196.1996,0.0000,-196.1996,392.3990
26.6480,0,44.3217,-18.8506,-40.1132,0.0000
26.6480,1,196.1996,0.0000,-196.1996,392.3990
26.6820,0,44.3217,-18.8506,-40.1132,0.0000
26.6820,1,196.1996,0.0000,-196.1996,392.3990
26.7140,0,44.3217,-18.8506,-40.1132,0.0000
26.7140,1,196.1996,0.0000,-196.1996,392.3990
26.7460,0,44.3217,-18.8506,-40.1132,0.0000
26.7460,1,196.1996,0.0000,-196.1996,392.3990
26.7820,0,44.3214,-18.8505,-40.1129,0.0000
26.7820,1,196.1996,0.0000,-196.1996,392.3990
26.8140,0,44.3214,-18.8505,-40.1129,0.0000
26.8140,1,196.1996,0.0000,-196.1996,392.3989
26.8480,0,44.3214,-18.8505,-40.1129,0.0000
26.8480,1,196.1996,0.0000,-196.1996,392.3990
26.8800,0,44.3213,-18.8504,-40.1129,0.0000
26.8800,1,196.1996,0.0000,-196.1996,392.3990
26.9140,0,44.3213,-18.8504,-40.1129,0.0000
26.9140,1,196.1996,0.0000,-196.1996,392.3990
26.9480,0,44.3213,-18.8504,-40.1129,0.0000
26.9480,1,196.1996,0.0000,-196.1996,392.3989
26.9800,0,44.3213,-18.8504,-40.1129,0.0000
26.9800,1,196.1996,0.0000,-196.1996,392.3990
27.0140,0,44.3213,-18.8504,-40.1129,0.0000
27.0140,1,196.1996,0.0000,-196.1996,392.3990
27.0460,0,44.3213,-18.8504,-40.1129,0.0000
27.0460,1,196.1996,0.0000,-196.1996,392.3989
27.0820,0,44.3213,-18.8504,-40.1129,0.0000
27.0820,1,196.1996,0.0000,-196.1996,392.3989
27.1140,0,44.3213,-18.8504,-40.1129,0.0000
27.1140,1,196.1996,0.0000,-196.1996,392.3990
27.1480,0,44.3213,-18.8504,-40.1129,0.0000
27.1480,1,196.1996,0.0000,-196.1996,392.3989
27.1820,0,44.3213,-18.8504,-40.1129,0.0000
27.1820,1,196.1996,0.0000,-196.1996,392.3990
27.2140,0,44.3213,-18.8504,-40.1129,0.0000
27.2140,1,196.1996,0.0000,-196.1996,392.3989
27.2500,0,44.3213,-18.8504,-40.1129,0.0000
27.2500,1,196.1996,0.0000,-196.1996,392.3990
27.2820,0,44.3211,-18.8503,-40.1126,0.0000
27.2820,1,196.1996,0.0000,-196.1996,392.3989
27.3140,0,44.3211,-18.8503,-40.1126,0.0000
27.3140,1,196.1996,0.0000,-196.1996,392.3990
27.3480,0,44.3210,-18.8503,-40.1126,0.0000
27.3480,1,196.1996,0.0000,-196.1996,392.3990
27.3820,0,44.3210,-18.8503,-40.1126,0.0000
27.3820,1,196.1996,0.0000,-196.1996,392.3990
27.4140,0,44.3210,-18.8503,-40.1126,0.0000
27.4140,1,196.1996,0.0000,-196.1996,392.3990
27.4460,0,44.3210,-18.8503,-40.1126,0.0000
27.4460,1,196.1996,0.0000,-196.1996,392.3990
27.4820,0,44.3210,-18.8503,-40.1126,0.0000
27.4820,1,196.1996,0.0000,-196.1996,392.3989
27.5120,0,44.3210,-18.8503,-40.1126,0.0000
27.5120,1,196.1996,0.0000,-196.1996,392.3990
27.5480,0,44.3210,-18.8503,-40.1126,0.0000
27.5480,1,196.1996,0.0000,-196.1996,392.3990
27.5800,0,44.3210,-18.8503,-40.1126,0.0000
27.5800,1,196.1996,0.0000,-196.1996,392.3990
27.6140,0,44.3210,-18.8503,-40.1126,0.0000
27.6140,1,196.1996,0.0000,-196.1996,392.3990
27.6480,0,44.3210,-18.8503,-40.1126,0.0000
27.6480,1,196.1996,0.0000,-196.1996,392.3990
27.6780,0,44.3210,-18.8503,-40.1126,0.0000
27.6780,1,196.1996,0.0000,-196.1996,392.3990
27.7140,0,44.3210,-18.8503,-40.1126,0.0000
27.7140,1,196.1996,0.0000,-196.1996,392.3989
27.7480,0,44.3207,-18.8502,-40.1123,0.0000
27.7480,1,196.1996,0.0000,-196.1996,392.3990
27.7820,0,44.3207,-18.8502,-40.1123,0.0000
27.7820,1,196.1996,0.0000,-196.1996,392.3989
27.8140,0,44.3207,-18.8502,-40.1123,0.0000
27.8140,1,196.1996,0.0000,-196.1996,392.3990
27.8480,0,44.3207,-18.8502,-40.1123,0.0000
27.8480,1,196.1996,0.0000,-196.1996,392.3990
27.8800,0,44.3207,-18.8502,-40.1123,0.0000
27.8800,1,196.1996,0.0000,-196.1996,392.3990
27.9140,0,44.3207,-18.8502,-40.1123,0.0000
27.9140,1,196.1996,0.0000,-196.1996,392.3990
27.9460,0,44.3207,-18.8502,-40.1123,0.0000
27.9460,1,196.1996,0.0000,-196.1996,392.3990
27.9820,0,44.3207,-18.8502,-40.1123,0.0000
27.9820,1,196.1996,0.0000,-196.1996,392.3989
28.0160,0,44.3207,-18.8502,-40.1123,0.0000
28.0160,1,196.1996,0.0000,-196.1996,392.3990
28.0480,0,44.3207,-18.8502,-40.1123,0.0000
28.0480,1,196.1996,0.0000,-196.1996,392.3990
28.0800,0,44.3207,-18.8502,-40.1123,0.0000
28.0800,1,196.1996,0.0000,-196.1996,392.3990
28.1140,0,44.3207,-18.8502,-40.1123,0.0000
28.1140,1,196.1996,0.0000,-196.1996,392.3990
28.1500,0,44.3207,-18.8502,-40.1123,0.0000
28.1500,1,196.1996,0.0000,-196.1996,392.3990
28.1800,0,44.3207,-18.8502,-40.1123,0.0000
28.1800,1,196.1996,0.0000,-196.1996,392.3990
28.2160,0,44.3204,-18.8500,-40.1120,0.0000
28.2160,1,196.1996,0.0000,-196.1996,392.3990
28.2480,0,44.3204,-18.8500,-40.1120,0.0000
28.2480,1,196.1996,0.0000,-196.1996,392.3990
28.2820,0,44.3204,-18.8500,-40.1120,0.0000
28.2820,1,196.1996,0.0000,-196.1996,392.3989
28.3140,0,44.3204,-18.8500,-40.1120,0.0000
28.3140,1,196.1996,0.0000,-196.1996,392.3989
28.3460,0,44.3204,-18.8500,-40.1120,0.0000
28.3460,1,196.1996,0.0000,-196.1996,392.3989
28.3780,0,44.3204,-18.8500,-40.1120,0.0000
28.3780,1,196.1996,0.0000,-196.1996,392.3990
28.4140,0,44.3204,-18.8500,-40.1120,0.0000
28.4140,1,196.1996,0.0000,-196.1996,392.3989
28.4480,0,44.3204,-18.8500,-40.1120,0.0000
28.4480,1,196.1996,0.0000,-196.1996,392.3989
28.4800,0,44.3204,-18.8500,-40.1120,0.0000
28.4800,1,196.1996,0.0000,-196.1996,392.3989
28.5140,0,44.3204,-18.8500,-40.1120,0.0000
28.5140,1,196.1996,0.0000,-196.1996,392.3989
28.5480,0,44.3204,-18.8500,-40.1120,0.0000
28.5480,1,196.1996,0.0000,-196.1996,392.3989
28.5820,0,44.3204,-18.8500,-40.1120,0.0000
28.5820,1,196.1996,0.0000,-196.1996,392.3990
28.6120,0,44.3204,-18.8500,-40.1120,0.0000
28.6120,1,196.1996,0.0000,-196.1996,392.3990
28.6480,0,44.3204,-18.8500,-40.1120,0.0000
28.6480,1,196.1996,0.0000,-196.1996,392.3989
28.6820,0,44.3204,-18.8500,-40.1120,0.0000
28.6820,1,196.1996,0.0000,-196.1996,392.3990
28.7140,0,44.3201,-18.8499,-40.1117,0.0000
28.7140,1,196.1996,0.0000,-196.1996,392.3989
28.7480,0,44.3201,-18.8499,-40.1117,0.0000
28.7480,1,196.1996,0.0000,-196.1996,392.3990
28.7780,0,44.3200,-18.8499,-40.1117,0.0000
28.7780,1,196.1996,0.0000,-196.1996,392.3990
28.8120,0,44.3200,-18.8499,-40.1117,0.0000
28.8120,1,196.1996,0.0000,-196.1996,392.3989
28.8460,0,44.3200,-18.8499,-40.1117,0.0000
28.8460,1,196.1996,0.0000,-196.1996,392.3990
28.8820,0,44.3200,-18.8499,-40.1117,0.0000
28.8820,1,196.1996,0.0000,-196.1996,392.3990
28.9140,0,44.3200,-18.8499,-40.1117,0.0000
28.9140,1,196.1996,0.0000,-196.1996,392.3990
28.9500,0,44.3200,-18.8499,-40.1117,0.0000
28.9500,1,196.1996,0.0000,-196.1996,392.3989
28.9800,0,44.3200,-18.8499,-40.1117,0.0000
28.9800,1,196.1996,0.0000,-196.1996,392.3990
29.0120,0,44.3200,-18.8499,-40.1117,0.0000
29.0120,1,196.1996,0.0000,-196.1996,392.3990
29.0460,0,44.3200,-18.8499,-40.1117,0.0000
29.0460,1,196.1996,0.0000,-196.1996,392.3990
29.0800,0,44.3200,-18.8499,-40.1117,0.0000
29.0800,1,196.1996,0.0000,-196.1996,392.3990
29.1120,0,44.3200,-18.8499,-40.1117,0.0000
29.1120,1,196.1996,0.0000,-196.1996,392.3990
29.1460,0,44.3200,-18.8499,-40.1117,0.0000
29.1460,1,196.1996,0.0000,-196.1996,392.3990
29.1780,0,44.3198,-18.8498,-40.1115,0.0000
29.1780,1,196.1996,0.0000,-196.1996,392.3990
29.2120,0,44.3198,-18.8498,-40.1115,0.0000
29.2120,1,196.1996,0.0000,-196.1996,392.3990
29.2460,0,44.3198,-18.8498,-40.1115,0.0000
29.2460,1,196.1996,0.0000,-196.1996,392.3990
29.2780,0,44.3197,-18.8497,-40.1114,0.0000
29.2780,1,196.1996,0.0000,-196.1996,392.3990
29.3140,0,44.3197,-18.8497,-40.1114,0.0000
29.3140,1,196.1996,0.0000,-196.1996,392.3989
29.3480,0,44.3197,-18.8497,-40.1114,0.0000
29.3480,1,196.1996,0.0000,-196.1996,392.3990
29.3800,0,44.3197,-18.8497,-40.1114,0.0000
29.3800,1,196.1996,0.0000,-196.1996,392.3990
29.4140,0,44.3197,-18.8497,-40.1114,0.0000
29.4140,1,196.1996,0.0000,-196.1996,392.3990
29.4460,0,44.3197,-18.8497,-40.1114,0.0000
29.4460,1,196.1996,0.0000,-196.1996,392.3990
29.4820,0,44.3197,-18.8497,-40.1114,0.0000
29.4820,1,196.1996,0.0000,-196.1996,392.3990
29.5120,0,44.3197,-18.8497,-40.1114,0.0000
29.5120,1,196.1996,0.0000,-196.1996,392.3989
29.5480,0,44.3197,-18.8497,-40.1114,0.0000
29.5480,1,196.1996,0.0000,-196.1996,392.3989
29.5800,0,44.3197,-18.8497,-40.1114,0.0000
29.5800,1,196.1996,0.0000,-196.1996,392.3989
29.6160,0,44.3197,-18.8497,-40.1114,0.0000
29.6160,1,196.1996,0.0000,-196.1996,392.3989
29.6480,0,44.3195,-18.8496,-40.1112,0.0000
29.6480,1,196.1996,0.0000,-196.1996,392.3989
29.6800,0,44.3195,-18.8496,-40.1112,0.0000
29.6800,1,196.1996,0.0000,-196.1996,392.3989
29.7140,0,44.3195,-18.8496,-40.1112,0.0000
29.7140,1,196.1996,0.0000,-196.1996,392.3989
29.7480,0,44.3194,-18.8496,-40.1111,0.0000
29.7480,1,196.1996,0.0000,-196.1996,392.3990
29.7780,0,44.3194,-18.8496,-40.1111,0.0000
29.7780,1,196.1996,0.0000,-196.1996,392.3989
29.8120,0,44.3194,-18.8496,-40.1111,0.0000
29.8120,1,196.1996,0.0000,-196.1996,392.3990
29.8480,0,44.3194,-18.8496,-40.1111,0.0000
29.8480,1,196.1996,0.0000,-196.1996,392.3990
29.8800,0,44.3194,-18.8496,-40.1111,0.0000
29.8800,1,196.1996,0.0000,-196.1996,392.3990
29.9140,0,44.3194,-18.8496,-40.1111,0.0000
29.9140,1,196.1996,0.0000,-196.1996,392.3990
29.9480,0,44.3194,-18.8496,-40.1111,0.0000
29.9480,1,196.1996,0.0000,-196.1996,392.3989
29.9800,0,44.3194,-18.8496,-40.1111,0.0000
29.9800,1,196.1996,0.0000,-196.1996,392.3990
30.0140,0,44.3194,-18.8496,-40.1111,0.0000
30.0140,1,196.1996,0.0000,-196.1996,392.3990
30.0460,0,44.3194,-18.8496,-40.1111,0.0000
30.0460,1,196.1996,0.0000,-196.1996,392.3990
30.0820,0,44.3194,-18.8496,-40.1111,0.0000
30.0820,1,196.1996,0.0000,-196.1996,392.3990
30.1140,0,44.3194,-18.8496,-40.1111,0.0000
30.1140,1,196.1996,0.0000,-196.1996,392.3990
30.1460,0,44.3191,-18.8495,-40.1109,0.0000
30.1460,1,196.1996,0.0000,-196.1996,392.3989
30.1780,0,44.3191,-18.8495,-40.1109,0.0000
30.1780,1,196.1996,0.0000,-196.1996,392.3989
30.2140,0,44.3191,-18.8495,-40.1108,0.0000
30.2140,1,196.1996,0.0000,-196.1996,392.3990
30.2480,0,44.3191,-18.8495,-40.1108,0.0000
30.2480,1,196.1996,0.0000,-196.1996,392.3990
30.2800,0,44.3191,-18.8495,-40.1108,0.0000
30.2800,1,196.1996,0.0000,-196.1996,392.3989
30.3140,0,44.3191,-18.8495,-40.1108,0.0000
30.3140,1,196.1996,0.0000,-196.1996,392.3990
30.3480,0,44.3191,-18.8495,-40.1108,0.0000
30.3480,1,196.1996,0.0000,-196.1996,392.3990
30.3800,0,44.3191,-18.8495,-40.1108,0.0000
30.3800,1,196.1996,0.0000,-196.1996,392.3989
30.4140,0,44.3191,-18.8495,-40.1108,0.0000
30.4140,1,196.1996,0.0000,-196.1996,392.3990
30.4460,0,44.3191,-18.8495,-40.1108,0.0000
30.4460,1,196.1996,0.0000,-196.1996,392.3990
30.4800,0,44.3191,-18.8495,-40.1108,0.0000
30.4800,1,196.1996,0.0000,-196.1996,392.3990
30.5140,0,44.3191,-18.8495,-40.1108,0.0000
30.5140,1,196.1996,0.0000,-196.1996,392.3990
30.5480,0,44.3191,-18.8495,-40.1108,0.0000
30.5480,1,196.1996,0.0000,-196.1996,392.3990
30.5800,0,44.3191,-18.8495,-40.1108,0.0000
30.5800,1,196.1996,0.0000,-196.1996,392.3990
30.6120,0,44.3188,-18.8494,-40.1106,0.0000
30.6120,1,196.1996,0.0000,-196.1996,392.3989
30.6480,0,44.3188,-18.8494,-40.1106,0.0000
30.6480,1,196.1996,0.0000,-196.1996,392.3990
30.6800,0,44.3188,-18.8494,-40.1106,0.0000
30.6800,1,196.1996,0.0000,-196.1996,392.3989
30.7140,0,44.3188,-18.8493,-40.1105,0.0000
30.7140,1,196.1996,0.0000,-196.1996,392.3989
30.7460,0,44.3187,-18.8493,-40.1105,0.0000
30.7460,1,196.1996,0.0000,-196.1996,392.3989
30.7780,0,44.3188,-18.8493,-40.1105,0.0000
30.7780,1,196.1996,0.0000,-196.1996,392.3990
30.8120,0,44.3188,-18.8493,-40.1105,0.0000
30.8120,1,196.1996,0.0000,-196.1996,392.3990
30.8460,0,44.3188,-18.8493,-40.1105,0.0000
30.8460,1,196.1996,0.0000,-196.1996,392.3990
30.8800,0,44.3188,-18.8493,-40.1105,0.0000
30.8800,1,196.1996,0.0000,-196.1996,392.3990
30.9140,0,44.3188,-18.8493,-40.1105,0.0000
30.9140,1,196.1996,0.0000,-196.1996,392.3989
30.9460,0,44.3188,-18.8493,-40.1105,0.0000
30.9460,1,196.1996,0.0000,-196.1996,392.3990
30.9800,0,44.3187,-18.8493,-40.1105,0.0000
30.9800,1,196.1996,0.0000,-196.1996,392.3990
31.0140,0,44.3188,-18.8493,-40.1105,0.0000
31.0140,1,196.1996,0.0000,-196.1996,392.3989
31.0480,0,44.3188,-18.8493,-40.1105,0.0000
31.0480,1,196.1996,0.0000,-196.1996,392.3989
31.0780,0,44.3185,-18.8492,-40.1103,0.0000
31.0780,1,196.1996,0.0000,-196.1996,392.3989
31.1120,0,44.3185,-18.8492,-40.1103,0.0000
31.1120,1,196.1996,0.0000,-196.1996,392.3990
31.1480,0,44.3185,-18.8492,-40.1103,0.0000
31.1480,1,196.1996,0.0000,-196.1996,392.3990
31.1800,0,44.3184,-18.8492,-40.1102,0.0000
31.1800,1,196.1996,0.0000,-196.1996,392.3989
31.2140,0,44.3184,-18.8492,-40.1102,0.0000
31.2140,1,196.1996,0.0000,-196.1996,392.3990
31.2460,0,44.3184,-18.8492,-40.1102,0.0000
31.2460,1,196.1996,0.0000,-196.1996,392.3990
31.2820,0,44.3184,-18.8492,-40.1102,0.0000
31.2820,1,196.1996,0.0000,-196.1996,392.3990
31.3120,0,44.3184,-18.8492,-40.1102,0.0000
31.3120,1,196.1996,0.0000,-196.1996,392.3989
31.3440,0,44.3184,-18.8492,-40.1102,0.0000
31.3440,1,196.1996,0.0000,-196.1996,392.3989
31.3800,0,44.3184,-18.8492,-40.1102,0.0000
31.3800,1,196.1996,0.0000,-196.1996,392.3989
31.4100,0,44.3184,-18.8492,-40.1102,0.0000
31.4100,1,196.1996,0.0000,-196.1996,392.3990
31.4480,0,44.3184,-18.8492,-40.1102,0.0000
31.4480,1,196.1996,0.0000,-196.1996,392.3989
31.4820,0,44.3184,-18.8492,-40.1102,0.0000
31.4820,1,196.1996,0.0000,-196.1996,392.3990
31.5140,0,44.3184,-18.8492,-40.1102,0.0000
31.5140,1,196.1996,0.0000,-196.1996,392.3989
31.5460,0,44.3184,-18.8492,-40.1102,0.0000
31.5460,1,196.1996,0.0000,-196.1996,392.3990
31.5800,0,44.3182,-18.8491,-40.1100,0.0000
31.5800,1,196.1996,0.0000,-196.1996,392.3990
31.6140,0,44.3182,-18.8491,-40.1100,0.0000
31.6140,1,196.1996,0.0000,-196.1996,392.3990
31.6460,0,44.3180,-18.8490,-40.1099,0.0000
31.6460,1,196.1996,0.0000,-196.1996,392.3990
31.6800,0,44.3181,-18.8491,-40.1099,0.0000
31.6800,1,196.1996,0.0000,-196.1996,392.3990
31.7120,0,44.3181,-18.8491,-40.1099,0.0000
31.7120,1,196.1996,0.0000,-196.1996,392.3990
31.7500,0,44.3181,-18.8491,-40.1099,0.0000
31.7500,1,196.1996,0.0000,-196.1996,392.3990
31.7780,0,44.3181,-18.8491,-40.1099,0.0000
31.7780,1,196.1989,0.0000,-196.1989,392.3976
31.8140,0,44.3181,-18.8491,-40.1099,0.0000
31.8140,1,196.1989,0.0000,-196.1989,392.3976
31.8460,0,44.3181,-18.8491,-40.1099,0.0000
31.8460,1,196.1989,0.0000,-196.1989,392.3976
31.8800,0,44.3181,-18.8491,-40.1099,0.0000
31.8800,1,196.1989,0.0000,-196.1989,392.3976
31.9140,0,44.3181,-18.8491,-40.1099,0.0000
31.9140,1,196.1989,0.0000,-196.1989,392.3976
31.9480,0,44.3181,-18.8491,-40.1099,0.0000
31.9480,1,196.1989,0.0000,-196.1989,392.3976
31.9800,0,44.3181,-18.8491,-40.1099,0.0000
31.9800,1,196.1989,0.0000,-196.1989,392.3976
32.0140,0,44.3181,-18.8491,-40.1099,0.0000
32.0140,1,196.1989,0.0000,-196.1989,392.3976
32.0460,0,44.3178,-18.8489,-40.1097,0.0000
32.0460,1,196.1989,0.0000,-196.1989,392.3976
32.0800,0,44.3178,-18.8489,-40.1097,0.0000
32.0800,1,196.1989,0.0000,-196.1989,392.3976
32.1140,0,44.3178,-18.8489,-40.1097,0.0000
32.1140,1,196.1989,0.0000,-196.1989,392.3976
32.1460,0,44.3178,-18.8489,-40.1096,0.0000
32.1460,1,196.1989,0.0000,-196.1989,392.3976
32.1780,0,44.3178,-18.8489,-40.1096,0.0000
32.1780,1,196.1989,0.0000,-196.1989,392.3976
32.2140,0,44.3178,-18.8489,-40.1096,0.0000
32.2140,1,196.1989,0.0000,-196.1989,392.3976
32.2460,0,44.3178,-18.8489,-40.1096,0.0000
32.2460,1,196.1989,0.0000,-196.1989,392.3976
32.2800,0,44.3178,-18.8489,-40.1096,0.0000
32.2800,1,196.1989,0.0000,-196.1989,392.3976
32.3100,0,44.3178,-18.8489,-40.1097,0.0000
32.3100,1,196.1989,0.0000,-196.1989,392.3976
32.3460,0,44.3178,-18.8489,-40.1097,0.0000
32.3460,1,196.1989,0.0000,-196.1989,392.3976
32.3800,0,44.3178,-18.8489,-40.1097,0.0000
32.3800,1,196.1989,0.0000,-196.1989,392.3976
32.4140,0,44.3178,-18.8489,-40.1096,0.0000
32.4140,1,196.1989,0.0000,-196.1989,392.3975
32.4460,0,44.3178,-18.8489,-40.1097,0.0000
32.4460,1,196.1989,0.0000,-196.1989,392.3976
32.4800,0,44.3178,-18.8489,-40.1097,0.0000
32.4800,1,196.1989,0.0000,-196.1989,392.3975
32.5140,0,44.3178,-18.8489,-40.1097,0.0000
32.5140,1,196.1989,0.0000,-196.1989,392.3976
32.5460,0,44.3175,-18.8488,-40.1094,0.0000
32.5460,1,196.1989,0.0000,-196.1989,392.3976
32.5800,0,44.3175,-18.8488,-40.1094,0.0000
32.5800,1,196.1989,0.0000,-196.1989,392.3976
32.6140,0,44.3175,-18.8488,-40.1094,0.0000
32.6140,1,196.1989,0.0000,-196.1989,392.3976
32.6440,0,44.3175,-18.8488,-40.1094,0.0000
32.6440,1,196.1989,0.0000,-196.1989,392.3975
32.6800,0,44.3175,-18.8488,-40.1094,0.0000
32.6800,1,196.1989,0.0000,-196.1989,392.3976
32.7140,0,44.3175,-18.8488,-40.1094,0.0000
32.7140,1,196.1989,0.0000,-196.1989,392.3975
32.7460,0,44.3175,-18.8488,-40.1094,0.0000
32.7460,1,196.1989,0.0000,-196.1989,392.3976
32.7800,0,44.3175,-18.8488,-40.1094,0.0000
32.7800,1,196.1989,0.0000,-196.1989,392.3976
32.8140,0,44.3175,-18.8488,-40.1094,0.0000
32.8140,1,196.1989,0.0000,-196.1989,392.3976
32.8460,0,44.3175,-18.8488,-40.1094,0.0000
32.8460,1,196.1989,0.0000,-196.1989,392.3976
32.8800,0,44.3175,-18.8488,-40.1094,0.0000
32.8800,1,196.1989,0.0000,-196.1989,392.3976
32.9120,0,44.3175,-18.8488,-40.1094,0.0000
32.9120,1,196.1989,0.0000,-196.1989,392.3976
32.9460,0,44.3175,-18.8488,-40.1094,0.0000
32.9460,1,196.1989,0.0000,-196.1989,392.3976
32.9800,0,44.3175,-18.8488,-40.1094,0.0000
32.9800,1,196.1989,0.0000,-196.1989,392.3976
33.0140,0,44.3172,-18.8487,-40.1091,0.0000
33.0140,1,196.1989,0.0000,-196.1989,392.3976
33.0460,0,44.3172,-18.8487,-40.1091,0.0000
33.0460,1,196.1989,0.0000,-196.1989,392.3976
33.0800,0,44.3172,-18.8487,-40.1091,0.0000
33.0800,1,196.1989,0.0000,-196.1989,392.3975
33.1140,0,44.3171,-18.8486,-40.1091,0.0000
33.1140,1,196.1989,0.0000,-196.1989,392.3976
33.1460,0,44.3171,-18.8486,-40.1091,0.0000
33.1460,1,196.1989,0.0000,-196.1989,392.3976
33.1800,0,44.3171,-18.8486,-40.1091,0.0000
33.1800,1,196.1989,0.0000,-196.1989,392.3976
33.2140,0,44.3171,-18.8486,-40.1091,0.0000
33.2140,1,196.1989,0.0000,-196.1989,392.3976
33.2480,0,44.3171,-18.8486,-40.1091,0.0000
33.2480,1,196.1989,0.0000,-196.1989,392.3976
33.2780,0,44.3171,-18.8486,-40.1091,0.0000
33.2780,1,196.1989,0.0000,-196.1989,392.3976
33.3120,0,44.3171,-18.8486,-40.1091,0.0000
33.3120,1,196.1989,0.0000,-196.1989,392.3976
33.3440,0,44.3171,-18.8486,-40.1091,0.0000
33.3440,1,196.1989,0.0000,-196.1989,392.3976
33.3780,0,44.3171,-18.8486,-40.1091,0.0000
33.3780,1,196.1989,0.0000,-196.1989,392.3976
33.4100,0,44.3171,-18.8486,-40.1091,0.0000
33.4100,1,196.1989,0.0000,-196.1989,392.3976
33.4460,0,44.3171,-18.8486,-40.1091,0.0000
33.4460,1,196.1989,0.0000,-196.1989,392.3976
33.4820,0,44.3169,-18.8485,-40.1088,0.0000
33.4820,1,196.1989,0.0000,-196.1989,392.3976
33.5100,0,44.3169,-18.8485,-40.1088,0.0000
33.5100,1,196.1989,0.0000,-196.1989,392.3976
33.5440,0,44.3169,-18.8485,-40.1088,0.0000
33.5440,1,196.1989,0.0000,-196.1989,392.3976
33.5800,0,44.3168,-18.8485,-40.1088,0.0000
33.5800,1,196.1989,0.0000,-196.1989,392.3976
33.6140,0,44.3168,-18.8485,-40.1088,0.0000
33.6140,1,196.1989,0.0000,-196.1989,392.3975
33.6440,0,44.3168,-18.8485,-40.1088,0.0000
33.6440,1,196.1989,0.0000,-196.1989,392.3975
33.6800,0,44.3168,-18.8485,-40.1088,0.0000
33.6800,1,196.1989,0.0000,-196.1989,392.3976
33.7140,0,44.3168,-18.8485,-40.1088,0.0000
33.7140,1,196.1989,0.0000,-196.1989,392.3976
33.7480,0,44.3168,-18.8485,-40.1088,0.0000
33.7480,1,196.1989,0.0000,-196.1989,392.3976
33.7800,0,44.3168,-18.8485,-40.1088,0.0000
33.7800,1,196.1989,0.0000,-196.1989,392.3976
33.8140,0,44.3168,-18.8485,-40.1088,0.0000
33.8140,1,196.1989,0.0000,-196.1989,392.3976
33.8460,0,44.3168,-18.8485,-40.1088,0.0000
33.8460,1,196.1989,0.0000,-196.1989,392.3976
33.8780,0,44.3168,-18.8485,-40.1088,0.0000
33.8780,1,196.1989,0.0000,-196.1989,392.3975
33.9120,0,44.3168,-18.8485,-40.1088,0.0000
33.9120,1,196.1989,0.0000,-196.1989,392.3976
33.9460,0,44.3168,-18.8485,-40.1088,0.0000
33.9460,1,196.1989,0.0000,-196.1989,392.3976
33.9800,0,44.3166,-18.8484,-40.1085,0.0000
33.9800,1,196.1989,0.0000,-196.1989,392.3976
34.0120,0,44.3166,-18.8484,-40.1085,0.0000
34.0120,1,196.1989,0.0000,-196.1989,392.3976
34.0460,0,44.3164,-18.8483,-40.1084,0.0000
34.0460,1,196.1989,0.0000,-196.1989,392.3976
34.0800,0,44.3165,-18.8484,-40.1085,0.0000
34.0800,1,196.1989,0.0000,-196.1989,392.3976
34.1120,0,44.3165,-18.8484,-40.1085,0.0000
34.1120,1,196.1989,0.0000,-196.1989,392.3976
34.1460,0,44.3165,-18.8484,-40.1085,0.0000
34.1460,1,196.1989,0.0000,-196.1989,392.3976
34.1780,0,44.3165,-18.8484,-40.1085,0.0000
34.1780,1,196.1989,0.0000,-196.1989,392.3976
34.2120,0,44.3165,-18.8484,-40.1085,0.0000
34.2120,1,196.1989,0.0000,-196.1989,392.3976
34.2440,0,44.3165,-18.8484,-40.1085,0.0000
34.2440,1,196.1989,0.0000,-196.1989,392.3975
34.2800,0,44.3165,-18.8484,-40.1085,0.0000
34.2800,1,196.1989,0.0000,-196.1989,392.3976
34.3140,0,44.3165,-18.8484,-40.1085,0.0000
34.3140,1,196.1989,0.0000,-196.1989,392.3976
34.3440,0,44.3165,-18.8484,-40.1085,0.0000
34.3440,1,196.1989,0.0000,-196.1989,392.3976
34.3800,0,44.3165,-18.8484,-40.1085,0.0000
34.3800,1,196.1989,0.0000,-196.1989,392.3976
34.4140,0,44.3165,-18.8484,-40.1085,0.0000
34.4140,1,196.1989,0.0000,-196.1989,392.3976
34.4460,0,44.3162,-18.8483,-40.1082,0.0000
34.4460,1,196.1989,0.0000,-196.1989,392.3976
34.4800,0,44.3162,-18.8483,-40.1082,0.0000
34.4800,1,196.1989,0.0000,-196.1989,392.3976
34.5140,0,44.3162,-18.8483,-40.1082,0.0000
34.5140,1,196.1989,0.0000,-196.1989,392.3976
34.5460,0,44.3162,-18.8482,-40.1082,0.0000
34.5460,1,196.1989,0.0000,-196.1989,392.3976
34.5800,0,44.3162,-18.8482,-40.1082,0.0000
34.5800,1,196.1989,0.0000,-196.1989,392.3975
34.6140,0,44.3162,-18.8482,-40.1082,0.0000
34.6140,1,196.1989,0.0000,-196.1989,392.3976
34.6460,0,44.3162,-18.8482,-40.1082,0.0000
34.6460,1,196.1989,0.0000,-196.1989,392.3976
34.6800,0,44.3162,-18.8482,-40.1082,0.0000
34.6800,1,196.1989,0.0000,-196.1989,392.3975
34.7120,0,44.3162,-18.8482,-40.1082,0.0000
34.7120,1,196.1989,0.0000,-196.1989,392.3976
34.7460,0,44.3162,-18.8482,-40.1082,0.0000
34.7460,1,196.1989,0.0000,-196.1989,392.3976
34.7780,0,44.3162,-18.8482,-40.1082,0.0000
34.7780,1,196.1989,0.0000,-196.1989,392.3976
34.8120,0,44.3162,-18.8482,-40.1082,0.0000
34.8120,1,196.1989,0.0000,-196.1989,392.3976
34.8480,0,44.3162,-18.8482,-40.1082,0.0000
34.8480,1,196.1989,0.0000,-196.1989,392.3976
34.8800,0,44.3162,-18.8482,-40.1082,0.0000
34.8800,1,196.1989,0.0000,-196.1989,392.3976
34.9120,0,44.3159,-18.8481,-40.1080,0.0000
34.9120,1,196.1989,0.0000,-196.1989,392.3976
34.9460,0,44.3159,-18.8481,-40.1080,0.0000
34.9460,1,196.1989,0.0000,-196.1989,392.3976
34.9800,0,44.3159,-18.8481,-40.1080,0.0000
34.9800,1,196.1989,0.0000,-196.1989,392.3975
35.0120,0,44.3158,-18.8481,-40.1079,0.0000
35.0120,1,196.1989,0.0000,-196.1989,392.3976
35.0460,0,44.3158,-18.8481,-40.1079,0.0000
35.0460,1,196.1989,0.0000,-196.1989,392.3976
35.0800,0,44.3158,-18.8481,-40.1079,0.0000
35.0800,1,196.1989,0.0000,-196.1989,392.3976
35.1140,0,44.3158,-18.8481,-40.1079,0.0000
35.1140,1,196.1989,0.0000,-196.1989,392.3976
35.1460,0,44.3158,-18.8481,-40.1079,0.0000
35.1460,1,196.1989,0.0000,-196.1989,392.3976
35.1800,0,44.3158,-18.8481,-40.1079,0.0000
35.1800,1,196.1989,0.0000,-196.1989,392.3976
35.2140,0,44.3158,-18.8481,-40.1079,0.0000
35.2140,1,196.1989,0.0000,-196.1989,392.3976
35.2460,0,44.3158,-18.8481,-40.1079,0.0000
35.2460,1,196.1989,0.0000,-196.1989,392.3976
35.2800,0,44.3158,-18.8481,-40.1079,0.0000
35.2800,1,196.1989,0.0000,-196.1989,392.3976
35.3140,0,44.3158,-18.8481,-40.1079,0.0000
35.3140,1,196.1989,0.0000,-196.1989,392.3975
35.3460,0,44.3158,-18.8481,-40.1079,0.0000
35.3460,1,196.1989,0.0000,-196.1989,392.3976
35.3780,0,44.3158,-18.8481,-40.1079,0.0000
35.3780,1,196.1989,0.0000,-196.1989,392.3976
35.4140,0,44.3156,-18.8480,-40.1077,0.0000
35.4140,1,196.1989,0.0000,-196.1989,392.3975
35.4440,0,44.3156,-18.8480,-40.1077,0.0000
35.4440,1,196.1989,0.0000,-196.1989,392.3975
35.4780,0,44.3156,-18.8480,-40.1077,0.0000
35.4780,1,196.1989,0.0000,-196.1989,392.3975
35.5120,0,44.3155,-18.8480,-40.1076,0.0000
35.5120,1,196.1989,0.0000,-196.1989,392.3976
35.5460,0,44.3155,-18.8480,-40.1076,0.0000
35.5460,1,196.1989,0.0000,-196.1989,392.3975
35.5800,0,44.3155,-18.8480,-40.1076,0.0000
35.5800,1,196.1989,0.0000,-196.1989,392.3976
35.6140,0,44.3155,-18.8480,-40.1076,0.0000
35.6140,1,196.1989,0.0000,-196.1989,392.3976
35.6460,0,44.3155,-18.8480,-40.1076,0.0000
35.6460,1,196.1989,0.0000,-196.1989,392.3975
35.6780,0,44.3155,-18.8480,-40.1076,0.0000
35.6780,1,196.1989,0.0000,-196.1989,392.3976
35.7120,0,44.3155,-18.8480,-40.1076,0.0000
35.7120,1,196.1989,0.0000,-196.1989,392.3976
35.7440,0,44.3155,-18.8480,-40.1076,0.0000
35.7440,1,196.1989,0.0000,-196.1989,392.3976
35.7800,0,44.3155,-18.8480,-40.1076,0.0000
35.7800,1,196.1989,0.0000,-196.1989,392.3976
35.8120,0,44.3155,-18.8480,-40.1076,0.0000
35.8120,1,196.1989,0.0000,-196.1989,392.3976
35.8460,0,44.3155,-18.8480,-40.1076,0.0000
35.8460,1,196.1989,0.0000,-196.1989,392.3976
35.8800,0,44.3153,-18.8478,-40.1074,0.0000
35.8800,1,196.1989,0.0000,-196.1989,392.3976
35.9120,0,44.3153,-18.8478,-40.1074,0.0000
35.9120,1,196.1989,0.0000,-196.1989,392.3976
35.9460,0,44.3153,-18.8478,-40.1074,0.0000
35.9460,1,196.1989,0.0000,-196.1989,392.3976
35.9780,0,44.3152,-18.8478,-40.1073,0.0000
35.9780,1,196.1989,0.0000,-196.1989,392.3976
36.0140,0,44.3152,-18.8478,-40.1073,0.0000
36.0140,1,196.1989,0.0000,-196.1989,392.3976
36.0440,0,44.3152,-18.8478,-40.1073,0.0000
36.0440,1,196.1989,0.0000,-196.1989,392.3975
36.0800,0,44.3152,-18.8478,-40.1073,0.0000
36.0800,1,196.1989,0.0000,-196.1989,392.3976
36.1120,0,44.3152,-18.8478,-40.1073,0.0000
36.1120,1,196.1989,0.0000,-196.1989,392.3976
36.1460,0,44.3152,-18.8478,-40.1073,0.0000
36.1460,1,196.1989,0.0000,-196.1989,392.3976
36.1800,0,44.3152,-18.8478,-40.1073,0.0000
36.1800,1,196.1989,0.0000,-196.1989,392.3976
36.2140,0,44.3152,-18.8478,-40.1073,0.0000
36.2140,1,196.1989,0.0000,-196.1989,392.3975
36.2460,0,44.3152,-18.8478,-40.1073,0.0000
36.2460,1,196.1989,0.0000,-196.1989,392.3976
36.2780,0,44.3152,-18.8478,-40.1073,0.0000
36.2780,1,196.1989,0.0000,-196.1989,392.3975
36.3120,0,44.3152,-18.8478,-40.1073,0.0000
36.3120,1,196.1989,0.0000,-196.1989,392.3976
36.3460,0,44.3149,-18.8477,-40.1071,0.0000
36.3460,1,196.1989,0.0000,-196.1989,392.3976
36.3800,0,44.3149,-18.8477,-40.1071,0.0000
36.3800,1,196.1989,0.0000,-196.1989,392.3976
36.4140,0,44.3149,-18.8477,-40.1071,0.0000
36.4140,1,196.1989,0.0000,-196.1989,392.3976
36.4460,0,44.3149,-18.8477,-40.1070,0.0000
36.4460,1,196.1989,0.0000,-196.1989,392.3976
36.4800,0,44.3149,-18.8477,-40.1070,0.0000
36.4800,1,196.1989,0.0000,-196.1989,392.3976
36.5120,0,44.3149,-18.8477,-40.1070,0.0000
36.5120,1,196.1989,0.0000,-196.1989,392.3976
36.5460,0,44.3149,-18.8477,-40.1070,0.0000
36.5460,1,196.1989,0.0000,-196.1989,392.3976
36.5780,0,44.3149,-18.8477,-40.1070,0.0000
36.5780,1,196.1989,0.0000,-196.1989,392.3976
36.6140,0,44.3149,-18.8477,-40.1070,0.0000
36.6140,1,196.1989,0.0000,-196.1989,392.3976
36.6440,0,44.3149,-18.8477,-40.1070,0.0000
36.6440,1,196.1989,0.0000,-196.1989,392.3975
36.6800,0,44.3149,-18.8477,-40.1070,0.0000
36.6800,1,196.1989,0.0000,-196.1989,392.3975
36.7120,0,44.3149,-18.8477,-40.1070,0.0000
36.7120,1,196.1989,0.0000,-196.1989,392.3975
36.7480,0,44.3149,-18.8477,-40.1070,0.0000
36.7480,1,196.1989,0.0000,-196.1989,392.3976
36.7800,0,44.3149,-18.8477,-40.1070,0.0000
36.7800,1,196.1989,0.0000,-196.1989,392.3976
36.8120,0,44.3149,-18.8477,-40.1070,0.0000
36.8120,1,196.1989,0.0000,-196.1989,392.3975
36.8460,0,44.3146,-18.8476,-40.1068,0.0000
36.8460,1,196.1989,0.0000,-196.1989,392.3976
36.8780,0,44.3146,-18.8476,-40.1068,0.0000
36.8780,1,196.1989,0.0000,-196.1989,392.3976
36.9120,0,44.3146,-18.8476,-40.1068,0.0000
36.9120,1,196.1989,0.0000,-196.1989,392.3976
36.9440,0,44.3146,-18.8475,-40.1067,0.0000
36.9440,1,196.1989,0.0000,-196.1989,392.3976
36.9800,0,44.3146,-18.8475,-40.1067,0.0000
36.9800,1,196.1989,0.0000,-196.1989,392.3976
37.0120,0,44.3146,-18.8475,-40.1067,0.0000
37.0120,1,196.1989,0.0000,-196.1989,392.3976
37.0460,0,44.3146,-18.8475,-40.1067,0.0000
37.0460,1,196.1989,0.0000,-196.1989,392.3976
37.0760,0,44.3146,-18.8475,-40.1067,0.0000
37.0760,1,196.1989,0.0000,-196.1989,392.3976
37.1120,0,44.3146,-18.8475,-40.1067,0.0000
37.1120,1,196.1989,0.0000,-196.1989,392.3976
37.1460,0,44.3146,-18.8476,-40.1067,0.0000
37.1460,1,196.1989,0.0000,-196.1989,392.3976
37.1780,0,44.3146,-18.8475,-40.1067,0.0000
37.1780,1,196.1989,0.0000,-196.1989,392.3976
37.2120,0,44.3146,-18.8475,-40.1067,0.0000
37.2120,1,196.1989,0.0000,-196.1989,392.3976
37.2460,0,44.3146,-18.8475,-40.1067,0.0000
37.2460,1,196.1989,0.0000,-196.1989,392.3976
37.2800,0,44.3146,-18.8475,-40.1067,0.0000
37.2800,1,196.1989,0.0000,-196.1989,392.3976
37.3120,0,44.3143,-18.8474,-40.1065,0.0000
37.3120,1,196.1989,0.0000,-196.1989,392.3976
37.3460,0,44.3143,-18.8474,-40.1065,0.0000
37.3460,1,196.1989,0.0000,-196.1989,392.3975
37.3800,0,44.3143,-18.8474,-40.1065,0.0000
37.3800,1,196.1989,0.0000,-196.1989,392.3976
37.4120,0,44.3142,-18.8474,-40.1064,0.0000
37.4120,1,196.1989,0.0000,-196.1989,392.3976
37.4460,0,44.3142,-18.8474,-40.1064,0.0000
37.4460,1,196.1989,0.0000,-196.1989,392.3975
37.4780,0,44.3142,-18.8474,-40.1064,0.0000
37.4780,1,196.1989,0.0000,-196.1989,392.3976
37.5120,0,44.3142,-18.8474,-40.1064,0.0000
37.5120,1,196.1989,0.0000,-196.1989,392.3976
37.5440,0,44.3142,-18.8474,-40.1064,0.0000
37.5440,1,196.1989,0.0000,-196.1989,392.3976
37.5800,0,44.3142,-18.8474,-40.1064,0.0000
37.5800,1,196.1989,0.0000,-196.1989,392.3976
37.6120,0,44.3142,-18.8474,-40.1064,0.0000
37.6120,1,196.1989,0.0000,-196.1989,392.3976
37.6460,0,44.3142,-18.8474,-40.1064,0.0000
37.6460,1,196.1989,0.0000,-196.1989,392.3976
37.6800,0,44.3142,-18.8474,-40.1064,0.0000
37.6800,1,196.1989,0.0000,-196.1989,392.3976
37.7120,0,44.3142,-18.8474,-40.1064,0.0000
37.7120,1,196.1989,0.0000,-196.1989,392.3976
37.7460,0,44.3142,-18.8474,-40.1064,0.0000
37.7460,1,196.1989,0.0000,-196.1989,392.3976
37.7780,0,44.3140,-18.8473,-40.1062,0.0000
37.7780,1,196.1989,0.0000,-196.1989,392.3976
37.8140,0,44.3140,-18.8473,-40.1062,0.0000
37.8140,1,196.1989,0.0000,-196.1989,392.3976
37.8460,0,44.3140,-18.8473,-40.1062,0.0000
37.8460,1,196.1989,0.0000,-196.1989,392.3976
37.8800,0,44.3139,-18.8473,-40.1061,0.0000
37.8800,1,196.1989,0.0000,-196.1989,392.3975
37.9100,0,44.3139,-18.8473,-40.1061,0.0000
37.9100,1,196.1989,0.0000,-196.1989,392.3976
37.9460,0,44.3139,-18.8473,-40.1061,0.0000
37.9460,1,196.1989,0.0000,-196.1989,392.3975
37.9800,0,44.3139,-18.8473,-40.1061,0.0000
37.9800,1,196.1989,0.0000,-196.1989,392.3976
38.0120,0,44.3139,-18.8473,-40.1061,0.0000
38.0120,1,196.1989,0.0000,-196.1989,392.3975
38.0460,0,44.3139,-18.8473,-40.1061,0.0000
38.0460,1,196.1989,0.0000,-196.1989,392.3976
38.0760,0,44.3139,-18.8473,-40.1061,0.0000
38.0760,1,196.1989,0.0000,-196.1989,392.3976
38.1120,0,44.3139,-18.8473,-40.1061,0.0000
38.1120,1,196.1989,0.0000,-196.1989,392.3975
38.1440,0,44.3139,-18.8473,-40.1061,0.0000
38.1440,1,196.1989,0.0000,-196.1989,392.3976
38.1780,0,44.3139,-18.8473,-40.1061,0.0000
38.1780,1,196.1989,0.0000,-196.1989,392.3976
38.2120,0,44.3139,-18.8473,-40.1061,0.0000
38.2120,1,196.1989,0.0000,-196.1989,392.3976
38.2480,0,44.3139,-18.8473,-40.1062,0.0000
38.2480,1,196.1989,0.0000,-196.1989,392.3976
38.2820,0,44.3136,-18.8472,-40.1059,0.0000
38.2820,1,196.1989,0.0000,-196.1989,392.3976
38.3140,0,44.3136,-18.8472,-40.1059,0.0000
38.3140,1,196.1989,0.0000,-196.1989,392.3976
38.3420,0,44.3136,-18.8472,-40.1059,0.0000
38.3420,1,196.1989,0.0000,-196.1989,392.3976
38.3780,0,44.3136,-18.8471,-40.1059,0.0000
38.3780,1,196.1989,0.0000,-196.1989,392.3975
38.4120,0,44.3136,-18.8471,-40.1059,0.0000
38.4120,1,196.1989,0.0000,-196.1989,392.3975
38.4440,0,44.3136,-18.8471,-40.1059,0.0000
38.4440,1,196.1989,0.0000,-196.1989,392.3976
38.4780,0,44.3136,-18.8471,-40.1059,0.0000
38.4780,1,196.1989,0.0000,-196.1989,392.3976
38.5120,0,44.3136,-18.8471,-40.1059,0.0000
38.5120,1,196.1989,0.0000,-196.1989,392.3976
38.5480,0,44.3136,-18.8471,-40.1059,0.0000
38.5480,1,196.1989,0.0000,-196.1989,392.3976
38.5780,0,44.3136,-18.8471,-40.1059,0.0000
38.5780,1,196.1989,0.0000,-196.1989,392.3976
38.6140,0,44.3136,-18.8471,-40.1059,0.0000
38.6140,1,196.1989,0.0000,-196.1989,392.3976
38.6460,0,44.3136,-18.8471,-40.1059,0.0000
38.6460,1,196.1989,0.0000,-196.1989,392.3976
38.6780,0,44.3136,-18.8471,-40.1059,0.0000
38.6780,1,196.1989,0.0000,-196.1989,392.3975
38.7100,0,44.3136,-18.8471,-40.1059,0.0000
38.7100,1,196.1989,0.0000,-196.1989,392.3976
38.7440,0,44.3133,-18.8470,-40.1056,0.0000
38.7440,1,196.1989,0.0000,-196.1989,392.3976
38.7760,0,44.3133,-18.8470,-40.1056,0.0000
38.7760,1,196.1989,0.0000,-196.1989,392.3976
38.8100,0,44.3133,-18.8470,-40.1056,0.0000
38.8100,1,196.1989,0.0000,-196.1989,392.3976
38.8440,0,44.3133,-18.8470,-40.1056,0.0000
38.8440,1,196.1989,0.0000,-196.1989,392.3976
38.8760,0,44.3133,-18.8470,-40.1056,0.0000
38.8760,1,196.1989,0.0000,-196.1989,392.3976
38.9100,0,44.3133,-18.8470,-40.1056,0.0000
38.9100,1,196.1989,0.0000,-196.1989,392.3975
38.9440,0,44.3133,-18.8470,-40.1056,0.0000
38.9440,1,196.1989,0.0000,-196.1989,392.3976
38.9780,0,44.3133,-18.8470,-40.1056,0.0000
38.9780,1,196.1989,0.0000,-196.1989,392.3976
39.0120,0,44.3133,-18.8470,-40.1056,0.0000
39.0120,1,196.1989,0.0000,-196.1989,392.3976
39.0460,0,44.3133,-18.8470,-40.1056,0.0000
39.0460,1,196.1989,0.0000,-196.1989,392.3976
39.0800,0,44.3133,-18.8470,-40.1056,0.0000
39.0800,1,196.1989,0.0000,-196.1989,392.3976
39.1120,0,44.3133,-18.8470,-40.1056,0.0000
39.1120,1,196.1989,0.0000,-196.1989,392.3976
39.1460,0,44.3133,-18.8470,-40.1056,0.0000
39.1460,1,196.1989,0.0000,-196.1989,392.3975
39.1800,0,44.3133,-18.8470,-40.1056,0.0000
39.1800,1,196.1989,0.0000,-196.1989,392.3975
39.2140,0,44.3130,-18.8469,-40.1053,0.0000
39.2140,1,196.1989,0.0000,-196.1989,392.3976
39.2440,0,44.3130,-18.8469,-40.1053,0.0000
39.2440,1,196.1989,0.0000,-196.1989,392.3976
39.2760,0,44.3130,-18.8469,-40.1053,0.0000
39.2760,1,196.1989,0.0000,-196.1989,392.3976
39.3100,0,44.3127,-18.8467,-40.1050,0.0000
39.3100,1,196.1989,0.0000,-196.1989,392.3976
39.3440,0,44.3129,-18.8469,-40.1053,0.0000
39.3440,1,196.1989,0.0000,-196.1989,392.3976
39.3760,0,44.3129,-18.8469,-40.1053,0.0000
39.3760,1,196.1989,0.0000,-196.1989,392.3976
39.4100,0,44.3129,-18.8469,-40.1053,0.0000
39.4100,1,196.1989,0.0000,-196.1989,392.3976
39.4440,0,44.3129,-18.8469,-40.1053,0.0000
39.4440,1,196.1989,0.0000,-196.1989,392.3976
39.4760,0,44.3129,-18.8469,-40.1053,0.0000
39.4760,1,196.1989,0.0000,-196.1989,392.3976
39.5120,0,44.3129,-18.8469,-40.1053,0.0000
39.5120,1,196.1989,0.0000,-196.1989,392.3976
39.5460,0,44.3129,-18.8469,-40.1053,0.0000
39.5460,1,196.1989,0.0000,-196.1989,392.3976
39.5800,0,44.3129,-18.8469,-40.1053,0.0000
39.5800,1,196.1989,0.0000,-196.1989,392.3976
39.6120,0,44.3129,-18.8469,-40.1053,0.0000
39.6120,1,196.1989,0.0000,-196.1989,392.3976
39.6440,0,44.3129,-18.8469,-40.1053,0.0000
39.6440,1,196.1989,0.0000,-196.1989,392.3976
39.6780,0,44.3129,-18.8469,-40.1053,0.0000
39.6780,1,196.1989,0.0000,-196.1989,392.3976
39.7120,0,44.3127,-18.8467,-40.1050,0.0000
39.7120,1,196.1989,0.0000,-196.1989,392.3976
39.7460,0,44.3127,-18.8467,-40.1050,0.0000
39.7460,1,196.1989,0.0000,-196.1989,392.3976
39.7780,0,44.3127,-18.8467,-40.1050,0.0000
39.7780,1,196.1989,0.0000,-196.1989,392.3976
39.8120,0,44.3126,-18.8467,-40.1050,0.0000
39.8120,1,196.1989,0.0000,-196.1989,392.3975
39.8460,0,44.3126,-18.8467,-40.1050,0.0000
39.8460,1,196.1989,0.0000,-196.1989,392.3976
39.8780,0,44.3126,-18.8467,-40.1050,0.0000
39.8780,1,196.1989,0.0000,-196.1989,392.3976
39.9120,0,44.3126,-18.8467,-40.1050,0.0000
39.9120,1,196.1989,0.0000,-196.1989,392.3976
39.9460,0,44.3126,-18.8467,-40.1050,0.0000
39.9460,1,196.1989,0.0000,-196.1989,392.3976
39.9760,0,44.3126,-18.8467,-40.1050,0.0000
39.9760,1,196.1989,0.0000,-196.1989,392.3976
40.0100,0,44.3126,-18.8467,-40.1050,0.0000
40.0100,1,196.1989,0.0000,-196.1989,392.3976
40.0420,0,44.3126,-18.8467,-40.1050,0.0000
40.0420,1,196.1989,0.0000,-196.1989,392.3975
40.0800,0,44.3126,-18.8467,-40.1050,0.0000
40.0800,1,196.1989,0.0000,-196.1989,392.3976
40.1100,0,44.3126,-18.8467,-40.1050,0.0000
40.1100,1,196.1989,0.0000,-196.1989,392.3976
40.1460,0,44.3126,-18.8467,-40.1050,0.0000
40.1460,1,196.1989,0.0000,-196.1989,392.3976
40.1780,0,44.3123,-18.8466,-40.1047,0.0000
40.1780,1,196.1989,0.0000,-196.1989,392.3976
40.2120,0,44.3123,-18.8466,-40.1047,0.0000
40.2120,1,196.1989,0.0000,-196.1989,392.3976
40.2460,0,44.3123,-18.8466,-40.1047,0.0000
40.2460,1,196.1989,0.0000,-196.1989,392.3976
40.2780,0,44.3123,-18.8466,-40.1047,0.0000
40.2780,1,196.1989,0.0000,-196.1989,392.3976
40.3100,0,44.3123,-18.8466,-40.1047,0.0000
40.3100,1,196.1989,0.0000,-196.1989,392.3975
40.3440,0,44.3123,-18.8466,-40.1047,0.0000
40.3440,1,196.1989,0.0000,-196.1989,392.3976
40.3760,0,44.3123,-18.8466,-40.1047,0.0000
40.3760,1,196.1989,0.0000,-196.1989,392.3976
40.4100,0,44.3123,-18.8466,-40.1047,0.0000
40.4100,1,196.1989,0.0000,-196.1989,392.3976
40.4420,0,44.3123,-18.8466,-40.1047,0.0000
40.4420,1,196.1989,0.0000,-196.1989,392.3976
40.4780,0,44.3123,-18.8466,-40.1047,0.0000
40.4780,1,196.1989,0.0000,-196.1989,392.3975
40.5100,0,44.3123,-18.8466,-40.1047,0.0000
40.5100,1,196.1989,0.0000,-196.1989,392.3976
40.5460,0,44.3123,-18.8466,-40.1047,0.0000
40.5460,1,196.1989,0.0000,-196.1989,392.3976
40.5760,0,44.3123,-18.8466,-40.1047,0.0000
40.5760,1,196.1989,0.0000,-196.1989,392.3976
40.6120,0,44.3123,-18.8466,-40.1047,0.0000
40.6120,1,196.1989,0.0000,-196.1989,392.3975
40.6440,0,44.3120,-18.8465,-40.1044,0.0000
40.6440,1,196.1989,0.0000,-196.1989,392.3976
40.6820,0,44.3120,-18.8465,-40.1044,0.0000
40.6820,1,196.1989,0.0000,-196.1989,392.3976
40.7100,0,44.3120,-18.8465,-40.1044,0.0000
40.7100,1,196.1989,0.0000,-196.1989,392.3976
40.7420,0,44.3120,-18.8465,-40.1044,0.0000
40.7420,1,196.1989,0.0000,-196.1989,392.3976
40.7760,0,44.3120,-18.8464,-40.1044,0.0000
40.7760,1,196.1989,0.0000,-196.1989,392.3976
40.8100,0,44.3120,-18.8464,-40.1044,0.0000
40.8100,1,196.1989,0.0000,-196.1989,392.3976
40.8440,0,44.3120,-18.8464,-40.1044,0.0000
40.8440,1,196.1989,0.0000,-196.1989,392.3976
40.8760,0,44.3120,-18.8464,-40.1044,0.0000
40.8760,1,196.1989,0.0000,-196.1989,392.3976
40.9100,0,44.3120,-18.8464,-40.1044,0.0000
40.9100,1,196.1989,0.0000,-196.1989,392.3976
40.9440,0,44.3120,-18.8464,-40.1044,0.0000
40.9440,1,196.1989,0.0000,-196.1989,392.3976
40.9780,0,44.3120,-18.8464,-40.1044,0.0000
40.9780,1,196.1989,0.0000,-196.1989,392.3976
41.0100,0,44.3120,-18.8464,-40.1044,0.0000
41.0100,1,196.1989,0.0000,-196.1989,392.3976
41.0460,0,44.3120,-18.8464,-40.1044,0.0000
41.0460,1,196.1989,0.0000,-196.1989,392.3975
41.0760,0,44.3120,-18.8464,-40.1044,0.0000
41.0760,1,196.1989,0.0000,-196.1989,392.3976
41.1720,0,44.3117,-18.8463,-40.1041,0.0000
41.1720,1,196.1989,0.0000,-196.1989,392.3976
41.2640,0,44.3116,-18.8463,-40.1041,0.0000
41.2640,1,196.1989,0.0000,-196.1989,392.3976
41.3600,0,44.3116,-18.8463,-40.1041,0.0000
41.3600,1,196.1989,0.0000,-196.1989,392.3976
41.4600,0,44.3116,-18.8463,-40.1041,0.0000
41.4600,1,196.1989,0.0000,-196.1989,392.3975
41.5640,0,44.3116,-18.8463,-40.1041,0.0000
41.5640,1,196.1989,0.0000,-196.1989,392.3976
41.6520,0,44.3114,-18.8462,-40.1039,0.0000
41.6520,1,196.1989,0.0000,-196.1989,392.3976
41.6700,0,44.3114,-18.8462,-40.1039,0.0000
41.6700,1,196.1989,0.0000,-196.1989,392.3976
41.6800,0,44.3114,-18.8462,-40.1039,0.0000
41.6800,1,196.1989,0.0000,-196.1989,392.3976
41.7100,0,44.3113,-18.8462,-40.1038,0.0000
41.7100,1,196.1989,0.0000,-196.1989,392.3976
41.7420,0,44.3113,-18.8462,-40.1038,0.0000
41.7420,1,196.1989,0.0000,-196.1989,392.3976
41.7760,0,44.3113,-18.8462,-40.1038,0.0000
41.7760,1,196.1989,0.0000,-196.1989,392.3976
41.8100,0,44.3113,-18.8462,-40.1038,0.0000
41.8100,1,196.1989,0.0000,-196.1989,392.3976
41.8440,0,44.3113,-18.8462,-40.1038,0.0000
41.8440,1,196.1989,0.0000,-196.1989,392.3976
41.8760,0,44.3113,-18.8462,-40.1038,0.0000
41.8760,1,196.1989,0.0000,-196.1989,392.3976
41.9120,0,44.3113,-18.8462,-40.1038,0.0000
41.9120,1,196.1989,0.0000,-196.1989,392.3976
41.9420,0,44.3113,-18.8462,-40.1038,0.0000
41.9420,1,196.1989,0.0000,-196.1989,392.3976
41.9760,0,44.3113,-18.8462,-40.1038,0.0000
41.9760,1,196.1989,0.0000,-196.1989,392.3976
42.0100,0,44.3113,-18.8462,-40.1038,0.0000
42.0100,1,196.1989,0.0000,-196.1989,392.3976
42.0440,0,44.3113,-18.8462,-40.1038,0.0000
42.0440,1,196.1989,0.0000,-196.1989,392.3976
42.0760,0,44.3113,-18.8462,-40.1038,0.0000
42.0760,1,196.1989,0.0000,-196.1989,392.3976
42.1120,0,44.3111,-18.8461,-40.1036,0.0000
42.1120,1,196.1989,0.0000,-196.1989,392.3976
42.1420,0,44.3111,-18.8461,-40.1036,0.0000
42.1420,1,196.1989,0.0000,-196.1989,392.3976
42.1760,0,44.3111,-18.8461,-40.1036,0.0000
42.1760,1,196.1989,0.0000,-196.1989,392.3975
42.2100,0,44.3110,-18.8460,-40.1035,0.0000
42.2100,1,196.1989,0.0000,-196.1989,392.3976
42.2440,0,44.3110,-18.8460,-40.1035,0.0000
42.2440,1,196.1989,0.0000,-196.1989,392.3975
42.2780,0,44.3110,-18.8460,-40.1035,0.0000
42.2780,1,196.1989,0.0000,-196.1989,392.3976
42.3100,0,44.3110,-18.8460,-40.1035,0.0000
42.3100,1,196.1989,0.0000,-196.1989,392.3975
42.3460,0,44.3110,-18.8460,-40.1035,0.0000
42.3460,1,196.1989,0.0000,-196.1989,392.3975
42.3760,0,44.3110,-18.8460,-40.1035,0.0000
42.3760,1,196.1989,0.0000,-196.1989,392.3976
42.4100,0,44.3110,-18.8460,-40.1035,0.0000
42.4100,1,196.1989,0.0000,-196.1989,392.3976
42.4440,0,44.3110,-18.8460,-40.1035,0.0000
42.4440,1,196.1989,0.0000,-196.1989,392.3975
42.4780,0,44.3110,-18.8460,-40.1035,0.0000
42.4780,1,196.1989,0.0000,-196.1989,392.3976
42.5100,0,44.3110,-18.8460,-40.1035,0.0000
42.5100,1,196.1989,0.0000,-196.1989,392.3975
42.5460,0,44.3110,-18.8460,-40.1035,0.0000
42.5460,1,196.1989,0.0000,-196.1989,392.3976
42.5780,0,44.3107,-18.8459,-40.1033,0.0000
42.5780,1,196.1989,0.0000,-196.1989,392.3976
42.6100,0,44.3107,-18.8459,-40.1033,0.0000
42.6100,1,196.1989,0.0000,-196.1989,392.3975
42.6440,0,44.3107,-18.8459,-40.1033,0.0000
42.6440,1,196.1989,0.0000,-196.1989,392.3976
42.6760,0,44.3107,-18.8459,-40.1032,0.0000
42.6760,1,196.1989,0.0000,-196.1989,392.3976
42.7100,0,44.3107,-18.8459,-40.1032,0.0000
42.7100,1,196.1989,0.0000,-196.1989,392.3976
42.7420,0,44.3107,-18.8459,-40.1032,0.0000
42.7420,1,196.1989,0.0000,-196.1989,392.3976
42.7800,0,44.3107,-18.8459,-40.1032,0.0000
42.7800,1,196.1989,0.0000,-196.1989,392.3976
42.8100,0,44.3107,-18.8459,-40.1032,0.0000
42.8100,1,196.1989,0.0000,-196.1989,392.3976
42.8420,0,44.3107,-18.8459,-40.1032,0.0000
42.8420,1,196.1989,0.0000,-196.1989,392.3976
42.8760,0,44.3107,-18.8459,-40.1032,0.0000
42.8760,1,196.1989,0.0000,-196.1989,392.3976
42.9100,0,44.3107,-18.8459,-40.1032,0.0000
42.9100,1,196.1989,0.0000,-196.1989,392.3976
42.9420,0,44.3107,-18.8459,-40.1032,0.0000
42.9420,1,196.1989,0.0000,-196.1989,392.3976
42.9760,0,44.3107,-18.8459,-40.1032,0.0000
42.9760,1,196.1989,0.0000,-196.1989,392.3976
43.0100,0,44.3107,-18.8459,-40.1032,0.0000
43.0100,1,196.1989,0.0000,-196.1989,392.3976
43.0420,0,44.3104,-18.8458,-40.1030,0.0000
43.0420,1,196.1989,0.0000,-196.1989,392.3976
43.0760,0,44.3104,-18.8458,-40.1030,0.0000
43.0760,1,196.1989,0.0000,-196.1989,392.3976
43.1100,0,44.3104,-18.8458,-40.1030,0.0000
43.1100,1,196.1989,0.0000,-196.1989,392.3976
43.1420,0,44.3104,-18.8458,-40.1029,0.0000
43.1420,1,196.1989,0.0000,-196.1989,392.3976
43.1760,0,44.3104,-18.8458,-40.1029,0.0000
43.1760,1,196.1989,0.0000,-196.1989,392.3976
43.2080,0,44.3104,-18.8458,-40.1029,0.0000
43.2080,1,196.1989,0.0000,-196.1989,392.3976
43.2420,0,44.3104,-18.8458,-40.1029,0.0000
43.2420,1,196.1989,0.0000,-196.1989,392.3976
43.2780,0,44.3104,-18.8458,-40.1029,0.0000
43.2780,1,196.1989,0.0000,-196.1989,392.3976
43.3100,0,44.3104,-18.8458,-40.1029,0.0000
43.3100,1,196.1989,0.0000,-196.1989,392.3976
43.3460,0,44.3104,-18.8458,-40.1029,0.0000
43.3460,1,196.1989,0.0000,-196.1989,392.3976
43.3540,0,44.3104,-18.8458,-40.1029,0.0000
43.3540,1,196.1989,0.0000,-196.1989,392.3976
43.3760,0,44.3104,-18.8458,-40.1029,0.0000
43.3760,1,196.1989,0.0000,-196.1989,392.3976
43.4100,0,44.3104,-18.8458,-40.1029,0.0000
43.4100,1,196.1989,0.0000,-196.1989,392.3975
43.4420,0,44.3104,-18.8458,-40.1029,0.0000
43.4420,1,196.1989,0.0000,-196.1989,392.3975
43.4780,0,44.3104,-18.8458,-40.1029,0.0000
43.4780,1,196.1989,0.0000,-196.1989,392.3975
43.5120,0,44.3101,-18.8456,-40.1027,0.0000
43.5120,1,196.1989,0.0000,-196.1989,392.3976
43.5460,0,44.3101,-18.8456,-40.1027,0.0000
43.5460,1,196.1989,0.0000,-196.1989,392.3975
43.5760,0,44.3101,-18.8456,-40.1027,0.0000
43.5760,1,196.1989,0.0000,-196.1989,392.3976
43.6100,0,44.3101,-18.8456,-40.1027,0.0000
43.6100,1,196.1989,0.0000,-196.1989,392.3975
43.6420,0,44.3100,-18.8456,-40.1026,0.0000
43.6420,1,196.1989,0.0000,-196.1989,392.3976
43.6760,0,44.3100,-18.8456,-40.1026,0.0000
43.6760,1,196.1989,0.0000,-196.1989,392.3975
43.7100,0,44.3100,-18.8456,-40.1026,0.0000
43.7100,1,196.1989,0.0000,-196.1989,392.3976
43.7420,0,44.3100,-18.8456,-40.1026,0.0000
43.7420,1,196.1989,0.0000,-196.1989,392.3976
43.7760,0,44.3100,-18.8456,-40.1026,0.0000
43.7760,1,196.1989,0.0000,-196.1989,392.3976
43.8100,0,44.3100,-18.8456,-40.1026,0.0000
43.8100,1,196.1989,0.0000,-196.1989,392.3976
43.8420,0,44.3100,-18.8456,-40.1026,0.0000
43.8420,1,196.1989,0.0000,-196.1989,392.3976
43.8760,0,44.3100,-18.8456,-40.1026,0.0000
43.8760,1,196.1989,0.0000,-196.1989,392.3976
43.9100,0,44.3100,-18.8456,-40.1026,0.0000
43.9100,1,196.1989,0.0000,-196.1989,392.3976
43.9440,0,44.3100,-18.8456,-40.1026,0.0000
43.9440,1,196.1989,0.0000,-196.1989,392.3975
43.9760,0,44.3100,-18.8456,-40.1026,0.0000
43.9760,1,196.1989,0.0000,-196.1989,392.3976
44.0100,0,44.3098,-18.8455,-40.1024,0.0000
44.0100,1,196.1989,0.0000,-196.1989,392.3975
44.0440,0,44.3098,-18.8455,-40.1024,0.0000
44.0440,1,196.1989,0.0000,-196.1989,392.3976
44.0760,0,44.3098,-18.8455,-40.1024,0.0000
44.0760,1,196.1989,0.0000,-196.1989,392.3976
44.1100,0,44.3097,-18.8455,-40.1023,0.0000
44.1100,1,196.1989,0.0000,-196.1989,392.3976
44.1420,0,44.3097,-18.8455,-40.1023,0.0000
44.1420,1,196.1989,0.0000,-196.1989,392.3976
44.1760,0,44.3097,-18.8455,-40.1023,0.0000
44.1760,1,196.1989,0.0000,-196.1989,392.3976
44.2100,0,44.3097,-18.8455,-40.1023,0.0000
44.2100,1,196.1989,0.0000,-196.1989,392.3976
44.2440,0,44.3097,-18.8455,-40.1023,0.0000
44.2440,1,196.1989,0.0000,-196.1989,392.3976
44.2780,0,44.3097,-18.8455,-40.1023,0.0000
44.2780,1,196.1989,0.0000,-196.1989,392.3976
44.3100,0,44.3097,-18.8455,-40.1023,0.0000
44.3100,1,196.1989,0.0000,-196.1989,392.3976
44.3440,0,44.3097,-18.8455,-40.1023,0.0000
44.3440,1,196.1989,0.0000,-196.1989,392.3976
44.3780,0,44.3097,-18.8455,-40.1023,0.0000
44.3780,1,196.1989,0.0000,-196.1989,392.3975
44.4100,0,44.3097,-18.8455,-40.1023,0.0000
44.4100,1,196.1989,0.0000,-196.1989,392.3975
44.4440,0,44.3097,-18.8455,-40.1023,0.0000
44.4440,1,196.1989,0.0000,-196.1989,392.3976
44.4760,0,44.3094,-18.8454,-40.1021,0.0000
44.4760,1,196.1989,0.0000,-196.1989,392.3976
44.5140,0,44.3094,-18.8454,-40.1021,0.0000
44.5140,1,196.1989,0.0000,-196.1989,392.3976
44.5440,0,44.3094,-18.8454,-40.1021,0.0000
44.5440,1,196.1989,0.0000,-196.1989,392.3976
44.5760,0,44.3094,-18.8453,-40.1021,0.0000
44.5760,1,196.1989,0.0000,-196.1989,392.3976
44.6100,0,44.3094,-18.8453,-40.1021,0.0000
44.6100,1,196.1989,0.0000,-196.1989,392.3976
44.6440,0,44.3094,-18.8453,-40.1021,0.0000
44.6440,1,196.1989,0.0000,-196.1989,392.3975
44.6780,0,44.3094,-18.8453,-40.1021,0.0000
44.6780,1,196.1989,0.0000,-196.1989,392.3975
44.7100,0,44.3094,-18.8453,-40.1021,0.0000
44.7100,1,196.1989,0.0000,-196.1989,392.3975
44.7420,0,44.3094,-18.8453,-40.1021,0.0000
44.7420,1,196.1989,0.0000,-196.1989,392.3976
44.7760,0,44.3094,-18.8453,-40.1021,0.0000
44.7760,1,196.1989,0.0000,-196.1989,392.3976
44.8100,0,44.3094,-18.8453,-40.1021,0.0000
44.8100,1,196.1989,0.0000,-196.1989,392.3975
44.8420,0,44.3094,-18.8453,-40.1021,0.0000
44.8420,1,196.1989,0.0000,-196.1989,392.3976
44.8760,0,44.3094,-18.8453,-40.1021,0.0000
44.8760,1,196.1989,0.0000,-196.1989,392.3976
44.9080,0,44.3094,-18.8453,-40.1021,0.0000
44.9080,1,196.1989,0.0000,-196.1989,392.3976
44.9420,0,44.3094,-18.8453,-40.1021,0.0000
44.9420,1,196.1989,0.0000,-196.1989,392.3976
44.9760,0,44.3091,-18.8452,-40.1018,0.0000
44.9760,1,196.1989,0.0000,-196.1989,392.3976
45.0100,0,44.3091,-18.8452,-40.1018,0.0000
45.0100,1,196.1989,0.0000,-196.1989,392.3976
45.0420,0,44.3091,-18.8452,-40.1018,0.0000
45.0420,1,196.1989,0.0000,-196.1989,392.3975
45.0760,0,44.3091,-18.8452,-40.1018,0.0000
45.0760,1,196.1989,0.0000,-196.1989,392.3976
45.1100,0,44.3091,-18.8452,-40.1018,0.0000
45.1100,1,196.1989,0.0000,-196.1989,392.3976
45.1420,0,44.3091,-18.8452,-40.1018,0.0000
45.1420,1,196.1989,0.0000,-196.1989,392.3976
45.1760,0,44.3091,-18.8452,-40.1018,0.0000
45.1760,1,196.1989,0.0000,-196.1989,392.3976
45.2100,0,44.3091,-18.8452,-40.1018,0.0000
45.2100,1,196.1989,0.0000,-196.1989,392.3976
45.2420,0,44.3091,-18.8452,-40.1018,0.0000
45.2420,1,196.1989,0.0000,-196.1989,392.3976
45.2760,0,44.3091,-18.8452,-40.1018,0.0000
45.2760,1,196.1989,0.0000,-196.1989,392.3976
45.3100,0,44.3091,-18.8452,-40.1018,0.0000
45.3100,1,196.1989,0.0000,-196.1989,392.3976
45.3420,0,44.3091,-18.8452,-40.1018,0.0000
45.3420,1,196.1989,0.0000,-196.1989,392.3975
45.3760,0,44.3091,-18.8452,-40.1018,0.0000
45.3760,1,196.1989,0.0000,-196.1989,392.3976
45.4100,0,44.3091,-18.8452,-40.1018,0.0000
45.4100,1,196.1989,0.0000,-196.1989,392.3975
45.4420,0,44.3088,-18.8451,-40.1015,0.0000
45.4420,1,196.1989,0.0000,-196.1989,392.3976
45.4760,0,44.3088,-18.8451,-40.1015,0.0000
45.4760,1,196.1989,0.0000,-196.1989,392.3976
45.5100,0,44.3088,-18.8451,-40.1015,0.0000
45.5100,1,196.1989,0.0000,-196.1989,392.3976
45.5420,0,44.3087,-18.8451,-40.1015,0.0000
45.5420,1,196.1989,0.0000,-196.1989,392.3976
45.5760,0,44.3087,-18.8451,-40.1015,0.0000
45.5760,1,196.1989,0.0000,-196.1989,392.3976
45.6100,0,44.3087,-18.8451,-40.1015,0.0000
45.6100,1,196.1989,0.0000,-196.1989,392.3976
45.6420,0,44.3087,-18.8451,-40.1015,0.0000
45.6420,1,196.1989,0.0000,-196.1989,392.3976
45.6760,0,44.3087,-18.8451,-40.1015,0.0000
45.6760,1,196.1989,0.0000,-196.1989,392.3976
45.7080,0,44.3087,-18.8451,-40.1015,0.0000
45.7080,1,196.1989,0.0000,-196.1989,392.3976
45.7420,0,44.3087,-18.8451,-40.1015,0.0000
45.7420,1,196.1989,0.0000,-196.1989,392.3976
45.7740,0,44.3087,-18.8451,-40.1015,0.0000
45.7740,1,196.1989,0.0000,-196.1989,392.3976
45.8100,0,44.3087,-18.8451,-40.1015,0.0000
45.8100,1,196.1989,0.0000,-196.1989,392.3976
45.8420,0,44.3087,-18.8451,-40.1015,0.0000
45.8420,1,196.1989,0.0000,-196.1989,392.3975
45.8760,0,44.3087,-18.8451,-40.1015,0.0000
45.8760,1,196.1989,0.0000,-196.1989,392.3975
45.9080,0,44.3085,-18.8449,-40.1012,0.0000
45.9080,1,196.1989,0.0000,-196.1989,392.3976
45.9420,0,44.3085,-18.8449,-40.1012,0.0000
45.9420,1,196.1989,0.0000,-196.1989,392.3976
45.9760,0,44.3085,-18.8450,-40.1012,0.0000
45.9760,1,196.1989,0.0000,-196.1989,392.3976
46.0080,0,44.3081,-18.8448,-40.1009,0.0000
46.0080,1,196.1989,0.0000,-196.1989,392.3975
46.0420,0,44.3084,-18.8449,-40.1012,0.0000
46.0420,1,196.1989,0.0000,-196.1989,392.3976
46.0760,0,44.3084,-18.8449,-40.1012,0.0000
46.0760,1,196.1989,0.0000,-196.1989,392.3976
46.1080,0,44.3084,-18.8449,-40.1012,0.0000
46.1080,1,196.1989,0.0000,-196.1989,392.3976
46.1420,0,44.3084,-18.8449,-40.1012,0.0000
46.1420,1,196.1989,0.0000,-196.1989,392.3976
46.1740,0,44.3084,-18.8449,-40.1012,0.0000
46.1740,1,196.1989,0.0000,-196.1989,392.3976
46.2080,0,44.3084,-18.8449,-40.1012,0.0000
46.2080,1,196.1989,0.0000,-196.1989,392.3976
