Timp,ID_Corp,PozitieX,PozitieY,UnghiPhi,VitezaX,VitezaY,VitezaOmega,AcceleratieX,AcceleratieY,AcceleratieEpsilon
0.0380,1,4.9241,0.8679,0.1745,0.0032,-0.0183,-0.0037,0.0000,0.0000,0.0000
0.0380,2,7.9088,0.6419,0.0000,0.0000,-0.0000,0.0000,0.0000,0.0000,0.0000
0.0380,3,8.2406,2.2128,0.0000,0.0000,-0.1863,0.0000,0.0000,0.0000,0.0000
0.0820,1,4.9242,0.8674,0.1744,0.0032,-0.0183,-0.0037,0.0000,0.0000,0.0000
0.0820,2,7.9088,0.6419,0.0000,0.0000,-0.0000,0.0000,0.0000,0.0000,0.0000
0.0820,3,8.2406,2.2064,0.0000,0.0000,-0.4016,0.0000,0.0000,0.0000,0.0000
0.1040,1,4.9242,0.8672,0.1743,0.0032,-0.0183,-0.0037,0.0000,0.0000,0.0000
0.1040,2,7.9088,0.6419,0.0000,0.0000,-0.0000,0.0000,0.0000,0.0000,0.0000
0.1040,3,8.2406,2.2014,0.0000,0.0000,-0.5091,0.0000,0.0000,0.0000,0.0000
0.1340,1,4.9243,0.8668,0.1742,0.0032,-0.0183,-0.0037,0.0000,0.0000,0.0000
0.1340,2,7.9088,0.6419,0.0000,0.0000,-0.0000,0.0000,0.0000,0.0000,0.0000
0.1340,3,8.2406,2.1926,0.0000,0.0000,-0.6555,0.0000,0.0000,0.0000,0.0000
0.1620,1,4.9243,0.8665,0.1742,0.0031,-0.0174,-0.0035,0.0000,0.0000,0.0000
0.1620,2,7.9088,0.6419,0.0000,0.0000,-0.0000,0.0000,0.0000,0.0000,0.0000
0.1620,3,8.2406,2.1825,0.0000,0.0000,-0.7921,0.0000,0.0000,0.0000,0.0000
0.2020,1,4.9244,0.8662,0.1741,0.0019,-0.0106,-0.0022,0.0000,0.0000,0.0000
0.2020,2,7.9088,0.6419,0.0000,0.0000,-0.0000,0.0000,0.0000,0.0000,0.0000
0.2020,3,8.2406,2.1647,0.0000,0.0000,-0.9869,0.0000,0.0000,0.0000,0.0000
0.2340,1,4.9246,0.8652,0.1739,0.0033,-0.0187,-0.0038,0.0000,0.0000,0.0000
0.2340,2,7.9088,0.6419,0.0000,0.0000,-0.0000,0.0000,0.0000,0.0000,0.0000
0.2340,3,8.2406,2.1580,-0.0002,0.0012,-0.0349,-0.0056,0.0000,0.0000,0.0000
0.2660,1,4.9246,0.8651,0.1739,-0.0004,0.0022,0.0004,0.0000,0.0000,0.0000
0.2660,2,7.9088,0.6419,0.0000,0.0000,-0.0000,0.0000,0.0000,0.0000,0.0000
0.2660,3,8.2405,2.1577,-0.0003,-0.0069,0.0011,-0.0006,0.0000,0.0000,0.0000
0.3000,1,4.9246,0.8650,0.1739,-0.0006,0.0032,0.0007,0.0000,0.0000,0.0000
0.3000,2,7.9088,0.6419,0.0000,0.0000,-0.0000,0.0000,0.0000,0.0000,0.0000
0.3000,3,8.2404,2.1577,-0.0003,-0.0074,0.0029,-0.0004,0.0000,0.0000,0.0000
0.3340,1,4.9246,0.8650,0.1739,-0.0006,0.0033,0.0007,0.0000,0.0000,0.0000
0.3340,2,7.9088,0.6419,0.0000,0.0000,-0.0000,0.0000,0.0000,0.0000,0.0000
0.3340,3,8.2402,2.1577,-0.0003,-0.0075,0.0031,-0.0004,0.0000,0.0000,0.0000
0.3700,1,4.9246,0.8650,0.1739,-0.0006,0.0034,0.0007,0.0000,0.0000,0.0000
0.3700,2,7.9088,0.6419,0.0000,0.0000,-0.0000,0.0000,0.0000,0.0000,0.0000
0.3700,3,8.2401,2.1576,-0.0003,-0.0075,0.0032,-0.0003,0.0000,0.0000,0.0000
0.3980,1,4.9246,0.8650,0.1739,-0.0006,0.0034,0.0007,0.0000,0.0000,0.0000
0.3980,2,7.9088,0.6419,0.0000,0.0000,-0.0000,0.0000,0.0000,0.0000,0.0000
0.3980,3,8.2400,2.1576,-0.0003,-0.0075,0.0032,-0.0003,0.0000,0.0000,0.0000
0.4300,1,4.9246,0.8650,0.1739,-0.0006,0.0035,0.0007,0.0000,0.0000,0.0000
0.4300,2,7.9088,0.6419,0.0000,0.0000,-0.0000,0.0000,0.0000,0.0000,0.0000
0.4300,3,8.2399,2.1576,-0.0003,-0.0076,0.0033,-0.0003,0.0000,0.0000,0.0000
0.4660,1,4.9246,0.8650,0.1739,-0.0006,0.0035,0.0007,0.0000,0.0000,0.0000
0.4660,2,7.9088,0.6419,0.0000,0.0000,-0.0000,0.0000,0.0000,0.0000,0.0000
0.4660,3,8.2397,2.1576,-0.0003,-0.0076,0.0033,-0.0003,0.0000,0.0000,0.0000
0.4980,1,4.9246,0.8650,0.1739,-0.0006,0.0035,0.0007,0.0000,0.0000,0.0000
0.4980,2,7.9088,0.6419,0.0000,0.0000,-0.0000,0.0000,0.0000,0.0000,0.0000
0.4980,3,8.2396,2.1575,-0.0003,-0.0076,0.0034,-0.0003,0.0000,0.0000,0.0000
0.5320,1,4.9246,0.8650,0.1739,-0.0006,0.0035,0.0007,0.0000,0.0000,0.0000
0.5320,2,7.9088,0.6419,0.0000,0.0000,-0.0000,0.0000,0.0000,0.0000,0.0000
0.5320,3,8.2395,2.1575,-0.0003,-0.0076,0.0034,-0.0003,0.0000,0.0000,0.0000
0.5620,1,4.9246,0.8650,0.1739,-0.0006,0.0035,0.0007,0.0000,0.0000,0.0000
0.5620,2,7.9088,0.6419,0.0000,0.0000,-0.0000,0.0000,0.0000,0.0000,0.0000
0.5620,3,8.2394,2.1575,-0.0003,-0.0076,0.0034,-0.0003,0.0000,0.0000,0.0000
0.5980,1,4.9246,0.8650,0.1739,-0.0006,0.0035,0.0007,0.0000,0.0000,0.0000
0.5980,2,7.9088,0.6419,0.0000,0.0000,-0.0000,0.0000,0.0000,0.0000,0.0000
0.5980,3,8.2392,2.1575,-0.0003,-0.0076,0.0034,-0.0003,0.0000,0.0000,0.0000
0.6320,1,4.9246,0.8650,0.1739,-0.0006,0.0035,0.0007,0.0000,0.0000,0.0000
0.6320,2,7.9088,0.6419,0.0000,0.0000,-0.0000,0.0000,0.0000,0.0000,0.0000
0.6320,3,8.2391,2.1574,-0.0003,-0.0076,0.0034,-0.0003,0.0000,0.0000,0.0000
0.6660,1,4.9246,0.8650,0.1739,-0.0006,0.0035,0.0007,0.0000,0.0000,0.0000
0.6660,2,7.9088,0.6419,0.0000,0.0000,-0.0000,0.0000,0.0000,0.0000,0.0000
0.6660,3,8.2390,2.1574,-0.0003,-0.0076,0.0034,-0.0003,0.0000,0.0000,0.0000
0.7000,1,4.9246,0.8650,0.1739,-0.0006,0.0035,0.0007,0.0000,0.0000,0.0000
0.7000,2,7.9088,0.6419,0.0000,0.0000,-0.0000,0.0000,0.0000,0.0000,0.0000
0.7000,3,8.2388,2.1574,-0.0003,-0.0076,0.0034,-0.0003,0.0000,0.0000,0.0000
0.7320,1,4.9246,0.8650,0.1739,-0.0006,0.0035,0.0007,0.0000,0.0000,0.0000
0.7320,2,7.9088,0.6419,0.0000,0.0000,-0.0000,0.0000,0.0000,0.0000,0.0000
0.7320,3,8.2387,2.1574,-0.0003,-0.0076,0.0034,-0.0003,0.0000,0.0000,0.0000
0.7660,1,4.9246,0.8650,0.1739,-0.0006,0.0035,0.0007,0.0000,0.0000,0.0000
0.7660,2,7.9088,0.6419,0.0000,0.0000,-0.0000,0.0000,0.0000,0.0000,0.0000
0.7660,3,8.2386,2.1573,-0.0003,-0.0076,0.0034,-0.0003,0.0000,0.0000,0.0000
0.7980,1,4.9246,0.8650,0.1739,-0.0006,0.0035,0.0007,0.0000,0.0000,0.0000
0.7980,2,7.9088,0.6419,0.0000,0.0000,-0.0000,0.0000,0.0000,0.0000,0.0000
0.7980,3,8.2385,2.1573,-0.0003,-0.0076,0.0034,-0.0003,0.0000,0.0000,0.0000
0.8320,1,4.9246,0.8650,0.1739,-0.0006,0.0035,0.0007,0.0000,0.0000,0.0000
0.8320,2,7.9088,0.6419,0.0000,0.0000,-0.0000,0.0000,0.0000,0.0000,0.0000
0.8320,3,8.2383,2.1573,-0.0003,-0.0076,0.0034,-0.0003,0.0000,0.0000,0.0000
0.8620,1,4.9246,0.8650,0.1739,-0.0006,0.0035,0.0007,0.0000,0.0000,0.0000
0.8620,2,7.9088,0.6419,0.0000,0.0000,-0.0000,0.0000,0.0000,0.0000,0.0000
0.8620,3,8.2382,2.1573,-0.0004,-0.0076,0.0034,-0.0003,0.0000,0.0000,0.0000
0.8960,1,4.9246,0.8650,0.1739,-0.0006,0.0035,0.0007,0.0000,0.0000,0.0000
0.8960,2,7.9088,0.6419,0.0000,0.0000,-0.0000,0.0000,0.0000,0.0000,0.0000
0.8960,3,8.2381,2.1572,-0.0004,-0.0076,0.0034,-0.0003,0.0000,0.0000,0.0000
0.9300,1,4.9246,0.8650,0.1739,-0.0006,0.0035,0.0007,0.0000,0.0000,0.0000
0.9300,2,7.9088,0.6419,0.0000,0.0000,-0.0000,0.0000,0.0000,0.0000,0.0000
0.9300,3,8.2380,2.1572,-0.0004,-0.0076,0.0034,-0.0003,0.0000,0.0000,0.0000
0.9640,1,4.9246,0.8650,0.1739,-0.0006,0.0035,0.0007,0.0000,0.0000,0.0000
0.9640,2,7.9088,0.6419,0.0000,0.0000,-0.0000,0.0000,0.0000,0.0000,0.0000
0.9640,3,8.2378,2.1572,-0.0004,-0.0076,0.0034,-0.0003,0.0000,0.0000,0.0000
0.9960,1,4.9246,0.8650,0.1739,-0.0006,0.0035,0.0007,0.0000,0.0000,0.0000
0.9960,2,7.9088,0.6419,0.0000,0.0000,-0.0000,0.0000,0.0000,0.0000,0.0000
0.9960,3,8.2377,2.1572,-0.0004,-0.0076,0.0034,-0.0003,0.0000,0.0000,0.0000
1.0300,1,4.9246,0.8650,0.1739,-0.0006,0.0035,0.0007,0.0000,0.0000,0.0000
1.0300,2,7.9088,0.6419,0.0000,0.0000,-0.0000,0.0000,0.0000,0.0000,0.0000
1.0300,3,8.2376,2.1571,-0.0004,-0.0076,0.0034,-0.0003,0.0000,0.0000,0.0000
1.0660,1,4.9246,0.8650,0.1739,-0.0006,0.0035,0.0007,0.0000,0.0000,0.0000
1.0660,2,7.9088,0.6419,0.0000,0.0000,-0.0000,0.0000,0.0000,0.0000,0.0000
1.0660,3,8.2374,2.1571,-0.0004,-0.0076,0.0034,-0.0003,0.0000,0.0000,0.0000
1.0980,1,4.9246,0.8650,0.1739,-0.0006,0.0035,0.0007,0.0000,0.0000,0.0000
1.0980,2,7.9088,0.6419,0.0000,0.0000,-0.0000,0.0000,0.0000,0.0000,0.0000
1.0980,3,8.2373,2.1571,-0.0004,-0.0076,0.0034,-0.0003,0.0000,0.0000,0.0000
1.1300,1,4.9246,0.8650,0.1739,-0.0006,0.0035,0.0007,0.0000,0.0000,0.0000
1.1300,2,7.9088,0.6419,0.0000,0.0000,-0.0000,0.0000,0.0000,0.0000,0.0000
1.1300,3,8.2372,2.1571,-0.0004,-0.0076,0.0034,-0.0003,0.0000,0.0000,0.0000
1.1640,1,4.9246,0.8650,0.1739,-0.0006,0.0035,0.0007,0.0000,0.0000,0.0000
1.1640,2,7.9088,0.6419,0.0000,0.0000,-0.0000,0.0000,0.0000,0.0000,0.0000
1.1640,3,8.2371,2.1570,-0.0004,-0.0076,0.0034,-0.0003,0.0000,0.0000,0.0000
1.1960,1,4.9246,0.8650,0.1739,-0.0006,0.0035,0.0007,0.0000,0.0000,0.0000
1.1960,2,7.9088,0.6419,0.0000,0.0000,-0.0000,0.0000,0.0000,0.0000,0.0000
1.1960,3,8.2369,2.1570,-0.0004,-0.0076,0.0034,-0.0003,0.0000,0.0000,0.0000
1.2300,1,4.9246,0.8650,0.1739,-0.0006,0.0035,0.0007,0.0000,0.0000,0.0000
1.2300,2,7.9088,0.6419,0.0000,0.0000,-0.0000,0.0000,0.0000,0.0000,0.0000
1.2300,3,8.2368,2.1570,-0.0004,-0.0076,0.0034,-0.0003,0.0000,0.0000,0.0000
1.2620,1,4.9246,0.8650,0.1739,-0.0006,0.0035,0.0007,0.0000,0.0000,0.0000
1.2620,2,7.9088,0.6419,0.0000,0.0000,-0.0000,0.0000,0.0000,0.0000,0.0000
1.2620,3,8.2367,2.1570,-0.0004,-0.0076,0.0034,-0.0003,0.0000,0.0000,0.0000
1.2980,1,4.9246,0.8650,0.1739,-0.0006,0.0035,0.0007,0.0000,0.0000,0.0000
1.2980,2,7.9088,0.6419,0.0000,0.0000,-0.0000,0.0000,0.0000,0.0000,0.0000
1.2980,3,8.2366,2.1570,-0.0004,-0.0076,0.0034,-0.0003,0.0000,0.0000,0.0000
1.3320,1,4.9246,0.8650,0.1739,-0.0006,0.0035,0.0007,0.0000,0.0000,0.0000
1.3320,2,7.9088,0.6419,0.0000,0.0000,-0.0000,0.0000,0.0000,0.0000,0.0000
1.3320,3,8.2364,2.1569,-0.0004,-0.0076,0.0034,-0.0003,0.0000,0.0000,0.0000
1.3620,1,4.9246,0.8650,0.1739,-0.0006,0.0035,0.0007,0.0000,0.0000,0.0000
1.3620,2,7.9088,0.6419,0.0000,0.0000,-0.0000,0.0000,0.0000,0.0000,0.0000
1.3620,3,8.2363,2.1569,-0.0004,-0.0076,0.0034,-0.0003,0.0000,0.0000,0.0000
1.3960,1,4.9246,0.8650,0.1739,-0.0006,0.0035,0.0007,0.0000,0.0000,0.0000
1.3960,2,7.9088,0.6419,0.0000,0.0000,-0.0000,0.0000,0.0000,0.0000,0.0000
1.3960,3,8.2362,2.1569,-0.0004,-0.0076,0.0034,-0.0003,0.0000,0.0000,0.0000
1.4300,1,4.9246,0.8650,0.1739,-0.0006,0.0035,0.0007,0.0000,0.0000,0.0000
1.4300,2,7.9088,0.6419,0.0000,0.0000,-0.0000,0.0000,0.0000,0.0000,0.0000
1.4300,3,8.2360,2.1569,-0.0004,-0.0076,0.0034,-0.0003,0.0000,0.0000,0.0000
1.4620,1,4.9246,0.8650,0.1739,-0.0006,0.0035,0.0007,0.0000,0.0000,0.0000
1.4620,2,7.9088,0.6419,0.0000,0.0000,-0.0000,0.0000,0.0000,0.0000,0.0000
1.4620,3,8.2359,2.1568,-0.0004,-0.0076,0.0034,-0.0003,0.0000,0.0000,0.0000
1.5000,1,4.9246,0.8650,0.1739,-0.0006,0.0035,0.0007,0.0000,0.0000,0.0000
1.5000,2,7.9088,0.6419,0.0000,0.0000,-0.0000,0.0000,0.0000,0.0000,0.0000
1.5000,3,8.2358,2.1568,-0.0004,-0.0076,0.0034,-0.0003,0.0000,0.0000,0.0000
1.5300,1,4.9246,0.8650,0.1739,-0.0006,0.0035,0.0007,0.0000,0.0000,0.0000
1.5300,2,7.9088,0.6419,0.0000,0.0000,-0.0000,0.0000,0.0000,0.0000,0.0000
1.5300,3,8.2357,2.1568,-0.0004,-0.0076,0.0034,-0.0003,0.0000,0.0000,0.0000
1.5620,1,4.9246,0.8650,0.1739,-0.0006,0.0035,0.0007,0.0000,0.0000,0.0000
1.5620,2,7.9088,0.6419,0.0000,0.0000,-0.0000,0.0000,0.0000,0.0000,0.0000
1.5620,3,8.2355,2.1568,-0.0004,-0.0076,0.0034,-0.0003,0.0000,0.0000,0.0000
1.5980,1,4.9246,0.8650,0.1739,-0.0006,0.0035,0.0007,0.0000,0.0000,0.0000
1.5980,2,7.9088,0.6419,0.0000,0.0000,-0.0000,0.0000,0.0000,0.0000,0.0000
1.5980,3,8.2354,2.1567,-0.0004,-0.0076,0.0034,-0.0003,0.0000,0.0000,0.0000
1.6300,1,4.9246,0.8650,0.1739,-0.0006,0.0035,0.0007,0.0000,0.0000,0.0000
1.6300,2,7.9088,0.6419,0.0000,0.0000,-0.0000,0.0000,0.0000,0.0000,0.0000
1.6300,3,8.2353,2.1567,-0.0004,-0.0076,0.0034,-0.0003,0.0000,0.0000,0.0000
1.6680,1,4.9246,0.8650,0.1739,-0.0006,0.0035,0.0007,0.0000,0.0000,0.0000
1.6680,2,7.9088,0.6419,0.0000,0.0000,-0.0000,0.0000,0.0000,0.0000,0.0000
1.6680,3,8.2351,2.1567,-0.0004,-0.0076,0.0034,-0.0003,0.0000,0.0000,0.0000
1.6960,1,4.9246,0.8650,0.1739,-0.0006,0.0035,0.0007,0.0000,0.0000,0.0000
1.6960,2,7.9088,0.6419,0.0000,0.0000,-0.0000,0.0000,0.0000,0.0000,0.0000
1.6960,3,8.2350,2.1567,-0.0005,-0.0076,0.0034,-0.0003,0.0000,0.0000,0.0000
1.7300,1,4.9246,0.8650,0.1739,-0.0006,0.0035,0.0007,0.0000,0.0000,0.0000
1.7300,2,7.9088,0.6419,0.0000,0.0000,-0.0000,0.0000,0.0000,0.0000,0.0000
1.7300,3,8.2349,2.1566,-0.0005,-0.0076,0.0034,-0.0003,0.0000,0.0000,0.0000
1.7620,1,4.9246,0.8650,0.1739,-0.0006,0.0035,0.0007,0.0000,0.0000,0.0000
1.7620,2,7.9088,0.6419,0.0000,0.0000,-0.0000,0.0000,0.0000,0.0000,0.0000
1.7620,3,8.2348,2.1566,-0.0005,-0.0076,0.0034,-0.0003,0.0000,0.0000,0.0000
1.7620,1,4.9246,0.8650,0.1739,-0.0006,0.0035,0.0007,0.0000,0.0000,0.0000
1.7620,2,7.9088,0.6419,0.0000,0.0000,-0.0000,0.0000,0.0000,0.0000,0.0000
1.7620,3,8.2348,2.1566,-0.0005,-0.0076,0.0034,-0.0003,0.0000,0.0000,0.0000
1.9340,1,4.9246,0.8650,0.1739,-0.0006,0.0035,0.0007,0.0000,0.0000,0.0000
1.9340,2,7.9088,0.6419,0.0000,0.0000,-0.0000,0.0000,0.0000,0.0000,0.0000
1.9340,3,8.2341,2.1565,-0.0005,-0.0076,0.0034,-0.0003,0.0000,0.0000,0.0000
1.9720,1,4.9246,0.8650,0.1739,-0.0006,0.0035,0.0007,0.0000,0.0000,0.0000
1.9720,2,7.9088,0.6419,0.0000,0.0000,-0.0000,0.0000,0.0000,0.0000,0.0000
1.9720,3,8.2340,2.1565,-0.0005,-0.0076,0.0034,-0.0003,0.0000,0.0000,0.0000
1.9880,1,4.9246,0.8650,0.1739,-0.0006,0.0035,0.0007,0.0000,0.0000,0.0000
1.9880,2,7.9088,0.6419,0.0000,0.0000,-0.0000,0.0000,0.0000,0.0000,0.0000
1.9880,3,8.2339,2.1565,-0.0005,-0.0076,0.0034,-0.0003,0.0000,0.0000,0.0000
2.0200,1,4.9246,0.8650,0.1739,-0.0006,0.0035,0.0007,0.0000,0.0000,0.0000
2.0200,2,7.9088,0.6419,0.0000,0.0000,-0.0000,0.0000,0.0000,0.0000,0.0000
2.0200,3,8.2338,2.1564,-0.0005,-0.0076,0.0034,-0.0003,0.0000,0.0000,0.0000
2.0540,1,4.9246,0.8650,0.1739,-0.0006,0.0035,0.0007,0.0000,0.0000,0.0000
2.0540,2,7.9088,0.6419,0.0000,0.0000,-0.0000,0.0000,0.0000,0.0000,0.0000
2.0540,3,8.2337,2.1564,-0.0005,-0.0076,0.0034,-0.0003,0.0000,0.0000,0.0000
2.0880,1,4.9246,0.8650,0.1739,-0.0006,0.0035,0.0007,0.0000,0.0000,0.0000
2.0880,2,7.9088,0.6419,0.0000,0.0000,-0.0000,0.0000,0.0000,0.0000,0.0000
2.0880,3,8.2335,2.1564,-0.0005,-0.0076,0.0034,-0.0003,0.0000,0.0000,0.0000
2.1200,1,4.9246,0.8650,0.1739,-0.0006,0.0035,0.0007,0.0000,0.0000,0.0000
2.1200,2,7.9088,0.6419,0.0000,0.0000,-0.0000,0.0000,0.0000,0.0000,0.0000
2.1200,3,8.2334,2.1564,-0.0005,-0.0076,0.0034,-0.0003,0.0000,0.0000,0.0000
2.1520,1,4.9246,0.8650,0.1739,-0.0006,0.0035,0.0007,0.0000,0.0000,0.0000
2.1520,2,7.9088,0.6419,0.0000,0.0000,-0.0000,0.0000,0.0000,0.0000,0.0000
2.1520,3,8.2333,2.1563,-0.0005,-0.0076,0.0034,-0.0003,0.0000,0.0000,0.0000
2.1860,1,4.9246,0.8650,0.1739,-0.0006,0.0035,0.0007,0.0000,0.0000,0.0000
2.1860,2,7.9088,0.6419,0.0000,0.0000,-0.0000,0.0000,0.0000,0.0000,0.0000
2.1860,3,8.2332,2.1563,-0.0005,-0.0076,0.0034,-0.0003,0.0000,0.0000,0.0000
2.2180,1,4.9246,0.8650,0.1739,-0.0006,0.0035,0.0007,0.0000,0.0000,0.0000
2.2180,2,7.9088,0.6419,0.0000,0.0000,-0.0000,0.0000,0.0000,0.0000,0.0000
2.2180,3,8.2330,2.1563,-0.0005,-0.0076,0.0034,-0.0003,0.0000,0.0000,0.0000
2.2520,1,4.9246,0.8650,0.1739,-0.0006,0.0035,0.0007,0.0000,0.0000,0.0000
2.2520,2,7.9088,0.6419,0.0000,0.0000,-0.0000,0.0000,0.0000,0.0000,0.0000
2.2520,3,8.2329,2.1563,-0.0005,-0.0076,0.0034,-0.0003,0.0000,0.0000,0.0000
2.2860,1,4.9246,0.8650,0.1739,-0.0006,0.0035,0.0007,0.0000,0.0000,0.0000
2.2860,2,7.9088,0.6419,0.0000,0.0000,-0.0000,0.0000,0.0000,0.0000,0.0000
2.2860,3,8.2328,2.1562,-0.0005,-0.0076,0.0034,-0.0003,0.0000,0.0000,0.0000
2.3200,1,4.9246,0.8650,0.1739,-0.0006,0.0035,0.0007,0.0000,0.0000,0.0000
2.3200,2,7.9088,0.6419,0.0000,0.0000,-0.0000,0.0000,0.0000,0.0000,0.0000
2.3200,3,8.2327,2.1562,-0.0005,-0.0076,0.0034,-0.0003,0.0000,0.0000,0.0000
2.3520,1,4.9246,0.8650,0.1739,-0.0006,0.0035,0.0007,0.0000,0.0000,0.0000
2.3520,2,7.9088,0.6419,0.0000,0.0000,-0.0000,0.0000,0.0000,0.0000,0.0000
2.3520,3,8.2325,2.1562,-0.0005,-0.0076,0.0034,-0.0003,0.0000,0.0000,0.0000
2.3840,1,4.9246,0.8650,0.1739,-0.0006,0.0035,0.0007,0.0000,0.0000,0.0000
2.3840,2,7.9088,0.6419,0.0000,0.0000,-0.0000,0.0000,0.0000,0.0000,0.0000
2.3840,3,8.2324,2.1562,-0.0005,-0.0076,0.0034,-0.0003,0.0000,0.0000,0.0000
2.4200,1,4.9246,0.8650,0.1739,-0.0006,0.0036,0.0007,0.0000,0.0000,0.0000
2.4200,2,7.9088,0.6419,0.0000,0.0000,-0.0000,0.0000,0.0000,0.0000,0.0000
2.4200,3,8.2323,2.1561,-0.0005,-0.0076,0.0034,-0.0003,0.0000,0.0000,0.0000
2.4500,1,4.9246,0.8650,0.1739,-0.0006,0.0036,0.0007,0.0000,0.0000,0.0000
2.4500,2,7.9088,0.6419,0.0000,0.0000,-0.0000,0.0000,0.0000,0.0000,0.0000
2.4500,3,8.2322,2.1561,-0.0005,-0.0076,0.0034,-0.0003,0.0000,0.0000,0.0000
2.4880,1,4.9246,0.8650,0.1739,-0.0006,0.0036,0.0007,0.0000,0.0000,0.0000
2.4880,2,7.9088,0.6419,0.0000,0.0000,-0.0000,0.0000,0.0000,0.0000,0.0000
2.4880,3,8.2320,2.1561,-0.0005,-0.0076,0.0034,-0.0003,0.0000,0.0000,0.0000
2.5180,1,4.9246,0.8650,0.1739,-0.0006,0.0036,0.0007,0.0000,0.0000,0.0000
2.5180,2,7.9088,0.6419,0.0000,0.0000,-0.0000,0.0000,0.0000,0.0000,0.0000
2.5180,3,8.2319,2.1561,-0.0006,-0.0076,0.0034,-0.0003,0.0000,0.0000,0.0000
2.5520,1,4.9246,0.8650,0.1739,-0.0006,0.0036,0.0007,0.0000,0.0000,0.0000
2.5520,2,7.9088,0.6419,0.0000,0.0000,-0.0000,0.0000,0.0000,0.0000,0.0000
2.5520,3,8.2318,2.1561,-0.0006,-0.0076,0.0034,-0.0003,0.0000,0.0000,0.0000
2.5860,1,4.9246,0.8650,0.1739,-0.0006,0.0036,0.0007,0.0000,0.0000,0.0000
2.5860,2,7.9088,0.6419,0.0000,0.0000,-0.0000,0.0000,0.0000,0.0000,0.0000
2.5860,3,8.2316,2.1560,-0.0006,-0.0076,0.0034,-0.0003,0.0000,0.0000,0.0000
2.6160,1,4.9246,0.8650,0.1739,-0.0006,0.0036,0.0007,0.0000,0.0000,0.0000
2.6160,2,7.9088,0.6419,0.0000,0.0000,-0.0000,0.0000,0.0000,0.0000,0.0000
2.6160,3,8.2315,2.1560,-0.0006,-0.0076,0.0034,-0.0003,0.0000,0.0000,0.0000
2.6500,1,4.9246,0.8650,0.1739,-0.0006,0.0036,0.0007,0.0000,0.0000,0.0000
2.6500,2,7.9088,0.6419,0.0000,0.0000,-0.0000,0.0000,0.0000,0.0000,0.0000
2.6500,3,8.2314,2.1560,-0.0006,-0.0076,0.0034,-0.0003,0.0000,0.0000,0.0000
2.6840,1,4.9246,0.8650,0.1739,-0.0006,0.0036,0.0007,0.0000,0.0000,0.0000
2.6840,2,7.9088,0.6419,0.0000,0.0000,-0.0000,0.0000,0.0000,0.0000,0.0000
2.6840,3,8.2313,2.1560,-0.0006,-0.0076,0.0034,-0.0003,0.0000,0.0000,0.0000
2.7180,1,4.9246,0.8650,0.1739,-0.0006,0.0036,0.0007,0.0000,0.0000,0.0000
2.7180,2,7.9088,0.6419,0.0000,0.0000,-0.0000,0.0000,0.0000,0.0000,0.0000
2.7180,3,8.2311,2.1559,-0.0006,-0.0076,0.0034,-0.0003,0.0000,0.0000,0.0000
2.7520,1,4.9246,0.8650,0.1739,-0.0006,0.0036,0.0007,0.0000,0.0000,0.0000
2.7520,2,7.9088,0.6419,0.0000,0.0000,-0.0000,0.0000,0.0000,0.0000,0.0000
2.7520,3,8.2310,2.1559,-0.0006,-0.0076,0.0034,-0.0003,0.0000,0.0000,0.0000
2.7840,1,4.9246,0.8650,0.1739,-0.0006,0.0036,0.0007,0.0000,0.0000,0.0000
2.7840,2,7.9088,0.6419,0.0000,0.0000,-0.0000,0.0000,0.0000,0.0000,0.0000
2.7840,3,8.2309,2.1559,-0.0006,-0.0076,0.0034,-0.0003,0.0000,0.0000,0.0000
2.8180,1,4.9246,0.8650,0.1739,-0.0006,0.0036,0.0007,0.0000,0.0000,0.0000
2.8180,2,7.9088,0.6419,0.0000,0.0000,-0.0000,0.0000,0.0000,0.0000,0.0000
2.8180,3,8.2308,2.1559,-0.0006,-0.0076,0.0034,-0.0003,0.0000,0.0000,0.0000
2.8520,1,4.9246,0.8650,0.1739,-0.0006,0.0036,0.0007,0.0000,0.0000,0.0000
2.8520,2,7.9088,0.6419,0.0000,0.0000,-0.0000,0.0000,0.0000,0.0000,0.0000
2.8520,3,8.2306,2.1558,-0.0006,-0.0076,0.0034,-0.0003,0.0000,0.0000,0.0000
2.8860,1,4.9246,0.8650,0.1739,-0.0006,0.0036,0.0007,0.0000,0.0000,0.0000
2.8860,2,7.9088,0.6419,0.0000,0.0000,-0.0000,0.0000,0.0000,0.0000,0.0000
2.8860,3,8.2305,2.1558,-0.0006,-0.0076,0.0034,-0.0003,0.0000,0.0000,0.0000
2.9200,1,4.9246,0.8650,0.1739,-0.0006,0.0036,0.0007,0.0000,0.0000,0.0000
2.9200,2,7.9088,0.6419,0.0000,0.0000,-0.0000,0.0000,0.0000,0.0000,0.0000
2.9200,3,8.2304,2.1558,-0.0006,-0.0076,0.0034,-0.0003,0.0000,0.0000,0.0000
2.9500,1,4.9246,0.8650,0.1739,-0.0006,0.0036,0.0007,0.0000,0.0000,0.0000
2.9500,2,7.9088,0.6419,0.0000,0.0000,-0.0000,0.0000,0.0000,0.0000,0.0000
2.9500,3,8.2303,2.1558,-0.0006,-0.0076,0.0034,-0.0003,0.0000,0.0000,0.0000
2.9880,1,4.9246,0.8650,0.1739,-0.0006,0.0036,0.0007,0.0000,0.0000,0.0000
2.9880,2,7.9088,0.6419,0.0000,0.0000,-0.0000,0.0000,0.0000,0.0000,0.0000
2.9880,3,8.2301,2.1557,-0.0006,-0.0076,0.0034,-0.0003,0.0000,0.0000,0.0000
3.0200,1,4.9246,0.8650,0.1739,-0.0006,0.0036,0.0007,0.0000,0.0000,0.0000
3.0200,2,7.9088,0.6419,0.0000,0.0000,-0.0000,0.0000,0.0000,0.0000,0.0000
3.0200,3,8.2300,2.1557,-0.0006,-0.0076,0.0034,-0.0003,0.0000,0.0000,0.0000
3.0540,1,4.9246,0.8650,0.1739,-0.0006,0.0036,0.0007,0.0000,0.0000,0.0000
3.0540,2,7.9088,0.6419,0.0000,0.0000,-0.0000,0.0000,0.0000,0.0000,0.0000
3.0540,3,8.2299,2.1557,-0.0006,-0.0076,0.0034,-0.0003,0.0000,0.0000,0.0000
3.0880,1,4.9246,0.8650,0.1739,-0.0006,0.0036,0.0007,0.0000,0.0000,0.0000
3.0880,2,7.9088,0.6419,0.0000,0.0000,-0.0000,0.0000,0.0000,0.0000,0.0000
3.0880,3,8.2297,2.1557,-0.0006,-0.0076,0.0034,-0.0003,0.0000,0.0000,0.0000
3.1220,1,4.9246,0.8650,0.1739,-0.0006,0.0036,0.0007,0.0000,0.0000,0.0000
3.1220,2,7.9088,0.6419,0.0000,0.0000,-0.0000,0.0000,0.0000,0.0000,0.0000
3.1220,3,8.2296,2.1556,-0.0006,-0.0076,0.0034,-0.0003,0.0000,0.0000,0.0000
3.1540,1,4.9246,0.8650,0.1739,-0.0006,0.0036,0.0007,0.0000,0.0000,0.0000
3.1540,2,7.9088,0.6419,0.0000,0.0000,-0.0000,0.0000,0.0000,0.0000,0.0000
3.1540,3,8.2295,2.1556,-0.0006,-0.0076,0.0034,-0.0003,0.0000,0.0000,0.0000
3.1860,1,4.9246,0.8650,0.1739,-0.0006,0.0036,0.0007,0.0000,0.0000,0.0000
3.1860,2,7.9088,0.6419,0.0000,0.0000,-0.0000,0.0000,0.0000,0.0000,0.0000
3.1860,3,8.2294,2.1556,-0.0006,-0.0076,0.0034,-0.0003,0.0000,0.0000,0.0000
3.2200,1,4.9246,0.8650,0.1739,-0.0006,0.0036,0.0007,0.0000,0.0000,0.0000
3.2200,2,7.9088,0.6419,0.0000,0.0000,-0.0000,0.0000,0.0000,0.0000,0.0000
3.2200,3,8.2292,2.1556,-0.0006,-0.0076,0.0034,-0.0003,0.0000,0.0000,0.0000
3.2520,1,4.9246,0.8650,0.1739,-0.0006,0.0036,0.0007,0.0000,0.0000,0.0000
3.2520,2,7.9088,0.6419,0.0000,0.0000,-0.0000,0.0000,0.0000,0.0000,0.0000
3.2520,3,8.2291,2.1556,-0.0006,-0.0076,0.0034,-0.0003,0.0000,0.0000,0.0000
3.2860,1,4.9246,0.8650,0.1739,-0.0006,0.0036,0.0007,0.0000,0.0000,0.0000
3.2860,2,7.9088,0.6419,0.0000,0.0000,-0.0000,0.0000,0.0000,0.0000,0.0000
3.2860,3,8.2290,2.1555,-0.0006,-0.0076,0.0034,-0.0003,0.0000,0.0000,0.0000
3.3200,1,4.9246,0.8650,0.1739,-0.0006,0.0036,0.0007,0.0000,0.0000,0.0000
3.3200,2,7.9088,0.6419,0.0000,0.0000,-0.0000,0.0000,0.0000,0.0000,0.0000
3.3200,3,8.2288,2.1555,-0.0006,-0.0076,0.0034,-0.0003,0.0000,0.0000,0.0000
3.3500,1,4.9246,0.8650,0.1739,-0.0006,0.0036,0.0007,0.0000,0.0000,0.0000
3.3500,2,7.9088,0.6419,0.0000,0.0000,-0.0000,0.0000,0.0000,0.0000,0.0000
3.3500,3,8.2287,2.1555,-0.0006,-0.0076,0.0034,-0.0003,0.0000,0.0000,0.0000
3.3840,1,4.9246,0.8650,0.1739,-0.0006,0.0036,0.0007,0.0000,0.0000,0.0000
3.3840,2,7.9088,0.6419,0.0000,0.0000,-0.0000,0.0000,0.0000,0.0000,0.0000
3.3840,3,8.2286,2.1555,-0.0007,-0.0076,0.0034,-0.0003,0.0000,0.0000,0.0000
3.4180,1,4.9246,0.8650,0.1739,-0.0006,0.0036,0.0007,0.0000,0.0000,0.0000
3.4180,2,7.9088,0.6419,0.0000,0.0000,-0.0000,0.0000,0.0000,0.0000,0.0000
3.4180,3,8.2285,2.1554,-0.0007,-0.0076,0.0034,-0.0003,0.0000,0.0000,0.0000
3.4500,1,4.9246,0.8650,0.1739,-0.0006,0.0036,0.0007,0.0000,0.0000,0.0000
3.4500,2,7.9088,0.6419,0.0000,0.0000,-0.0000,0.0000,0.0000,0.0000,0.0000
3.4500,3,8.2283,2.1554,-0.0007,-0.0076,0.0034,-0.0003,0.0000,0.0000,0.0000
3.4880,1,4.9246,0.8650,0.1739,-0.0006,0.0036,0.0007,0.0000,0.0000,0.0000
3.4880,2,7.9088,0.6419,0.0000,0.0000,-0.0000,0.0000,0.0000,0.0000,0.0000
3.4880,3,8.2282,2.1554,-0.0007,-0.0076,0.0034,-0.0003,0.0000,0.0000,0.0000
3.5200,1,4.9246,0.8650,0.1739,-0.0006,0.0036,0.0007,0.0000,0.0000,0.0000
3.5200,2,7.9088,0.6419,0.0000,0.0000,-0.0000,0.0000,0.0000,0.0000,0.0000
3.5200,3,8.2281,2.1554,-0.0007,-0.0076,0.0034,-0.0003,0.0000,0.0000,0.0000
3.5540,1,4.9246,0.8650,0.1739,-0.0006,0.0036,0.0007,0.0000,0.0000,0.0000
3.5540,2,7.9088,0.6419,0.0000,0.0000,-0.0000,0.0000,0.0000,0.0000,0.0000
3.5540,3,8.2279,2.1553,-0.0007,-0.0076,0.0034,-0.0003,0.0000,0.0000,0.0000
3.5900,1,4.9246,0.8650,0.1739,-0.0006,0.0036,0.0007,0.0000,0.0000,0.0000
3.5900,2,7.9088,0.6419,0.0000,0.0000,-0.0000,0.0000,0.0000,0.0000,0.0000
3.5900,3,8.2278,2.1553,-0.0007,-0.0076,0.0034,-0.0003,0.0000,0.0000,0.0000
3.6240,1,4.9246,0.8650,0.1739,-0.0006,0.0036,0.0007,0.0000,0.0000,0.0000
3.6240,2,7.9088,0.6419,0.0000,0.0000,-0.0000,0.0000,0.0000,0.0000,0.0000
3.6240,3,8.2277,2.1553,-0.0007,-0.0076,0.0034,-0.0003,0.0000,0.0000,0.0000
3.6540,1,4.9246,0.8650,0.1739,-0.0006,0.0036,0.0007,0.0000,0.0000,0.0000
3.6540,2,7.9088,0.6419,0.0000,0.0000,-0.0000,0.0000,0.0000,0.0000,0.0000
3.6540,3,8.2276,2.1553,-0.0007,-0.0076,0.0034,-0.0003,0.0000,0.0000,0.0000
3.6880,1,4.9246,0.8650,0.1739,-0.0006,0.0036,0.0007,0.0000,0.0000,0.0000
3.6880,2,7.9088,0.6419,0.0000,0.0000,-0.0000,0.0000,0.0000,0.0000,0.0000
3.6880,3,8.2274,2.1552,-0.0007,-0.0076,0.0034,-0.0003,0.0000,0.0000,0.0000
3.7200,1,4.9246,0.8650,0.1739,-0.0006,0.0036,0.0007,0.0000,0.0000,0.0000
3.7200,2,7.9088,0.6419,0.0000,0.0000,-0.0000,0.0000,0.0000,0.0000,0.0000
3.7200,3,8.2273,2.1552,-0.0007,-0.0076,0.0034,-0.0003,0.0000,0.0000,0.0000
3.7540,1,4.9246,0.8650,0.1739,-0.0006,0.0036,0.0007,0.0000,0.0000,0.0000
3.7540,2,7.9088,0.6419,0.0000,0.0000,-0.0000,0.0000,0.0000,0.0000,0.0000
3.7540,3,8.2272,2.1552,-0.0007,-0.0076,0.0034,-0.0003,0.0000,0.0000,0.0000
3.7900,1,4.9246,0.8650,0.1739,-0.0006,0.0036,0.0007,0.0000,0.0000,0.0000
3.7900,2,7.9088,0.6419,0.0000,0.0000,-0.0000,0.0000,0.0000,0.0000,0.0000
3.7900,3,8.2270,2.1552,-0.0007,-0.0076,0.0034,-0.0003,0.0000,0.0000,0.0000
3.8180,1,4.9246,0.8650,0.1739,-0.0006,0.0036,0.0007,0.0000,0.0000,0.0000
3.8180,2,7.9088,0.6419,0.0000,0.0000,-0.0000,0.0000,0.0000,0.0000,0.0000
3.8180,3,8.2269,2.1551,-0.0007,-0.0076,0.0034,-0.0003,0.0000,0.0000,0.0000
3.8520,1,4.9246,0.8650,0.1739,-0.0006,0.0036,0.0007,0.0000,0.0000,0.0000
3.8520,2,7.9088,0.6419,0.0000,0.0000,-0.0000,0.0000,0.0000,0.0000,0.0000
3.8520,3,8.2268,2.1551,-0.0007,-0.0076,0.0034,-0.0003,0.0000,0.0000,0.0000
3.8860,1,4.9246,0.8650,0.1739,-0.0006,0.0036,0.0007,0.0000,0.0000,0.0000
3.8860,2,7.9088,0.6419,0.0000,0.0000,-0.0000,0.0000,0.0000,0.0000,0.0000
3.8860,3,8.2267,2.1551,-0.0007,-0.0076,0.0034,-0.0003,0.0000,0.0000,0.0000
3.9180,1,4.9246,0.8650,0.1739,-0.0006,0.0036,0.0007,0.0000,0.0000,0.0000
3.9180,2,7.9088,0.6419,0.0000,0.0000,-0.0000,0.0000,0.0000,0.0000,0.0000
3.9180,3,8.2266,2.1551,-0.0007,-0.0076,0.0034,-0.0003,0.0000,0.0000,0.0000
3.9520,1,4.9246,0.8650,0.1739,-0.0006,0.0036,0.0007,0.0000,0.0000,0.0000
3.9520,2,7.9088,0.6419,0.0000,0.0000,-0.0000,0.0000,0.0000,0.0000,0.0000
3.9520,3,8.2264,2.1551,-0.0007,-0.0076,0.0034,-0.0003,0.0000,0.0000,0.0000
3.9860,1,4.9246,0.8650,0.1739,-0.0006,0.0036,0.0007,0.0000,0.0000,0.0000
3.9860,2,7.9088,0.6419,0.0000,0.0000,-0.0000,0.0000,0.0000,0.0000,0.0000
3.9860,3,8.2263,2.1550,-0.0007,-0.0076,0.0034,-0.0003,0.0000,0.0000,0.0000
4.0180,1,4.9246,0.8650,0.1739,-0.0006,0.0036,0.0007,0.0000,0.0000,0.0000
4.0180,2,7.9088,0.6419,0.0000,0.0000,-0.0000,0.0000,0.0000,0.0000,0.0000
4.0180,3,8.2262,2.1550,-0.0007,-0.0076,0.0034,-0.0003,0.0000,0.0000,0.0000
4.0540,1,4.9246,0.8650,0.1739,-0.0006,0.0036,0.0007,0.0000,0.0000,0.0000
4.0540,2,7.9088,0.6419,0.0000,0.0000,-0.0000,0.0000,0.0000,0.0000,0.0000
4.0540,3,8.2260,2.1550,-0.0007,-0.0076,0.0034,-0.0003,0.0000,0.0000,0.0000
4.0860,1,4.9246,0.8650,0.1739,-0.0006,0.0036,0.0007,0.0000,0.0000,0.0000
4.0860,2,7.9088,0.6419,0.0000,0.0000,-0.0000,0.0000,0.0000,0.0000,0.0000
4.0860,3,8.2259,2.1550,-0.0007,-0.0076,0.0034,-0.0003,0.0000,0.0000,0.0000
4.1180,1,4.9246,0.8650,0.1739,-0.0006,0.0036,0.0007,0.0000,0.0000,0.0000
4.1180,2,7.9088,0.6419,0.0000,0.0000,-0.0000,0.0000,0.0000,0.0000,0.0000
4.1180,3,8.2258,2.1549,-0.0007,-0.0076,0.0034,-0.0003,0.0000,0.0000,0.0000
4.1520,1,4.9246,0.8650,0.1739,-0.0006,0.0036,0.0007,0.0000,0.0000,0.0000
4.1520,2,7.9088,0.6419,0.0000,0.0000,-0.0000,0.0000,0.0000,0.0000,0.0000
4.1520,3,8.2257,2.1549,-0.0007,-0.0076,0.0034,-0.0003,0.0000,0.0000,0.0000
4.1840,1,4.9246,0.8650,0.1739,-0.0006,0.0036,0.0007,0.0000,0.0000,0.0000
4.1840,2,7.9088,0.6419,0.0000,0.0000,-0.0000,0.0000,0.0000,0.0000,0.0000
4.1840,3,8.2255,2.1549,-0.0007,-0.0076,0.0034,-0.0003,0.0000,0.0000,0.0000
4.2200,1,4.9246,0.8650,0.1739,-0.0006,0.0036,0.0007,0.0000,0.0000,0.0000
4.2200,2,7.9088,0.6419,0.0000,0.0000,-0.0000,0.0000,0.0000,0.0000,0.0000
4.2200,3,8.2254,2.1549,-0.0008,-0.0076,0.0034,-0.0003,0.0000,0.0000,0.0000
4.2520,1,4.9246,0.8650,0.1739,-0.0006,0.0036,0.0007,0.0000,0.0000,0.0000
4.2520,2,7.9088,0.6419,0.0000,0.0000,-0.0000,0.0000,0.0000,0.0000,0.0000
4.2520,3,8.2253,2.1548,-0.0008,-0.0076,0.0034,-0.0003,0.0000,0.0000,0.0000
4.2860,1,4.9246,0.8650,0.1739,-0.0006,0.0036,0.0007,0.0000,0.0000,0.0000
4.2860,2,7.9088,0.6419,0.0000,0.0000,-0.0000,0.0000,0.0000,0.0000,0.0000
4.2860,3,8.2252,2.1548,-0.0008,-0.0076,0.0034,-0.0003,0.0000,0.0000,0.0000
4.3180,1,4.9246,0.8650,0.1739,-0.0006,0.0036,0.0007,0.0000,0.0000,0.0000
4.3180,2,7.9088,0.6419,0.0000,0.0000,-0.0000,0.0000,0.0000,0.0000,0.0000
4.3180,3,8.2250,2.1548,-0.0008,-0.0076,0.0034,-0.0003,0.0000,0.0000,0.0000
4.3520,1,4.9246,0.8650,0.1739,-0.0006,0.0036,0.0007,0.0000,0.0000,0.0000
4.3520,2,7.9088,0.6419,0.0000,0.0000,-0.0000,0.0000,0.0000,0.0000,0.0000
4.3520,3,8.2249,2.1548,-0.0008,-0.0076,0.0034,-0.0003,0.0000,0.0000,0.0000
4.3860,1,4.9246,0.8650,0.1739,-0.0006,0.0036,0.0007,0.0000,0.0000,0.0000
4.3860,2,7.9088,0.6419,0.0000,0.0000,-0.0000,0.0000,0.0000,0.0000,0.0000
4.3860,3,8.2248,2.1547,-0.0008,-0.0076,0.0035,-0.0003,0.0000,0.0000,0.0000
4.4200,1,4.9246,0.8650,0.1739,-0.0006,0.0036,0.0007,0.0000,0.0000,0.0000
4.4200,2,7.9088,0.6419,0.0000,0.0000,-0.0000,0.0000,0.0000,0.0000,0.0000
4.4200,3,8.2246,2.1547,-0.0008,-0.0076,0.0035,-0.0003,0.0000,0.0000,0.0000
4.4520,1,4.9246,0.8650,0.1739,-0.0006,0.0036,0.0007,0.0000,0.0000,0.0000
4.4520,2,7.9088,0.6419,0.0000,0.0000,-0.0000,0.0000,0.0000,0.0000,0.0000
4.4520,3,8.2245,2.1547,-0.0008,-0.0076,0.0035,-0.0003,0.0000,0.0000,0.0000
4.4900,1,4.9246,0.8650,0.1739,-0.0006,0.0036,0.0007,0.0000,0.0000,0.0000
4.4900,2,7.9088,0.6419,0.0000,0.0000,-0.0000,0.0000,0.0000,0.0000,0.0000
4.4900,3,8.2244,2.1547,-0.0008,-0.0076,0.0035,-0.0003,0.0000,0.0000,0.0000
4.5240,1,4.9246,0.8650,0.1739,-0.0006,0.0036,0.0007,0.0000,0.0000,0.0000
4.5240,2,7.9088,0.6419,0.0000,0.0000,-0.0000,0.0000,0.0000,0.0000,0.0000
4.5240,3,8.2242,2.1546,-0.0008,-0.0076,0.0035,-0.0003,0.0000,0.0000,0.0000
4.5520,1,4.9246,0.8650,0.1739,-0.0006,0.0036,0.0007,0.0000,0.0000,0.0000
4.5520,2,7.9088,0.6419,0.0000,0.0000,-0.0000,0.0000,0.0000,0.0000,0.0000
4.5520,3,8.2241,2.1546,-0.0008,-0.0076,0.0035,-0.0003,0.0000,0.0000,0.0000
4.5840,1,4.9246,0.8650,0.1739,-0.0006,0.0036,0.0007,0.0000,0.0000,0.0000
4.5840,2,7.9088,0.6419,0.0000,0.0000,-0.0000,0.0000,0.0000,0.0000,0.0000
4.5840,3,8.2240,2.1546,-0.0008,-0.0076,0.0035,-0.0003,0.0000,0.0000,0.0000
4.6200,1,4.9246,0.8650,0.1739,-0.0006,0.0036,0.0007,0.0000,0.0000,0.0000
4.6200,2,7.9088,0.6419,0.0000,0.0000,-0.0000,0.0000,0.0000,0.0000,0.0000
4.6200,3,8.2239,2.1546,-0.0008,-0.0076,0.0035,-0.0003,0.0000,0.0000,0.0000
4.6560,1,4.9246,0.8650,0.1739,-0.0006,0.0036,0.0007,0.0000,0.0000,0.0000
4.6560,2,7.9088,0.6419,0.0000,0.0000,-0.0000,0.0000,0.0000,0.0000,0.0000
4.6560,3,8.2237,2.1546,-0.0008,-0.0076,0.0035,-0.0003,0.0000,0.0000,0.0000
4.6860,1,4.9246,0.8650,0.1739,-0.0006,0.0036,0.0007,0.0000,0.0000,0.0000
4.6860,2,7.9088,0.6419,0.0000,0.0000,-0.0000,0.0000,0.0000,0.0000,0.0000
4.6860,3,8.2236,2.1545,-0.0008,-0.0076,0.0035,-0.0003,0.0000,0.0000,0.0000
4.7180,1,4.9246,0.8650,0.1739,-0.0006,0.0036,0.0007,0.0000,0.0000,0.0000
4.7180,2,7.9088,0.6419,0.0000,0.0000,-0.0000,0.0000,0.0000,0.0000,0.0000
4.7180,3,8.2235,2.1545,-0.0008,-0.0076,0.0035,-0.0003,0.0000,0.0000,0.0000
4.7520,1,4.9246,0.8650,0.1739,-0.0006,0.0036,0.0007,0.0000,0.0000,0.0000
4.7520,2,7.9088,0.6419,0.0000,0.0000,-0.0000,0.0000,0.0000,0.0000,0.0000
4.7520,3,8.2234,2.1545,-0.0008,-0.0076,0.0035,-0.0003,0.0000,0.0000,0.0000
4.7860,1,4.9246,0.8650,0.1739,-0.0006,0.0036,0.0007,0.0000,0.0000,0.0000
4.7860,2,7.9088,0.6419,0.0000,0.0000,-0.0000,0.0000,0.0000,0.0000,0.0000
4.7860,3,8.2232,2.1545,-0.0008,-0.0076,0.0035,-0.0003,0.0000,0.0000,0.0000
4.8180,1,4.9246,0.8650,0.1739,-0.0006,0.0036,0.0007,0.0000,0.0000,0.0000
4.8180,2,7.9088,0.6419,0.0000,0.0000,-0.0000,0.0000,0.0000,0.0000,0.0000
4.8180,3,8.2231,2.1544,-0.0008,-0.0076,0.0035,-0.0003,0.0000,0.0000,0.0000
4.8520,1,4.9246,0.8650,0.1739,-0.0006,0.0036,0.0007,0.0000,0.0000,0.0000
4.8520,2,7.9088,0.6419,0.0000,0.0000,-0.0000,0.0000,0.0000,0.0000,0.0000
4.8520,3,8.2230,2.1544,-0.0008,-0.0076,0.0035,-0.0003,0.0000,0.0000,0.0000
4.8860,1,4.9246,0.8650,0.1739,-0.0006,0.0036,0.0007,0.0000,0.0000,0.0000
4.8860,2,7.9088,0.6419,0.0000,0.0000,-0.0000,0.0000,0.0000,0.0000,0.0000
4.8860,3,8.2229,2.1544,-0.0008,-0.0076,0.0035,-0.0003,0.0000,0.0000,0.0000
4.9180,1,4.9246,0.8650,0.1739,-0.0006,0.0036,0.0007,0.0000,0.0000,0.0000
4.9180,2,7.9088,0.6419,0.0000,0.0000,-0.0000,0.0000,0.0000,0.0000,0.0000
4.9180,3,8.2227,2.1544,-0.0008,-0.0076,0.0035,-0.0003,0.0000,0.0000,0.0000
4.9520,1,4.9246,0.8650,0.1739,-0.0006,0.0036,0.0007,0.0000,0.0000,0.0000
4.9520,2,7.9088,0.6419,0.0000,0.0000,-0.0000,0.0000,0.0000,0.0000,0.0000
4.9520,3,8.2226,2.1543,-0.0008,-0.0076,0.0035,-0.0003,0.0000,0.0000,0.0000
4.9820,1,4.9246,0.8650,0.1739,-0.0006,0.0036,0.0007,0.0000,0.0000,0.0000
4.9820,2,7.9088,0.6419,0.0000,0.0000,-0.0000,0.0000,0.0000,0.0000,0.0000
4.9820,3,8.2225,2.1543,-0.0008,-0.0076,0.0035,-0.0003,0.0000,0.0000,0.0000
5.0200,1,4.9246,0.8650,0.1739,-0.0006,0.0036,0.0007,0.0000,0.0000,0.0000
5.0200,2,7.9088,0.6419,0.0000,0.0000,-0.0000,0.0000,0.0000,0.0000,0.0000
5.0200,3,8.2224,2.1543,-0.0008,-0.0076,0.0035,-0.0003,0.0000,0.0000,0.0000
5.0520,1,4.9246,0.8650,0.1739,-0.0006,0.0036,0.0007,0.0000,0.0000,0.0000
5.0520,2,7.9088,0.6419,0.0000,0.0000,-0.0000,0.0000,0.0000,0.0000,0.0000
5.0520,3,8.2222,2.1543,-0.0009,-0.0076,0.0035,-0.0003,0.0000,0.0000,0.0000
5.0860,1,4.9246,0.8650,0.1739,-0.0006,0.0036,0.0007,0.0000,0.0000,0.0000
5.0860,2,7.9088,0.6419,0.0000,0.0000,-0.0000,0.0000,0.0000,0.0000,0.0000
5.0860,3,8.2221,2.1542,-0.0009,-0.0076,0.0035,-0.0003,0.0000,0.0000,0.0000
5.1180,1,4.9246,0.8650,0.1739,-0.0006,0.0036,0.0007,0.0000,0.0000,0.0000
5.1180,2,7.9088,0.6419,0.0000,0.0000,-0.0000,0.0000,0.0000,0.0000,0.0000
5.1180,3,8.2220,2.1542,-0.0009,-0.0076,0.0035,-0.0003,0.0000,0.0000,0.0000
5.1540,1,4.9246,0.8650,0.1739,-0.0006,0.0036,0.0007,0.0000,0.0000,0.0000
5.1540,2,7.9088,0.6419,0.0000,0.0000,-0.0000,0.0000,0.0000,0.0000,0.0000
5.1540,3,8.2218,2.1542,-0.0009,-0.0076,0.0035,-0.0003,0.0000,0.0000,0.0000
5.1880,1,4.9246,0.8650,0.1739,-0.0006,0.0036,0.0007,0.0000,0.0000,0.0000
5.1880,2,7.9088,0.6419,0.0000,0.0000,-0.0000,0.0000,0.0000,0.0000,0.0000
5.1880,3,8.2217,2.1542,-0.0009,-0.0076,0.0035,-0.0003,0.0000,0.0000,0.0000
5.2240,1,4.9246,0.8650,0.1739,-0.0006,0.0036,0.0007,0.0000,0.0000,0.0000
5.2240,2,7.9088,0.6419,0.0000,0.0000,-0.0000,0.0000,0.0000,0.0000,0.0000
5.2240,3,8.2216,2.1541,-0.0009,-0.0076,0.0035,-0.0003,0.0000,0.0000,0.0000
5.2540,1,4.9246,0.8650,0.1739,-0.0006,0.0036,0.0007,0.0000,0.0000,0.0000
5.2540,2,7.9088,0.6419,0.0000,0.0000,-0.0000,0.0000,0.0000,0.0000,0.0000
5.2540,3,8.2215,2.1541,-0.0009,-0.0076,0.0035,-0.0003,0.0000,0.0000,0.0000
5.2840,1,4.9246,0.8650,0.1739,-0.0006,0.0036,0.0007,0.0000,0.0000,0.0000
5.2840,2,7.9088,0.6419,0.0000,0.0000,-0.0000,0.0000,0.0000,0.0000,0.0000
5.2840,3,8.2213,2.1541,-0.0009,-0.0076,0.0035,-0.0003,0.0000,0.0000,0.0000
5.3180,1,4.9246,0.8650,0.1739,-0.0006,0.0036,0.0007,0.0000,0.0000,0.0000
5.3180,2,7.9088,0.6419,0.0000,0.0000,-0.0000,0.0000,0.0000,0.0000,0.0000
5.3180,3,8.2212,2.1541,-0.0009,-0.0076,0.0035,-0.0003,0.0000,0.0000,0.0000
5.3500,1,4.9246,0.8650,0.1739,-0.0006,0.0036,0.0007,0.0000,0.0000,0.0000
5.3500,2,7.9088,0.6419,0.0000,0.0000,-0.0000,0.0000,0.0000,0.0000,0.0000
5.3500,3,8.2211,2.1541,-0.0009,-0.0076,0.0035,-0.0003,0.0000,0.0000,0.0000
5.3860,1,4.9246,0.8650,0.1739,-0.0006,0.0036,0.0007,0.0000,0.0000,0.0000
5.3860,2,7.9088,0.6419,0.0000,0.0000,-0.0000,0.0000,0.0000,0.0000,0.0000
5.3860,3,8.2210,2.1540,-0.0009,-0.0076,0.0035,-0.0003,0.0000,0.0000,0.0000
5.4200,1,4.9246,0.8650,0.1739,-0.0006,0.0036,0.0007,0.0000,0.0000,0.0000
5.4200,2,7.9088,0.6419,0.0000,0.0000,-0.0000,0.0000,0.0000,0.0000,0.0000
5.4200,3,8.2208,2.1540,-0.0009,-0.0076,0.0035,-0.0003,0.0000,0.0000,0.0000
5.4540,1,4.9246,0.8650,0.1739,-0.0006,0.0036,0.0007,0.0000,0.0000,0.0000
5.4540,2,7.9088,0.6419,0.0000,0.0000,-0.0000,0.0000,0.0000,0.0000,0.0000
5.4540,3,8.2207,2.1540,-0.0009,-0.0076,0.0035,-0.0003,0.0000,0.0000,0.0000
5.4860,1,4.9246,0.8650,0.1739,-0.0006,0.0036,0.0007,0.0000,0.0000,0.0000
5.4860,2,7.9088,0.6419,0.0000,0.0000,-0.0000,0.0000,0.0000,0.0000,0.0000
5.4860,3,8.2206,2.1540,-0.0009,-0.0076,0.0035,-0.0003,0.0000,0.0000,0.0000
5.5200,1,4.9246,0.8650,0.1739,-0.0006,0.0036,0.0007,0.0000,0.0000,0.0000
5.5200,2,7.9088,0.6419,0.0000,0.0000,-0.0000,0.0000,0.0000,0.0000,0.0000
5.5200,3,8.2204,2.1539,-0.0009,-0.0076,0.0035,-0.0003,0.0000,0.0000,0.0000
5.5540,1,4.9246,0.8650,0.1739,-0.0006,0.0036,0.0007,0.0000,0.0000,0.0000
5.5540,2,7.9088,0.6419,0.0000,0.0000,-0.0000,0.0000,0.0000,0.0000,0.0000
5.5540,3,8.2203,2.1539,-0.0009,-0.0076,0.0035,-0.0003,0.0000,0.0000,0.0000
5.5860,1,4.9246,0.8650,0.1739,-0.0006,0.0036,0.0007,0.0000,0.0000,0.0000
5.5860,2,7.9088,0.6419,0.0000,0.0000,-0.0000,0.0000,0.0000,0.0000,0.0000
5.5860,3,8.2202,2.1539,-0.0009,-0.0076,0.0035,-0.0003,0.0000,0.0000,0.0000
5.6200,1,4.9246,0.8650,0.1739,-0.0006,0.0036,0.0007,0.0000,0.0000,0.0000
5.6200,2,7.9088,0.6419,0.0000,0.0000,-0.0000,0.0000,0.0000,0.0000,0.0000
5.6200,3,8.2201,2.1539,-0.0009,-0.0076,0.0035,-0.0003,0.0000,0.0000,0.0000
5.6540,1,4.9246,0.8650,0.1739,-0.0006,0.0036,0.0007,0.0000,0.0000,0.0000
5.6540,2,7.9088,0.6419,0.0000,0.0000,-0.0000,0.0000,0.0000,0.0000,0.0000
5.6540,3,8.2199,2.1538,-0.0009,-0.0076,0.0035,-0.0003,0.0000,0.0000,0.0000
5.6880,1,4.9246,0.8650,0.1739,-0.0006,0.0036,0.0007,0.0000,0.0000,0.0000
5.6880,2,7.9088,0.6419,0.0000,0.0000,-0.0000,0.0000,0.0000,0.0000,0.0000
5.6880,3,8.2198,2.1538,-0.0009,-0.0076,0.0035,-0.0003,0.0000,0.0000,0.0000
5.7200,1,4.9246,0.8650,0.1739,-0.0006,0.0036,0.0007,0.0000,0.0000,0.0000
5.7200,2,7.9088,0.6419,0.0000,0.0000,-0.0000,0.0000,0.0000,0.0000,0.0000
5.7200,3,8.2197,2.1538,-0.0009,-0.0076,0.0035,-0.0003,0.0000,0.0000,0.0000
5.7520,1,4.9246,0.8650,0.1739,-0.0006,0.0036,0.0007,0.0000,0.0000,0.0000
5.7520,2,7.9088,0.6419,0.0000,0.0000,-0.0000,0.0000,0.0000,0.0000,0.0000
5.7520,3,8.2196,2.1538,-0.0009,-0.0076,0.0035,-0.0003,0.0000,0.0000,0.0000
5.7880,1,4.9246,0.8650,0.1739,-0.0006,0.0036,0.0007,0.0000,0.0000,0.0000
5.7880,2,7.9088,0.6419,0.0000,0.0000,-0.0000,0.0000,0.0000,0.0000,0.0000
5.7880,3,8.2194,2.1537,-0.0009,-0.0076,0.0035,-0.0003,0.0000,0.0000,0.0000
5.8220,1,4.9246,0.8650,0.1739,-0.0006,0.0036,0.0007,0.0000,0.0000,0.0000
5.8220,2,7.9088,0.6419,0.0000,0.0000,-0.0000,0.0000,0.0000,0.0000,0.0000
5.8220,3,8.2193,2.1537,-0.0009,-0.0076,0.0035,-0.0003,0.0000,0.0000,0.0000
5.8520,1,4.9246,0.8650,0.1739,-0.0006,0.0036,0.0007,0.0000,0.0000,0.0000
5.8520,2,7.9088,0.6419,0.0000,0.0000,-0.0000,0.0000,0.0000,0.0000,0.0000
5.8520,3,8.2192,2.1537,-0.0009,-0.0076,0.0035,-0.0003,0.0000,0.0000,0.0000
5.8860,1,4.9246,0.8650,0.1739,-0.0006,0.0036,0.0007,0.0000,0.0000,0.0000
5.8860,2,7.9088,0.6419,0.0000,0.0000,-0.0000,0.0000,0.0000,0.0000,0.0000
5.8860,3,8.2191,2.1537,-0.0010,-0.0076,0.0035,-0.0003,0.0000,0.0000,0.0000
5.9180,1,4.9246,0.8650,0.1739,-0.0006,0.0036,0.0007,0.0000,0.0000,0.0000
5.9180,2,7.9088,0.6419,0.0000,0.0000,-0.0000,0.0000,0.0000,0.0000,0.0000
5.9180,3,8.2189,2.1536,-0.0010,-0.0076,0.0035,-0.0003,0.0000,0.0000,0.0000
5.9520,1,4.9246,0.8650,0.1739,-0.0006,0.0036,0.0007,0.0000,0.0000,0.0000
5.9520,2,7.9088,0.6419,0.0000,0.0000,-0.0000,0.0000,0.0000,0.0000,0.0000
5.9520,3,8.2188,2.1536,-0.0010,-0.0076,0.0035,-0.0003,0.0000,0.0000,0.0000
5.9880,1,4.9246,0.8650,0.1739,-0.0006,0.0036,0.0007,0.0000,0.0000,0.0000
5.9880,2,7.9088,0.6419,0.0000,0.0000,-0.0000,0.0000,0.0000,0.0000,0.0000
5.9880,3,8.2187,2.1536,-0.0010,-0.0076,0.0035,-0.0003,0.0000,0.0000,0.0000
6.0180,1,4.9246,0.8650,0.1739,-0.0006,0.0036,0.0007,0.0000,0.0000,0.0000
6.0180,2,7.9088,0.6419,0.0000,0.0000,-0.0000,0.0000,0.0000,0.0000,0.0000
6.0180,3,8.2185,2.1536,-0.0010,-0.0076,0.0035,-0.0003,0.0000,0.0000,0.0000
6.0520,1,4.9246,0.8650,0.1739,-0.0006,0.0036,0.0007,0.0000,0.0000,0.0000
6.0520,2,7.9088,0.6419,0.0000,0.0000,-0.0000,0.0000,0.0000,0.0000,0.0000
6.0520,3,8.2184,2.1536,-0.0010,-0.0076,0.0035,-0.0003,0.0000,0.0000,0.0000
6.0880,1,4.9246,0.8650,0.1739,-0.0006,0.0036,0.0007,0.0000,0.0000,0.0000
6.0880,2,7.9088,0.6419,0.0000,0.0000,-0.0000,0.0000,0.0000,0.0000,0.0000
6.0880,3,8.2183,2.1535,-0.0010,-0.0076,0.0035,-0.0003,0.0000,0.0000,0.0000
6.1200,1,4.9246,0.8650,0.1739,-0.0006,0.0036,0.0007,0.0000,0.0000,0.0000
6.1200,2,7.9088,0.6419,0.0000,0.0000,-0.0000,0.0000,0.0000,0.0000,0.0000
6.1200,3,8.2182,2.1535,-0.0010,-0.0076,0.0035,-0.0003,0.0000,0.0000,0.0000
6.1300,1,4.9246,0.8650,0.1739,-0.0006,0.0036,0.0007,0.0000,0.0000,0.0000
6.1300,2,7.9088,0.6419,0.0000,0.0000,-0.0000,0.0000,0.0000,0.0000,0.0000
6.1300,3,8.2181,2.1535,-0.0010,-0.0076,0.0035,-0.0003,0.0000,0.0000,0.0000
6.1520,1,4.9246,0.8650,0.1739,-0.0006,0.0036,0.0007,0.0000,0.0000,0.0000
6.1520,2,7.9088,0.6419,0.0000,0.0000,-0.0000,0.0000,0.0000,0.0000,0.0000
6.1520,3,8.2180,2.1535,-0.0010,-0.0076,0.0035,-0.0003,0.0000,0.0000,0.0000
6.1880,1,4.9246,0.8650,0.1739,-0.0006,0.0036,0.0007,0.0000,0.0000,0.0000
6.1880,2,7.9088,0.6419,0.0000,0.0000,-0.0000,0.0000,0.0000,0.0000,0.0000
6.1880,3,8.2179,2.1535,-0.0010,-0.0076,0.0035,-0.0003,0.0000,0.0000,0.0000
6.2220,1,4.9246,0.8650,0.1739,-0.0006,0.0036,0.0007,0.0000,0.0000,0.0000
6.2220,2,7.9088,0.6419,0.0000,0.0000,-0.0000,0.0000,0.0000,0.0000,0.0000
6.2220,3,8.2178,2.1534,-0.0010,-0.0076,0.0035,-0.0003,0.0000,0.0000,0.0000
6.2520,1,4.9246,0.8650,0.1739,-0.0006,0.0036,0.0007,0.0000,0.0000,0.0000
6.2520,2,7.9088,0.6419,0.0000,0.0000,-0.0000,0.0000,0.0000,0.0000,0.0000
6.2520,3,8.2177,2.1534,-0.0010,-0.0076,0.0035,-0.0003,0.0000,0.0000,0.0000
6.2880,1,4.9246,0.8650,0.1739,-0.0006,0.0036,0.0007,0.0000,0.0000,0.0000
6.2880,2,7.9088,0.6419,0.0000,0.0000,-0.0000,0.0000,0.0000,0.0000,0.0000
6.2880,3,8.2175,2.1534,-0.0010,-0.0076,0.0035,-0.0003,0.0000,0.0000,0.0000
6.3180,1,4.9246,0.8650,0.1739,-0.0006,0.0036,0.0007,0.0000,0.0000,0.0000
6.3180,2,7.9088,0.6419,0.0000,0.0000,-0.0000,0.0000,0.0000,0.0000,0.0000
6.3180,3,8.2174,2.1534,-0.0010,-0.0076,0.0035,-0.0003,0.0000,0.0000,0.0000
6.3520,1,4.9246,0.8650,0.1739,-0.0006,0.0036,0.0007,0.0000,0.0000,0.0000
6.3520,2,7.9088,0.6419,0.0000,0.0000,-0.0000,0.0000,0.0000,0.0000,0.0000
6.3520,3,8.2173,2.1533,-0.0010,-0.0076,0.0035,-0.0003,0.0000,0.0000,0.0000
6.3840,1,4.9246,0.8650,0.1739,-0.0006,0.0036,0.0007,0.0000,0.0000,0.0000
6.3840,2,7.9088,0.6419,0.0000,0.0000,-0.0000,0.0000,0.0000,0.0000,0.0000
6.3840,3,8.2172,2.1533,-0.0010,-0.0076,0.0035,-0.0003,0.0000,0.0000,0.0000
6.4180,1,4.9246,0.8650,0.1739,-0.0006,0.0036,0.0007,0.0000,0.0000,0.0000
6.4180,2,7.9088,0.6419,0.0000,0.0000,-0.0000,0.0000,0.0000,0.0000,0.0000
6.4180,3,8.2170,2.1533,-0.0010,-0.0076,0.0035,-0.0003,0.0000,0.0000,0.0000
6.4500,1,4.9246,0.8650,0.1739,-0.0006,0.0036,0.0007,0.0000,0.0000,0.0000
6.4500,2,7.9088,0.6419,0.0000,0.0000,-0.0000,0.0000,0.0000,0.0000,0.0000
6.4500,3,8.2169,2.1533,-0.0010,-0.0076,0.0035,-0.0003,0.0000,0.0000,0.0000
6.4860,1,4.9246,0.8650,0.1739,-0.0006,0.0036,0.0007,0.0000,0.0000,0.0000
6.4860,2,7.9088,0.6419,0.0000,0.0000,-0.0000,0.0000,0.0000,0.0000,0.0000
6.4860,3,8.2168,2.1532,-0.0010,-0.0076,0.0035,-0.0003,0.0000,0.0000,0.0000
6.5180,1,4.9246,0.8650,0.1739,-0.0006,0.0036,0.0007,0.0000,0.0000,0.0000
6.5180,2,7.9088,0.6419,0.0000,0.0000,-0.0000,0.0000,0.0000,0.0000,0.0000
6.5180,3,8.2166,2.1532,-0.0010,-0.0076,0.0035,-0.0003,0.0000,0.0000,0.0000
6.5500,1,4.9246,0.8650,0.1739,-0.0006,0.0036,0.0007,0.0000,0.0000,0.0000
6.5500,2,7.9088,0.6419,0.0000,0.0000,-0.0000,0.0000,0.0000,0.0000,0.0000
6.5500,3,8.2165,2.1532,-0.0010,-0.0076,0.0035,-0.0003,0.0000,0.0000,0.0000
6.5880,1,4.9246,0.8650,0.1739,-0.0006,0.0036,0.0007,0.0000,0.0000,0.0000
6.5880,2,7.9088,0.6419,0.0000,0.0000,-0.0000,0.0000,0.0000,0.0000,0.0000
6.5880,3,8.2164,2.1532,-0.0010,-0.0076,0.0035,-0.0003,0.0000,0.0000,0.0000
6.6200,1,4.9246,0.8650,0.1739,-0.0006,0.0036,0.0007,0.0000,0.0000,0.0000
6.6200,2,7.9088,0.6419,0.0000,0.0000,-0.0000,0.0000,0.0000,0.0000,0.0000
6.6200,3,8.2163,2.1531,-0.0010,-0.0076,0.0035,-0.0003,0.0000,0.0000,0.0000
6.6520,1,4.9246,0.8650,0.1739,-0.0006,0.0036,0.0007,0.0000,0.0000,0.0000
6.6520,2,7.9088,0.6419,0.0000,0.0000,-0.0000,0.0000,0.0000,0.0000,0.0000
6.6520,3,8.2161,2.1531,-0.0010,-0.0076,0.0035,-0.0003,0.0000,0.0000,0.0000
6.6860,1,4.9246,0.8650,0.1739,-0.0006,0.0036,0.0007,0.0000,0.0000,0.0000
6.6860,2,7.9088,0.6419,0.0000,0.0000,-0.0000,0.0000,0.0000,0.0000,0.0000
6.6860,3,8.2160,2.1531,-0.0010,-0.0076,0.0035,-0.0003,0.0000,0.0000,0.0000
6.7180,1,4.9246,0.8650,0.1739,-0.0006,0.0036,0.0007,0.0000,0.0000,0.0000
6.7180,2,7.9088,0.6419,0.0000,0.0000,-0.0000,0.0000,0.0000,0.0000,0.0000
6.7180,3,8.2159,2.1531,-0.0011,-0.0076,0.0035,-0.0003,0.0000,0.0000,0.0000
6.7540,1,4.9246,0.8650,0.1739,-0.0006,0.0036,0.0007,0.0000,0.0000,0.0000
6.7540,2,7.9088,0.6419,0.0000,0.0000,-0.0000,0.0000,0.0000,0.0000,0.0000
6.7540,3,8.2157,2.1530,-0.0011,-0.0076,0.0035,-0.0003,0.0000,0.0000,0.0000
6.7840,1,4.9246,0.8650,0.1739,-0.0006,0.0036,0.0007,0.0000,0.0000,0.0000
6.7840,2,7.9088,0.6419,0.0000,0.0000,-0.0000,0.0000,0.0000,0.0000,0.0000
6.7840,3,8.2156,2.1530,-0.0011,-0.0076,0.0035,-0.0003,0.0000,0.0000,0.0000
6.8220,1,4.9246,0.8650,0.1739,-0.0006,0.0036,0.0007,0.0000,0.0000,0.0000
6.8220,2,7.9088,0.6419,0.0000,0.0000,-0.0000,0.0000,0.0000,0.0000,0.0000
6.8220,3,8.2155,2.1530,-0.0011,-0.0076,0.0035,-0.0003,0.0000,0.0000,0.0000
6.8520,1,4.9246,0.8650,0.1739,-0.0006,0.0036,0.0007,0.0000,0.0000,0.0000
6.8520,2,7.9088,0.6419,0.0000,0.0000,-0.0000,0.0000,0.0000,0.0000,0.0000
6.8520,3,8.2154,2.1530,-0.0011,-0.0076,0.0035,-0.0003,0.0000,0.0000,0.0000
6.8840,1,4.9246,0.8650,0.1739,-0.0006,0.0036,0.0007,0.0000,0.0000,0.0000
6.8840,2,7.9088,0.6419,0.0000,0.0000,-0.0000,0.0000,0.0000,0.0000,0.0000
6.8840,3,8.2152,2.1530,-0.0011,-0.0076,0.0035,-0.0003,0.0000,0.0000,0.0000
6.9180,1,4.9246,0.8650,0.1739,-0.0006,0.0036,0.0007,0.0000,0.0000,0.0000
6.9180,2,7.9088,0.6419,0.0000,0.0000,-0.0000,0.0000,0.0000,0.0000,0.0000
6.9180,3,8.2151,2.1529,-0.0011,-0.0076,0.0035,-0.0003,0.0000,0.0000,0.0000
6.9540,1,4.9246,0.8650,0.1739,-0.0006,0.0036,0.0007,0.0000,0.0000,0.0000
6.9540,2,7.9088,0.6419,0.0000,0.0000,-0.0000,0.0000,0.0000,0.0000,0.0000
6.9540,3,8.2150,2.1529,-0.0011,-0.0076,0.0035,-0.0003,0.0000,0.0000,0.0000
6.9880,1,4.9246,0.8650,0.1739,-0.0006,0.0036,0.0007,0.0000,0.0000,0.0000
6.9880,2,7.9088,0.6419,0.0000,0.0000,-0.0000,0.0000,0.0000,0.0000,0.0000
6.9880,3,8.2148,2.1529,-0.0011,-0.0076,0.0035,-0.0003,0.0000,0.0000,0.0000
7.0180,1,4.9246,0.8650,0.1739,-0.0006,0.0036,0.0007,0.0000,0.0000,0.0000
7.0180,2,7.9088,0.6419,0.0000,0.0000,-0.0000,0.0000,0.0000,0.0000,0.0000
7.0180,3,8.2147,2.1529,-0.0011,-0.0076,0.0035,-0.0003,0.0000,0.0000,0.0000
7.0520,1,4.9246,0.8650,0.1739,-0.0006,0.0036,0.0007,0.0000,0.0000,0.0000
7.0520,2,7.9088,0.6419,0.0000,0.0000,-0.0000,0.0000,0.0000,0.0000,0.0000
7.0520,3,8.2146,2.1528,-0.0011,-0.0076,0.0035,-0.0003,0.0000,0.0000,0.0000
7.0880,1,4.9246,0.8650,0.1739,-0.0006,0.0036,0.0007,0.0000,0.0000,0.0000
7.0880,2,7.9088,0.6419,0.0000,0.0000,-0.0000,0.0000,0.0000,0.0000,0.0000
7.0880,3,8.2145,2.1528,-0.0011,-0.0076,0.0035,-0.0003,0.0000,0.0000,0.0000
7.1200,1,4.9246,0.8650,0.1739,-0.0006,0.0036,0.0007,0.0000,0.0000,0.0000
7.1200,2,7.9088,0.6419,0.0000,0.0000,-0.0000,0.0000,0.0000,0.0000,0.0000
7.1200,3,8.2143,2.1528,-0.0011,-0.0076,0.0035,-0.0003,0.0000,0.0000,0.0000
7.1540,1,4.9246,0.8650,0.1739,-0.0006,0.0036,0.0007,0.0000,0.0000,0.0000
7.1540,2,7.9088,0.6419,0.0000,0.0000,-0.0000,0.0000,0.0000,0.0000,0.0000
7.1540,3,8.2142,2.1528,-0.0011,-0.0076,0.0035,-0.0003,0.0000,0.0000,0.0000
7.1860,1,4.9246,0.8650,0.1739,-0.0006,0.0036,0.0007,0.0000,0.0000,0.0000
7.1860,2,7.9088,0.6419,0.0000,0.0000,-0.0000,0.0000,0.0000,0.0000,0.0000
7.1860,3,8.2141,2.1527,-0.0011,-0.0076,0.0035,-0.0003,0.0000,0.0000,0.0000
7.2180,1,4.9246,0.8650,0.1739,-0.0006,0.0036,0.0007,0.0000,0.0000,0.0000
7.2180,2,7.9088,0.6419,0.0000,0.0000,-0.0000,0.0000,0.0000,0.0000,0.0000
7.2180,3,8.2140,2.1527,-0.0011,-0.0076,0.0035,-0.0003,0.0000,0.0000,0.0000
7.2540,1,4.9246,0.8650,0.1739,-0.0006,0.0036,0.0007,0.0000,0.0000,0.0000
7.2540,2,7.9088,0.6419,0.0000,0.0000,-0.0000,0.0000,0.0000,0.0000,0.0000
7.2540,3,8.2138,2.1527,-0.0011,-0.0076,0.0035,-0.0003,0.0000,0.0000,0.0000
7.2880,1,4.9246,0.8650,0.1739,-0.0006,0.0036,0.0007,0.0000,0.0000,0.0000
7.2880,2,7.9088,0.6419,0.0000,0.0000,-0.0000,0.0000,0.0000,0.0000,0.0000
7.2880,3,8.2137,2.1527,-0.0011,-0.0076,0.0035,-0.0003,0.0000,0.0000,0.0000
7.3200,1,4.9246,0.8650,0.1739,-0.0006,0.0036,0.0007,0.0000,0.0000,0.0000
7.3200,2,7.9088,0.6419,0.0000,0.0000,-0.0000,0.0000,0.0000,0.0000,0.0000
7.3200,3,8.2136,2.1526,-0.0011,-0.0076,0.0035,-0.0003,0.0000,0.0000,0.0000
7.3540,1,4.9246,0.8650,0.1739,-0.0006,0.0036,0.0007,0.0000,0.0000,0.0000
7.3540,2,7.9088,0.6419,0.0000,0.0000,-0.0000,0.0000,0.0000,0.0000,0.0000
7.3540,3,8.2135,2.1526,-0.0011,-0.0076,0.0035,-0.0003,0.0000,0.0000,0.0000
7.3880,1,4.9246,0.8650,0.1739,-0.0006,0.0036,0.0007,0.0000,0.0000,0.0000
7.3880,2,7.9088,0.6419,0.0000,0.0000,-0.0000,0.0000,0.0000,0.0000,0.0000
7.3880,3,8.2133,2.1526,-0.0011,-0.0076,0.0035,-0.0003,0.0000,0.0000,0.0000
7.4180,1,4.9246,0.8650,0.1739,-0.0006,0.0036,0.0007,0.0000,0.0000,0.0000
7.4180,2,7.9088,0.6419,0.0000,0.0000,-0.0000,0.0000,0.0000,0.0000,0.0000
7.4180,3,8.2132,2.1526,-0.0011,-0.0076,0.0035,-0.0003,0.0000,0.0000,0.0000
7.4520,1,4.9246,0.8650,0.1739,-0.0006,0.0036,0.0007,0.0000,0.0000,0.0000
7.4520,2,7.9088,0.6419,0.0000,0.0000,-0.0000,0.0000,0.0000,0.0000,0.0000
7.4520,3,8.2131,2.1526,-0.0011,-0.0076,0.0035,-0.0003,0.0000,0.0000,0.0000
7.4840,1,4.9246,0.8650,0.1739,-0.0006,0.0036,0.0007,0.0000,0.0000,0.0000
7.4840,2,7.9088,0.6419,0.0000,0.0000,-0.0000,0.0000,0.0000,0.0000,0.0000
7.4840,3,8.2130,2.1525,-0.0011,-0.0076,0.0035,-0.0003,0.0000,0.0000,0.0000
7.5160,1,4.9246,0.8650,0.1739,-0.0006,0.0036,0.0007,0.0000,0.0000,0.0000
7.5160,2,7.9088,0.6419,0.0000,0.0000,-0.0000,0.0000,0.0000,0.0000,0.0000
7.5160,3,8.2128,2.1525,-0.0011,-0.0076,0.0035,-0.0003,0.0000,0.0000,0.0000
7.5500,1,4.9246,0.8650,0.1739,-0.0006,0.0036,0.0007,0.0000,0.0000,0.0000
7.5500,2,7.9088,0.6419,0.0000,0.0000,-0.0000,0.0000,0.0000,0.0000,0.0000
7.5500,3,8.2127,2.1525,-0.0011,-0.0076,0.0035,-0.0003,0.0000,0.0000,0.0000
7.5860,1,4.9246,0.8650,0.1739,-0.0006,0.0036,0.0007,0.0000,0.0000,0.0000
7.5860,2,7.9088,0.6419,0.0000,0.0000,-0.0000,0.0000,0.0000,0.0000,0.0000
7.5860,3,8.2126,2.1525,-0.0012,-0.0076,0.0035,-0.0003,0.0000,0.0000,0.0000
7.6200,1,4.9246,0.8650,0.1739,-0.0006,0.0036,0.0007,0.0000,0.0000,0.0000
7.6200,2,7.9088,0.6419,0.0000,0.0000,-0.0000,0.0000,0.0000,0.0000,0.0000
7.6200,3,8.2124,2.1524,-0.0012,-0.0076,0.0035,-0.0003,0.0000,0.0000,0.0000
7.6500,1,4.9246,0.8650,0.1739,-0.0006,0.0036,0.0007,0.0000,0.0000,0.0000
7.6500,2,7.9088,0.6419,0.0000,0.0000,-0.0000,0.0000,0.0000,0.0000,0.0000
7.6500,3,8.2123,2.1524,-0.0012,-0.0076,0.0035,-0.0003,0.0000,0.0000,0.0000
7.6840,1,4.9246,0.8650,0.1739,-0.0006,0.0036,0.0007,0.0000,0.0000,0.0000
7.6840,2,7.9088,0.6419,0.0000,0.0000,-0.0000,0.0000,0.0000,0.0000,0.0000
7.6840,3,8.2122,2.1524,-0.0012,-0.0076,0.0035,-0.0003,0.0000,0.0000,0.0000
7.7180,1,4.9246,0.8650,0.1739,-0.0006,0.0036,0.0007,0.0000,0.0000,0.0000
7.7180,2,7.9088,0.6419,0.0000,0.0000,-0.0000,0.0000,0.0000,0.0000,0.0000
7.7180,3,8.2121,2.1524,-0.0012,-0.0076,0.0035,-0.0003,0.0000,0.0000,0.0000
7.7540,1,4.9246,0.8650,0.1739,-0.0006,0.0036,0.0007,0.0000,0.0000,0.0000
7.7540,2,7.9088,0.6419,0.0000,0.0000,-0.0000,0.0000,0.0000,0.0000,0.0000
7.7540,3,8.2119,2.1523,-0.0012,-0.0076,0.0035,-0.0003,0.0000,0.0000,0.0000
7.7840,1,4.9246,0.8650,0.1739,-0.0006,0.0036,0.0007,0.0000,0.0000,0.0000
7.7840,2,7.9088,0.6419,0.0000,0.0000,-0.0000,0.0000,0.0000,0.0000,0.0000
7.7840,3,8.2118,2.1523,-0.0012,-0.0076,0.0035,-0.0003,0.0000,0.0000,0.0000
7.8200,1,4.9246,0.8650,0.1739,-0.0006,0.0036,0.0007,0.0000,0.0000,0.0000
7.8200,2,7.9088,0.6419,0.0000,0.0000,-0.0000,0.0000,0.0000,0.0000,0.0000
7.8200,3,8.2117,2.1523,-0.0012,-0.0076,0.0035,-0.0003,0.0000,0.0000,0.0000
7.8520,1,4.9246,0.8650,0.1739,-0.0006,0.0036,0.0007,0.0000,0.0000,0.0000
7.8520,2,7.9088,0.6419,0.0000,0.0000,-0.0000,0.0000,0.0000,0.0000,0.0000
7.8520,3,8.2116,2.1523,-0.0012,-0.0076,0.0035,-0.0003,0.0000,0.0000,0.0000
7.8860,1,4.9246,0.8650,0.1739,-0.0006,0.0036,0.0007,0.0000,0.0000,0.0000
7.8860,2,7.9088,0.6419,0.0000,0.0000,-0.0000,0.0000,0.0000,0.0000,0.0000
7.8860,3,8.2114,2.1522,-0.0012,-0.0076,0.0035,-0.0003,0.0000,0.0000,0.0000
7.9200,1,4.9246,0.8650,0.1739,-0.0006,0.0036,0.0007,0.0000,0.0000,0.0000
7.9200,2,7.9088,0.6419,0.0000,0.0000,-0.0000,0.0000,0.0000,0.0000,0.0000
7.9200,3,8.2113,2.1522,-0.0012,-0.0076,0.0035,-0.0003,0.0000,0.0000,0.0000
7.9500,1,4.9246,0.8650,0.1739,-0.0006,0.0036,0.0007,0.0000,0.0000,0.0000
7.9500,2,7.9088,0.6419,0.0000,0.0000,-0.0000,0.0000,0.0000,0.0000,0.0000
7.9500,3,8.2112,2.1522,-0.0012,-0.0076,0.0035,-0.0003,0.0000,0.0000,0.0000
7.9860,1,4.9246,0.8650,0.1739,-0.0006,0.0036,0.0007,0.0000,0.0000,0.0000
7.9860,2,7.9088,0.6419,0.0000,0.0000,-0.0000,0.0000,0.0000,0.0000,0.0000
7.9860,3,8.2110,2.1522,-0.0012,-0.0076,0.0035,-0.0003,0.0000,0.0000,0.0000
8.0180,1,4.9246,0.8650,0.1739,-0.0006,0.0036,0.0007,0.0000,0.0000,0.0000
8.0180,2,7.9088,0.6419,0.0000,0.0000,-0.0000,0.0000,0.0000,0.0000,0.0000
8.0180,3,8.2109,2.1521,-0.0012,-0.0076,0.0035,-0.0003,0.0000,0.0000,0.0000
8.0540,1,4.9246,0.8650,0.1739,-0.0006,0.0036,0.0007,0.0000,0.0000,0.0000
8.0540,2,7.9088,0.6419,0.0000,0.0000,-0.0000,0.0000,0.0000,0.0000,0.0000
8.0540,3,8.2108,2.1521,-0.0012,-0.0076,0.0035,-0.0003,0.0000,0.0000,0.0000
8.0840,1,4.9246,0.8650,0.1739,-0.0006,0.0036,0.0007,0.0000,0.0000,0.0000
8.0840,2,7.9088,0.6419,0.0000,0.0000,-0.0000,0.0000,0.0000,0.0000,0.0000
8.0840,3,8.2107,2.1521,-0.0012,-0.0076,0.0035,-0.0003,0.0000,0.0000,0.0000
8.1180,1,4.9246,0.8650,0.1739,-0.0006,0.0036,0.0007,0.0000,0.0000,0.0000
8.1180,2,7.9088,0.6419,0.0000,0.0000,-0.0000,0.0000,0.0000,0.0000,0.0000
8.1180,3,8.2105,2.1521,-0.0012,-0.0076,0.0035,-0.0003,0.0000,0.0000,0.0000
8.1520,1,4.9246,0.8650,0.1739,-0.0006,0.0036,0.0007,0.0000,0.0000,0.0000
8.1520,2,7.9088,0.6419,0.0000,0.0000,-0.0000,0.0000,0.0000,0.0000,0.0000
8.1520,3,8.2104,2.1520,-0.0012,-0.0076,0.0035,-0.0003,0.0000,0.0000,0.0000
8.1860,1,4.9246,0.8650,0.1739,-0.0006,0.0036,0.0007,0.0000,0.0000,0.0000
8.1860,2,7.9088,0.6419,0.0000,0.0000,-0.0000,0.0000,0.0000,0.0000,0.0000
8.1860,3,8.2103,2.1520,-0.0012,-0.0076,0.0035,-0.0003,0.0000,0.0000,0.0000
8.2180,1,4.9246,0.8650,0.1739,-0.0006,0.0036,0.0007,0.0000,0.0000,0.0000
8.2180,2,7.9088,0.6419,0.0000,0.0000,-0.0000,0.0000,0.0000,0.0000,0.0000
8.2180,3,8.2102,2.1520,-0.0012,-0.0076,0.0035,-0.0003,0.0000,0.0000,0.0000
8.2900,1,4.9246,0.8650,0.1739,-0.0006,0.0036,0.0007,0.0000,0.0000,0.0000
8.2900,2,7.9088,0.6419,0.0000,0.0000,-0.0000,0.0000,0.0000,0.0000,0.0000
8.2900,3,8.2099,2.1520,-0.0012,-0.0076,0.0035,-0.0003,0.0000,0.0000,0.0000
8.3800,1,4.9246,0.8650,0.1739,-0.0006,0.0036,0.0007,0.0000,0.0000,0.0000
8.3800,2,7.9088,0.6419,0.0000,0.0000,-0.0000,0.0000,0.0000,0.0000,0.0000
8.3800,3,8.2095,2.1519,-0.0012,-0.0076,0.0035,-0.0003,0.0000,0.0000,0.0000
8.4540,1,4.9246,0.8650,0.1739,-0.0006,0.0036,0.0007,0.0000,0.0000,0.0000
8.4540,2,7.9088,0.6419,0.0000,0.0000,-0.0000,0.0000,0.0000,0.0000,0.0000
8.4540,3,8.2093,2.1518,-0.0013,-0.0076,0.0035,-0.0003,0.0000,0.0000,0.0000
8.5460,1,4.9246,0.8650,0.1739,-0.0006,0.0036,0.0007,0.0000,0.0000,0.0000
8.5460,2,7.9088,0.6419,0.0000,0.0000,-0.0000,0.0000,0.0000,0.0000,0.0000
8.5460,3,8.2089,2.1518,-0.0013,-0.0076,0.0035,-0.0003,0.0000,0.0000,0.0000
8.6400,1,4.9246,0.8650,0.1739,-0.0006,0.0036,0.0007,0.0000,0.0000,0.0000
8.6400,2,7.9088,0.6419,0.0000,0.0000,-0.0000,0.0000,0.0000,0.0000,0.0000
8.6400,3,8.2085,2.1517,-0.0013,-0.0076,0.0035,-0.0003,0.0000,0.0000,0.0000
8.7300,1,4.9246,0.8650,0.1739,-0.0006,0.0036,0.0007,0.0000,0.0000,0.0000
8.7300,2,7.9088,0.6419,0.0000,0.0000,-0.0000,0.0000,0.0000,0.0000,0.0000
8.7300,3,8.2082,2.1516,-0.0013,-0.0076,0.0035,-0.0003,0.0000,0.0000,0.0000
8.8080,1,4.9246,0.8650,0.1739,-0.0006,0.0036,0.0007,0.0000,0.0000,0.0000
8.8080,2,7.9088,0.6419,0.0000,0.0000,-0.0000,0.0000,0.0000,0.0000,0.0000
8.8080,3,8.2079,2.1516,-0.0013,-0.0076,0.0035,-0.0003,0.0000,0.0000,0.0000
8.8200,1,4.9246,0.8650,0.1739,-0.0006,0.0036,0.0007,0.0000,0.0000,0.0000
8.8200,2,7.9088,0.6419,0.0000,0.0000,-0.0000,0.0000,0.0000,0.0000,0.0000
8.8200,3,8.2079,2.1516,-0.0013,-0.0076,0.0035,-0.0003,0.0000,0.0000,0.0000
8.8540,1,4.9246,0.8650,0.1739,-0.0006,0.0036,0.0007,0.0000,0.0000,0.0000
8.8540,2,7.9088,0.6419,0.0000,0.0000,-0.0000,0.0000,0.0000,0.0000,0.0000
8.8540,3,8.2077,2.1515,-0.0013,-0.0076,0.0035,-0.0003,0.0000,0.0000,0.0000
8.8860,1,4.9246,0.8650,0.1739,-0.0006,0.0036,0.0007,0.0000,0.0000,0.0000
8.8860,2,7.9088,0.6419,0.0000,0.0000,-0.0000,0.0000,0.0000,0.0000,0.0000
8.8860,3,8.2076,2.1515,-0.0013,-0.0076,0.0035,-0.0003,0.0000,0.0000,0.0000
8.9220,1,4.9246,0.8650,0.1739,-0.0006,0.0036,0.0007,0.0000,0.0000,0.0000
8.9220,2,7.9088,0.6419,0.0000,0.0000,-0.0000,0.0000,0.0000,0.0000,0.0000
8.9220,3,8.2075,2.1515,-0.0013,-0.0076,0.0035,-0.0003,0.0000,0.0000,0.0000
8.9520,1,4.9246,0.8650,0.1739,-0.0006,0.0036,0.0007,0.0000,0.0000,0.0000
8.9520,2,7.9088,0.6419,0.0000,0.0000,-0.0000,0.0000,0.0000,0.0000,0.0000
8.9520,3,8.2074,2.1515,-0.0013,-0.0076,0.0035,-0.0003,0.0000,0.0000,0.0000
8.9860,1,4.9246,0.8650,0.1739,-0.0006,0.0036,0.0007,0.0000,0.0000,0.0000
8.9860,2,7.9088,0.6419,0.0000,0.0000,-0.0000,0.0000,0.0000,0.0000,0.0000
8.9860,3,8.2072,2.1515,-0.0013,-0.0076,0.0035,-0.0003,0.0000,0.0000,0.0000
9.0220,1,4.9246,0.8650,0.1739,-0.0006,0.0036,0.0007,0.0000,0.0000,0.0000
9.0220,2,7.9088,0.6419,0.0000,0.0000,-0.0000,0.0000,0.0000,0.0000,0.0000
9.0220,3,8.2071,2.1514,-0.0013,-0.0076,0.0035,-0.0003,0.0000,0.0000,0.0000
9.0540,1,4.9246,0.8650,0.1739,-0.0006,0.0036,0.0007,0.0000,0.0000,0.0000
9.0540,2,7.9088,0.6419,0.0000,0.0000,-0.0000,0.0000,0.0000,0.0000,0.0000
9.0540,3,8.2070,2.1514,-0.0013,-0.0076,0.0035,-0.0003,0.0000,0.0000,0.0000
9.0880,1,4.9246,0.8650,0.1739,-0.0006,0.0036,0.0007,0.0000,0.0000,0.0000
9.0880,2,7.9088,0.6419,0.0000,0.0000,-0.0000,0.0000,0.0000,0.0000,0.0000
9.0880,3,8.2068,2.1514,-0.0013,-0.0076,0.0035,-0.0003,0.0000,0.0000,0.0000
9.1180,1,4.9246,0.8650,0.1739,-0.0006,0.0036,0.0007,0.0000,0.0000,0.0000
9.1180,2,7.9088,0.6419,0.0000,0.0000,-0.0000,0.0000,0.0000,0.0000,0.0000
9.1180,3,8.2067,2.1514,-0.0013,-0.0076,0.0035,-0.0003,0.0000,0.0000,0.0000
9.1560,1,4.9246,0.8650,0.1739,-0.0006,0.0036,0.0007,0.0000,0.0000,0.0000
9.1560,2,7.9088,0.6419,0.0000,0.0000,-0.0000,0.0000,0.0000,0.0000,0.0000
9.1560,3,8.2066,2.1513,-0.0013,-0.0076,0.0035,-0.0003,0.0000,0.0000,0.0000
9.1880,1,4.9246,0.8650,0.1739,-0.0006,0.0036,0.0007,0.0000,0.0000,0.0000
9.1880,2,7.9088,0.6419,0.0000,0.0000,-0.0000,0.0000,0.0000,0.0000,0.0000
9.1880,3,8.2065,2.1513,-0.0013,-0.0076,0.0035,-0.0003,0.0000,0.0000,0.0000
9.2200,1,4.9246,0.8650,0.1739,-0.0006,0.0036,0.0007,0.0000,0.0000,0.0000
9.2200,2,7.9088,0.6419,0.0000,0.0000,-0.0000,0.0000,0.0000,0.0000,0.0000
9.2200,3,8.2063,2.1513,-0.0013,-0.0076,0.0035,-0.0003,0.0000,0.0000,0.0000
9.2500,1,4.9246,0.8650,0.1739,-0.0006,0.0036,0.0007,0.0000,0.0000,0.0000
9.2500,2,7.9088,0.6419,0.0000,0.0000,-0.0000,0.0000,0.0000,0.0000,0.0000
9.2500,3,8.2062,2.1513,-0.0014,-0.0076,0.0035,-0.0003,0.0000,0.0000,0.0000
9.2880,1,4.9246,0.8650,0.1739,-0.0006,0.0036,0.0007,0.0000,0.0000,0.0000
9.2880,2,7.9088,0.6419,0.0000,0.0000,-0.0000,0.0000,0.0000,0.0000,0.0000
9.2880,3,8.2061,2.1512,-0.0014,-0.0076,0.0035,-0.0003,0.0000,0.0000,0.0000
9.3200,1,4.9246,0.8650,0.1739,-0.0006,0.0036,0.0007,0.0000,0.0000,0.0000
9.3200,2,7.9088,0.6419,0.0000,0.0000,-0.0000,0.0000,0.0000,0.0000,0.0000
9.3200,3,8.2060,2.1512,-0.0014,-0.0076,0.0035,-0.0003,0.0000,0.0000,0.0000
9.3520,1,4.9246,0.8650,0.1739,-0.0006,0.0036,0.0007,0.0000,0.0000,0.0000
9.3520,2,7.9088,0.6419,0.0000,0.0000,-0.0000,0.0000,0.0000,0.0000,0.0000
9.3520,3,8.2058,2.1512,-0.0014,-0.0076,0.0035,-0.0003,0.0000,0.0000,0.0000
9.3840,1,4.9246,0.8650,0.1739,-0.0006,0.0036,0.0007,0.0000,0.0000,0.0000
9.3840,2,7.9088,0.6419,0.0000,0.0000,-0.0000,0.0000,0.0000,0.0000,0.0000
9.3840,3,8.2057,2.1512,-0.0014,-0.0076,0.0035,-0.0003,0.0000,0.0000,0.0000
9.4180,1,4.9246,0.8650,0.1739,-0.0006,0.0036,0.0007,0.0000,0.0000,0.0000
9.4180,2,7.9088,0.6419,0.0000,0.0000,-0.0000,0.0000,0.0000,0.0000,0.0000
9.4180,3,8.2056,2.1511,-0.0014,-0.0076,0.0035,-0.0003,0.0000,0.0000,0.0000
9.4520,1,4.9246,0.8650,0.1739,-0.0006,0.0036,0.0007,0.0000,0.0000,0.0000
9.4520,2,7.9088,0.6419,0.0000,0.0000,-0.0000,0.0000,0.0000,0.0000,0.0000
9.4520,3,8.2054,2.1511,-0.0014,-0.0076,0.0035,-0.0003,0.0000,0.0000,0.0000
9.4840,1,4.9246,0.8650,0.1739,-0.0006,0.0036,0.0007,0.0000,0.0000,0.0000
9.4840,2,7.9088,0.6419,0.0000,0.0000,-0.0000,0.0000,0.0000,0.0000,0.0000
9.4840,3,8.2053,2.1511,-0.0014,-0.0076,0.0035,-0.0003,0.0000,0.0000,0.0000
9.5220,1,4.9246,0.8650,0.1739,-0.0006,0.0036,0.0007,0.0000,0.0000,0.0000
9.5220,2,7.9088,0.6419,0.0000,0.0000,-0.0000,0.0000,0.0000,0.0000,0.0000
9.5220,3,8.2052,2.1511,-0.0014,-0.0076,0.0035,-0.0003,0.0000,0.0000,0.0000
9.5500,1,4.9246,0.8650,0.1739,-0.0006,0.0036,0.0007,0.0000,0.0000,0.0000
9.5500,2,7.9088,0.6419,0.0000,0.0000,-0.0000,0.0000,0.0000,0.0000,0.0000
9.5500,3,8.2051,2.1510,-0.0014,-0.0076,0.0035,-0.0003,0.0000,0.0000,0.0000
9.5860,1,4.9246,0.8650,0.1739,-0.0006,0.0036,0.0007,0.0000,0.0000,0.0000
9.5860,2,7.9088,0.6419,0.0000,0.0000,-0.0000,0.0000,0.0000,0.0000,0.0000
9.5860,3,8.2049,2.1510,-0.0014,-0.0076,0.0035,-0.0003,0.0000,0.0000,0.0000
9.6180,1,4.9246,0.8650,0.1739,-0.0006,0.0036,0.0007,0.0000,0.0000,0.0000
9.6180,2,7.9088,0.6419,0.0000,0.0000,-0.0000,0.0000,0.0000,0.0000,0.0000
9.6180,3,8.2048,2.1510,-0.0014,-0.0076,0.0035,-0.0003,0.0000,0.0000,0.0000
9.6500,1,4.9246,0.8650,0.1739,-0.0006,0.0036,0.0007,0.0000,0.0000,0.0000
9.6500,2,7.9088,0.6419,0.0000,0.0000,-0.0000,0.0000,0.0000,0.0000,0.0000
9.6500,3,8.2047,2.1510,-0.0014,-0.0076,0.0035,-0.0003,0.0000,0.0000,0.0000
9.6840,1,4.9246,0.8650,0.1739,-0.0006,0.0036,0.0007,0.0000,0.0000,0.0000
9.6840,2,7.9088,0.6419,0.0000,0.0000,-0.0000,0.0000,0.0000,0.0000,0.0000
9.6840,3,8.2046,2.1510,-0.0014,-0.0076,0.0035,-0.0003,0.0000,0.0000,0.0000
9.7160,1,4.9246,0.8650,0.1739,-0.0006,0.0036,0.0007,0.0000,0.0000,0.0000
9.7160,2,7.9088,0.6419,0.0000,0.0000,-0.0000,0.0000,0.0000,0.0000,0.0000
9.7160,3,8.2044,2.1509,-0.0014,-0.0076,0.0035,-0.0003,0.0000,0.0000,0.0000
9.7500,1,4.9246,0.8650,0.1739,-0.0006,0.0036,0.0007,0.0000,0.0000,0.0000
9.7500,2,7.9088,0.6419,0.0000,0.0000,-0.0000,0.0000,0.0000,0.0000,0.0000
9.7500,3,8.2043,2.1509,-0.0014,-0.0076,0.0035,-0.0003,0.0000,0.0000,0.0000
9.7840,1,4.9246,0.8650,0.1739,-0.0006,0.0036,0.0007,0.0000,0.0000,0.0000
9.7840,2,7.9088,0.6419,0.0000,0.0000,-0.0000,0.0000,0.0000,0.0000,0.0000
9.7840,3,8.2042,2.1509,-0.0014,-0.0076,0.0035,-0.0003,0.0000,0.0000,0.0000
9.8180,1,4.9246,0.8650,0.1739,-0.0006,0.0036,0.0007,0.0000,0.0000,0.0000
9.8180,2,7.9088,0.6419,0.0000,0.0000,-0.0000,0.0000,0.0000,0.0000,0.0000
9.8180,3,8.2041,2.1509,-0.0014,-0.0076,0.0035,-0.0003,0.0000,0.0000,0.0000
9.8500,1,4.9246,0.8650,0.1739,-0.0006,0.0036,0.0007,0.0000,0.0000,0.0000
9.8500,2,7.9088,0.6419,0.0000,0.0000,-0.0000,0.0000,0.0000,0.0000,0.0000
9.8500,3,8.2039,2.1508,-0.0014,-0.0076,0.0035,-0.0003,0.0000,0.0000,0.0000
9.8860,1,4.9246,0.8650,0.1739,-0.0006,0.0036,0.0007,0.0000,0.0000,0.0000
9.8860,2,7.9088,0.6419,0.0000,0.0000,-0.0000,0.0000,0.0000,0.0000,0.0000
9.8860,3,8.2038,2.1508,-0.0014,-0.0076,0.0035,-0.0003,0.0000,0.0000,0.0000
9.9160,1,4.9246,0.8650,0.1739,-0.0006,0.0036,0.0007,0.0000,0.0000,0.0000
9.9160,2,7.9088,0.6419,0.0000,0.0000,-0.0000,0.0000,0.0000,0.0000,0.0000
9.9160,3,8.2037,2.1508,-0.0014,-0.0076,0.0035,-0.0003,0.0000,0.0000,0.0000
9.9520,1,4.9246,0.8650,0.1739,-0.0006,0.0036,0.0007,0.0000,0.0000,0.0000
9.9520,2,7.9088,0.6419,0.0000,0.0000,-0.0000,0.0000,0.0000,0.0000,0.0000
9.9520,3,8.2035,2.1508,-0.0014,-0.0076,0.0035,-0.0003,0.0000,0.0000,0.0000
9.9860,1,4.9246,0.8650,0.1739,-0.0006,0.0036,0.0007,0.0000,0.0000,0.0000
9.9860,2,7.9088,0.6419,0.0000,0.0000,-0.0000,0.0000,0.0000,0.0000,0.0000
9.9860,3,8.2034,2.1507,-0.0014,-0.0076,0.0035,-0.0003,0.0000,0.0000,0.0000
10.0180,1,4.9246,0.8650,0.1739,-0.0006,0.0036,0.0007,0.0000,0.0000,0.0000
10.0180,2,7.9088,0.6419,0.0000,0.0000,-0.0000,0.0000,0.0000,0.0000,0.0000
10.0180,3,8.2033,2.1507,-0.0014,-0.0076,0.0035,-0.0003,0.0000,0.0000,0.0000
10.0500,1,4.9246,0.8650,0.1739,-0.0006,0.0036,0.0007,0.0000,0.0000,0.0000
10.0500,2,7.9088,0.6419,0.0000,0.0000,-0.0000,0.0000,0.0000,0.0000,0.0000
10.0500,3,8.2032,2.1507,-0.0014,-0.0076,0.0035,-0.0003,0.0000,0.0000,0.0000
10.0820,1,4.9246,0.8650,0.1739,-0.0006,0.0036,0.0007,0.0000,0.0000,0.0000
10.0820,2,7.9088,0.6419,0.0000,0.0000,-0.0000,0.0000,0.0000,0.0000,0.0000
10.0820,3,8.2030,2.1507,-0.0015,-0.0076,0.0035,-0.0003,0.0000,0.0000,0.0000
10.1200,1,4.9246,0.8650,0.1739,-0.0006,0.0036,0.0007,0.0000,0.0000,0.0000
10.1200,2,7.9088,0.6419,0.0000,0.0000,-0.0000,0.0000,0.0000,0.0000,0.0000
10.1200,3,8.2029,2.1506,-0.0015,-0.0076,0.0035,-0.0003,0.0000,0.0000,0.0000
10.1500,1,4.9246,0.8650,0.1739,-0.0006,0.0036,0.0007,0.0000,0.0000,0.0000
10.1500,2,7.9088,0.6419,0.0000,0.0000,-0.0000,0.0000,0.0000,0.0000,0.0000
10.1500,3,8.2028,2.1506,-0.0015,-0.0076,0.0035,-0.0003,0.0000,0.0000,0.0000
10.1840,1,4.9246,0.8650,0.1739,-0.0006,0.0036,0.0007,0.0000,0.0000,0.0000
10.1840,2,7.9088,0.6419,0.0000,0.0000,-0.0000,0.0000,0.0000,0.0000,0.0000
10.1840,3,8.2027,2.1506,-0.0015,-0.0076,0.0035,-0.0003,0.0000,0.0000,0.0000
10.2180,1,4.9246,0.8650,0.1739,-0.0006,0.0036,0.0007,0.0000,0.0000,0.0000
10.2180,2,7.9088,0.6419,0.0000,0.0000,-0.0000,0.0000,0.0000,0.0000,0.0000
10.2180,3,8.2025,2.1506,-0.0015,-0.0076,0.0035,-0.0003,0.0000,0.0000,0.0000
10.2520,1,4.9246,0.8650,0.1739,-0.0006,0.0036,0.0007,0.0000,0.0000,0.0000
10.2520,2,7.9088,0.6419,0.0000,0.0000,-0.0000,0.0000,0.0000,0.0000,0.0000
10.2520,3,8.2024,2.1505,-0.0015,-0.0076,0.0035,-0.0003,0.0000,0.0000,0.0000
10.2820,1,4.9246,0.8650,0.1739,-0.0006,0.0036,0.0007,0.0000,0.0000,0.0000
10.2820,2,7.9088,0.6419,0.0000,0.0000,-0.0000,0.0000,0.0000,0.0000,0.0000
10.2820,3,8.2023,2.1505,-0.0015,-0.0076,0.0035,-0.0003,0.0000,0.0000,0.0000
10.3180,1,4.9246,0.8650,0.1739,-0.0006,0.0036,0.0007,0.0000,0.0000,0.0000
10.3180,2,7.9088,0.6419,0.0000,0.0000,-0.0000,0.0000,0.0000,0.0000,0.0000
10.3180,3,8.2021,2.1505,-0.0015,-0.0076,0.0035,-0.0003,0.0000,0.0000,0.0000
10.3520,1,4.9246,0.8650,0.1739,-0.0006,0.0036,0.0007,0.0000,0.0000,0.0000
10.3520,2,7.9088,0.6419,0.0000,0.0000,-0.0000,0.0000,0.0000,0.0000,0.0000
10.3520,3,8.2020,2.1505,-0.0015,-0.0076,0.0035,-0.0003,0.0000,0.0000,0.0000
10.3860,1,4.9246,0.8650,0.1739,-0.0006,0.0036,0.0007,0.0000,0.0000,0.0000
10.3860,2,7.9088,0.6419,0.0000,0.0000,-0.0000,0.0000,0.0000,0.0000,0.0000
10.3860,3,8.2019,2.1505,-0.0015,-0.0076,0.0035,-0.0003,0.0000,0.0000,0.0000
10.4160,1,4.9246,0.8650,0.1739,-0.0006,0.0036,0.0007,0.0000,0.0000,0.0000
10.4160,2,7.9088,0.6419,0.0000,0.0000,-0.0000,0.0000,0.0000,0.0000,0.0000
10.4160,3,8.2018,2.1504,-0.0015,-0.0076,0.0035,-0.0003,0.0000,0.0000,0.0000
10.4520,1,4.9246,0.8650,0.1739,-0.0006,0.0036,0.0007,0.0000,0.0000,0.0000
10.4520,2,7.9088,0.6419,0.0000,0.0000,-0.0000,0.0000,0.0000,0.0000,0.0000
10.4520,3,8.2016,2.1504,-0.0015,-0.0076,0.0035,-0.0003,0.0000,0.0000,0.0000
10.4840,1,4.9246,0.8650,0.1739,-0.0006,0.0036,0.0007,0.0000,0.0000,0.0000
10.4840,2,7.9088,0.6419,0.0000,0.0000,-0.0000,0.0000,0.0000,0.0000,0.0000
10.4840,3,8.2015,2.1504,-0.0015,-0.0076,0.0035,-0.0003,0.0000,0.0000,0.0000
10.5160,1,4.9246,0.8650,0.1739,-0.0006,0.0036,0.0007,0.0000,0.0000,0.0000
10.5160,2,7.9088,0.6419,0.0000,0.0000,-0.0000,0.0000,0.0000,0.0000,0.0000
10.5160,3,8.2014,2.1504,-0.0015,-0.0076,0.0035,-0.0003,0.0000,0.0000,0.0000
10.5480,1,4.9246,0.8650,0.1739,-0.0006,0.0036,0.0007,0.0000,0.0000,0.0000
10.5480,2,7.9088,0.6419,0.0000,0.0000,-0.0000,0.0000,0.0000,0.0000,0.0000
10.5480,3,8.2013,2.1503,-0.0015,-0.0076,0.0035,-0.0003,0.0000,0.0000,0.0000
10.5840,1,4.9246,0.8650,0.1739,-0.0006,0.0036,0.0007,0.0000,0.0000,0.0000
10.5840,2,7.9088,0.6419,0.0000,0.0000,-0.0000,0.0000,0.0000,0.0000,0.0000
10.5840,3,8.2011,2.1503,-0.0015,-0.0076,0.0035,-0.0003,0.0000,0.0000,0.0000
10.6180,1,4.9246,0.8650,0.1739,-0.0006,0.0036,0.0007,0.0000,0.0000,0.0000
10.6180,2,7.9088,0.6419,0.0000,0.0000,-0.0000,0.0000,0.0000,0.0000,0.0000
10.6180,3,8.2010,2.1503,-0.0015,-0.0076,0.0035,-0.0003,0.0000,0.0000,0.0000
10.6480,1,4.9246,0.8650,0.1739,-0.0006,0.0036,0.0007,0.0000,0.0000,0.0000
10.6480,2,7.9088,0.6419,0.0000,0.0000,-0.0000,0.0000,0.0000,0.0000,0.0000
10.6480,3,8.2009,2.1503,-0.0015,-0.0076,0.0035,-0.0003,0.0000,0.0000,0.0000
10.6860,1,4.9246,0.8650,0.1739,-0.0006,0.0036,0.0007,0.0000,0.0000,0.0000
10.6860,2,7.9088,0.6419,0.0000,0.0000,-0.0000,0.0000,0.0000,0.0000,0.0000
10.6860,3,8.2007,2.1502,-0.0015,-0.0076,0.0035,-0.0003,0.0000,0.0000,0.0000
10.7180,1,4.9246,0.8650,0.1739,-0.0006,0.0036,0.0007,0.0000,0.0000,0.0000
10.7180,2,7.9088,0.6419,0.0000,0.0000,-0.0000,0.0000,0.0000,0.0000,0.0000
10.7180,3,8.2006,2.1502,-0.0015,-0.0076,0.0035,-0.0003,0.0000,0.0000,0.0000
10.7500,1,4.9246,0.8650,0.1739,-0.0006,0.0036,0.0007,0.0000,0.0000,0.0000
10.7500,2,7.9088,0.6419,0.0000,0.0000,-0.0000,0.0000,0.0000,0.0000,0.0000
10.7500,3,8.2005,2.1502,-0.0015,-0.0076,0.0035,-0.0003,0.0000,0.0000,0.0000
10.7840,1,4.9246,0.8650,0.1739,-0.0006,0.0036,0.0007,0.0000,0.0000,0.0000
10.7840,2,7.9088,0.6419,0.0000,0.0000,-0.0000,0.0000,0.0000,0.0000,0.0000
10.7840,3,8.2004,2.1502,-0.0015,-0.0076,0.0035,-0.0003,0.0000,0.0000,0.0000
10.8160,1,4.9246,0.8650,0.1739,-0.0006,0.0036,0.0007,0.0000,0.0000,0.0000
10.8160,2,7.9088,0.6419,0.0000,0.0000,-0.0000,0.0000,0.0000,0.0000,0.0000
10.8160,3,8.2002,2.1501,-0.0015,-0.0076,0.0035,-0.0003,0.0000,0.0000,0.0000
10.8520,1,4.9246,0.8650,0.1739,-0.0006,0.0036,0.0007,0.0000,0.0000,0.0000
10.8520,2,7.9088,0.6419,0.0000,0.0000,-0.0000,0.0000,0.0000,0.0000,0.0000
10.8520,3,8.2001,2.1501,-0.0015,-0.0076,0.0035,-0.0003,0.0000,0.0000,0.0000
10.8840,1,4.9246,0.8650,0.1739,-0.0006,0.0036,0.0007,0.0000,0.0000,0.0000
10.8840,2,7.9088,0.6419,0.0000,0.0000,-0.0000,0.0000,0.0000,0.0000,0.0000
10.8840,3,8.2000,2.1501,-0.0015,-0.0076,0.0035,-0.0003,0.0000,0.0000,0.0000
10.9180,1,4.9246,0.8650,0.1739,-0.0006,0.0036,0.0007,0.0000,0.0000,0.0000
10.9180,2,7.9088,0.6419,0.0000,0.0000,-0.0000,0.0000,0.0000,0.0000,0.0000
10.9180,3,8.1999,2.1501,-0.0016,-0.0076,0.0035,-0.0003,0.0000,0.0000,0.0000
10.9520,1,4.9246,0.8650,0.1739,-0.0006,0.0036,0.0007,0.0000,0.0000,0.0000
10.9520,2,7.9088,0.6419,0.0000,0.0000,-0.0000,0.0000,0.0000,0.0000,0.0000
10.9520,3,8.1997,2.1500,-0.0016,-0.0076,0.0035,-0.0003,0.0000,0.0000,0.0000
10.9860,1,4.9246,0.8650,0.1739,-0.0006,0.0036,0.0007,0.0000,0.0000,0.0000
10.9860,2,7.9088,0.6419,0.0000,0.0000,-0.0000,0.0000,0.0000,0.0000,0.0000
10.9860,3,8.1996,2.1500,-0.0016,-0.0076,0.0035,-0.0003,0.0000,0.0000,0.0000
11.0180,1,4.9246,0.8650,0.1739,-0.0006,0.0036,0.0007,0.0000,0.0000,0.0000
11.0180,2,7.9088,0.6419,0.0000,0.0000,-0.0000,0.0000,0.0000,0.0000,0.0000
11.0180,3,8.1995,2.1500,-0.0016,-0.0076,0.0035,-0.0003,0.0000,0.0000,0.0000
11.0500,1,4.9246,0.8650,0.1739,-0.0006,0.0036,0.0007,0.0000,0.0000,0.0000
11.0500,2,7.9088,0.6419,0.0000,0.0000,-0.0000,0.0000,0.0000,0.0000,0.0000
11.0500,3,8.1994,2.1500,-0.0016,-0.0076,0.0035,-0.0003,0.0000,0.0000,0.0000
11.0840,1,4.9246,0.8650,0.1739,-0.0006,0.0036,0.0007,0.0000,0.0000,0.0000
11.0840,2,7.9088,0.6419,0.0000,0.0000,-0.0000,0.0000,0.0000,0.0000,0.0000
11.0840,3,8.1992,2.1500,-0.0016,-0.0076,0.0035,-0.0003,0.0000,0.0000,0.0000
11.1180,1,4.9246,0.8650,0.1739,-0.0006,0.0036,0.0007,0.0000,0.0000,0.0000
11.1180,2,7.9088,0.6419,0.0000,0.0000,-0.0000,0.0000,0.0000,0.0000,0.0000
11.1180,3,8.1991,2.1499,-0.0016,-0.0076,0.0035,-0.0003,0.0000,0.0000,0.0000
11.1500,1,4.9246,0.8650,0.1739,-0.0006,0.0036,0.0007,0.0000,0.0000,0.0000
11.1500,2,7.9088,0.6419,0.0000,0.0000,-0.0000,0.0000,0.0000,0.0000,0.0000
11.1500,3,8.1990,2.1499,-0.0016,-0.0076,0.0035,-0.0003,0.0000,0.0000,0.0000
11.1840,1,4.9246,0.8650,0.1739,-0.0006,0.0036,0.0007,0.0000,0.0000,0.0000
11.1840,2,7.9088,0.6419,0.0000,0.0000,-0.0000,0.0000,0.0000,0.0000,0.0000
11.1840,3,8.1988,2.1499,-0.0016,-0.0076,0.0035,-0.0003,0.0000,0.0000,0.0000
11.2180,1,4.9246,0.8650,0.1739,-0.0006,0.0036,0.0007,0.0000,0.0000,0.0000
11.2180,2,7.9088,0.6419,0.0000,0.0000,-0.0000,0.0000,0.0000,0.0000,0.0000
11.2180,3,8.1987,2.1499,-0.0016,-0.0076,0.0035,-0.0003,0.0000,0.0000,0.0000
11.2520,1,4.9246,0.8650,0.1739,-0.0006,0.0036,0.0007,0.0000,0.0000,0.0000
11.2520,2,7.9088,0.6419,0.0000,0.0000,-0.0000,0.0000,0.0000,0.0000,0.0000
11.2520,3,8.1986,2.1498,-0.0016,-0.0076,0.0035,-0.0003,0.0000,0.0000,0.0000
11.2840,1,4.9246,0.8650,0.1739,-0.0006,0.0036,0.0007,0.0000,0.0000,0.0000
11.2840,2,7.9088,0.6419,0.0000,0.0000,-0.0000,0.0000,0.0000,0.0000,0.0000
11.2840,3,8.1985,2.1498,-0.0016,-0.0076,0.0035,-0.0003,0.0000,0.0000,0.0000
11.3180,1,4.9246,0.8650,0.1739,-0.0006,0.0036,0.0007,0.0000,0.0000,0.0000
11.3180,2,7.9088,0.6419,0.0000,0.0000,-0.0000,0.0000,0.0000,0.0000,0.0000
11.3180,3,8.1983,2.1498,-0.0016,-0.0076,0.0035,-0.0003,0.0000,0.0000,0.0000
11.3500,1,4.9246,0.8650,0.1739,-0.0006,0.0036,0.0007,0.0000,0.0000,0.0000
11.3500,2,7.9088,0.6419,0.0000,0.0000,-0.0000,0.0000,0.0000,0.0000,0.0000
11.3500,3,8.1982,2.1498,-0.0016,-0.0076,0.0035,-0.0003,0.0000,0.0000,0.0000
11.3840,1,4.9246,0.8650,0.1739,-0.0006,0.0036,0.0007,0.0000,0.0000,0.0000
11.3840,2,7.9088,0.6419,0.0000,0.0000,-0.0000,0.0000,0.0000,0.0000,0.0000
11.3840,3,8.1981,2.1497,-0.0016,-0.0076,0.0035,-0.0003,0.0000,0.0000,0.0000
11.4160,1,4.9246,0.8650,0.1739,-0.0006,0.0036,0.0007,0.0000,0.0000,0.0000
11.4160,2,7.9088,0.6419,0.0000,0.0000,-0.0000,0.0000,0.0000,0.0000,0.0000
11.4160,3,8.1980,2.1497,-0.0016,-0.0076,0.0035,-0.0003,0.0000,0.0000,0.0000
11.4500,1,4.9246,0.8650,0.1739,-0.0006,0.0036,0.0007,0.0000,0.0000,0.0000
11.4500,2,7.9088,0.6419,0.0000,0.0000,-0.0000,0.0000,0.0000,0.0000,0.0000
11.4500,3,8.1978,2.1497,-0.0016,-0.0076,0.0035,-0.0003,0.0000,0.0000,0.0000
11.4860,1,4.9246,0.8650,0.1739,-0.0006,0.0036,0.0007,0.0000,0.0000,0.0000
11.4860,2,7.9088,0.6419,0.0000,0.0000,-0.0000,0.0000,0.0000,0.0000,0.0000
11.4860,3,8.1977,2.1497,-0.0016,-0.0076,0.0035,-0.0003,0.0000,0.0000,0.0000
11.5180,1,4.9246,0.8650,0.1739,-0.0006,0.0036,0.0007,0.0000,0.0000,0.0000
11.5180,2,7.9088,0.6419,0.0000,0.0000,-0.0000,0.0000,0.0000,0.0000,0.0000
11.5180,3,8.1976,2.1496,-0.0016,-0.0076,0.0035,-0.0003,0.0000,0.0000,0.0000
11.5500,1,4.9246,0.8650,0.1739,-0.0006,0.0036,0.0007,0.0000,0.0000,0.0000
11.5500,2,7.9088,0.6419,0.0000,0.0000,-0.0000,0.0000,0.0000,0.0000,0.0000
11.5500,3,8.1974,2.1496,-0.0016,-0.0076,0.0035,-0.0003,0.0000,0.0000,0.0000
11.5820,1,4.9246,0.8650,0.1739,-0.0006,0.0036,0.0007,0.0000,0.0000,0.0000
11.5820,2,7.9088,0.6419,0.0000,0.0000,-0.0000,0.0000,0.0000,0.0000,0.0000
11.5820,3,8.1973,2.1496,-0.0016,-0.0076,0.0035,-0.0003,0.0000,0.0000,0.0000
11.6180,1,4.9246,0.8650,0.1739,-0.0006,0.0036,0.0007,0.0000,0.0000,0.0000
11.6180,2,7.9088,0.6419,0.0000,0.0000,-0.0000,0.0000,0.0000,0.0000,0.0000
11.6180,3,8.1972,2.1496,-0.0016,-0.0076,0.0035,-0.0003,0.0000,0.0000,0.0000
11.6520,1,4.9246,0.8650,0.1739,-0.0006,0.0036,0.0007,0.0000,0.0000,0.0000
11.6520,2,7.9088,0.6419,0.0000,0.0000,-0.0000,0.0000,0.0000,0.0000,0.0000
11.6520,3,8.1971,2.1495,-0.0016,-0.0076,0.0035,-0.0003,0.0000,0.0000,0.0000
11.6840,1,4.9246,0.8650,0.1739,-0.0006,0.0036,0.0007,0.0000,0.0000,0.0000
11.6840,2,7.9088,0.6419,0.0000,0.0000,-0.0000,0.0000,0.0000,0.0000,0.0000
11.6840,3,8.1969,2.1495,-0.0016,-0.0076,0.0035,-0.0003,0.0000,0.0000,0.0000
11.7160,1,4.9246,0.8650,0.1739,-0.0006,0.0036,0.0007,0.0000,0.0000,0.0000
11.7160,2,7.9088,0.6419,0.0000,0.0000,-0.0000,0.0000,0.0000,0.0000,0.0000
11.7160,3,8.1968,2.1495,-0.0016,-0.0076,0.0035,-0.0003,0.0000,0.0000,0.0000
11.7500,1,4.9246,0.8650,0.1739,-0.0006,0.0036,0.0007,0.0000,0.0000,0.0000
11.7500,2,7.9088,0.6419,0.0000,0.0000,-0.0000,0.0000,0.0000,0.0000,0.0000
11.7500,3,8.1967,2.1495,-0.0017,-0.0076,0.0035,-0.0003,0.0000,0.0000,0.0000
11.7820,1,4.9246,0.8650,0.1739,-0.0006,0.0036,0.0007,0.0000,0.0000,0.0000
11.7820,2,7.9088,0.6419,0.0000,0.0000,-0.0000,0.0000,0.0000,0.0000,0.0000
11.7820,3,8.1966,2.1495,-0.0017,-0.0076,0.0035,-0.0003,0.0000,0.0000,0.0000
11.8180,1,4.9246,0.8650,0.1739,-0.0006,0.0036,0.0007,0.0000,0.0000,0.0000
11.8180,2,7.9088,0.6419,0.0000,0.0000,-0.0000,0.0000,0.0000,0.0000,0.0000
11.8180,3,8.1964,2.1494,-0.0017,-0.0076,0.0035,-0.0003,0.0000,0.0000,0.0000
11.8520,1,4.9246,0.8650,0.1739,-0.0006,0.0036,0.0007,0.0000,0.0000,0.0000
11.8520,2,7.9088,0.6419,0.0000,0.0000,-0.0000,0.0000,0.0000,0.0000,0.0000
11.8520,3,8.1963,2.1494,-0.0017,-0.0076,0.0035,-0.0003,0.0000,0.0000,0.0000
11.8860,1,4.9246,0.8650,0.1739,-0.0006,0.0036,0.0007,0.0000,0.0000,0.0000
11.8860,2,7.9088,0.6419,0.0000,0.0000,-0.0000,0.0000,0.0000,0.0000,0.0000
11.8860,3,8.1962,2.1494,-0.0017,-0.0076,0.0035,-0.0003,0.0000,0.0000,0.0000
11.9200,1,4.9246,0.8650,0.1739,-0.0006,0.0036,0.0007,0.0000,0.0000,0.0000
11.9200,2,7.9088,0.6419,0.0000,0.0000,-0.0000,0.0000,0.0000,0.0000,0.0000
11.9200,3,8.1960,2.1494,-0.0017,-0.0076,0.0035,-0.0003,0.0000,0.0000,0.0000
11.9500,1,4.9246,0.8650,0.1739,-0.0006,0.0036,0.0007,0.0000,0.0000,0.0000
11.9500,2,7.9088,0.6419,0.0000,0.0000,-0.0000,0.0000,0.0000,0.0000,0.0000
11.9500,3,8.1959,2.1493,-0.0017,-0.0076,0.0035,-0.0003,0.0000,0.0000,0.0000
11.9820,1,4.9246,0.8650,0.1739,-0.0006,0.0036,0.0007,0.0000,0.0000,0.0000
11.9820,2,7.9088,0.6419,0.0000,0.0000,-0.0000,0.0000,0.0000,0.0000,0.0000
11.9820,3,8.1958,2.1493,-0.0017,-0.0076,0.0035,-0.0003,0.0000,0.0000,0.0000
12.0160,1,4.9246,0.8650,0.1739,-0.0006,0.0036,0.0007,0.0000,0.0000,0.0000
12.0160,2,7.9088,0.6419,0.0000,0.0000,-0.0000,0.0000,0.0000,0.0000,0.0000
12.0160,3,8.1957,2.1493,-0.0017,-0.0076,0.0035,-0.0003,0.0000,0.0000,0.0000
12.0520,1,4.9246,0.8650,0.1739,-0.0006,0.0036,0.0007,0.0000,0.0000,0.0000
12.0520,2,7.9088,0.6419,0.0000,0.0000,-0.0000,0.0000,0.0000,0.0000,0.0000
12.0520,3,8.1955,2.1493,-0.0017,-0.0076,0.0035,-0.0003,0.0000,0.0000,0.0000
12.0860,1,4.9246,0.8650,0.1739,-0.0006,0.0036,0.0007,0.0000,0.0000,0.0000
12.0860,2,7.9088,0.6419,0.0000,0.0000,-0.0000,0.0000,0.0000,0.0000,0.0000
12.0860,3,8.1954,2.1492,-0.0017,-0.0076,0.0035,-0.0003,0.0000,0.0000,0.0000
12.1160,1,4.9246,0.8650,0.1739,-0.0006,0.0036,0.0007,0.0000,0.0000,0.0000
12.1160,2,7.9088,0.6419,0.0000,0.0000,-0.0000,0.0000,0.0000,0.0000,0.0000
12.1160,3,8.1953,2.1492,-0.0017,-0.0076,0.0035,-0.0003,0.0000,0.0000,0.0000
12.1480,1,4.9246,0.8650,0.1739,-0.0006,0.0036,0.0007,0.0000,0.0000,0.0000
12.1480,2,7.9088,0.6419,0.0000,0.0000,-0.0000,0.0000,0.0000,0.0000,0.0000
12.1480,3,8.1952,2.1492,-0.0017,-0.0076,0.0035,-0.0003,0.0000,0.0000,0.0000
12.1820,1,4.9246,0.8650,0.1739,-0.0006,0.0036,0.0007,0.0000,0.0000,0.0000
12.1820,2,7.9088,0.6419,0.0000,0.0000,-0.0000,0.0000,0.0000,0.0000,0.0000
12.1820,3,8.1950,2.1492,-0.0017,-0.0076,0.0035,-0.0003,0.0000,0.0000,0.0000
12.2160,1,4.9246,0.8650,0.1739,-0.0006,0.0036,0.0007,0.0000,0.0000,0.0000
12.2160,2,7.9088,0.6419,0.0000,0.0000,-0.0000,0.0000,0.0000,0.0000,0.0000
12.2160,3,8.1949,2.1491,-0.0017,-0.0076,0.0035,-0.0003,0.0000,0.0000,0.0000
12.2300,1,4.9246,0.8650,0.1739,-0.0006,0.0036,0.0007,0.0000,0.0000,0.0000
12.2300,2,7.9088,0.6419,0.0000,0.0000,-0.0000,0.0000,0.0000,0.0000,0.0000
12.2300,3,8.1948,2.1491,-0.0017,-0.0076,0.0035,-0.0003,0.0000,0.0000,0.0000
12.2500,1,4.9246,0.8650,0.1739,-0.0006,0.0036,0.0007,0.0000,0.0000,0.0000
12.2500,2,7.9088,0.6419,0.0000,0.0000,-0.0000,0.0000,0.0000,0.0000,0.0000
12.2500,3,8.1948,2.1491,-0.0017,-0.0076,0.0035,-0.0003,0.0000,0.0000,0.0000
12.2820,1,4.9246,0.8650,0.1739,-0.0006,0.0036,0.0007,0.0000,0.0000,0.0000
12.2820,2,7.9088,0.6419,0.0000,0.0000,-0.0000,0.0000,0.0000,0.0000,0.0000
12.2820,3,8.1947,2.1491,-0.0017,-0.0076,0.0035,-0.0003,0.0000,0.0000,0.0000
12.3160,1,4.9246,0.8650,0.1739,-0.0006,0.0036,0.0007,0.0000,0.0000,0.0000
12.3160,2,7.9088,0.6419,0.0000,0.0000,-0.0000,0.0000,0.0000,0.0000,0.0000
12.3160,3,8.1945,2.1491,-0.0017,-0.0076,0.0035,-0.0003,0.0000,0.0000,0.0000
12.3500,1,4.9246,0.8650,0.1739,-0.0006,0.0036,0.0007,0.0000,0.0000,0.0000
12.3500,2,7.9088,0.6419,0.0000,0.0000,-0.0000,0.0000,0.0000,0.0000,0.0000
12.3500,3,8.1944,2.1490,-0.0017,-0.0076,0.0035,-0.0003,0.0000,0.0000,0.0000
12.3820,1,4.9246,0.8650,0.1739,-0.0006,0.0036,0.0007,0.0000,0.0000,0.0000
12.3820,2,7.9088,0.6419,0.0000,0.0000,-0.0000,0.0000,0.0000,0.0000,0.0000
12.3820,3,8.1943,2.1490,-0.0017,-0.0076,0.0035,-0.0003,0.0000,0.0000,0.0000
12.4160,1,4.9246,0.8650,0.1739,-0.0006,0.0036,0.0007,0.0000,0.0000,0.0000
12.4160,2,7.9088,0.6419,0.0000,0.0000,-0.0000,0.0000,0.0000,0.0000,0.0000
12.4160,3,8.1941,2.1490,-0.0017,-0.0076,0.0035,-0.0003,0.0000,0.0000,0.0000
12.4520,1,4.9246,0.8650,0.1739,-0.0006,0.0036,0.0007,0.0000,0.0000,0.0000
12.4520,2,7.9088,0.6419,0.0000,0.0000,-0.0000,0.0000,0.0000,0.0000,0.0000
12.4520,3,8.1940,2.1490,-0.0017,-0.0076,0.0035,-0.0003,0.0000,0.0000,0.0000
12.4840,1,4.9246,0.8650,0.1739,-0.0006,0.0036,0.0007,0.0000,0.0000,0.0000
12.4840,2,7.9088,0.6419,0.0000,0.0000,-0.0000,0.0000,0.0000,0.0000,0.0000
12.4840,3,8.1939,2.1490,-0.0017,-0.0076,0.0035,-0.0003,0.0000,0.0000,0.0000
12.5180,1,4.9246,0.8650,0.1739,-0.0006,0.0036,0.0007,0.0000,0.0000,0.0000
12.5180,2,7.9088,0.6419,0.0000,0.0000,-0.0000,0.0000,0.0000,0.0000,0.0000
12.5180,3,8.1938,2.1489,-0.0017,-0.0076,0.0035,-0.0003,0.0000,0.0000,0.0000
12.5520,1,4.9246,0.8650,0.1739,-0.0006,0.0036,0.0007,0.0000,0.0000,0.0000
12.5520,2,7.9088,0.6419,0.0000,0.0000,-0.0000,0.0000,0.0000,0.0000,0.0000
12.5520,3,8.1936,2.1489,-0.0017,-0.0076,0.0035,-0.0003,0.0000,0.0000,0.0000
12.5840,1,4.9246,0.8650,0.1739,-0.0006,0.0036,0.0007,0.0000,0.0000,0.0000
12.5840,2,7.9088,0.6419,0.0000,0.0000,-0.0000,0.0000,0.0000,0.0000,0.0000
12.5840,3,8.1935,2.1489,-0.0017,-0.0076,0.0035,-0.0003,0.0000,0.0000,0.0000
12.6160,1,4.9246,0.8650,0.1739,-0.0006,0.0036,0.0007,0.0000,0.0000,0.0000
12.6160,2,7.9088,0.6419,0.0000,0.0000,-0.0000,0.0000,0.0000,0.0000,0.0000
12.6160,3,8.1934,2.1489,-0.0018,-0.0076,0.0035,-0.0003,0.0000,0.0000,0.0000
12.6520,1,4.9246,0.8650,0.1739,-0.0006,0.0036,0.0007,0.0000,0.0000,0.0000
12.6520,2,7.9088,0.6419,0.0000,0.0000,-0.0000,0.0000,0.0000,0.0000,0.0000
12.6520,3,8.1932,2.1488,-0.0018,-0.0076,0.0035,-0.0003,0.0000,0.0000,0.0000
12.6840,1,4.9246,0.8650,0.1739,-0.0006,0.0036,0.0007,0.0000,0.0000,0.0000
12.6840,2,7.9088,0.6419,0.0000,0.0000,-0.0000,0.0000,0.0000,0.0000,0.0000
12.6840,3,8.1931,2.1488,-0.0018,-0.0076,0.0035,-0.0003,0.0000,0.0000,0.0000
12.7180,1,4.9246,0.8650,0.1739,-0.0006,0.0036,0.0007,0.0000,0.0000,0.0000
12.7180,2,7.9088,0.6419,0.0000,0.0000,-0.0000,0.0000,0.0000,0.0000,0.0000
12.7180,3,8.1930,2.1488,-0.0018,-0.0076,0.0035,-0.0003,0.0000,0.0000,0.0000
12.7500,1,4.9246,0.8650,0.1739,-0.0006,0.0036,0.0007,0.0000,0.0000,0.0000
12.7500,2,7.9088,0.6419,0.0000,0.0000,-0.0000,0.0000,0.0000,0.0000,0.0000
12.7500,3,8.1929,2.1488,-0.0018,-0.0076,0.0035,-0.0003,0.0000,0.0000,0.0000
12.7840,1,4.9246,0.8650,0.1739,-0.0006,0.0036,0.0007,0.0000,0.0000,0.0000
12.7840,2,7.9088,0.6419,0.0000,0.0000,-0.0000,0.0000,0.0000,0.0000,0.0000
12.7840,3,8.1927,2.1487,-0.0018,-0.0076,0.0035,-0.0003,0.0000,0.0000,0.0000
12.8180,1,4.9246,0.8650,0.1739,-0.0006,0.0036,0.0007,0.0000,0.0000,0.0000
12.8180,2,7.9088,0.6419,0.0000,0.0000,-0.0000,0.0000,0.0000,0.0000,0.0000
12.8180,3,8.1926,2.1487,-0.0018,-0.0076,0.0035,-0.0003,0.0000,0.0000,0.0000
12.8480,1,4.9246,0.8650,0.1739,-0.0006,0.0036,0.0007,0.0000,0.0000,0.0000
12.8480,2,7.9088,0.6419,0.0000,0.0000,-0.0000,0.0000,0.0000,0.0000,0.0000
12.8480,3,8.1925,2.1487,-0.0018,-0.0076,0.0035,-0.0003,0.0000,0.0000,0.0000
12.8860,1,4.9246,0.8650,0.1739,-0.0006,0.0036,0.0007,0.0000,0.0000,0.0000
12.8860,2,7.9088,0.6419,0.0000,0.0000,-0.0000,0.0000,0.0000,0.0000,0.0000
12.8860,3,8.1923,2.1487,-0.0018,-0.0076,0.0035,-0.0003,0.0000,0.0000,0.0000
12.9180,1,4.9246,0.8650,0.1739,-0.0006,0.0036,0.0007,0.0000,0.0000,0.0000
12.9180,2,7.9088,0.6419,0.0000,0.0000,-0.0000,0.0000,0.0000,0.0000,0.0000
12.9180,3,8.1922,2.1486,-0.0018,-0.0076,0.0035,-0.0003,0.0000,0.0000,0.0000
12.9520,1,4.9246,0.8650,0.1739,-0.0006,0.0036,0.0007,0.0000,0.0000,0.0000
12.9520,2,7.9088,0.6419,0.0000,0.0000,-0.0000,0.0000,0.0000,0.0000,0.0000
12.9520,3,8.1921,2.1486,-0.0018,-0.0076,0.0035,-0.0003,0.0000,0.0000,0.0000
12.9840,1,4.9246,0.8650,0.1739,-0.0006,0.0036,0.0007,0.0000,0.0000,0.0000
12.9840,2,7.9088,0.6419,0.0000,0.0000,-0.0000,0.0000,0.0000,0.0000,0.0000
12.9840,3,8.1920,2.1486,-0.0018,-0.0076,0.0035,-0.0003,0.0000,0.0000,0.0000
13.0160,1,4.9246,0.8650,0.1739,-0.0006,0.0036,0.0007,0.0000,0.0000,0.0000
13.0160,2,7.9088,0.6419,0.0000,0.0000,-0.0000,0.0000,0.0000,0.0000,0.0000
13.0160,3,8.1919,2.1486,-0.0018,-0.0076,0.0035,-0.0003,0.0000,0.0000,0.0000
13.0540,1,4.9246,0.8650,0.1739,-0.0006,0.0036,0.0007,0.0000,0.0000,0.0000
13.0540,2,7.9088,0.6419,0.0000,0.0000,-0.0000,0.0000,0.0000,0.0000,0.0000
13.0540,3,8.1917,2.1485,-0.0018,-0.0076,0.0035,-0.0003,0.0000,0.0000,0.0000
13.0820,1,4.9246,0.8650,0.1739,-0.0006,0.0036,0.0007,0.0000,0.0000,0.0000
13.0820,2,7.9088,0.6419,0.0000,0.0000,-0.0000,0.0000,0.0000,0.0000,0.0000
13.0820,3,8.1916,2.1485,-0.0018,-0.0076,0.0035,-0.0003,0.0000,0.0000,0.0000
13.1140,1,4.9246,0.8650,0.1739,-0.0006,0.0036,0.0007,0.0000,0.0000,0.0000
13.1140,2,7.9088,0.6419,0.0000,0.0000,-0.0000,0.0000,0.0000,0.0000,0.0000
13.1140,3,8.1915,2.1485,-0.0018,-0.0076,0.0035,-0.0003,0.0000,0.0000,0.0000
13.1520,1,4.9246,0.8650,0.1739,-0.0006,0.0036,0.0007,0.0000,0.0000,0.0000
13.1520,2,7.9088,0.6419,0.0000,0.0000,-0.0000,0.0000,0.0000,0.0000,0.0000
13.1520,3,8.1913,2.1485,-0.0018,-0.0076,0.0035,-0.0003,0.0000,0.0000,0.0000
13.1820,1,4.9246,0.8650,0.1739,-0.0006,0.0036,0.0007,0.0000,0.0000,0.0000
13.1820,2,7.9088,0.6419,0.0000,0.0000,-0.0000,0.0000,0.0000,0.0000,0.0000
13.1820,3,8.1912,2.1485,-0.0018,-0.0076,0.0035,-0.0003,0.0000,0.0000,0.0000
13.2180,1,4.9246,0.8650,0.1739,-0.0006,0.0036,0.0007,0.0000,0.0000,0.0000
13.2180,2,7.9088,0.6419,0.0000,0.0000,-0.0000,0.0000,0.0000,0.0000,0.0000
13.2180,3,8.1911,2.1484,-0.0018,-0.0076,0.0035,-0.0003,0.0000,0.0000,0.0000
13.2500,1,4.9246,0.8650,0.1739,-0.0006,0.0036,0.0007,0.0000,0.0000,0.0000
13.2500,2,7.9088,0.6419,0.0000,0.0000,-0.0000,0.0000,0.0000,0.0000,0.0000
13.2500,3,8.1910,2.1484,-0.0018,-0.0076,0.0035,-0.0003,0.0000,0.0000,0.0000
13.2840,1,4.9246,0.8650,0.1739,-0.0006,0.0036,0.0007,0.0000,0.0000,0.0000
13.2840,2,7.9088,0.6419,0.0000,0.0000,-0.0000,0.0000,0.0000,0.0000,0.0000
13.2840,3,8.1908,2.1484,-0.0018,-0.0076,0.0035,-0.0003,0.0000,0.0000,0.0000
13.3140,1,4.9246,0.8650,0.1739,-0.0006,0.0036,0.0007,0.0000,0.0000,0.0000
13.3140,2,7.9088,0.6419,0.0000,0.0000,-0.0000,0.0000,0.0000,0.0000,0.0000
13.3140,3,8.1907,2.1484,-0.0018,-0.0076,0.0035,-0.0003,0.0000,0.0000,0.0000
13.3500,1,4.9246,0.8650,0.1739,-0.0006,0.0036,0.0007,0.0000,0.0000,0.0000
13.3500,2,7.9088,0.6419,0.0000,0.0000,-0.0000,0.0000,0.0000,0.0000,0.0000
13.3500,3,8.1906,2.1483,-0.0018,-0.0076,0.0035,-0.0003,0.0000,0.0000,0.0000
13.3840,1,4.9246,0.8650,0.1739,-0.0006,0.0036,0.0007,0.0000,0.0000,0.0000
13.3840,2,7.9088,0.6419,0.0000,0.0000,-0.0000,0.0000,0.0000,0.0000,0.0000
13.3840,3,8.1904,2.1483,-0.0018,-0.0076,0.0035,-0.0003,0.0000,0.0000,0.0000
13.4180,1,4.9246,0.8650,0.1739,-0.0006,0.0036,0.0007,0.0000,0.0000,0.0000
13.4180,2,7.9088,0.6419,0.0000,0.0000,-0.0000,0.0000,0.0000,0.0000,0.0000
13.4180,3,8.1903,2.1483,-0.0018,-0.0076,0.0035,-0.0003,0.0000,0.0000,0.0000
13.4500,1,4.9246,0.8650,0.1739,-0.0006,0.0036,0.0007,0.0000,0.0000,0.0000
13.4500,2,7.9088,0.6419,0.0000,0.0000,-0.0000,0.0000,0.0000,0.0000,0.0000
13.4500,3,8.1902,2.1483,-0.0019,-0.0076,0.0035,-0.0003,0.0000,0.0000,0.0000
13.4840,1,4.9246,0.8650,0.1739,-0.0006,0.0036,0.0007,0.0000,0.0000,0.0000
13.4840,2,7.9088,0.6419,0.0000,0.0000,-0.0000,0.0000,0.0000,0.0000,0.0000
13.4840,3,8.1901,2.1482,-0.0019,-0.0076,0.0035,-0.0003,0.0000,0.0000,0.0000
13.5180,1,4.9246,0.8650,0.1739,-0.0006,0.0036,0.0007,0.0000,0.0000,0.0000
13.5180,2,7.9088,0.6419,0.0000,0.0000,-0.0000,0.0000,0.0000,0.0000,0.0000
13.5180,3,8.1899,2.1482,-0.0019,-0.0076,0.0035,-0.0003,0.0000,0.0000,0.0000
13.5480,1,4.9246,0.8650,0.1739,-0.0006,0.0036,0.0007,0.0000,0.0000,0.0000
13.5480,2,7.9088,0.6419,0.0000,0.0000,-0.0000,0.0000,0.0000,0.0000,0.0000
13.5480,3,8.1898,2.1482,-0.0019,-0.0076,0.0035,-0.0003,0.0000,0.0000,0.0000
13.5840,1,4.9246,0.8650,0.1739,-0.0006,0.0036,0.0007,0.0000,0.0000,0.0000
13.5840,2,7.9088,0.6419,0.0000,0.0000,-0.0000,0.0000,0.0000,0.0000,0.0000
13.5840,3,8.1897,2.1482,-0.0019,-0.0076,0.0035,-0.0003,0.0000,0.0000,0.0000
13.6180,1,4.9246,0.8650,0.1739,-0.0006,0.0036,0.0007,0.0000,0.0000,0.0000
13.6180,2,7.9088,0.6419,0.0000,0.0000,-0.0000,0.0000,0.0000,0.0000,0.0000
13.6180,3,8.1896,2.1481,-0.0019,-0.0076,0.0035,-0.0003,0.0000,0.0000,0.0000
13.6480,1,4.9246,0.8650,0.1739,-0.0006,0.0036,0.0007,0.0000,0.0000,0.0000
13.6480,2,7.9088,0.6419,0.0000,0.0000,-0.0000,0.0000,0.0000,0.0000,0.0000
13.6480,3,8.1894,2.1481,-0.0019,-0.0076,0.0035,-0.0003,0.0000,0.0000,0.0000
13.6820,1,4.9246,0.8650,0.1739,-0.0006,0.0036,0.0007,0.0000,0.0000,0.0000
13.6820,2,7.9088,0.6419,0.0000,0.0000,-0.0000,0.0000,0.0000,0.0000,0.0000
13.6820,3,8.1893,2.1481,-0.0019,-0.0076,0.0035,-0.0003,0.0000,0.0000,0.0000
13.7160,1,4.9246,0.8650,0.1739,-0.0006,0.0036,0.0007,0.0000,0.0000,0.0000
13.7160,2,7.9088,0.6419,0.0000,0.0000,-0.0000,0.0000,0.0000,0.0000,0.0000
13.7160,3,8.1892,2.1481,-0.0019,-0.0076,0.0035,-0.0003,0.0000,0.0000,0.0000
13.7520,1,4.9246,0.8650,0.1739,-0.0006,0.0036,0.0007,0.0000,0.0000,0.0000
13.7520,2,7.9088,0.6419,0.0000,0.0000,-0.0000,0.0000,0.0000,0.0000,0.0000
13.7520,3,8.1890,2.1480,-0.0019,-0.0076,0.0035,-0.0003,0.0000,0.0000,0.0000
13.7840,1,4.9246,0.8650,0.1739,-0.0006,0.0036,0.0007,0.0000,0.0000,0.0000
13.7840,2,7.9088,0.6419,0.0000,0.0000,-0.0000,0.0000,0.0000,0.0000,0.0000
13.7840,3,8.1889,2.1480,-0.0019,-0.0076,0.0035,-0.0003,0.0000,0.0000,0.0000
13.8180,1,4.9246,0.8650,0.1739,-0.0006,0.0036,0.0007,0.0000,0.0000,0.0000
13.8180,2,7.9088,0.6419,0.0000,0.0000,-0.0000,0.0000,0.0000,0.0000,0.0000
13.8180,3,8.1888,2.1480,-0.0019,-0.0076,0.0035,-0.0003,0.0000,0.0000,0.0000
13.8500,1,4.9246,0.8650,0.1739,-0.0006,0.0036,0.0007,0.0000,0.0000,0.0000
13.8500,2,7.9088,0.6419,0.0000,0.0000,-0.0000,0.0000,0.0000,0.0000,0.0000
13.8500,3,8.1887,2.1480,-0.0019,-0.0076,0.0035,-0.0003,0.0000,0.0000,0.0000
13.8840,1,4.9246,0.8650,0.1739,-0.0006,0.0036,0.0007,0.0000,0.0000,0.0000
13.8840,2,7.9088,0.6419,0.0000,0.0000,-0.0000,0.0000,0.0000,0.0000,0.0000
13.8840,3,8.1885,2.1479,-0.0019,-0.0076,0.0035,-0.0003,0.0000,0.0000,0.0000
13.9180,1,4.9246,0.8650,0.1739,-0.0006,0.0036,0.0007,0.0000,0.0000,0.0000
13.9180,2,7.9088,0.6419,0.0000,0.0000,-0.0000,0.0000,0.0000,0.0000,0.0000
13.9180,3,8.1884,2.1479,-0.0019,-0.0076,0.0035,-0.0003,0.0000,0.0000,0.0000
13.9520,1,4.9246,0.8650,0.1739,-0.0006,0.0036,0.0007,0.0000,0.0000,0.0000
13.9520,2,7.9088,0.6419,0.0000,0.0000,-0.0000,0.0000,0.0000,0.0000,0.0000
13.9520,3,8.1883,2.1479,-0.0019,-0.0076,0.0035,-0.0003,0.0000,0.0000,0.0000
13.9840,1,4.9246,0.8650,0.1739,-0.0006,0.0036,0.0007,0.0000,0.0000,0.0000
13.9840,2,7.9088,0.6419,0.0000,0.0000,-0.0000,0.0000,0.0000,0.0000,0.0000
13.9840,3,8.1882,2.1479,-0.0019,-0.0076,0.0035,-0.0003,0.0000,0.0000,0.0000
14.0180,1,4.9246,0.8650,0.1739,-0.0006,0.0036,0.0007,0.0000,0.0000,0.0000
14.0180,2,7.9088,0.6419,0.0000,0.0000,-0.0000,0.0000,0.0000,0.0000,0.0000
14.0180,3,8.1880,2.1479,-0.0019,-0.0076,0.0035,-0.0003,0.0000,0.0000,0.0000
14.0520,1,4.9246,0.8650,0.1739,-0.0006,0.0036,0.0007,0.0000,0.0000,0.0000
14.0520,2,7.9088,0.6419,0.0000,0.0000,-0.0000,0.0000,0.0000,0.0000,0.0000
14.0520,3,8.1879,2.1478,-0.0019,-0.0076,0.0035,-0.0003,0.0000,0.0000,0.0000
14.0840,1,4.9246,0.8650,0.1739,-0.0006,0.0036,0.0007,0.0000,0.0000,0.0000
14.0840,2,7.9088,0.6419,0.0000,0.0000,-0.0000,0.0000,0.0000,0.0000,0.0000
14.0840,3,8.1878,2.1478,-0.0019,-0.0076,0.0035,-0.0003,0.0000,0.0000,0.0000
14.1160,1,4.9246,0.8650,0.1739,-0.0006,0.0036,0.0007,0.0000,0.0000,0.0000
14.1160,2,7.9088,0.6419,0.0000,0.0000,-0.0000,0.0000,0.0000,0.0000,0.0000
14.1160,3,8.1877,2.1478,-0.0019,-0.0076,0.0035,-0.0003,0.0000,0.0000,0.0000
14.1480,1,4.9246,0.8650,0.1739,-0.0006,0.0036,0.0007,0.0000,0.0000,0.0000
14.1480,2,7.9088,0.6419,0.0000,0.0000,-0.0000,0.0000,0.0000,0.0000,0.0000
14.1480,3,8.1875,2.1478,-0.0019,-0.0076,0.0035,-0.0003,0.0000,0.0000,0.0000
14.1840,1,4.9246,0.8650,0.1739,-0.0006,0.0036,0.0007,0.0000,0.0000,0.0000
14.1840,2,7.9088,0.6419,0.0000,0.0000,-0.0000,0.0000,0.0000,0.0000,0.0000
14.1840,3,8.1874,2.1477,-0.0019,-0.0076,0.0035,-0.0003,0.0000,0.0000,0.0000
14.2180,1,4.9246,0.8650,0.1739,-0.0006,0.0036,0.0007,0.0000,0.0000,0.0000
14.2180,2,7.9088,0.6419,0.0000,0.0000,-0.0000,0.0000,0.0000,0.0000,0.0000
14.2180,3,8.1873,2.1477,-0.0019,-0.0076,0.0035,-0.0003,0.0000,0.0000,0.0000
14.2500,1,4.9246,0.8650,0.1739,-0.0006,0.0036,0.0007,0.0000,0.0000,0.0000
14.2500,2,7.9088,0.6419,0.0000,0.0000,-0.0000,0.0000,0.0000,0.0000,0.0000
14.2500,3,8.1871,2.1477,-0.0019,-0.0076,0.0035,-0.0003,0.0000,0.0000,0.0000
14.2820,1,4.9246,0.8650,0.1739,-0.0006,0.0036,0.0007,0.0000,0.0000,0.0000
14.2820,2,7.9088,0.6419,0.0000,0.0000,-0.0000,0.0000,0.0000,0.0000,0.0000
14.2820,3,8.1870,2.1477,-0.0020,-0.0076,0.0035,-0.0003,0.0000,0.0000,0.0000
14.3160,1,4.9246,0.8650,0.1739,-0.0006,0.0036,0.0007,0.0000,0.0000,0.0000
14.3160,2,7.9088,0.6419,0.0000,0.0000,-0.0000,0.0000,0.0000,0.0000,0.0000
14.3160,3,8.1869,2.1476,-0.0020,-0.0076,0.0035,-0.0003,0.0000,0.0000,0.0000
14.3500,1,4.9246,0.8650,0.1739,-0.0006,0.0036,0.0007,0.0000,0.0000,0.0000
14.3500,2,7.9088,0.6419,0.0000,0.0000,-0.0000,0.0000,0.0000,0.0000,0.0000
14.3500,3,8.1868,2.1476,-0.0020,-0.0076,0.0035,-0.0003,0.0000,0.0000,0.0000
14.3840,1,4.9246,0.8650,0.1739,-0.0006,0.0036,0.0007,0.0000,0.0000,0.0000
14.3840,2,7.9088,0.6419,0.0000,0.0000,-0.0000,0.0000,0.0000,0.0000,0.0000
14.3840,3,8.1866,2.1476,-0.0020,-0.0076,0.0035,-0.0003,0.0000,0.0000,0.0000
14.4160,1,4.9246,0.8650,0.1739,-0.0006,0.0036,0.0007,0.0000,0.0000,0.0000
14.4160,2,7.9088,0.6419,0.0000,0.0000,-0.0000,0.0000,0.0000,0.0000,0.0000
14.4160,3,8.1865,2.1476,-0.0020,-0.0076,0.0035,-0.0003,0.0000,0.0000,0.0000
14.4500,1,4.9246,0.8650,0.1739,-0.0006,0.0036,0.0007,0.0000,0.0000,0.0000
14.4500,2,7.9088,0.6419,0.0000,0.0000,-0.0000,0.0000,0.0000,0.0000,0.0000
14.4500,3,8.1864,2.1475,-0.0020,-0.0076,0.0035,-0.0003,0.0000,0.0000,0.0000
14.4840,1,4.9246,0.8650,0.1739,-0.0006,0.0036,0.0007,0.0000,0.0000,0.0000
14.4840,2,7.9088,0.6419,0.0000,0.0000,-0.0000,0.0000,0.0000,0.0000,0.0000
14.4840,3,8.1863,2.1475,-0.0020,-0.0076,0.0035,-0.0003,0.0000,0.0000,0.0000
14.5180,1,4.9246,0.8650,0.1739,-0.0006,0.0036,0.0007,0.0000,0.0000,0.0000
14.5180,2,7.9088,0.6419,0.0000,0.0000,-0.0000,0.0000,0.0000,0.0000,0.0000
14.5180,3,8.1861,2.1475,-0.0020,-0.0076,0.0035,-0.0003,0.0000,0.0000,0.0000
14.5500,1,4.9246,0.8650,0.1739,-0.0006,0.0036,0.0007,0.0000,0.0000,0.0000
14.5500,2,7.9088,0.6419,0.0000,0.0000,-0.0000,0.0000,0.0000,0.0000,0.0000
14.5500,3,8.1860,2.1475,-0.0020,-0.0076,0.0035,-0.0003,0.0000,0.0000,0.0000
14.5840,1,4.9246,0.8650,0.1739,-0.0006,0.0036,0.0007,0.0000,0.0000,0.0000
14.5840,2,7.9088,0.6419,0.0000,0.0000,-0.0000,0.0000,0.0000,0.0000,0.0000
14.5840,3,8.1859,2.1474,-0.0020,-0.0076,0.0035,-0.0003,0.0000,0.0000,0.0000
14.6180,1,4.9246,0.8650,0.1739,-0.0006,0.0036,0.0007,0.0000,0.0000,0.0000
14.6180,2,7.9088,0.6419,0.0000,0.0000,-0.0000,0.0000,0.0000,0.0000,0.0000
14.6180,3,8.1857,2.1474,-0.0020,-0.0076,0.0035,-0.0003,0.0000,0.0000,0.0000
14.6520,1,4.9246,0.8650,0.1739,-0.0006,0.0036,0.0007,0.0000,0.0000,0.0000
14.6520,2,7.9088,0.6419,0.0000,0.0000,-0.0000,0.0000,0.0000,0.0000,0.0000
14.6520,3,8.1856,2.1474,-0.0020,-0.0076,0.0035,-0.0003,0.0000,0.0000,0.0000
14.6840,1,4.9246,0.8650,0.1739,-0.0006,0.0036,0.0007,0.0000,0.0000,0.0000
14.6840,2,7.9088,0.6419,0.0000,0.0000,-0.0000,0.0000,0.0000,0.0000,0.0000
14.6840,3,8.1855,2.1474,-0.0020,-0.0076,0.0035,-0.0003,0.0000,0.0000,0.0000
14.7180,1,4.9246,0.8650,0.1739,-0.0006,0.0036,0.0007,0.0000,0.0000,0.0000
14.7180,2,7.9088,0.6419,0.0000,0.0000,-0.0000,0.0000,0.0000,0.0000,0.0000
14.7180,3,8.1854,2.1474,-0.0020,-0.0076,0.0035,-0.0003,0.0000,0.0000,0.0000
14.7500,1,4.9246,0.8650,0.1739,-0.0006,0.0036,0.0007,0.0000,0.0000,0.0000
14.7500,2,7.9088,0.6419,0.0000,0.0000,-0.0000,0.0000,0.0000,0.0000,0.0000
14.7500,3,8.1852,2.1473,-0.0020,-0.0076,0.0035,-0.0003,0.0000,0.0000,0.0000
14.7840,1,4.9246,0.8650,0.1739,-0.0006,0.0036,0.0007,0.0000,0.0000,0.0000
14.7840,2,7.9088,0.6419,0.0000,0.0000,-0.0000,0.0000,0.0000,0.0000,0.0000
14.7840,3,8.1851,2.1473,-0.0020,-0.0076,0.0035,-0.0003,0.0000,0.0000,0.0000
14.8160,1,4.9246,0.8650,0.1739,-0.0006,0.0036,0.0007,0.0000,0.0000,0.0000
14.8160,2,7.9088,0.6419,0.0000,0.0000,-0.0000,0.0000,0.0000,0.0000,0.0000
14.8160,3,8.1850,2.1473,-0.0020,-0.0076,0.0035,-0.0003,0.0000,0.0000,0.0000
14.8500,1,4.9246,0.8650,0.1739,-0.0006,0.0036,0.0007,0.0000,0.0000,0.0000
14.8500,2,7.9088,0.6419,0.0000,0.0000,-0.0000,0.0000,0.0000,0.0000,0.0000
14.8500,3,8.1849,2.1473,-0.0020,-0.0076,0.0035,-0.0003,0.0000,0.0000,0.0000
14.8840,1,4.9246,0.8650,0.1739,-0.0006,0.0036,0.0007,0.0000,0.0000,0.0000
14.8840,2,7.9088,0.6419,0.0000,0.0000,-0.0000,0.0000,0.0000,0.0000,0.0000
14.8840,3,8.1847,2.1472,-0.0020,-0.0076,0.0035,-0.0003,0.0000,0.0000,0.0000
14.9160,1,4.9246,0.8650,0.1739,-0.0006,0.0036,0.0007,0.0000,0.0000,0.0000
14.9160,2,7.9088,0.6419,0.0000,0.0000,-0.0000,0.0000,0.0000,0.0000,0.0000
14.9160,3,8.1846,2.1472,-0.0020,-0.0076,0.0035,-0.0003,0.0000,0.0000,0.0000
14.9500,1,4.9246,0.8650,0.1739,-0.0006,0.0036,0.0007,0.0000,0.0000,0.0000
14.9500,2,7.9088,0.6419,0.0000,0.0000,-0.0000,0.0000,0.0000,0.0000,0.0000
14.9500,3,8.1845,2.1472,-0.0020,-0.0076,0.0035,-0.0003,0.0000,0.0000,0.0000
14.9840,1,4.9246,0.8650,0.1739,-0.0006,0.0036,0.0007,0.0000,0.0000,0.0000
14.9840,2,7.9088,0.6419,0.0000,0.0000,-0.0000,0.0000,0.0000,0.0000,0.0000
14.9840,3,8.1843,2.1472,-0.0020,-0.0076,0.0035,-0.0003,0.0000,0.0000,0.0000
15.0180,1,4.9246,0.8650,0.1739,-0.0006,0.0036,0.0007,0.0000,0.0000,0.0000
15.0180,2,7.9088,0.6419,0.0000,0.0000,-0.0000,0.0000,0.0000,0.0000,0.0000
15.0180,3,8.1842,2.1471,-0.0020,-0.0076,0.0035,-0.0003,0.0000,0.0000,0.0000
15.0500,1,4.9246,0.8650,0.1739,-0.0006,0.0036,0.0007,0.0000,0.0000,0.0000
15.0500,2,7.9088,0.6419,0.0000,0.0000,-0.0000,0.0000,0.0000,0.0000,0.0000
15.0500,3,8.1841,2.1471,-0.0020,-0.0076,0.0035,-0.0003,0.0000,0.0000,0.0000
15.0840,1,4.9246,0.8650,0.1739,-0.0006,0.0036,0.0007,0.0000,0.0000,0.0000
15.0840,2,7.9088,0.6419,0.0000,0.0000,-0.0000,0.0000,0.0000,0.0000,0.0000
15.0840,3,8.1840,2.1471,-0.0020,-0.0076,0.0035,-0.0003,0.0000,0.0000,0.0000
15.1180,1,4.9246,0.8650,0.1739,-0.0006,0.0036,0.0007,0.0000,0.0000,0.0000
15.1180,2,7.9088,0.6419,0.0000,0.0000,-0.0000,0.0000,0.0000,0.0000,0.0000
15.1180,3,8.1838,2.1471,-0.0021,-0.0076,0.0035,-0.0003,0.0000,0.0000,0.0000
15.1520,1,4.9246,0.8650,0.1739,-0.0006,0.0036,0.0007,0.0000,0.0000,0.0000
15.1520,2,7.9088,0.6419,0.0000,0.0000,-0.0000,0.0000,0.0000,0.0000,0.0000
15.1520,3,8.1837,2.1470,-0.0021,-0.0076,0.0035,-0.0003,0.0000,0.0000,0.0000
15.1840,1,4.9246,0.8650,0.1739,-0.0006,0.0036,0.0007,0.0000,0.0000,0.0000
15.1840,2,7.9088,0.6419,0.0000,0.0000,-0.0000,0.0000,0.0000,0.0000,0.0000
15.1840,3,8.1836,2.1470,-0.0021,-0.0076,0.0035,-0.0003,0.0000,0.0000,0.0000
15.2160,1,4.9246,0.8650,0.1739,-0.0006,0.0036,0.0007,0.0000,0.0000,0.0000
15.2160,2,7.9088,0.6419,0.0000,0.0000,-0.0000,0.0000,0.0000,0.0000,0.0000
15.2160,3,8.1835,2.1470,-0.0021,-0.0076,0.0035,-0.0003,0.0000,0.0000,0.0000
15.2500,1,4.9246,0.8650,0.1739,-0.0006,0.0036,0.0007,0.0000,0.0000,0.0000
15.2500,2,7.9088,0.6419,0.0000,0.0000,-0.0000,0.0000,0.0000,0.0000,0.0000
15.2500,3,8.1833,2.1470,-0.0021,-0.0076,0.0035,-0.0003,0.0000,0.0000,0.0000
15.2820,1,4.9246,0.8650,0.1739,-0.0006,0.0036,0.0007,0.0000,0.0000,0.0000
15.2820,2,7.9088,0.6419,0.0000,0.0000,-0.0000,0.0000,0.0000,0.0000,0.0000
15.2820,3,8.1832,2.1469,-0.0021,-0.0076,0.0035,-0.0003,0.0000,0.0000,0.0000
15.3180,1,4.9246,0.8650,0.1739,-0.0006,0.0036,0.0007,0.0000,0.0000,0.0000
15.3180,2,7.9088,0.6419,0.0000,0.0000,-0.0000,0.0000,0.0000,0.0000,0.0000
15.3180,3,8.1831,2.1469,-0.0021,-0.0076,0.0035,-0.0003,0.0000,0.0000,0.0000
15.3500,1,4.9246,0.8650,0.1739,-0.0006,0.0036,0.0007,0.0000,0.0000,0.0000
15.3500,2,7.9088,0.6419,0.0000,0.0000,-0.0000,0.0000,0.0000,0.0000,0.0000
15.3500,3,8.1829,2.1469,-0.0021,-0.0076,0.0035,-0.0003,0.0000,0.0000,0.0000
15.3840,1,4.9246,0.8650,0.1739,-0.0006,0.0036,0.0007,0.0000,0.0000,0.0000
15.3840,2,7.9088,0.6419,0.0000,0.0000,-0.0000,0.0000,0.0000,0.0000,0.0000
15.3840,3,8.1828,2.1469,-0.0021,-0.0076,0.0035,-0.0003,0.0000,0.0000,0.0000
15.4160,1,4.9246,0.8650,0.1739,-0.0006,0.0036,0.0007,0.0000,0.0000,0.0000
15.4160,2,7.9088,0.6419,0.0000,0.0000,-0.0000,0.0000,0.0000,0.0000,0.0000
15.4160,3,8.1827,2.1469,-0.0021,-0.0076,0.0035,-0.0003,0.0000,0.0000,0.0000
15.4500,1,4.9246,0.8650,0.1739,-0.0006,0.0036,0.0007,0.0000,0.0000,0.0000
15.4500,2,7.9088,0.6419,0.0000,0.0000,-0.0000,0.0000,0.0000,0.0000,0.0000
15.4500,3,8.1826,2.1468,-0.0021,-0.0076,0.0035,-0.0003,0.0000,0.0000,0.0000
15.4840,1,4.9246,0.8650,0.1739,-0.0006,0.0036,0.0007,0.0000,0.0000,0.0000
15.4840,2,7.9088,0.6419,0.0000,0.0000,-0.0000,0.0000,0.0000,0.0000,0.0000
15.4840,3,8.1824,2.1468,-0.0021,-0.0076,0.0035,-0.0003,0.0000,0.0000,0.0000
15.5160,1,4.9246,0.8650,0.1739,-0.0006,0.0036,0.0007,0.0000,0.0000,0.0000
15.5160,2,7.9088,0.6419,0.0000,0.0000,-0.0000,0.0000,0.0000,0.0000,0.0000
15.5160,3,8.1823,2.1468,-0.0021,-0.0076,0.0035,-0.0003,0.0000,0.0000,0.0000
15.5500,1,4.9246,0.8650,0.1739,-0.0006,0.0036,0.0007,0.0000,0.0000,0.0000
15.5500,2,7.9088,0.6419,0.0000,0.0000,-0.0000,0.0000,0.0000,0.0000,0.0000
15.5500,3,8.1822,2.1468,-0.0021,-0.0076,0.0035,-0.0003,0.0000,0.0000,0.0000
15.5840,1,4.9246,0.8650,0.1739,-0.0006,0.0036,0.0007,0.0000,0.0000,0.0000
15.5840,2,7.9088,0.6419,0.0000,0.0000,-0.0000,0.0000,0.0000,0.0000,0.0000
15.5840,3,8.1821,2.1467,-0.0021,-0.0076,0.0035,-0.0003,0.0000,0.0000,0.0000
15.6140,1,4.9246,0.8650,0.1739,-0.0006,0.0036,0.0007,0.0000,0.0000,0.0000
15.6140,2,7.9088,0.6419,0.0000,0.0000,-0.0000,0.0000,0.0000,0.0000,0.0000
15.6140,3,8.1819,2.1467,-0.0021,-0.0076,0.0035,-0.0003,0.0000,0.0000,0.0000
15.6500,1,4.9246,0.8650,0.1739,-0.0006,0.0036,0.0007,0.0000,0.0000,0.0000
15.6500,2,7.9088,0.6419,0.0000,0.0000,-0.0000,0.0000,0.0000,0.0000,0.0000
15.6500,3,8.1818,2.1467,-0.0021,-0.0076,0.0035,-0.0003,0.0000,0.0000,0.0000
15.6840,1,4.9246,0.8650,0.1739,-0.0006,0.0036,0.0007,0.0000,0.0000,0.0000
15.6840,2,7.9088,0.6419,0.0000,0.0000,-0.0000,0.0000,0.0000,0.0000,0.0000
15.6840,3,8.1817,2.1467,-0.0021,-0.0076,0.0035,-0.0003,0.0000,0.0000,0.0000
15.7200,1,4.9246,0.8650,0.1739,-0.0006,0.0036,0.0007,0.0000,0.0000,0.0000
15.7200,2,7.9088,0.6419,0.0000,0.0000,-0.0000,0.0000,0.0000,0.0000,0.0000
15.7200,3,8.1815,2.1466,-0.0021,-0.0076,0.0035,-0.0003,0.0000,0.0000,0.0000
15.7500,1,4.9246,0.8650,0.1739,-0.0006,0.0036,0.0007,0.0000,0.0000,0.0000
15.7500,2,7.9088,0.6419,0.0000,0.0000,-0.0000,0.0000,0.0000,0.0000,0.0000
15.7500,3,8.1814,2.1466,-0.0021,-0.0076,0.0035,-0.0003,0.0000,0.0000,0.0000
15.7840,1,4.9246,0.8650,0.1739,-0.0006,0.0036,0.0007,0.0000,0.0000,0.0000
15.7840,2,7.9088,0.6419,0.0000,0.0000,-0.0000,0.0000,0.0000,0.0000,0.0000
15.7840,3,8.1813,2.1466,-0.0021,-0.0076,0.0035,-0.0003,0.0000,0.0000,0.0000
15.8180,1,4.9246,0.8650,0.1739,-0.0006,0.0036,0.0007,0.0000,0.0000,0.0000
15.8180,2,7.9088,0.6419,0.0000,0.0000,-0.0000,0.0000,0.0000,0.0000,0.0000
15.8180,3,8.1812,2.1466,-0.0021,-0.0076,0.0035,-0.0003,0.0000,0.0000,0.0000
15.8500,1,4.9246,0.8650,0.1739,-0.0006,0.0036,0.0007,0.0000,0.0000,0.0000
15.8500,2,7.9088,0.6419,0.0000,0.0000,-0.0000,0.0000,0.0000,0.0000,0.0000
15.8500,3,8.1810,2.1465,-0.0021,-0.0076,0.0035,-0.0003,0.0000,0.0000,0.0000
15.8840,1,4.9246,0.8650,0.1739,-0.0006,0.0036,0.0007,0.0000,0.0000,0.0000
15.8840,2,7.9088,0.6419,0.0000,0.0000,-0.0000,0.0000,0.0000,0.0000,0.0000
15.8840,3,8.1809,2.1465,-0.0021,-0.0076,0.0035,-0.0003,0.0000,0.0000,0.0000
15.9140,1,4.9246,0.8650,0.1739,-0.0006,0.0036,0.0007,0.0000,0.0000,0.0000
15.9140,2,7.9088,0.6419,0.0000,0.0000,-0.0000,0.0000,0.0000,0.0000,0.0000
15.9140,3,8.1808,2.1465,-0.0021,-0.0076,0.0035,-0.0003,0.0000,0.0000,0.0000
15.9520,1,4.9246,0.8650,0.1739,-0.0006,0.0036,0.0007,0.0000,0.0000,0.0000
15.9520,2,7.9088,0.6419,0.0000,0.0000,-0.0000,0.0000,0.0000,0.0000,0.0000
15.9520,3,8.1807,2.1465,-0.0022,-0.0076,0.0035,-0.0003,0.0000,0.0000,0.0000
15.9840,1,4.9246,0.8650,0.1739,-0.0006,0.0036,0.0007,0.0000,0.0000,0.0000
15.9840,2,7.9088,0.6419,0.0000,0.0000,-0.0000,0.0000,0.0000,0.0000,0.0000
15.9840,3,8.1805,2.1464,-0.0022,-0.0076,0.0035,-0.0003,0.0000,0.0000,0.0000
16.0160,1,4.9246,0.8650,0.1739,-0.0006,0.0036,0.0007,0.0000,0.0000,0.0000
16.0160,2,7.9088,0.6419,0.0000,0.0000,-0.0000,0.0000,0.0000,0.0000,0.0000
16.0160,3,8.1804,2.1464,-0.0022,-0.0076,0.0035,-0.0003,0.0000,0.0000,0.0000
16.0500,1,4.9246,0.8650,0.1739,-0.0006,0.0036,0.0007,0.0000,0.0000,0.0000
16.0500,2,7.9088,0.6419,0.0000,0.0000,-0.0000,0.0000,0.0000,0.0000,0.0000
16.0500,3,8.1803,2.1464,-0.0022,-0.0076,0.0035,-0.0003,0.0000,0.0000,0.0000
16.0840,1,4.9246,0.8650,0.1739,-0.0006,0.0036,0.0007,0.0000,0.0000,0.0000
16.0840,2,7.9088,0.6419,0.0000,0.0000,-0.0000,0.0000,0.0000,0.0000,0.0000
16.0840,3,8.1801,2.1464,-0.0022,-0.0076,0.0035,-0.0003,0.0000,0.0000,0.0000
16.1160,1,4.9246,0.8650,0.1739,-0.0006,0.0036,0.0007,0.0000,0.0000,0.0000
16.1160,2,7.9088,0.6419,0.0000,0.0000,-0.0000,0.0000,0.0000,0.0000,0.0000
16.1160,3,8.1800,2.1464,-0.0022,-0.0076,0.0035,-0.0003,0.0000,0.0000,0.0000
16.1500,1,4.9246,0.8650,0.1739,-0.0006,0.0036,0.0007,0.0000,0.0000,0.0000
16.1500,2,7.9088,0.6419,0.0000,0.0000,-0.0000,0.0000,0.0000,0.0000,0.0000
16.1500,3,8.1799,2.1463,-0.0022,-0.0076,0.0035,-0.0003,0.0000,0.0000,0.0000
16.1840,1,4.9246,0.8650,0.1739,-0.0006,0.0036,0.0007,0.0000,0.0000,0.0000
16.1840,2,7.9088,0.6419,0.0000,0.0000,-0.0000,0.0000,0.0000,0.0000,0.0000
16.1840,3,8.1798,2.1463,-0.0022,-0.0076,0.0035,-0.0003,0.0000,0.0000,0.0000
16.2160,1,4.9246,0.8650,0.1739,-0.0006,0.0036,0.0007,0.0000,0.0000,0.0000
16.2160,2,7.9088,0.6419,0.0000,0.0000,-0.0000,0.0000,0.0000,0.0000,0.0000
16.2160,3,8.1796,2.1463,-0.0022,-0.0076,0.0035,-0.0003,0.0000,0.0000,0.0000
16.2500,1,4.9246,0.8650,0.1739,-0.0006,0.0036,0.0007,0.0000,0.0000,0.0000
16.2500,2,7.9088,0.6419,0.0000,0.0000,-0.0000,0.0000,0.0000,0.0000,0.0000
16.2500,3,8.1795,2.1463,-0.0022,-0.0076,0.0035,-0.0003,0.0000,0.0000,0.0000
16.2840,1,4.9246,0.8650,0.1739,-0.0006,0.0036,0.0007,0.0000,0.0000,0.0000
16.2840,2,7.9088,0.6419,0.0000,0.0000,-0.0000,0.0000,0.0000,0.0000,0.0000
16.2840,3,8.1794,2.1462,-0.0022,-0.0076,0.0035,-0.0003,0.0000,0.0000,0.0000
16.3160,1,4.9246,0.8650,0.1739,-0.0006,0.0036,0.0007,0.0000,0.0000,0.0000
16.3160,2,7.9088,0.6419,0.0000,0.0000,-0.0000,0.0000,0.0000,0.0000,0.0000
16.3160,3,8.1793,2.1462,-0.0022,-0.0076,0.0035,-0.0003,0.0000,0.0000,0.0000
16.3500,1,4.9246,0.8650,0.1739,-0.0006,0.0036,0.0007,0.0000,0.0000,0.0000
16.3500,2,7.9088,0.6419,0.0000,0.0000,-0.0000,0.0000,0.0000,0.0000,0.0000
16.3500,3,8.1791,2.1462,-0.0022,-0.0076,0.0035,-0.0003,0.0000,0.0000,0.0000
16.3840,1,4.9246,0.8650,0.1739,-0.0006,0.0036,0.0007,0.0000,0.0000,0.0000
16.3840,2,7.9088,0.6419,0.0000,0.0000,-0.0000,0.0000,0.0000,0.0000,0.0000
16.3840,3,8.1790,2.1462,-0.0022,-0.0076,0.0035,-0.0003,0.0000,0.0000,0.0000
16.4180,1,4.9246,0.8650,0.1739,-0.0006,0.0036,0.0007,0.0000,0.0000,0.0000
16.4180,2,7.9088,0.6419,0.0000,0.0000,-0.0000,0.0000,0.0000,0.0000,0.0000
16.4180,3,8.1789,2.1461,-0.0022,-0.0076,0.0035,-0.0003,0.0000,0.0000,0.0000
16.4500,1,4.9246,0.8650,0.1739,-0.0006,0.0036,0.0007,0.0000,0.0000,0.0000
16.4500,2,7.9088,0.6419,0.0000,0.0000,-0.0000,0.0000,0.0000,0.0000,0.0000
16.4500,3,8.1788,2.1461,-0.0022,-0.0076,0.0035,-0.0003,0.0000,0.0000,0.0000
16.4840,1,4.9246,0.8650,0.1739,-0.0006,0.0036,0.0007,0.0000,0.0000,0.0000
16.4840,2,7.9088,0.6419,0.0000,0.0000,-0.0000,0.0000,0.0000,0.0000,0.0000
16.4840,3,8.1786,2.1461,-0.0022,-0.0076,0.0035,-0.0003,0.0000,0.0000,0.0000
16.5180,1,4.9246,0.8650,0.1739,-0.0006,0.0036,0.0007,0.0000,0.0000,0.0000
16.5180,2,7.9088,0.6419,0.0000,0.0000,-0.0000,0.0000,0.0000,0.0000,0.0000
16.5180,3,8.1785,2.1461,-0.0022,-0.0076,0.0035,-0.0003,0.0000,0.0000,0.0000
16.5500,1,4.9246,0.8650,0.1739,-0.0006,0.0036,0.0007,0.0000,0.0000,0.0000
16.5500,2,7.9088,0.6419,0.0000,0.0000,-0.0000,0.0000,0.0000,0.0000,0.0000
16.5500,3,8.1784,2.1460,-0.0022,-0.0076,0.0035,-0.0003,0.0000,0.0000,0.0000
16.5840,1,4.9246,0.8650,0.1739,-0.0006,0.0036,0.0007,0.0000,0.0000,0.0000
16.5840,2,7.9088,0.6419,0.0000,0.0000,-0.0000,0.0000,0.0000,0.0000,0.0000
16.5840,3,8.1782,2.1460,-0.0022,-0.0076,0.0035,-0.0003,0.0000,0.0000,0.0000
16.6160,1,4.9246,0.8650,0.1739,-0.0006,0.0036,0.0007,0.0000,0.0000,0.0000
16.6160,2,7.9088,0.6419,0.0000,0.0000,-0.0000,0.0000,0.0000,0.0000,0.0000
16.6160,3,8.1781,2.1460,-0.0022,-0.0076,0.0035,-0.0003,0.0000,0.0000,0.0000
16.6500,1,4.9246,0.8650,0.1739,-0.0006,0.0036,0.0007,0.0000,0.0000,0.0000
16.6500,2,7.9088,0.6419,0.0000,0.0000,-0.0000,0.0000,0.0000,0.0000,0.0000
16.6500,3,8.1780,2.1460,-0.0022,-0.0076,0.0035,-0.0003,0.0000,0.0000,0.0000
16.6840,1,4.9246,0.8650,0.1739,-0.0006,0.0036,0.0007,0.0000,0.0000,0.0000
16.6840,2,7.9088,0.6419,0.0000,0.0000,-0.0000,0.0000,0.0000,0.0000,0.0000
16.6840,3,8.1779,2.1459,-0.0022,-0.0076,0.0035,-0.0003,0.0000,0.0000,0.0000
16.7160,1,4.9246,0.8650,0.1739,-0.0006,0.0036,0.0007,0.0000,0.0000,0.0000
16.7160,2,7.9088,0.6419,0.0000,0.0000,-0.0000,0.0000,0.0000,0.0000,0.0000
16.7160,3,8.1777,2.1459,-0.0022,-0.0076,0.0035,-0.0003,0.0000,0.0000,0.0000
16.7480,1,4.9246,0.8650,0.1739,-0.0006,0.0036,0.0007,0.0000,0.0000,0.0000
16.7480,2,7.9088,0.6419,0.0000,0.0000,-0.0000,0.0000,0.0000,0.0000,0.0000
16.7480,3,8.1776,2.1459,-0.0022,-0.0076,0.0035,-0.0003,0.0000,0.0000,0.0000
16.7860,1,4.9246,0.8650,0.1739,-0.0006,0.0036,0.0007,0.0000,0.0000,0.0000
16.7860,2,7.9088,0.6419,0.0000,0.0000,-0.0000,0.0000,0.0000,0.0000,0.0000
16.7860,3,8.1775,2.1459,-0.0023,-0.0076,0.0035,-0.0003,0.0000,0.0000,0.0000
16.8180,1,4.9246,0.8650,0.1739,-0.0006,0.0036,0.0007,0.0000,0.0000,0.0000
16.8180,2,7.9088,0.6419,0.0000,0.0000,-0.0000,0.0000,0.0000,0.0000,0.0000
16.8180,3,8.1773,2.1459,-0.0023,-0.0076,0.0035,-0.0003,0.0000,0.0000,0.0000
16.8520,1,4.9246,0.8650,0.1739,-0.0006,0.0036,0.0007,0.0000,0.0000,0.0000
16.8520,2,7.9088,0.6419,0.0000,0.0000,-0.0000,0.0000,0.0000,0.0000,0.0000
16.8520,3,8.1772,2.1458,-0.0023,-0.0076,0.0035,-0.0003,0.0000,0.0000,0.0000
16.8840,1,4.9246,0.8650,0.1739,-0.0006,0.0036,0.0007,0.0000,0.0000,0.0000
16.8840,2,7.9088,0.6419,0.0000,0.0000,-0.0000,0.0000,0.0000,0.0000,0.0000
16.8840,3,8.1771,2.1458,-0.0023,-0.0076,0.0035,-0.0003,0.0000,0.0000,0.0000
16.9140,1,4.9246,0.8650,0.1739,-0.0006,0.0036,0.0007,0.0000,0.0000,0.0000
16.9140,2,7.9088,0.6419,0.0000,0.0000,-0.0000,0.0000,0.0000,0.0000,0.0000
16.9140,3,8.1770,2.1458,-0.0023,-0.0076,0.0035,-0.0003,0.0000,0.0000,0.0000
16.9500,1,4.9246,0.8650,0.1739,-0.0006,0.0036,0.0007,0.0000,0.0000,0.0000
16.9500,2,7.9088,0.6419,0.0000,0.0000,-0.0000,0.0000,0.0000,0.0000,0.0000
16.9500,3,8.1768,2.1458,-0.0023,-0.0076,0.0035,-0.0003,0.0000,0.0000,0.0000
16.9840,1,4.9246,0.8650,0.1739,-0.0006,0.0036,0.0007,0.0000,0.0000,0.0000
16.9840,2,7.9088,0.6419,0.0000,0.0000,-0.0000,0.0000,0.0000,0.0000,0.0000
16.9840,3,8.1767,2.1457,-0.0023,-0.0076,0.0035,-0.0003,0.0000,0.0000,0.0000
17.0180,1,4.9246,0.8650,0.1739,-0.0006,0.0036,0.0007,0.0000,0.0000,0.0000
17.0180,2,7.9088,0.6419,0.0000,0.0000,-0.0000,0.0000,0.0000,0.0000,0.0000
17.0180,3,8.1766,2.1457,-0.0023,-0.0076,0.0035,-0.0003,0.0000,0.0000,0.0000
17.0500,1,4.9246,0.8650,0.1739,-0.0006,0.0036,0.0007,0.0000,0.0000,0.0000
17.0500,2,7.9088,0.6419,0.0000,0.0000,-0.0000,0.0000,0.0000,0.0000,0.0000
17.0500,3,8.1765,2.1457,-0.0023,-0.0076,0.0035,-0.0003,0.0000,0.0000,0.0000
17.0840,1,4.9246,0.8650,0.1739,-0.0006,0.0036,0.0007,0.0000,0.0000,0.0000
17.0840,2,7.9088,0.6419,0.0000,0.0000,-0.0000,0.0000,0.0000,0.0000,0.0000
17.0840,3,8.1763,2.1457,-0.0023,-0.0076,0.0035,-0.0003,0.0000,0.0000,0.0000
17.1140,1,4.9246,0.8650,0.1739,-0.0006,0.0036,0.0007,0.0000,0.0000,0.0000
17.1140,2,7.9088,0.6419,0.0000,0.0000,-0.0000,0.0000,0.0000,0.0000,0.0000
17.1140,3,8.1762,2.1456,-0.0023,-0.0076,0.0035,-0.0003,0.0000,0.0000,0.0000
17.1500,1,4.9246,0.8650,0.1739,-0.0006,0.0036,0.0007,0.0000,0.0000,0.0000
17.1500,2,7.9088,0.6419,0.0000,0.0000,-0.0000,0.0000,0.0000,0.0000,0.0000
17.1500,3,8.1761,2.1456,-0.0023,-0.0076,0.0035,-0.0003,0.0000,0.0000,0.0000
17.1840,1,4.9246,0.8650,0.1739,-0.0006,0.0036,0.0007,0.0000,0.0000,0.0000
17.1840,2,7.9088,0.6419,0.0000,0.0000,-0.0000,0.0000,0.0000,0.0000,0.0000
17.1840,3,8.1760,2.1456,-0.0023,-0.0076,0.0035,-0.0003,0.0000,0.0000,0.0000
17.2180,1,4.9246,0.8650,0.1739,-0.0006,0.0036,0.0007,0.0000,0.0000,0.0000
17.2180,2,7.9088,0.6419,0.0000,0.0000,-0.0000,0.0000,0.0000,0.0000,0.0000
17.2180,3,8.1758,2.1456,-0.0023,-0.0076,0.0035,-0.0003,0.0000,0.0000,0.0000
17.2500,1,4.9246,0.8650,0.1739,-0.0006,0.0036,0.0007,0.0000,0.0000,0.0000
17.2500,2,7.9088,0.6419,0.0000,0.0000,-0.0000,0.0000,0.0000,0.0000,0.0000
17.2500,3,8.1757,2.1455,-0.0023,-0.0076,0.0035,-0.0003,0.0000,0.0000,0.0000
17.2800,1,4.9246,0.8650,0.1739,-0.0006,0.0036,0.0007,0.0000,0.0000,0.0000
17.2800,2,7.9088,0.6419,0.0000,0.0000,-0.0000,0.0000,0.0000,0.0000,0.0000
17.2800,3,8.1756,2.1455,-0.0023,-0.0076,0.0035,-0.0003,0.0000,0.0000,0.0000
17.3160,1,4.9246,0.8650,0.1739,-0.0006,0.0036,0.0007,0.0000,0.0000,0.0000
17.3160,2,7.9088,0.6419,0.0000,0.0000,-0.0000,0.0000,0.0000,0.0000,0.0000
17.3160,3,8.1754,2.1455,-0.0023,-0.0076,0.0035,-0.0003,0.0000,0.0000,0.0000
17.3500,1,4.9246,0.8650,0.1739,-0.0006,0.0036,0.0007,0.0000,0.0000,0.0000
17.3500,2,7.9088,0.6419,0.0000,0.0000,-0.0000,0.0000,0.0000,0.0000,0.0000
17.3500,3,8.1753,2.1455,-0.0023,-0.0076,0.0035,-0.0003,0.0000,0.0000,0.0000
17.3840,1,4.9246,0.8650,0.1739,-0.0006,0.0036,0.0007,0.0000,0.0000,0.0000
17.3840,2,7.9088,0.6419,0.0000,0.0000,-0.0000,0.0000,0.0000,0.0000,0.0000
17.3840,3,8.1752,2.1454,-0.0023,-0.0076,0.0035,-0.0003,0.0000,0.0000,0.0000
17.4140,1,4.9246,0.8650,0.1739,-0.0006,0.0036,0.0007,0.0000,0.0000,0.0000
17.4140,2,7.9088,0.6419,0.0000,0.0000,-0.0000,0.0000,0.0000,0.0000,0.0000
17.4140,3,8.1751,2.1454,-0.0023,-0.0076,0.0035,-0.0003,0.0000,0.0000,0.0000
17.4500,1,4.9246,0.8650,0.1739,-0.0006,0.0036,0.0007,0.0000,0.0000,0.0000
17.4500,2,7.9088,0.6419,0.0000,0.0000,-0.0000,0.0000,0.0000,0.0000,0.0000
17.4500,3,8.1749,2.1454,-0.0023,-0.0076,0.0035,-0.0003,0.0000,0.0000,0.0000
17.4840,1,4.9246,0.8650,0.1739,-0.0006,0.0036,0.0007,0.0000,0.0000,0.0000
17.4840,2,7.9088,0.6419,0.0000,0.0000,-0.0000,0.0000,0.0000,0.0000,0.0000
17.4840,3,8.1748,2.1454,-0.0023,-0.0076,0.0035,-0.0003,0.0000,0.0000,0.0000
17.5140,1,4.9246,0.8650,0.1739,-0.0006,0.0036,0.0007,0.0000,0.0000,0.0000
17.5140,2,7.9088,0.6419,0.0000,0.0000,-0.0000,0.0000,0.0000,0.0000,0.0000
17.5140,3,8.1747,2.1454,-0.0023,-0.0076,0.0035,-0.0003,0.0000,0.0000,0.0000
17.5480,1,4.9246,0.8650,0.1739,-0.0006,0.0036,0.0007,0.0000,0.0000,0.0000
17.5480,2,7.9088,0.6419,0.0000,0.0000,-0.0000,0.0000,0.0000,0.0000,0.0000
17.5480,3,8.1746,2.1453,-0.0023,-0.0076,0.0035,-0.0003,0.0000,0.0000,0.0000
17.5840,1,4.9246,0.8650,0.1739,-0.0006,0.0036,0.0007,0.0000,0.0000,0.0000
17.5840,2,7.9088,0.6419,0.0000,0.0000,-0.0000,0.0000,0.0000,0.0000,0.0000
17.5840,3,8.1744,2.1453,-0.0023,-0.0076,0.0035,-0.0003,0.0000,0.0000,0.0000
17.6160,1,4.9246,0.8650,0.1739,-0.0006,0.0036,0.0007,0.0000,0.0000,0.0000
17.6160,2,7.9088,0.6419,0.0000,0.0000,-0.0000,0.0000,0.0000,0.0000,0.0000
17.6160,3,8.1743,2.1453,-0.0023,-0.0076,0.0035,-0.0003,0.0000,0.0000,0.0000
17.6500,1,4.9246,0.8650,0.1739,-0.0006,0.0036,0.0007,0.0000,0.0000,0.0000
17.6500,2,7.9088,0.6419,0.0000,0.0000,-0.0000,0.0000,0.0000,0.0000,0.0000
17.6500,3,8.1742,2.1453,-0.0024,-0.0076,0.0035,-0.0003,0.0000,0.0000,0.0000
17.6820,1,4.9246,0.8650,0.1739,-0.0006,0.0036,0.0007,0.0000,0.0000,0.0000
17.6820,2,7.9088,0.6419,0.0000,0.0000,-0.0000,0.0000,0.0000,0.0000,0.0000
17.6820,3,8.1741,2.1452,-0.0024,-0.0076,0.0035,-0.0003,0.0000,0.0000,0.0000
17.7160,1,4.9246,0.8650,0.1739,-0.0006,0.0036,0.0007,0.0000,0.0000,0.0000
17.7160,2,7.9088,0.6419,0.0000,0.0000,-0.0000,0.0000,0.0000,0.0000,0.0000
17.7160,3,8.1739,2.1452,-0.0024,-0.0076,0.0035,-0.0003,0.0000,0.0000,0.0000
17.7520,1,4.9246,0.8650,0.1739,-0.0006,0.0036,0.0007,0.0000,0.0000,0.0000
17.7520,2,7.9088,0.6419,0.0000,0.0000,-0.0000,0.0000,0.0000,0.0000,0.0000
17.7520,3,8.1738,2.1452,-0.0024,-0.0076,0.0035,-0.0003,0.0000,0.0000,0.0000
17.7800,1,4.9246,0.8650,0.1739,-0.0006,0.0036,0.0007,0.0000,0.0000,0.0000
17.7800,2,7.9088,0.6419,0.0000,0.0000,-0.0000,0.0000,0.0000,0.0000,0.0000
17.7800,3,8.1737,2.1452,-0.0024,-0.0076,0.0035,-0.0003,0.0000,0.0000,0.0000
17.8160,1,4.9246,0.8650,0.1739,-0.0006,0.0036,0.0007,0.0000,0.0000,0.0000
17.8160,2,7.9088,0.6419,0.0000,0.0000,-0.0000,0.0000,0.0000,0.0000,0.0000
17.8160,3,8.1735,2.1451,-0.0024,-0.0076,0.0035,-0.0003,0.0000,0.0000,0.0000
17.8500,1,4.9246,0.8650,0.1739,-0.0006,0.0036,0.0007,0.0000,0.0000,0.0000
17.8500,2,7.9088,0.6419,0.0000,0.0000,-0.0000,0.0000,0.0000,0.0000,0.0000
17.8500,3,8.1734,2.1451,-0.0024,-0.0076,0.0035,-0.0003,0.0000,0.0000,0.0000
17.8840,1,4.9246,0.8650,0.1739,-0.0006,0.0036,0.0007,0.0000,0.0000,0.0000
17.8840,2,7.9088,0.6419,0.0000,0.0000,-0.0000,0.0000,0.0000,0.0000,0.0000
17.8840,3,8.1733,2.1451,-0.0024,-0.0076,0.0035,-0.0003,0.0000,0.0000,0.0000
17.9140,1,4.9246,0.8650,0.1739,-0.0006,0.0036,0.0007,0.0000,0.0000,0.0000
17.9140,2,7.9088,0.6419,0.0000,0.0000,-0.0000,0.0000,0.0000,0.0000,0.0000
17.9140,3,8.1732,2.1451,-0.0024,-0.0076,0.0035,-0.0003,0.0000,0.0000,0.0000
17.9500,1,4.9246,0.8650,0.1739,-0.0006,0.0036,0.0007,0.0000,0.0000,0.0000
17.9500,2,7.9088,0.6419,0.0000,0.0000,-0.0000,0.0000,0.0000,0.0000,0.0000
17.9500,3,8.1730,2.1450,-0.0024,-0.0076,0.0035,-0.0003,0.0000,0.0000,0.0000
17.9840,1,4.9246,0.8650,0.1739,-0.0006,0.0036,0.0007,0.0000,0.0000,0.0000
17.9840,2,7.9088,0.6419,0.0000,0.0000,-0.0000,0.0000,0.0000,0.0000,0.0000
17.9840,3,8.1729,2.1450,-0.0024,-0.0076,0.0035,-0.0003,0.0000,0.0000,0.0000
18.0140,1,4.9246,0.8650,0.1739,-0.0006,0.0036,0.0007,0.0000,0.0000,0.0000
18.0140,2,7.9088,0.6419,0.0000,0.0000,-0.0000,0.0000,0.0000,0.0000,0.0000
18.0140,3,8.1728,2.1450,-0.0024,-0.0076,0.0035,-0.0003,0.0000,0.0000,0.0000
18.0500,1,4.9246,0.8650,0.1739,-0.0006,0.0036,0.0007,0.0000,0.0000,0.0000
18.0500,2,7.9088,0.6419,0.0000,0.0000,-0.0000,0.0000,0.0000,0.0000,0.0000
18.0500,3,8.1726,2.1450,-0.0024,-0.0076,0.0035,-0.0003,0.0000,0.0000,0.0000
18.0840,1,4.9246,0.8650,0.1739,-0.0006,0.0036,0.0007,0.0000,0.0000,0.0000
18.0840,2,7.9088,0.6419,0.0000,0.0000,-0.0000,0.0000,0.0000,0.0000,0.0000
18.0840,3,8.1725,2.1449,-0.0024,-0.0076,0.0035,-0.0003,0.0000,0.0000,0.0000
18.1180,1,4.9246,0.8650,0.1739,-0.0006,0.0036,0.0007,0.0000,0.0000,0.0000
18.1180,2,7.9088,0.6419,0.0000,0.0000,-0.0000,0.0000,0.0000,0.0000,0.0000
18.1180,3,8.1724,2.1449,-0.0024,-0.0076,0.0035,-0.0003,0.0000,0.0000,0.0000
18.1500,1,4.9246,0.8650,0.1739,-0.0006,0.0036,0.0007,0.0000,0.0000,0.0000
18.1500,2,7.9088,0.6419,0.0000,0.0000,-0.0000,0.0000,0.0000,0.0000,0.0000
18.1500,3,8.1723,2.1449,-0.0024,-0.0076,0.0035,-0.0003,0.0000,0.0000,0.0000
18.1840,1,4.9246,0.8650,0.1739,-0.0006,0.0036,0.0007,0.0000,0.0000,0.0000
18.1840,2,7.9088,0.6419,0.0000,0.0000,-0.0000,0.0000,0.0000,0.0000,0.0000
18.1840,3,8.1721,2.1449,-0.0024,-0.0076,0.0035,-0.0003,0.0000,0.0000,0.0000
18.2180,1,4.9246,0.8650,0.1739,-0.0006,0.0036,0.0007,0.0000,0.0000,0.0000
18.2180,2,7.9088,0.6419,0.0000,0.0000,-0.0000,0.0000,0.0000,0.0000,0.0000
18.2180,3,8.1720,2.1448,-0.0024,-0.0076,0.0035,-0.0003,0.0000,0.0000,0.0000
18.2500,1,4.9246,0.8650,0.1739,-0.0006,0.0036,0.0007,0.0000,0.0000,0.0000
18.2500,2,7.9088,0.6419,0.0000,0.0000,-0.0000,0.0000,0.0000,0.0000,0.0000
18.2500,3,8.1719,2.1448,-0.0024,-0.0076,0.0035,-0.0003,0.0000,0.0000,0.0000
18.2840,1,4.9246,0.8650,0.1739,-0.0006,0.0036,0.0007,0.0000,0.0000,0.0000
18.2840,2,7.9088,0.6419,0.0000,0.0000,-0.0000,0.0000,0.0000,0.0000,0.0000
18.2840,3,8.1718,2.1448,-0.0024,-0.0076,0.0035,-0.0003,0.0000,0.0000,0.0000
18.3160,1,4.9246,0.8650,0.1739,-0.0006,0.0036,0.0007,0.0000,0.0000,0.0000
18.3160,2,7.9088,0.6419,0.0000,0.0000,-0.0000,0.0000,0.0000,0.0000,0.0000
18.3160,3,8.1716,2.1448,-0.0024,-0.0076,0.0035,-0.0003,0.0000,0.0000,0.0000
18.3520,1,4.9246,0.8650,0.1739,-0.0006,0.0036,0.0007,0.0000,0.0000,0.0000
18.3520,2,7.9088,0.6419,0.0000,0.0000,-0.0000,0.0000,0.0000,0.0000,0.0000
18.3520,3,8.1715,2.1448,-0.0024,-0.0076,0.0035,-0.0003,0.0000,0.0000,0.0000
18.3840,1,4.9246,0.8650,0.1739,-0.0006,0.0036,0.0007,0.0000,0.0000,0.0000
18.3840,2,7.9088,0.6419,0.0000,0.0000,-0.0000,0.0000,0.0000,0.0000,0.0000
18.3840,3,8.1714,2.1447,-0.0024,-0.0076,0.0035,-0.0003,0.0000,0.0000,0.0000
18.4160,1,4.9246,0.8650,0.1739,-0.0006,0.0036,0.0007,0.0000,0.0000,0.0000
18.4160,2,7.9088,0.6419,0.0000,0.0000,-0.0000,0.0000,0.0000,0.0000,0.0000
18.4160,3,8.1713,2.1447,-0.0024,-0.0076,0.0035,-0.0003,0.0000,0.0000,0.0000
18.4500,1,4.9246,0.8650,0.1739,-0.0006,0.0036,0.0007,0.0000,0.0000,0.0000
18.4500,2,7.9088,0.6419,0.0000,0.0000,-0.0000,0.0000,0.0000,0.0000,0.0000
18.4500,3,8.1711,2.1447,-0.0024,-0.0076,0.0035,-0.0003,0.0000,0.0000,0.0000
18.4840,1,4.9246,0.8650,0.1739,-0.0006,0.0036,0.0007,0.0000,0.0000,0.0000
18.4840,2,7.9088,0.6419,0.0000,0.0000,-0.0000,0.0000,0.0000,0.0000,0.0000
18.4840,3,8.1710,2.1447,-0.0025,-0.0076,0.0035,-0.0003,0.0000,0.0000,0.0000
18.5160,1,4.9246,0.8650,0.1739,-0.0006,0.0036,0.0007,0.0000,0.0000,0.0000
18.5160,2,7.9088,0.6419,0.0000,0.0000,-0.0000,0.0000,0.0000,0.0000,0.0000
18.5160,3,8.1709,2.1446,-0.0025,-0.0076,0.0035,-0.0003,0.0000,0.0000,0.0000
18.5480,1,4.9246,0.8650,0.1739,-0.0006,0.0036,0.0007,0.0000,0.0000,0.0000
18.5480,2,7.9088,0.6419,0.0000,0.0000,-0.0000,0.0000,0.0000,0.0000,0.0000
18.5480,3,8.1707,2.1446,-0.0025,-0.0076,0.0035,-0.0003,0.0000,0.0000,0.0000
18.5820,1,4.9246,0.8650,0.1739,-0.0006,0.0036,0.0007,0.0000,0.0000,0.0000
18.5820,2,7.9088,0.6419,0.0000,0.0000,-0.0000,0.0000,0.0000,0.0000,0.0000
18.5820,3,8.1706,2.1446,-0.0025,-0.0076,0.0035,-0.0003,0.0000,0.0000,0.0000
18.6160,1,4.9246,0.8650,0.1739,-0.0006,0.0036,0.0007,0.0000,0.0000,0.0000
18.6160,2,7.9088,0.6419,0.0000,0.0000,-0.0000,0.0000,0.0000,0.0000,0.0000
18.6160,3,8.1705,2.1446,-0.0025,-0.0076,0.0035,-0.0003,0.0000,0.0000,0.0000
18.6500,1,4.9246,0.8650,0.1739,-0.0006,0.0036,0.0007,0.0000,0.0000,0.0000
18.6500,2,7.9088,0.6419,0.0000,0.0000,-0.0000,0.0000,0.0000,0.0000,0.0000
18.6500,3,8.1704,2.1445,-0.0025,-0.0076,0.0035,-0.0003,0.0000,0.0000,0.0000
18.6840,1,4.9246,0.8650,0.1739,-0.0006,0.0036,0.0007,0.0000,0.0000,0.0000
18.6840,2,7.9088,0.6419,0.0000,0.0000,-0.0000,0.0000,0.0000,0.0000,0.0000
18.6840,3,8.1702,2.1445,-0.0025,-0.0076,0.0035,-0.0003,0.0000,0.0000,0.0000
18.7140,1,4.9246,0.8650,0.1739,-0.0006,0.0036,0.0007,0.0000,0.0000,0.0000
18.7140,2,7.9088,0.6419,0.0000,0.0000,-0.0000,0.0000,0.0000,0.0000,0.0000
18.7140,3,8.1701,2.1445,-0.0025,-0.0076,0.0035,-0.0003,0.0000,0.0000,0.0000
18.7500,1,4.9246,0.8650,0.1739,-0.0006,0.0036,0.0007,0.0000,0.0000,0.0000
18.7500,2,7.9088,0.6419,0.0000,0.0000,-0.0000,0.0000,0.0000,0.0000,0.0000
18.7500,3,8.1700,2.1445,-0.0025,-0.0076,0.0035,-0.0003,0.0000,0.0000,0.0000
18.7820,1,4.9246,0.8650,0.1739,-0.0006,0.0036,0.0007,0.0000,0.0000,0.0000
18.7820,2,7.9088,0.6419,0.0000,0.0000,-0.0000,0.0000,0.0000,0.0000,0.0000
18.7820,3,8.1699,2.1444,-0.0025,-0.0076,0.0035,-0.0003,0.0000,0.0000,0.0000
18.8160,1,4.9246,0.8650,0.1739,-0.0006,0.0036,0.0007,0.0000,0.0000,0.0000
18.8160,2,7.9088,0.6419,0.0000,0.0000,-0.0000,0.0000,0.0000,0.0000,0.0000
18.8160,3,8.1697,2.1444,-0.0025,-0.0076,0.0035,-0.0003,0.0000,0.0000,0.0000
18.8480,1,4.9246,0.8650,0.1739,-0.0006,0.0036,0.0007,0.0000,0.0000,0.0000
18.8480,2,7.9088,0.6419,0.0000,0.0000,-0.0000,0.0000,0.0000,0.0000,0.0000
18.8480,3,8.1696,2.1444,-0.0025,-0.0076,0.0035,-0.0003,0.0000,0.0000,0.0000
18.8840,1,4.9246,0.8650,0.1739,-0.0006,0.0036,0.0007,0.0000,0.0000,0.0000
18.8840,2,7.9088,0.6419,0.0000,0.0000,-0.0000,0.0000,0.0000,0.0000,0.0000
18.8840,3,8.1695,2.1444,-0.0025,-0.0076,0.0035,-0.0003,0.0000,0.0000,0.0000
18.9160,1,4.9246,0.8650,0.1739,-0.0006,0.0036,0.0007,0.0000,0.0000,0.0000
18.9160,2,7.9088,0.6419,0.0000,0.0000,-0.0000,0.0000,0.0000,0.0000,0.0000
18.9160,3,8.1693,2.1444,-0.0025,-0.0076,0.0035,-0.0003,0.0000,0.0000,0.0000
18.9480,1,4.9246,0.8650,0.1739,-0.0006,0.0036,0.0007,0.0000,0.0000,0.0000
18.9480,2,7.9088,0.6419,0.0000,0.0000,-0.0000,0.0000,0.0000,0.0000,0.0000
18.9480,3,8.1692,2.1443,-0.0025,-0.0076,0.0035,-0.0003,0.0000,0.0000,0.0000
18.9820,1,4.9246,0.8650,0.1739,-0.0006,0.0036,0.0007,0.0000,0.0000,0.0000
18.9820,2,7.9088,0.6419,0.0000,0.0000,-0.0000,0.0000,0.0000,0.0000,0.0000
18.9820,3,8.1691,2.1443,-0.0025,-0.0076,0.0035,-0.0003,0.0000,0.0000,0.0000
19.0140,1,4.9246,0.8650,0.1739,-0.0006,0.0036,0.0007,0.0000,0.0000,0.0000
19.0140,2,7.9088,0.6419,0.0000,0.0000,-0.0000,0.0000,0.0000,0.0000,0.0000
19.0140,3,8.1690,2.1443,-0.0025,-0.0076,0.0035,-0.0003,0.0000,0.0000,0.0000
19.0480,1,4.9246,0.8650,0.1739,-0.0006,0.0036,0.0007,0.0000,0.0000,0.0000
19.0480,2,7.9088,0.6419,0.0000,0.0000,-0.0000,0.0000,0.0000,0.0000,0.0000
19.0480,3,8.1688,2.1443,-0.0025,-0.0076,0.0035,-0.0003,0.0000,0.0000,0.0000
19.0840,1,4.9246,0.8650,0.1739,-0.0006,0.0036,0.0007,0.0000,0.0000,0.0000
19.0840,2,7.9088,0.6419,0.0000,0.0000,-0.0000,0.0000,0.0000,0.0000,0.0000
19.0840,3,8.1687,2.1442,-0.0025,-0.0076,0.0036,-0.0003,0.0000,0.0000,0.0000
19.1180,1,4.9246,0.8650,0.1739,-0.0006,0.0036,0.0007,0.0000,0.0000,0.0000
19.1180,2,7.9088,0.6419,0.0000,0.0000,-0.0000,0.0000,0.0000,0.0000,0.0000
19.1180,3,8.1686,2.1442,-0.0025,-0.0076,0.0036,-0.0003,0.0000,0.0000,0.0000
19.1500,1,4.9246,0.8650,0.1739,-0.0006,0.0036,0.0007,0.0000,0.0000,0.0000
19.1500,2,7.9088,0.6419,0.0000,0.0000,-0.0000,0.0000,0.0000,0.0000,0.0000
19.1500,3,8.1685,2.1442,-0.0025,-0.0076,0.0036,-0.0003,0.0000,0.0000,0.0000
19.1820,1,4.9246,0.8650,0.1739,-0.0006,0.0036,0.0007,0.0000,0.0000,0.0000
19.1820,2,7.9088,0.6419,0.0000,0.0000,-0.0000,0.0000,0.0000,0.0000,0.0000
19.1820,3,8.1683,2.1442,-0.0025,-0.0076,0.0036,-0.0003,0.0000,0.0000,0.0000
19.2140,1,4.9246,0.8650,0.1739,-0.0006,0.0036,0.0007,0.0000,0.0000,0.0000
19.2140,2,7.9088,0.6419,0.0000,0.0000,-0.0000,0.0000,0.0000,0.0000,0.0000
19.2140,3,8.1682,2.1441,-0.0025,-0.0076,0.0035,-0.0003,0.0000,0.0000,0.0000
19.2480,1,4.9246,0.8650,0.1739,-0.0006,0.0036,0.0007,0.0000,0.0000,0.0000
19.2480,2,7.9088,0.6419,0.0000,0.0000,-0.0000,0.0000,0.0000,0.0000,0.0000
19.2480,3,8.1681,2.1441,-0.0025,-0.0076,0.0035,-0.0003,0.0000,0.0000,0.0000
19.2840,1,4.9246,0.8650,0.1739,-0.0006,0.0036,0.0007,0.0000,0.0000,0.0000
19.2840,2,7.9088,0.6419,0.0000,0.0000,-0.0000,0.0000,0.0000,0.0000,0.0000
19.2840,3,8.1679,2.1441,-0.0025,-0.0076,0.0035,-0.0003,0.0000,0.0000,0.0000
19.3160,1,4.9246,0.8650,0.1739,-0.0006,0.0036,0.0007,0.0000,0.0000,0.0000
19.3160,2,7.9088,0.6419,0.0000,0.0000,-0.0000,0.0000,0.0000,0.0000,0.0000
19.3160,3,8.1678,2.1441,-0.0026,-0.0076,0.0035,-0.0003,0.0000,0.0000,0.0000
19.3500,1,4.9246,0.8650,0.1739,-0.0006,0.0036,0.0007,0.0000,0.0000,0.0000
19.3500,2,7.9088,0.6419,0.0000,0.0000,-0.0000,0.0000,0.0000,0.0000,0.0000
19.3500,3,8.1677,2.1440,-0.0026,-0.0076,0.0035,-0.0003,0.0000,0.0000,0.0000
19.3840,1,4.9246,0.8650,0.1739,-0.0006,0.0036,0.0007,0.0000,0.0000,0.0000
19.3840,2,7.9088,0.6419,0.0000,0.0000,-0.0000,0.0000,0.0000,0.0000,0.0000
19.3840,3,8.1676,2.1440,-0.0026,-0.0076,0.0035,-0.0003,0.0000,0.0000,0.0000
19.4160,1,4.9246,0.8650,0.1739,-0.0006,0.0036,0.0007,0.0000,0.0000,0.0000
19.4160,2,7.9088,0.6419,0.0000,0.0000,-0.0000,0.0000,0.0000,0.0000,0.0000
19.4160,3,8.1674,2.1440,-0.0026,-0.0076,0.0035,-0.0003,0.0000,0.0000,0.0000
19.4500,1,4.9246,0.8650,0.1739,-0.0006,0.0036,0.0007,0.0000,0.0000,0.0000
19.4500,2,7.9088,0.6419,0.0000,0.0000,-0.0000,0.0000,0.0000,0.0000,0.0000
19.4500,3,8.1673,2.1440,-0.0026,-0.0076,0.0036,-0.0003,0.0000,0.0000,0.0000
19.4820,1,4.9246,0.8650,0.1739,-0.0006,0.0036,0.0007,0.0000,0.0000,0.0000
19.4820,2,7.9088,0.6419,0.0000,0.0000,-0.0000,0.0000,0.0000,0.0000,0.0000
19.4820,3,8.1672,2.1439,-0.0026,-0.0076,0.0036,-0.0003,0.0000,0.0000,0.0000
19.5160,1,4.9246,0.8650,0.1739,-0.0006,0.0036,0.0007,0.0000,0.0000,0.0000
19.5160,2,7.9088,0.6419,0.0000,0.0000,-0.0000,0.0000,0.0000,0.0000,0.0000
19.5160,3,8.1671,2.1439,-0.0026,-0.0076,0.0036,-0.0003,0.0000,0.0000,0.0000
19.5500,1,4.9246,0.8650,0.1739,-0.0006,0.0036,0.0007,0.0000,0.0000,0.0000
19.5500,2,7.9088,0.6419,0.0000,0.0000,-0.0000,0.0000,0.0000,0.0000,0.0000
19.5500,3,8.1669,2.1439,-0.0026,-0.0076,0.0036,-0.0003,0.0000,0.0000,0.0000
19.5840,1,4.9246,0.8650,0.1739,-0.0006,0.0036,0.0007,0.0000,0.0000,0.0000
19.5840,2,7.9088,0.6419,0.0000,0.0000,-0.0000,0.0000,0.0000,0.0000,0.0000
19.5840,3,8.1668,2.1439,-0.0026,-0.0076,0.0036,-0.0003,0.0000,0.0000,0.0000
19.6160,1,4.9246,0.8650,0.1739,-0.0006,0.0036,0.0007,0.0000,0.0000,0.0000
19.6160,2,7.9088,0.6419,0.0000,0.0000,-0.0000,0.0000,0.0000,0.0000,0.0000
19.6160,3,8.1667,2.1438,-0.0026,-0.0076,0.0036,-0.0003,0.0000,0.0000,0.0000
19.6500,1,4.9246,0.8650,0.1739,-0.0006,0.0036,0.0007,0.0000,0.0000,0.0000
19.6500,2,7.9088,0.6419,0.0000,0.0000,-0.0000,0.0000,0.0000,0.0000,0.0000
19.6500,3,8.1665,2.1438,-0.0026,-0.0076,0.0036,-0.0003,0.0000,0.0000,0.0000
19.6840,1,4.9246,0.8650,0.1739,-0.0006,0.0036,0.0007,0.0000,0.0000,0.0000
19.6840,2,7.9088,0.6419,0.0000,0.0000,-0.0000,0.0000,0.0000,0.0000,0.0000
19.6840,3,8.1664,2.1438,-0.0026,-0.0076,0.0036,-0.0003,0.0000,0.0000,0.0000
19.7160,1,4.9246,0.8650,0.1739,-0.0006,0.0036,0.0007,0.0000,0.0000,0.0000
19.7160,2,7.9088,0.6419,0.0000,0.0000,-0.0000,0.0000,0.0000,0.0000,0.0000
19.7160,3,8.1663,2.1438,-0.0026,-0.0076,0.0035,-0.0003,0.0000,0.0000,0.0000
19.7500,1,4.9246,0.8650,0.1739,-0.0006,0.0036,0.0007,0.0000,0.0000,0.0000
19.7500,2,7.9088,0.6419,0.0000,0.0000,-0.0000,0.0000,0.0000,0.0000,0.0000
19.7500,3,8.1662,2.1438,-0.0026,-0.0076,0.0035,-0.0003,0.0000,0.0000,0.0000
19.7840,1,4.9246,0.8650,0.1739,-0.0006,0.0036,0.0007,0.0000,0.0000,0.0000
19.7840,2,7.9088,0.6419,0.0000,0.0000,-0.0000,0.0000,0.0000,0.0000,0.0000
19.7840,3,8.1660,2.1437,-0.0026,-0.0076,0.0036,-0.0003,0.0000,0.0000,0.0000
19.8140,1,4.9246,0.8650,0.1739,-0.0006,0.0036,0.0007,0.0000,0.0000,0.0000
19.8140,2,7.9088,0.6419,0.0000,0.0000,-0.0000,0.0000,0.0000,0.0000,0.0000
19.8140,3,8.1659,2.1437,-0.0026,-0.0076,0.0036,-0.0003,0.0000,0.0000,0.0000
19.8500,1,4.9246,0.8650,0.1739,-0.0006,0.0036,0.0007,0.0000,0.0000,0.0000
19.8500,2,7.9088,0.6419,0.0000,0.0000,-0.0000,0.0000,0.0000,0.0000,0.0000
19.8500,3,8.1658,2.1437,-0.0026,-0.0076,0.0036,-0.0003,0.0000,0.0000,0.0000
19.8840,1,4.9246,0.8650,0.1739,-0.0006,0.0036,0.0007,0.0000,0.0000,0.0000
19.8840,2,7.9088,0.6419,0.0000,0.0000,-0.0000,0.0000,0.0000,0.0000,0.0000
19.8840,3,8.1657,2.1437,-0.0026,-0.0076,0.0036,-0.0003,0.0000,0.0000,0.0000
19.9160,1,4.9246,0.8650,0.1739,-0.0006,0.0036,0.0007,0.0000,0.0000,0.0000
19.9160,2,7.9088,0.6419,0.0000,0.0000,-0.0000,0.0000,0.0000,0.0000,0.0000
19.9160,3,8.1655,2.1436,-0.0026,-0.0076,0.0036,-0.0003,0.0000,0.0000,0.0000
19.9500,1,4.9246,0.8650,0.1739,-0.0006,0.0036,0.0007,0.0000,0.0000,0.0000
19.9500,2,7.9088,0.6419,0.0000,0.0000,-0.0000,0.0000,0.0000,0.0000,0.0000
19.9500,3,8.1654,2.1436,-0.0026,-0.0076,0.0036,-0.0003,0.0000,0.0000,0.0000
19.9820,1,4.9246,0.8650,0.1739,-0.0006,0.0036,0.0007,0.0000,0.0000,0.0000
19.9820,2,7.9088,0.6419,0.0000,0.0000,-0.0000,0.0000,0.0000,0.0000,0.0000
19.9820,3,8.1653,2.1436,-0.0026,-0.0076,0.0036,-0.0003,0.0000,0.0000,0.0000
20.0160,1,4.9246,0.8650,0.1739,-0.0006,0.0036,0.0007,0.0000,0.0000,0.0000
20.0160,2,7.9088,0.6419,0.0000,0.0000,-0.0000,0.0000,0.0000,0.0000,0.0000
20.0160,3,8.1651,2.1436,-0.0026,-0.0076,0.0036,-0.0003,0.0000,0.0000,0.0000
20.0500,1,4.9246,0.8650,0.1739,-0.0006,0.0036,0.0007,0.0000,0.0000,0.0000
20.0500,2,7.9088,0.6419,0.0000,0.0000,-0.0000,0.0000,0.0000,0.0000,0.0000
20.0500,3,8.1650,2.1435,-0.0026,-0.0076,0.0036,-0.0003,0.0000,0.0000,0.0000
20.0840,1,4.9246,0.8650,0.1739,-0.0006,0.0036,0.0007,0.0000,0.0000,0.0000
20.0840,2,7.9088,0.6419,0.0000,0.0000,-0.0000,0.0000,0.0000,0.0000,0.0000
20.0840,3,8.1649,2.1435,-0.0026,-0.0076,0.0036,-0.0003,0.0000,0.0000,0.0000
20.1160,1,4.9246,0.8650,0.1739,-0.0006,0.0036,0.0007,0.0000,0.0000,0.0000
20.1160,2,7.9088,0.6419,0.0000,0.0000,-0.0000,0.0000,0.0000,0.0000,0.0000
20.1160,3,8.1648,2.1435,-0.0026,-0.0076,0.0036,-0.0003,0.0000,0.0000,0.0000
20.1500,1,4.9246,0.8650,0.1739,-0.0006,0.0036,0.0007,0.0000,0.0000,0.0000
20.1500,2,7.9088,0.6419,0.0000,0.0000,-0.0000,0.0000,0.0000,0.0000,0.0000
20.1500,3,8.1646,2.1435,-0.0027,-0.0076,0.0036,-0.0003,0.0000,0.0000,0.0000
20.1820,1,4.9246,0.8650,0.1739,-0.0006,0.0036,0.0007,0.0000,0.0000,0.0000
20.1820,2,7.9088,0.6419,0.0000,0.0000,-0.0000,0.0000,0.0000,0.0000,0.0000
20.1820,3,8.1645,2.1434,-0.0027,-0.0076,0.0036,-0.0003,0.0000,0.0000,0.0000
20.2140,1,4.9246,0.8650,0.1739,-0.0006,0.0036,0.0007,0.0000,0.0000,0.0000
20.2140,2,7.9088,0.6419,0.0000,0.0000,-0.0000,0.0000,0.0000,0.0000,0.0000
20.2140,3,8.1644,2.1434,-0.0027,-0.0076,0.0036,-0.0003,0.0000,0.0000,0.0000
20.2480,1,4.9246,0.8650,0.1739,-0.0006,0.0036,0.0007,0.0000,0.0000,0.0000
20.2480,2,7.9088,0.6419,0.0000,0.0000,-0.0000,0.0000,0.0000,0.0000,0.0000
20.2480,3,8.1643,2.1434,-0.0027,-0.0076,0.0036,-0.0003,0.0000,0.0000,0.0000
20.2840,1,4.9246,0.8650,0.1739,-0.0006,0.0036,0.0007,0.0000,0.0000,0.0000
20.2840,2,7.9088,0.6419,0.0000,0.0000,-0.0000,0.0000,0.0000,0.0000,0.0000
20.2840,3,8.1641,2.1434,-0.0027,-0.0076,0.0036,-0.0003,0.0000,0.0000,0.0000
20.3160,1,4.9246,0.8650,0.1739,-0.0006,0.0036,0.0007,0.0000,0.0000,0.0000
20.3160,2,7.9088,0.6419,0.0000,0.0000,-0.0000,0.0000,0.0000,0.0000,0.0000
20.3160,3,8.1640,2.1433,-0.0027,-0.0076,0.0036,-0.0003,0.0000,0.0000,0.0000
20.3500,1,4.9246,0.8650,0.1739,-0.0006,0.0036,0.0007,0.0000,0.0000,0.0000
20.3500,2,7.9088,0.6419,0.0000,0.0000,-0.0000,0.0000,0.0000,0.0000,0.0000
20.3500,3,8.1639,2.1433,-0.0027,-0.0076,0.0036,-0.0003,0.0000,0.0000,0.0000
20.3820,1,4.9246,0.8650,0.1739,-0.0006,0.0036,0.0007,0.0000,0.0000,0.0000
20.3820,2,7.9088,0.6419,0.0000,0.0000,-0.0000,0.0000,0.0000,0.0000,0.0000
20.3820,3,8.1638,2.1433,-0.0027,-0.0076,0.0036,-0.0003,0.0000,0.0000,0.0000
20.4160,1,4.9246,0.8650,0.1739,-0.0006,0.0036,0.0007,0.0000,0.0000,0.0000
20.4160,2,7.9088,0.6419,0.0000,0.0000,-0.0000,0.0000,0.0000,0.0000,0.0000
20.4160,3,8.1636,2.1433,-0.0027,-0.0076,0.0036,-0.0003,0.0000,0.0000,0.0000
20.4480,1,4.9246,0.8650,0.1739,-0.0006,0.0036,0.0007,0.0000,0.0000,0.0000
20.4480,2,7.9088,0.6419,0.0000,0.0000,-0.0000,0.0000,0.0000,0.0000,0.0000
20.4480,3,8.1635,2.1433,-0.0027,-0.0076,0.0036,-0.0003,0.0000,0.0000,0.0000
20.4820,1,4.9246,0.8650,0.1739,-0.0006,0.0036,0.0007,0.0000,0.0000,0.0000
20.4820,2,7.9088,0.6419,0.0000,0.0000,-0.0000,0.0000,0.0000,0.0000,0.0000
20.4820,3,8.1634,2.1432,-0.0027,-0.0076,0.0036,-0.0003,0.0000,0.0000,0.0000
20.5140,1,4.9246,0.8650,0.1739,-0.0006,0.0036,0.0007,0.0000,0.0000,0.0000
20.5140,2,7.9088,0.6419,0.0000,0.0000,-0.0000,0.0000,0.0000,0.0000,0.0000
20.5140,3,8.1632,2.1432,-0.0027,-0.0076,0.0036,-0.0003,0.0000,0.0000,0.0000
20.5500,1,4.9246,0.8650,0.1739,-0.0006,0.0036,0.0007,0.0000,0.0000,0.0000
20.5500,2,7.9088,0.6419,0.0000,0.0000,-0.0000,0.0000,0.0000,0.0000,0.0000
20.5500,3,8.1631,2.1432,-0.0027,-0.0076,0.0036,-0.0003,0.0000,0.0000,0.0000
20.5820,1,4.9246,0.8650,0.1739,-0.0006,0.0036,0.0007,0.0000,0.0000,0.0000
20.5820,2,7.9088,0.6419,0.0000,0.0000,-0.0000,0.0000,0.0000,0.0000,0.0000
20.5820,3,8.1630,2.1432,-0.0027,-0.0076,0.0036,-0.0003,0.0000,0.0000,0.0000
20.6160,1,4.9246,0.8650,0.1739,-0.0006,0.0036,0.0007,0.0000,0.0000,0.0000
20.6160,2,7.9088,0.6419,0.0000,0.0000,-0.0000,0.0000,0.0000,0.0000,0.0000
20.6160,3,8.1629,2.1431,-0.0027,-0.0076,0.0036,-0.0003,0.0000,0.0000,0.0000
20.6480,1,4.9246,0.8650,0.1739,-0.0006,0.0036,0.0007,0.0000,0.0000,0.0000
20.6480,2,7.9088,0.6419,0.0000,0.0000,-0.0000,0.0000,0.0000,0.0000,0.0000
20.6480,3,8.1627,2.1431,-0.0027,-0.0076,0.0036,-0.0003,0.0000,0.0000,0.0000
20.6840,1,4.9246,0.8650,0.1739,-0.0006,0.0036,0.0007,0.0000,0.0000,0.0000
20.6840,2,7.9088,0.6419,0.0000,0.0000,-0.0000,0.0000,0.0000,0.0000,0.0000
20.6840,3,8.1626,2.1431,-0.0027,-0.0076,0.0036,-0.0003,0.0000,0.0000,0.0000
20.7160,1,4.9246,0.8650,0.1739,-0.0006,0.0036,0.0007,0.0000,0.0000,0.0000
20.7160,2,7.9088,0.6419,0.0000,0.0000,-0.0000,0.0000,0.0000,0.0000,0.0000
20.7160,3,8.1625,2.1431,-0.0027,-0.0076,0.0036,-0.0003,0.0000,0.0000,0.0000
20.7500,1,4.9246,0.8650,0.1739,-0.0006,0.0036,0.0007,0.0000,0.0000,0.0000
20.7500,2,7.9088,0.6419,0.0000,0.0000,-0.0000,0.0000,0.0000,0.0000,0.0000
20.7500,3,8.1623,2.1430,-0.0027,-0.0076,0.0036,-0.0003,0.0000,0.0000,0.0000
20.7820,1,4.9246,0.8650,0.1739,-0.0006,0.0036,0.0007,0.0000,0.0000,0.0000
20.7820,2,7.9088,0.6419,0.0000,0.0000,-0.0000,0.0000,0.0000,0.0000,0.0000
20.7820,3,8.1622,2.1430,-0.0027,-0.0076,0.0036,-0.0003,0.0000,0.0000,0.0000
20.8160,1,4.9246,0.8650,0.1739,-0.0006,0.0036,0.0007,0.0000,0.0000,0.0000
20.8160,2,7.9088,0.6419,0.0000,0.0000,-0.0000,0.0000,0.0000,0.0000,0.0000
20.8160,3,8.1621,2.1430,-0.0027,-0.0076,0.0036,-0.0003,0.0000,0.0000,0.0000
20.8500,1,4.9246,0.8650,0.1739,-0.0006,0.0036,0.0007,0.0000,0.0000,0.0000
20.8500,2,7.9088,0.6419,0.0000,0.0000,-0.0000,0.0000,0.0000,0.0000,0.0000
20.8500,3,8.1620,2.1430,-0.0027,-0.0076,0.0036,-0.0003,0.0000,0.0000,0.0000
20.8800,1,4.9246,0.8650,0.1739,-0.0006,0.0036,0.0007,0.0000,0.0000,0.0000
20.8800,2,7.9088,0.6419,0.0000,0.0000,-0.0000,0.0000,0.0000,0.0000,0.0000
20.8800,3,8.1619,2.1429,-0.0027,-0.0076,0.0036,-0.0003,0.0000,0.0000,0.0000
20.9160,1,4.9246,0.8650,0.1739,-0.0006,0.0036,0.0007,0.0000,0.0000,0.0000
20.9160,2,7.9088,0.6419,0.0000,0.0000,-0.0000,0.0000,0.0000,0.0000,0.0000
20.9160,3,8.1617,2.1429,-0.0027,-0.0076,0.0036,-0.0003,0.0000,0.0000,0.0000
20.9500,1,4.9246,0.8650,0.1739,-0.0006,0.0036,0.0007,0.0000,0.0000,0.0000
20.9500,2,7.9088,0.6419,0.0000,0.0000,-0.0000,0.0000,0.0000,0.0000,0.0000
20.9500,3,8.1616,2.1429,-0.0027,-0.0076,0.0036,-0.0003,0.0000,0.0000,0.0000
20.9800,1,4.9246,0.8650,0.1739,-0.0006,0.0036,0.0007,0.0000,0.0000,0.0000
20.9800,2,7.9088,0.6419,0.0000,0.0000,-0.0000,0.0000,0.0000,0.0000,0.0000
20.9800,3,8.1615,2.1429,-0.0028,-0.0076,0.0036,-0.0003,0.0000,0.0000,0.0000
21.0160,1,4.9246,0.8650,0.1739,-0.0006,0.0036,0.0007,0.0000,0.0000,0.0000
21.0160,2,7.9088,0.6419,0.0000,0.0000,-0.0000,0.0000,0.0000,0.0000,0.0000
21.0160,3,8.1613,2.1428,-0.0028,-0.0076,0.0036,-0.0003,0.0000,0.0000,0.0000
21.0460,1,4.9246,0.8650,0.1739,-0.0006,0.0036,0.0007,0.0000,0.0000,0.0000
21.0460,2,7.9088,0.6419,0.0000,0.0000,-0.0000,0.0000,0.0000,0.0000,0.0000
21.0460,3,8.1612,2.1428,-0.0028,-0.0076,0.0036,-0.0003,0.0000,0.0000,0.0000
21.0820,1,4.9246,0.8650,0.1739,-0.0006,0.0036,0.0007,0.0000,0.0000,0.0000
21.0820,2,7.9088,0.6419,0.0000,0.0000,-0.0000,0.0000,0.0000,0.0000,0.0000
21.0820,3,8.1611,2.1428,-0.0028,-0.0076,0.0036,-0.0003,0.0000,0.0000,0.0000
21.1160,1,4.9246,0.8650,0.1739,-0.0006,0.0036,0.0007,0.0000,0.0000,0.0000
21.1160,2,7.9088,0.6419,0.0000,0.0000,-0.0000,0.0000,0.0000,0.0000,0.0000
21.1160,3,8.1610,2.1428,-0.0028,-0.0076,0.0036,-0.0003,0.0000,0.0000,0.0000
21.1500,1,4.9246,0.8650,0.1739,-0.0006,0.0036,0.0007,0.0000,0.0000,0.0000
21.1500,2,7.9088,0.6419,0.0000,0.0000,-0.0000,0.0000,0.0000,0.0000,0.0000
21.1500,3,8.1608,2.1428,-0.0028,-0.0076,0.0036,-0.0003,0.0000,0.0000,0.0000
21.1820,1,4.9246,0.8650,0.1739,-0.0006,0.0036,0.0007,0.0000,0.0000,0.0000
21.1820,2,7.9088,0.6419,0.0000,0.0000,-0.0000,0.0000,0.0000,0.0000,0.0000
21.1820,3,8.1607,2.1427,-0.0028,-0.0076,0.0036,-0.0003,0.0000,0.0000,0.0000
21.2160,1,4.9246,0.8650,0.1739,-0.0006,0.0036,0.0007,0.0000,0.0000,0.0000
21.2160,2,7.9088,0.6419,0.0000,0.0000,-0.0000,0.0000,0.0000,0.0000,0.0000
21.2160,3,8.1606,2.1427,-0.0028,-0.0076,0.0036,-0.0003,0.0000,0.0000,0.0000
21.2460,1,4.9246,0.8650,0.1739,-0.0006,0.0036,0.0007,0.0000,0.0000,0.0000
21.2460,2,7.9088,0.6419,0.0000,0.0000,-0.0000,0.0000,0.0000,0.0000,0.0000
21.2460,3,8.1605,2.1427,-0.0028,-0.0076,0.0036,-0.0003,0.0000,0.0000,0.0000
21.2820,1,4.9246,0.8650,0.1739,-0.0006,0.0036,0.0007,0.0000,0.0000,0.0000
21.2820,2,7.9088,0.6419,0.0000,0.0000,-0.0000,0.0000,0.0000,0.0000,0.0000
21.2820,3,8.1603,2.1427,-0.0028,-0.0076,0.0036,-0.0003,0.0000,0.0000,0.0000
21.3140,1,4.9246,0.8650,0.1739,-0.0006,0.0036,0.0007,0.0000,0.0000,0.0000
21.3140,2,7.9088,0.6419,0.0000,0.0000,-0.0000,0.0000,0.0000,0.0000,0.0000
21.3140,3,8.1602,2.1426,-0.0028,-0.0076,0.0036,-0.0003,0.0000,0.0000,0.0000
21.3480,1,4.9246,0.8650,0.1739,-0.0006,0.0036,0.0007,0.0000,0.0000,0.0000
21.3480,2,7.9088,0.6419,0.0000,0.0000,-0.0000,0.0000,0.0000,0.0000,0.0000
21.3480,3,8.1601,2.1426,-0.0028,-0.0076,0.0036,-0.0003,0.0000,0.0000,0.0000
21.3840,1,4.9246,0.8650,0.1739,-0.0006,0.0036,0.0007,0.0000,0.0000,0.0000
21.3840,2,7.9088,0.6419,0.0000,0.0000,-0.0000,0.0000,0.0000,0.0000,0.0000
21.3840,3,8.1599,2.1426,-0.0028,-0.0076,0.0036,-0.0003,0.0000,0.0000,0.0000
21.4160,1,4.9246,0.8650,0.1739,-0.0006,0.0036,0.0007,0.0000,0.0000,0.0000
21.4160,2,7.9088,0.6419,0.0000,0.0000,-0.0000,0.0000,0.0000,0.0000,0.0000
21.4160,3,8.1598,2.1426,-0.0028,-0.0076,0.0036,-0.0003,0.0000,0.0000,0.0000
21.4500,1,4.9246,0.8650,0.1739,-0.0006,0.0036,0.0007,0.0000,0.0000,0.0000
21.4500,2,7.9088,0.6419,0.0000,0.0000,-0.0000,0.0000,0.0000,0.0000,0.0000
21.4500,3,8.1597,2.1425,-0.0028,-0.0076,0.0036,-0.0003,0.0000,0.0000,0.0000
21.4820,1,4.9246,0.8650,0.1739,-0.0006,0.0036,0.0007,0.0000,0.0000,0.0000
21.4820,2,7.9088,0.6419,0.0000,0.0000,-0.0000,0.0000,0.0000,0.0000,0.0000
21.4820,3,8.1596,2.1425,-0.0028,-0.0076,0.0036,-0.0003,0.0000,0.0000,0.0000
21.5140,1,4.9246,0.8650,0.1739,-0.0006,0.0036,0.0007,0.0000,0.0000,0.0000
21.5140,2,7.9088,0.6419,0.0000,0.0000,-0.0000,0.0000,0.0000,0.0000,0.0000
21.5140,3,8.1594,2.1425,-0.0028,-0.0076,0.0036,-0.0003,0.0000,0.0000,0.0000
21.5500,1,4.9246,0.8650,0.1739,-0.0006,0.0036,0.0007,0.0000,0.0000,0.0000
21.5500,2,7.9088,0.6419,0.0000,0.0000,-0.0000,0.0000,0.0000,0.0000,0.0000
21.5500,3,8.1593,2.1425,-0.0028,-0.0076,0.0036,-0.0003,0.0000,0.0000,0.0000
21.5820,1,4.9246,0.8650,0.1739,-0.0006,0.0036,0.0007,0.0000,0.0000,0.0000
21.5820,2,7.9088,0.6419,0.0000,0.0000,-0.0000,0.0000,0.0000,0.0000,0.0000
21.5820,3,8.1592,2.1424,-0.0028,-0.0076,0.0036,-0.0003,0.0000,0.0000,0.0000
21.6140,1,4.9246,0.8650,0.1739,-0.0006,0.0036,0.0007,0.0000,0.0000,0.0000
21.6140,2,7.9088,0.6419,0.0000,0.0000,-0.0000,0.0000,0.0000,0.0000,0.0000
21.6140,3,8.1591,2.1424,-0.0028,-0.0076,0.0036,-0.0003,0.0000,0.0000,0.0000
21.6500,1,4.9246,0.8650,0.1739,-0.0006,0.0036,0.0007,0.0000,0.0000,0.0000
21.6500,2,7.9088,0.6419,0.0000,0.0000,-0.0000,0.0000,0.0000,0.0000,0.0000
21.6500,3,8.1589,2.1424,-0.0028,-0.0076,0.0036,-0.0003,0.0000,0.0000,0.0000
21.6820,1,4.9246,0.8650,0.1739,-0.0006,0.0036,0.0007,0.0000,0.0000,0.0000
21.6820,2,7.9088,0.6419,0.0000,0.0000,-0.0000,0.0000,0.0000,0.0000,0.0000
21.6820,3,8.1588,2.1424,-0.0028,-0.0076,0.0036,-0.0003,0.0000,0.0000,0.0000
21.7140,1,4.9246,0.8650,0.1739,-0.0006,0.0036,0.0007,0.0000,0.0000,0.0000
21.7140,2,7.9088,0.6419,0.0000,0.0000,-0.0000,0.0000,0.0000,0.0000,0.0000
21.7140,3,8.1587,2.1423,-0.0028,-0.0076,0.0036,-0.0003,0.0000,0.0000,0.0000
21.7480,1,4.9246,0.8650,0.1739,-0.0006,0.0036,0.0007,0.0000,0.0000,0.0000
21.7480,2,7.9088,0.6419,0.0000,0.0000,-0.0000,0.0000,0.0000,0.0000,0.0000
21.7480,3,8.1585,2.1423,-0.0028,-0.0076,0.0036,-0.0003,0.0000,0.0000,0.0000
21.7820,1,4.9246,0.8650,0.1739,-0.0006,0.0036,0.0007,0.0000,0.0000,0.0000
21.7820,2,7.9088,0.6419,0.0000,0.0000,-0.0000,0.0000,0.0000,0.0000,0.0000
21.7820,3,8.1584,2.1423,-0.0028,-0.0076,0.0036,-0.0003,0.0000,0.0000,0.0000
21.8160,1,4.9246,0.8650,0.1739,-0.0006,0.0036,0.0007,0.0000,0.0000,0.0000
21.8160,2,7.9088,0.6419,0.0000,0.0000,-0.0000,0.0000,0.0000,0.0000,0.0000
21.8160,3,8.1583,2.1423,-0.0029,-0.0076,0.0036,-0.0003,0.0000,0.0000,0.0000
21.8460,1,4.9246,0.8650,0.1739,-0.0006,0.0036,0.0007,0.0000,0.0000,0.0000
21.8460,2,7.9088,0.6419,0.0000,0.0000,-0.0000,0.0000,0.0000,0.0000,0.0000
21.8460,3,8.1582,2.1423,-0.0029,-0.0076,0.0036,-0.0003,0.0000,0.0000,0.0000
21.8800,1,4.9246,0.8650,0.1739,-0.0006,0.0036,0.0007,0.0000,0.0000,0.0000
21.8800,2,7.9088,0.6419,0.0000,0.0000,-0.0000,0.0000,0.0000,0.0000,0.0000
21.8800,3,8.1580,2.1422,-0.0029,-0.0076,0.0036,-0.0003,0.0000,0.0000,0.0000
21.9160,1,4.9246,0.8650,0.1739,-0.0006,0.0036,0.0007,0.0000,0.0000,0.0000
21.9160,2,7.9088,0.6419,0.0000,0.0000,-0.0000,0.0000,0.0000,0.0000,0.0000
21.9160,3,8.1579,2.1422,-0.0029,-0.0076,0.0036,-0.0003,0.0000,0.0000,0.0000
21.9460,1,4.9246,0.8650,0.1739,-0.0006,0.0036,0.0007,0.0000,0.0000,0.0000
21.9460,2,7.9088,0.6419,0.0000,0.0000,-0.0000,0.0000,0.0000,0.0000,0.0000
21.9460,3,8.1578,2.1422,-0.0029,-0.0076,0.0036,-0.0003,0.0000,0.0000,0.0000
21.9840,1,4.9246,0.8650,0.1739,-0.0006,0.0036,0.0007,0.0000,0.0000,0.0000
21.9840,2,7.9088,0.6419,0.0000,0.0000,-0.0000,0.0000,0.0000,0.0000,0.0000
21.9840,3,8.1576,2.1422,-0.0029,-0.0076,0.0036,-0.0003,0.0000,0.0000,0.0000
22.0160,1,4.9246,0.8650,0.1739,-0.0006,0.0036,0.0007,0.0000,0.0000,0.0000
22.0160,2,7.9088,0.6419,0.0000,0.0000,-0.0000,0.0000,0.0000,0.0000,0.0000
22.0160,3,8.1575,2.1421,-0.0029,-0.0076,0.0036,-0.0003,0.0000,0.0000,0.0000
22.0500,1,4.9246,0.8650,0.1739,-0.0006,0.0036,0.0007,0.0000,0.0000,0.0000
22.0500,2,7.9088,0.6419,0.0000,0.0000,-0.0000,0.0000,0.0000,0.0000,0.0000
22.0500,3,8.1574,2.1421,-0.0029,-0.0076,0.0036,-0.0003,0.0000,0.0000,0.0000
22.0820,1,4.9246,0.8650,0.1739,-0.0006,0.0036,0.0007,0.0000,0.0000,0.0000
22.0820,2,7.9088,0.6419,0.0000,0.0000,-0.0000,0.0000,0.0000,0.0000,0.0000
22.0820,3,8.1573,2.1421,-0.0029,-0.0076,0.0036,-0.0003,0.0000,0.0000,0.0000
22.1140,1,4.9246,0.8650,0.1739,-0.0006,0.0036,0.0007,0.0000,0.0000,0.0000
22.1140,2,7.9088,0.6419,0.0000,0.0000,-0.0000,0.0000,0.0000,0.0000,0.0000
22.1140,3,8.1571,2.1421,-0.0029,-0.0076,0.0036,-0.0003,0.0000,0.0000,0.0000
22.1500,1,4.9246,0.8650,0.1739,-0.0006,0.0036,0.0007,0.0000,0.0000,0.0000
22.1500,2,7.9088,0.6419,0.0000,0.0000,-0.0000,0.0000,0.0000,0.0000,0.0000
22.1500,3,8.1570,2.1420,-0.0029,-0.0076,0.0036,-0.0003,0.0000,0.0000,0.0000
22.1820,1,4.9246,0.8650,0.1739,-0.0006,0.0036,0.0007,0.0000,0.0000,0.0000
22.1820,2,7.9088,0.6419,0.0000,0.0000,-0.0000,0.0000,0.0000,0.0000,0.0000
22.1820,3,8.1569,2.1420,-0.0029,-0.0076,0.0036,-0.0003,0.0000,0.0000,0.0000
22.2160,1,4.9246,0.8650,0.1739,-0.0006,0.0036,0.0007,0.0000,0.0000,0.0000
22.2160,2,7.9088,0.6419,0.0000,0.0000,-0.0000,0.0000,0.0000,0.0000,0.0000
22.2160,3,8.1568,2.1420,-0.0029,-0.0076,0.0036,-0.0003,0.0000,0.0000,0.0000
22.2500,1,4.9246,0.8650,0.1739,-0.0006,0.0036,0.0007,0.0000,0.0000,0.0000
22.2500,2,7.9088,0.6419,0.0000,0.0000,-0.0000,0.0000,0.0000,0.0000,0.0000
22.2500,3,8.1566,2.1420,-0.0029,-0.0076,0.0036,-0.0003,0.0000,0.0000,0.0000
22.2840,1,4.9246,0.8650,0.1739,-0.0006,0.0036,0.0007,0.0000,0.0000,0.0000
22.2840,2,7.9088,0.6419,0.0000,0.0000,-0.0000,0.0000,0.0000,0.0000,0.0000
22.2840,3,8.1565,2.1419,-0.0029,-0.0076,0.0036,-0.0003,0.0000,0.0000,0.0000
22.3160,1,4.9246,0.8650,0.1739,-0.0006,0.0036,0.0007,0.0000,0.0000,0.0000
22.3160,2,7.9088,0.6419,0.0000,0.0000,-0.0000,0.0000,0.0000,0.0000,0.0000
22.3160,3,8.1564,2.1419,-0.0029,-0.0076,0.0036,-0.0003,0.0000,0.0000,0.0000
22.3500,1,4.9246,0.8650,0.1739,-0.0006,0.0036,0.0007,0.0000,0.0000,0.0000
22.3500,2,7.9088,0.6419,0.0000,0.0000,-0.0000,0.0000,0.0000,0.0000,0.0000
22.3500,3,8.1562,2.1419,-0.0029,-0.0076,0.0036,-0.0003,0.0000,0.0000,0.0000
22.3840,1,4.9246,0.8650,0.1739,-0.0006,0.0036,0.0007,0.0000,0.0000,0.0000
22.3840,2,7.9088,0.6419,0.0000,0.0000,-0.0000,0.0000,0.0000,0.0000,0.0000
22.3840,3,8.1561,2.1419,-0.0029,-0.0076,0.0036,-0.0003,0.0000,0.0000,0.0000
22.4140,1,4.9246,0.8650,0.1739,-0.0006,0.0036,0.0007,0.0000,0.0000,0.0000
22.4140,2,7.9088,0.6419,0.0000,0.0000,-0.0000,0.0000,0.0000,0.0000,0.0000
22.4140,3,8.1560,2.1418,-0.0029,-0.0076,0.0036,-0.0003,0.0000,0.0000,0.0000
22.4500,1,4.9246,0.8650,0.1739,-0.0006,0.0036,0.0007,0.0000,0.0000,0.0000
22.4500,2,7.9088,0.6419,0.0000,0.0000,-0.0000,0.0000,0.0000,0.0000,0.0000
22.4500,3,8.1559,2.1418,-0.0029,-0.0076,0.0036,-0.0003,0.0000,0.0000,0.0000
22.4820,1,4.9246,0.8650,0.1739,-0.0006,0.0036,0.0007,0.0000,0.0000,0.0000
22.4820,2,7.9088,0.6419,0.0000,0.0000,-0.0000,0.0000,0.0000,0.0000,0.0000
22.4820,3,8.1557,2.1418,-0.0029,-0.0076,0.0036,-0.0003,0.0000,0.0000,0.0000
22.5160,1,4.9246,0.8650,0.1739,-0.0006,0.0036,0.0007,0.0000,0.0000,0.0000
22.5160,2,7.9088,0.6419,0.0000,0.0000,-0.0000,0.0000,0.0000,0.0000,0.0000
22.5160,3,8.1556,2.1418,-0.0029,-0.0076,0.0036,-0.0003,0.0000,0.0000,0.0000
22.5500,1,4.9246,0.8650,0.1739,-0.0006,0.0036,0.0007,0.0000,0.0000,0.0000
22.5500,2,7.9088,0.6419,0.0000,0.0000,-0.0000,0.0000,0.0000,0.0000,0.0000
22.5500,3,8.1555,2.1418,-0.0029,-0.0076,0.0036,-0.0003,0.0000,0.0000,0.0000
22.5840,1,4.9246,0.8650,0.1739,-0.0006,0.0036,0.0007,0.0000,0.0000,0.0000
22.5840,2,7.9088,0.6419,0.0000,0.0000,-0.0000,0.0000,0.0000,0.0000,0.0000
22.5840,3,8.1554,2.1417,-0.0029,-0.0076,0.0036,-0.0003,0.0000,0.0000,0.0000
22.6160,1,4.9246,0.8650,0.1739,-0.0006,0.0036,0.0007,0.0000,0.0000,0.0000
22.6160,2,7.9088,0.6419,0.0000,0.0000,-0.0000,0.0000,0.0000,0.0000,0.0000
22.6160,3,8.1552,2.1417,-0.0029,-0.0076,0.0036,-0.0003,0.0000,0.0000,0.0000
22.6500,1,4.9246,0.8650,0.1739,-0.0006,0.0036,0.0007,0.0000,0.0000,0.0000
22.6500,2,7.9088,0.6419,0.0000,0.0000,-0.0000,0.0000,0.0000,0.0000,0.0000
22.6500,3,8.1551,2.1417,-0.0029,-0.0076,0.0036,-0.0003,0.0000,0.0000,0.0000
22.6840,1,4.9246,0.8650,0.1739,-0.0006,0.0036,0.0007,0.0000,0.0000,0.0000
22.6840,2,7.9088,0.6419,0.0000,0.0000,-0.0000,0.0000,0.0000,0.0000,0.0000
22.6840,3,8.1550,2.1417,-0.0030,-0.0076,0.0036,-0.0003,0.0000,0.0000,0.0000
22.7180,1,4.9246,0.8650,0.1739,-0.0006,0.0036,0.0007,0.0000,0.0000,0.0000
22.7180,2,7.9088,0.6419,0.0000,0.0000,-0.0000,0.0000,0.0000,0.0000,0.0000
22.7180,3,8.1548,2.1416,-0.0030,-0.0076,0.0036,-0.0003,0.0000,0.0000,0.0000
22.7500,1,4.9246,0.8650,0.1739,-0.0006,0.0036,0.0007,0.0000,0.0000,0.0000
22.7500,2,7.9088,0.6419,0.0000,0.0000,-0.0000,0.0000,0.0000,0.0000,0.0000
22.7500,3,8.1547,2.1416,-0.0030,-0.0076,0.0036,-0.0003,0.0000,0.0000,0.0000
22.7840,1,4.9246,0.8650,0.1739,-0.0006,0.0036,0.0007,0.0000,0.0000,0.0000
22.7840,2,7.9088,0.6419,0.0000,0.0000,-0.0000,0.0000,0.0000,0.0000,0.0000
22.7840,3,8.1546,2.1416,-0.0030,-0.0076,0.0036,-0.0003,0.0000,0.0000,0.0000
22.8160,1,4.9246,0.8650,0.1739,-0.0006,0.0036,0.0007,0.0000,0.0000,0.0000
22.8160,2,7.9088,0.6419,0.0000,0.0000,-0.0000,0.0000,0.0000,0.0000,0.0000
22.8160,3,8.1545,2.1416,-0.0030,-0.0076,0.0036,-0.0003,0.0000,0.0000,0.0000
22.8460,1,4.9246,0.8650,0.1739,-0.0006,0.0036,0.0007,0.0000,0.0000,0.0000
22.8460,2,7.9088,0.6419,0.0000,0.0000,-0.0000,0.0000,0.0000,0.0000,0.0000
22.8460,3,8.1544,2.1415,-0.0030,-0.0076,0.0036,-0.0003,0.0000,0.0000,0.0000
22.8840,1,4.9246,0.8650,0.1739,-0.0006,0.0036,0.0007,0.0000,0.0000,0.0000
22.8840,2,7.9088,0.6419,0.0000,0.0000,-0.0000,0.0000,0.0000,0.0000,0.0000
22.8840,3,8.1542,2.1415,-0.0030,-0.0076,0.0036,-0.0003,0.0000,0.0000,0.0000
22.9140,1,4.9246,0.8650,0.1739,-0.0006,0.0036,0.0007,0.0000,0.0000,0.0000
22.9140,2,7.9088,0.6419,0.0000,0.0000,-0.0000,0.0000,0.0000,0.0000,0.0000
22.9140,3,8.1541,2.1415,-0.0030,-0.0076,0.0036,-0.0003,0.0000,0.0000,0.0000
22.9460,1,4.9246,0.8650,0.1739,-0.0006,0.0036,0.0007,0.0000,0.0000,0.0000
22.9460,2,7.9088,0.6419,0.0000,0.0000,-0.0000,0.0000,0.0000,0.0000,0.0000
22.9460,3,8.1540,2.1415,-0.0030,-0.0076,0.0036,-0.0003,0.0000,0.0000,0.0000
22.9820,1,4.9246,0.8650,0.1739,-0.0006,0.0036,0.0007,0.0000,0.0000,0.0000
22.9820,2,7.9088,0.6419,0.0000,0.0000,-0.0000,0.0000,0.0000,0.0000,0.0000
22.9820,3,8.1538,2.1414,-0.0030,-0.0076,0.0036,-0.0003,0.0000,0.0000,0.0000
23.0160,1,4.9246,0.8650,0.1739,-0.0006,0.0036,0.0007,0.0000,0.0000,0.0000
23.0160,2,7.9088,0.6419,0.0000,0.0000,-0.0000,0.0000,0.0000,0.0000,0.0000
23.0160,3,8.1537,2.1414,-0.0030,-0.0076,0.0036,-0.0003,0.0000,0.0000,0.0000
23.0480,1,4.9246,0.8650,0.1739,-0.0006,0.0036,0.0007,0.0000,0.0000,0.0000
23.0480,2,7.9088,0.6419,0.0000,0.0000,-0.0000,0.0000,0.0000,0.0000,0.0000
23.0480,3,8.1536,2.1414,-0.0030,-0.0076,0.0036,-0.0003,0.0000,0.0000,0.0000
23.0820,1,4.9246,0.8650,0.1739,-0.0006,0.0036,0.0007,0.0000,0.0000,0.0000
23.0820,2,7.9088,0.6419,0.0000,0.0000,-0.0000,0.0000,0.0000,0.0000,0.0000
23.0820,3,8.1535,2.1414,-0.0030,-0.0076,0.0036,-0.0003,0.0000,0.0000,0.0000
23.1120,1,4.9246,0.8650,0.1739,-0.0006,0.0036,0.0007,0.0000,0.0000,0.0000
23.1120,2,7.9088,0.6419,0.0000,0.0000,-0.0000,0.0000,0.0000,0.0000,0.0000
23.1120,3,8.1533,2.1413,-0.0030,-0.0076,0.0036,-0.0003,0.0000,0.0000,0.0000
23.1480,1,4.9246,0.8650,0.1739,-0.0006,0.0036,0.0007,0.0000,0.0000,0.0000
23.1480,2,7.9088,0.6419,0.0000,0.0000,-0.0000,0.0000,0.0000,0.0000,0.0000
23.1480,3,8.1532,2.1413,-0.0030,-0.0076,0.0036,-0.0003,0.0000,0.0000,0.0000
23.1820,1,4.9246,0.8650,0.1739,-0.0006,0.0036,0.0007,0.0000,0.0000,0.0000
23.1820,2,7.9088,0.6419,0.0000,0.0000,-0.0000,0.0000,0.0000,0.0000,0.0000
23.1820,3,8.1531,2.1413,-0.0030,-0.0076,0.0036,-0.0003,0.0000,0.0000,0.0000
23.2140,1,4.9246,0.8650,0.1739,-0.0006,0.0036,0.0007,0.0000,0.0000,0.0000
23.2140,2,7.9088,0.6419,0.0000,0.0000,-0.0000,0.0000,0.0000,0.0000,0.0000
23.2140,3,8.1529,2.1413,-0.0030,-0.0076,0.0036,-0.0003,0.0000,0.0000,0.0000
23.2500,1,4.9246,0.8650,0.1739,-0.0006,0.0036,0.0007,0.0000,0.0000,0.0000
23.2500,2,7.9088,0.6419,0.0000,0.0000,-0.0000,0.0000,0.0000,0.0000,0.0000
23.2500,3,8.1528,2.1413,-0.0030,-0.0076,0.0036,-0.0003,0.0000,0.0000,0.0000
23.2800,1,4.9246,0.8650,0.1739,-0.0006,0.0036,0.0007,0.0000,0.0000,0.0000
23.2800,2,7.9088,0.6419,0.0000,0.0000,-0.0000,0.0000,0.0000,0.0000,0.0000
23.2800,3,8.1527,2.1412,-0.0030,-0.0076,0.0036,-0.0003,0.0000,0.0000,0.0000
23.3160,1,4.9246,0.8650,0.1739,-0.0006,0.0036,0.0007,0.0000,0.0000,0.0000
23.3160,2,7.9088,0.6419,0.0000,0.0000,-0.0000,0.0000,0.0000,0.0000,0.0000
23.3160,3,8.1526,2.1412,-0.0030,-0.0076,0.0036,-0.0003,0.0000,0.0000,0.0000
23.3500,1,4.9246,0.8650,0.1739,-0.0006,0.0036,0.0007,0.0000,0.0000,0.0000
23.3500,2,7.9088,0.6419,0.0000,0.0000,-0.0000,0.0000,0.0000,0.0000,0.0000
23.3500,3,8.1524,2.1412,-0.0030,-0.0076,0.0036,-0.0003,0.0000,0.0000,0.0000
23.3820,1,4.9246,0.8650,0.1739,-0.0006,0.0036,0.0007,0.0000,0.0000,0.0000
23.3820,2,7.9088,0.6419,0.0000,0.0000,-0.0000,0.0000,0.0000,0.0000,0.0000
23.3820,3,8.1523,2.1412,-0.0030,-0.0076,0.0036,-0.0003,0.0000,0.0000,0.0000
23.4160,1,4.9246,0.8650,0.1739,-0.0006,0.0036,0.0007,0.0000,0.0000,0.0000
23.4160,2,7.9088,0.6419,0.0000,0.0000,-0.0000,0.0000,0.0000,0.0000,0.0000
23.4160,3,8.1522,2.1411,-0.0030,-0.0076,0.0036,-0.0003,0.0000,0.0000,0.0000
23.4520,1,4.9246,0.8650,0.1739,-0.0006,0.0036,0.0007,0.0000,0.0000,0.0000
23.4520,2,7.9088,0.6419,0.0000,0.0000,-0.0000,0.0000,0.0000,0.0000,0.0000
23.4520,3,8.1520,2.1411,-0.0030,-0.0076,0.0036,-0.0003,0.0000,0.0000,0.0000
23.4800,1,4.9246,0.8650,0.1739,-0.0006,0.0036,0.0007,0.0000,0.0000,0.0000
23.4800,2,7.9088,0.6419,0.0000,0.0000,-0.0000,0.0000,0.0000,0.0000,0.0000
23.4800,3,8.1519,2.1411,-0.0030,-0.0076,0.0036,-0.0003,0.0000,0.0000,0.0000
23.5140,1,4.9246,0.8650,0.1739,-0.0006,0.0036,0.0007,0.0000,0.0000,0.0000
23.5140,2,7.9088,0.6419,0.0000,0.0000,-0.0000,0.0000,0.0000,0.0000,0.0000
23.5140,3,8.1518,2.1411,-0.0031,-0.0076,0.0036,-0.0003,0.0000,0.0000,0.0000
23.5460,1,4.9246,0.8650,0.1739,-0.0006,0.0036,0.0007,0.0000,0.0000,0.0000
23.5460,2,7.9088,0.6419,0.0000,0.0000,-0.0000,0.0000,0.0000,0.0000,0.0000
23.5460,3,8.1517,2.1410,-0.0031,-0.0076,0.0036,-0.0003,0.0000,0.0000,0.0000
23.5840,1,4.9246,0.8650,0.1739,-0.0006,0.0036,0.0007,0.0000,0.0000,0.0000
23.5840,2,7.9088,0.6419,0.0000,0.0000,-0.0000,0.0000,0.0000,0.0000,0.0000
23.5840,3,8.1515,2.1410,-0.0031,-0.0076,0.0036,-0.0003,0.0000,0.0000,0.0000
23.6120,1,4.9246,0.8650,0.1739,-0.0006,0.0036,0.0007,0.0000,0.0000,0.0000
23.6120,2,7.9088,0.6419,0.0000,0.0000,-0.0000,0.0000,0.0000,0.0000,0.0000
23.6120,3,8.1514,2.1410,-0.0031,-0.0076,0.0036,-0.0003,0.0000,0.0000,0.0000
23.6460,1,4.9246,0.8650,0.1739,-0.0006,0.0036,0.0007,0.0000,0.0000,0.0000
23.6460,2,7.9088,0.6419,0.0000,0.0000,-0.0000,0.0000,0.0000,0.0000,0.0000
23.6460,3,8.1513,2.1410,-0.0031,-0.0076,0.0036,-0.0003,0.0000,0.0000,0.0000
23.6820,1,4.9246,0.8650,0.1739,-0.0006,0.0036,0.0007,0.0000,0.0000,0.0000
23.6820,2,7.9088,0.6419,0.0000,0.0000,-0.0000,0.0000,0.0000,0.0000,0.0000
23.6820,3,8.1512,2.1409,-0.0031,-0.0076,0.0036,-0.0003,0.0000,0.0000,0.0000
23.7160,1,4.9246,0.8650,0.1739,-0.0006,0.0036,0.0007,0.0000,0.0000,0.0000
23.7160,2,7.9088,0.6419,0.0000,0.0000,-0.0000,0.0000,0.0000,0.0000,0.0000
23.7160,3,8.1510,2.1409,-0.0031,-0.0076,0.0036,-0.0003,0.0000,0.0000,0.0000
23.7480,1,4.9246,0.8650,0.1739,-0.0006,0.0036,0.0007,0.0000,0.0000,0.0000
23.7480,2,7.9088,0.6419,0.0000,0.0000,-0.0000,0.0000,0.0000,0.0000,0.0000
23.7480,3,8.1509,2.1409,-0.0031,-0.0076,0.0036,-0.0003,0.0000,0.0000,0.0000
23.7820,1,4.9246,0.8650,0.1739,-0.0006,0.0036,0.0007,0.0000,0.0000,0.0000
23.7820,2,7.9088,0.6419,0.0000,0.0000,-0.0000,0.0000,0.0000,0.0000,0.0000
23.7820,3,8.1508,2.1409,-0.0031,-0.0076,0.0036,-0.0003,0.0000,0.0000,0.0000
23.8120,1,4.9246,0.8650,0.1739,-0.0006,0.0036,0.0007,0.0000,0.0000,0.0000
23.8120,2,7.9088,0.6419,0.0000,0.0000,-0.0000,0.0000,0.0000,0.0000,0.0000
23.8120,3,8.1507,2.1408,-0.0031,-0.0076,0.0036,-0.0003,0.0000,0.0000,0.0000
23.8480,1,4.9246,0.8650,0.1739,-0.0006,0.0036,0.0007,0.0000,0.0000,0.0000
23.8480,2,7.9088,0.6419,0.0000,0.0000,-0.0000,0.0000,0.0000,0.0000,0.0000
23.8480,3,8.1505,2.1408,-0.0031,-0.0076,0.0036,-0.0003,0.0000,0.0000,0.0000
23.8820,1,4.9246,0.8650,0.1739,-0.0006,0.0036,0.0007,0.0000,0.0000,0.0000
23.8820,2,7.9088,0.6419,0.0000,0.0000,-0.0000,0.0000,0.0000,0.0000,0.0000
23.8820,3,8.1504,2.1408,-0.0031,-0.0076,0.0036,-0.0003,0.0000,0.0000,0.0000
23.9140,1,4.9246,0.8650,0.1739,-0.0006,0.0036,0.0007,0.0000,0.0000,0.0000
23.9140,2,7.9088,0.6419,0.0000,0.0000,-0.0000,0.0000,0.0000,0.0000,0.0000
23.9140,3,8.1503,2.1408,-0.0031,-0.0076,0.0036,-0.0003,0.0000,0.0000,0.0000
23.9480,1,4.9246,0.8650,0.1739,-0.0006,0.0036,0.0007,0.0000,0.0000,0.0000
23.9480,2,7.9088,0.6419,0.0000,0.0000,-0.0000,0.0000,0.0000,0.0000,0.0000
23.9480,3,8.1501,2.1408,-0.0031,-0.0076,0.0036,-0.0003,0.0000,0.0000,0.0000
23.9820,1,4.9246,0.8650,0.1739,-0.0006,0.0036,0.0007,0.0000,0.0000,0.0000
23.9820,2,7.9088,0.6419,0.0000,0.0000,-0.0000,0.0000,0.0000,0.0000,0.0000
23.9820,3,8.1500,2.1407,-0.0031,-0.0076,0.0036,-0.0003,0.0000,0.0000,0.0000
24.0120,1,4.9246,0.8650,0.1739,-0.0006,0.0036,0.0007,0.0000,0.0000,0.0000
24.0120,2,7.9088,0.6419,0.0000,0.0000,-0.0000,0.0000,0.0000,0.0000,0.0000
24.0120,3,8.1499,2.1407,-0.0031,-0.0076,0.0036,-0.0003,0.0000,0.0000,0.0000
24.0460,1,4.9246,0.8650,0.1739,-0.0006,0.0036,0.0007,0.0000,0.0000,0.0000
24.0460,2,7.9088,0.6419,0.0000,0.0000,-0.0000,0.0000,0.0000,0.0000,0.0000
24.0460,3,8.1498,2.1407,-0.0031,-0.0076,0.0036,-0.0003,0.0000,0.0000,0.0000
24.0820,1,4.9246,0.8650,0.1739,-0.0006,0.0036,0.0007,0.0000,0.0000,0.0000
24.0820,2,7.9088,0.6419,0.0000,0.0000,-0.0000,0.0000,0.0000,0.0000,0.0000
24.0820,3,8.1496,2.1407,-0.0031,-0.0076,0.0036,-0.0003,0.0000,0.0000,0.0000
24.1160,1,4.9246,0.8650,0.1739,-0.0006,0.0036,0.0007,0.0000,0.0000,0.0000
24.1160,2,7.9088,0.6419,0.0000,0.0000,-0.0000,0.0000,0.0000,0.0000,0.0000
24.1160,3,8.1495,2.1406,-0.0031,-0.0076,0.0036,-0.0003,0.0000,0.0000,0.0000
24.1500,1,4.9246,0.8650,0.1739,-0.0006,0.0036,0.0007,0.0000,0.0000,0.0000
24.1500,2,7.9088,0.6419,0.0000,0.0000,-0.0000,0.0000,0.0000,0.0000,0.0000
24.1500,3,8.1494,2.1406,-0.0031,-0.0076,0.0036,-0.0003,0.0000,0.0000,0.0000
24.1820,1,4.9246,0.8650,0.1739,-0.0006,0.0036,0.0007,0.0000,0.0000,0.0000
24.1820,2,7.9088,0.6419,0.0000,0.0000,-0.0000,0.0000,0.0000,0.0000,0.0000
24.1820,3,8.1493,2.1406,-0.0031,-0.0076,0.0036,-0.0003,0.0000,0.0000,0.0000
24.2160,1,4.9246,0.8650,0.1739,-0.0006,0.0036,0.0007,0.0000,0.0000,0.0000
24.2160,2,7.9088,0.6419,0.0000,0.0000,-0.0000,0.0000,0.0000,0.0000,0.0000
24.2160,3,8.1491,2.1406,-0.0031,-0.0076,0.0036,-0.0003,0.0000,0.0000,0.0000
24.2460,1,4.9246,0.8650,0.1739,-0.0006,0.0036,0.0007,0.0000,0.0000,0.0000
24.2460,2,7.9088,0.6419,0.0000,0.0000,-0.0000,0.0000,0.0000,0.0000,0.0000
24.2460,3,8.1490,2.1405,-0.0031,-0.0076,0.0036,-0.0003,0.0000,0.0000,0.0000
24.2820,1,4.9246,0.8650,0.1739,-0.0006,0.0036,0.0007,0.0000,0.0000,0.0000
24.2820,2,7.9088,0.6419,0.0000,0.0000,-0.0000,0.0000,0.0000,0.0000,0.0000
24.2820,3,8.1489,2.1405,-0.0031,-0.0076,0.0036,-0.0003,0.0000,0.0000,0.0000
24.3160,1,4.9246,0.8650,0.1739,-0.0006,0.0036,0.0007,0.0000,0.0000,0.0000
24.3160,2,7.9088,0.6419,0.0000,0.0000,-0.0000,0.0000,0.0000,0.0000,0.0000
24.3160,3,8.1487,2.1405,-0.0031,-0.0076,0.0036,-0.0003,0.0000,0.0000,0.0000
24.3480,1,4.9246,0.8650,0.1739,-0.0006,0.0036,0.0007,0.0000,0.0000,0.0000
24.3480,2,7.9088,0.6419,0.0000,0.0000,-0.0000,0.0000,0.0000,0.0000,0.0000
24.3480,3,8.1486,2.1405,-0.0032,-0.0076,0.0036,-0.0003,0.0000,0.0000,0.0000
24.3800,1,4.9246,0.8650,0.1739,-0.0006,0.0036,0.0007,0.0000,0.0000,0.0000
24.3800,2,7.9088,0.6419,0.0000,0.0000,-0.0000,0.0000,0.0000,0.0000,0.0000
24.3800,3,8.1485,2.1404,-0.0032,-0.0076,0.0036,-0.0003,0.0000,0.0000,0.0000
24.4160,1,4.9246,0.8650,0.1739,-0.0006,0.0036,0.0007,0.0000,0.0000,0.0000
24.4160,2,7.9088,0.6419,0.0000,0.0000,-0.0000,0.0000,0.0000,0.0000,0.0000
24.4160,3,8.1484,2.1404,-0.0032,-0.0076,0.0036,-0.0003,0.0000,0.0000,0.0000
24.4500,1,4.9246,0.8650,0.1739,-0.0006,0.0036,0.0007,0.0000,0.0000,0.0000
24.4500,2,7.9088,0.6419,0.0000,0.0000,-0.0000,0.0000,0.0000,0.0000,0.0000
24.4500,3,8.1482,2.1404,-0.0032,-0.0076,0.0036,-0.0003,0.0000,0.0000,0.0000
24.4840,1,4.9246,0.8650,0.1739,-0.0006,0.0036,0.0007,0.0000,0.0000,0.0000
24.4840,2,7.9088,0.6419,0.0000,0.0000,-0.0000,0.0000,0.0000,0.0000,0.0000
24.4840,3,8.1481,2.1404,-0.0032,-0.0076,0.0036,-0.0003,0.0000,0.0000,0.0000
24.5120,1,4.9246,0.8650,0.1739,-0.0006,0.0036,0.0007,0.0000,0.0000,0.0000
24.5120,2,7.9088,0.6419,0.0000,0.0000,-0.0000,0.0000,0.0000,0.0000,0.0000
24.5120,3,8.1480,2.1403,-0.0032,-0.0076,0.0036,-0.0003,0.0000,0.0000,0.0000
24.5500,1,4.9246,0.8650,0.1739,-0.0006,0.0036,0.0007,0.0000,0.0000,0.0000
24.5500,2,7.9088,0.6419,0.0000,0.0000,-0.0000,0.0000,0.0000,0.0000,0.0000
24.5500,3,8.1479,2.1403,-0.0032,-0.0076,0.0036,-0.0003,0.0000,0.0000,0.0000
24.5820,1,4.9246,0.8650,0.1739,-0.0006,0.0036,0.0007,0.0000,0.0000,0.0000
24.5820,2,7.9088,0.6419,0.0000,0.0000,-0.0000,0.0000,0.0000,0.0000,0.0000
24.5820,3,8.1477,2.1403,-0.0032,-0.0076,0.0036,-0.0003,0.0000,0.0000,0.0000
24.6160,1,4.9246,0.8650,0.1739,-0.0006,0.0036,0.0007,0.0000,0.0000,0.0000
24.6160,2,7.9088,0.6419,0.0000,0.0000,-0.0000,0.0000,0.0000,0.0000,0.0000
24.6160,3,8.1476,2.1403,-0.0032,-0.0076,0.0036,-0.0003,0.0000,0.0000,0.0000
24.6480,1,4.9246,0.8650,0.1739,-0.0006,0.0036,0.0007,0.0000,0.0000,0.0000
24.6480,2,7.9088,0.6419,0.0000,0.0000,-0.0000,0.0000,0.0000,0.0000,0.0000
24.6480,3,8.1475,2.1403,-0.0032,-0.0076,0.0036,-0.0003,0.0000,0.0000,0.0000
24.6800,1,4.9246,0.8650,0.1739,-0.0006,0.0036,0.0007,0.0000,0.0000,0.0000
24.6800,2,7.9088,0.6419,0.0000,0.0000,-0.0000,0.0000,0.0000,0.0000,0.0000
24.6800,3,8.1474,2.1402,-0.0032,-0.0076,0.0036,-0.0003,0.0000,0.0000,0.0000
24.7120,1,4.9246,0.8650,0.1739,-0.0006,0.0036,0.0007,0.0000,0.0000,0.0000
24.7120,2,7.9088,0.6419,0.0000,0.0000,-0.0000,0.0000,0.0000,0.0000,0.0000
24.7120,3,8.1472,2.1402,-0.0032,-0.0076,0.0036,-0.0003,0.0000,0.0000,0.0000
24.7460,1,4.9246,0.8650,0.1739,-0.0006,0.0036,0.0007,0.0000,0.0000,0.0000
24.7460,2,7.9088,0.6419,0.0000,0.0000,-0.0000,0.0000,0.0000,0.0000,0.0000
24.7460,3,8.1471,2.1402,-0.0032,-0.0076,0.0036,-0.0003,0.0000,0.0000,0.0000
24.7820,1,4.9246,0.8650,0.1739,-0.0006,0.0036,0.0007,0.0000,0.0000,0.0000
24.7820,2,7.9088,0.6419,0.0000,0.0000,-0.0000,0.0000,0.0000,0.0000,0.0000
24.7820,3,8.1470,2.1402,-0.0032,-0.0076,0.0036,-0.0003,0.0000,0.0000,0.0000
24.8160,1,4.9246,0.8650,0.1739,-0.0006,0.0036,0.0007,0.0000,0.0000,0.0000
24.8160,2,7.9088,0.6419,0.0000,0.0000,-0.0000,0.0000,0.0000,0.0000,0.0000
24.8160,3,8.1468,2.1401,-0.0032,-0.0076,0.0036,-0.0003,0.0000,0.0000,0.0000
24.8480,1,4.9246,0.8650,0.1739,-0.0006,0.0036,0.0007,0.0000,0.0000,0.0000
24.8480,2,7.9088,0.6419,0.0000,0.0000,-0.0000,0.0000,0.0000,0.0000,0.0000
24.8480,3,8.1467,2.1401,-0.0032,-0.0076,0.0036,-0.0003,0.0000,0.0000,0.0000
24.8840,1,4.9246,0.8650,0.1739,-0.0006,0.0036,0.0007,0.0000,0.0000,0.0000
24.8840,2,7.9088,0.6419,0.0000,0.0000,-0.0000,0.0000,0.0000,0.0000,0.0000
24.8840,3,8.1466,2.1401,-0.0032,-0.0076,0.0036,-0.0003,0.0000,0.0000,0.0000
24.9120,1,4.9246,0.8650,0.1739,-0.0006,0.0036,0.0007,0.0000,0.0000,0.0000
24.9120,2,7.9088,0.6419,0.0000,0.0000,-0.0000,0.0000,0.0000,0.0000,0.0000
24.9120,3,8.1465,2.1401,-0.0032,-0.0076,0.0036,-0.0003,0.0000,0.0000,0.0000
24.9480,1,4.9246,0.8650,0.1739,-0.0006,0.0036,0.0007,0.0000,0.0000,0.0000
24.9480,2,7.9088,0.6419,0.0000,0.0000,-0.0000,0.0000,0.0000,0.0000,0.0000
24.9480,3,8.1463,2.1400,-0.0032,-0.0076,0.0036,-0.0003,0.0000,0.0000,0.0000
24.9820,1,4.9246,0.8650,0.1739,-0.0006,0.0036,0.0007,0.0000,0.0000,0.0000
24.9820,2,7.9088,0.6419,0.0000,0.0000,-0.0000,0.0000,0.0000,0.0000,0.0000
24.9820,3,8.1462,2.1400,-0.0032,-0.0076,0.0036,-0.0003,0.0000,0.0000,0.0000
25.0160,1,4.9246,0.8650,0.1739,-0.0006,0.0036,0.0007,0.0000,0.0000,0.0000
25.0160,2,7.9088,0.6419,0.0000,0.0000,-0.0000,0.0000,0.0000,0.0000,0.0000
25.0160,3,8.1461,2.1400,-0.0032,-0.0076,0.0036,-0.0003,0.0000,0.0000,0.0000
25.0460,1,4.9246,0.8650,0.1739,-0.0006,0.0036,0.0007,0.0000,0.0000,0.0000
25.0460,2,7.9088,0.6419,0.0000,0.0000,-0.0000,0.0000,0.0000,0.0000,0.0000
25.0460,3,8.1460,2.1400,-0.0032,-0.0076,0.0036,-0.0003,0.0000,0.0000,0.0000
25.0820,1,4.9246,0.8650,0.1739,-0.0006,0.0036,0.0007,0.0000,0.0000,0.0000
25.0820,2,7.9088,0.6419,0.0000,0.0000,-0.0000,0.0000,0.0000,0.0000,0.0000
25.0820,3,8.1458,2.1399,-0.0032,-0.0076,0.0036,-0.0003,0.0000,0.0000,0.0000
25.1140,1,4.9246,0.8650,0.1739,-0.0006,0.0036,0.0007,0.0000,0.0000,0.0000
25.1140,2,7.9088,0.6419,0.0000,0.0000,-0.0000,0.0000,0.0000,0.0000,0.0000
25.1140,3,8.1457,2.1399,-0.0032,-0.0076,0.0036,-0.0003,0.0000,0.0000,0.0000
25.1260,1,4.9246,0.8650,0.1739,-0.0006,0.0036,0.0007,0.0000,0.0000,0.0000
25.1260,2,7.9088,0.6419,0.0000,0.0000,-0.0000,0.0000,0.0000,0.0000,0.0000
25.1260,3,8.1457,2.1399,-0.0032,-0.0076,0.0036,-0.0003,0.0000,0.0000,0.0000
25.1460,1,4.9246,0.8650,0.1739,-0.0006,0.0036,0.0007,0.0000,0.0000,0.0000
25.1460,2,7.9088,0.6419,0.0000,0.0000,-0.0000,0.0000,0.0000,0.0000,0.0000
25.1460,3,8.1456,2.1399,-0.0032,-0.0076,0.0036,-0.0003,0.0000,0.0000,0.0000
25.1800,1,4.9246,0.8650,0.1739,-0.0006,0.0036,0.0007,0.0000,0.0000,0.0000
25.1800,2,7.9088,0.6419,0.0000,0.0000,-0.0000,0.0000,0.0000,0.0000,0.0000
25.1800,3,8.1454,2.1399,-0.0033,-0.0076,0.0036,-0.0003,0.0000,0.0000,0.0000
25.2160,1,4.9246,0.8650,0.1739,-0.0006,0.0036,0.0007,0.0000,0.0000,0.0000
25.2160,2,7.9088,0.6419,0.0000,0.0000,-0.0000,0.0000,0.0000,0.0000,0.0000
25.2160,3,8.1453,2.1398,-0.0033,-0.0076,0.0036,-0.0003,0.0000,0.0000,0.0000
25.2480,1,4.9246,0.8650,0.1739,-0.0006,0.0036,0.0007,0.0000,0.0000,0.0000
25.2480,2,7.9088,0.6419,0.0000,0.0000,-0.0000,0.0000,0.0000,0.0000,0.0000
25.2480,3,8.1452,2.1398,-0.0033,-0.0076,0.0036,-0.0003,0.0000,0.0000,0.0000
25.2820,1,4.9246,0.8650,0.1739,-0.0006,0.0036,0.0007,0.0000,0.0000,0.0000
25.2820,2,7.9088,0.6419,0.0000,0.0000,-0.0000,0.0000,0.0000,0.0000,0.0000
25.2820,3,8.1451,2.1398,-0.0033,-0.0076,0.0036,-0.0003,0.0000,0.0000,0.0000
25.3160,1,4.9246,0.8650,0.1739,-0.0006,0.0036,0.0007,0.0000,0.0000,0.0000
25.3160,2,7.9088,0.6419,0.0000,0.0000,-0.0000,0.0000,0.0000,0.0000,0.0000
25.3160,3,8.1449,2.1398,-0.0033,-0.0076,0.0036,-0.0003,0.0000,0.0000,0.0000
25.3480,1,4.9246,0.8650,0.1739,-0.0006,0.0036,0.0007,0.0000,0.0000,0.0000
25.3480,2,7.9088,0.6419,0.0000,0.0000,-0.0000,0.0000,0.0000,0.0000,0.0000
25.3480,3,8.1448,2.1398,-0.0033,-0.0076,0.0036,-0.0003,0.0000,0.0000,0.0000
25.3820,1,4.9246,0.8650,0.1739,-0.0006,0.0036,0.0007,0.0000,0.0000,0.0000
25.3820,2,7.9088,0.6419,0.0000,0.0000,-0.0000,0.0000,0.0000,0.0000,0.0000
25.3820,3,8.1447,2.1397,-0.0033,-0.0076,0.0036,-0.0003,0.0000,0.0000,0.0000
25.4180,1,4.9246,0.8650,0.1739,-0.0006,0.0036,0.0007,0.0000,0.0000,0.0000
25.4180,2,7.9088,0.6419,0.0000,0.0000,-0.0000,0.0000,0.0000,0.0000,0.0000
25.4180,3,8.1445,2.1397,-0.0033,-0.0076,0.0036,-0.0003,0.0000,0.0000,0.0000
25.4460,1,4.9246,0.8650,0.1739,-0.0006,0.0036,0.0007,0.0000,0.0000,0.0000
25.4460,2,7.9088,0.6419,0.0000,0.0000,-0.0000,0.0000,0.0000,0.0000,0.0000
25.4460,3,8.1444,2.1397,-0.0033,-0.0076,0.0036,-0.0003,0.0000,0.0000,0.0000
25.4800,1,4.9246,0.8650,0.1739,-0.0006,0.0036,0.0007,0.0000,0.0000,0.0000
25.4800,2,7.9088,0.6419,0.0000,0.0000,-0.0000,0.0000,0.0000,0.0000,0.0000
25.4800,3,8.1443,2.1397,-0.0033,-0.0076,0.0036,-0.0003,0.0000,0.0000,0.0000
25.5120,1,4.9246,0.8650,0.1739,-0.0006,0.0036,0.0007,0.0000,0.0000,0.0000
25.5120,2,7.9088,0.6419,0.0000,0.0000,-0.0000,0.0000,0.0000,0.0000,0.0000
25.5120,3,8.1442,2.1396,-0.0033,-0.0076,0.0036,-0.0003,0.0000,0.0000,0.0000
25.5460,1,4.9246,0.8650,0.1739,-0.0006,0.0036,0.0007,0.0000,0.0000,0.0000
25.5460,2,7.9088,0.6419,0.0000,0.0000,-0.0000,0.0000,0.0000,0.0000,0.0000
25.5460,3,8.1441,2.1396,-0.0033,-0.0076,0.0036,-0.0003,0.0000,0.0000,0.0000
25.5800,1,4.9246,0.8650,0.1739,-0.0006,0.0036,0.0007,0.0000,0.0000,0.0000
25.5800,2,7.9088,0.6419,0.0000,0.0000,-0.0000,0.0000,0.0000,0.0000,0.0000
25.5800,3,8.1439,2.1396,-0.0033,-0.0076,0.0036,-0.0003,0.0000,0.0000,0.0000
25.6120,1,4.9246,0.8650,0.1739,-0.0006,0.0036,0.0007,0.0000,0.0000,0.0000
25.6120,2,7.9088,0.6419,0.0000,0.0000,-0.0000,0.0000,0.0000,0.0000,0.0000
25.6120,3,8.1438,2.1396,-0.0033,-0.0076,0.0036,-0.0003,0.0000,0.0000,0.0000
25.6460,1,4.9246,0.8650,0.1739,-0.0006,0.0036,0.0007,0.0000,0.0000,0.0000
25.6460,2,7.9088,0.6419,0.0000,0.0000,-0.0000,0.0000,0.0000,0.0000,0.0000
25.6460,3,8.1437,2.1395,-0.0033,-0.0076,0.0036,-0.0003,0.0000,0.0000,0.0000
25.6820,1,4.9246,0.8650,0.1739,-0.0006,0.0036,0.0007,0.0000,0.0000,0.0000
25.6820,2,7.9088,0.6419,0.0000,0.0000,-0.0000,0.0000,0.0000,0.0000,0.0000
25.6820,3,8.1435,2.1395,-0.0033,-0.0076,0.0036,-0.0003,0.0000,0.0000,0.0000
25.7120,1,4.9246,0.8650,0.1739,-0.0006,0.0036,0.0007,0.0000,0.0000,0.0000
25.7120,2,7.9088,0.6419,0.0000,0.0000,-0.0000,0.0000,0.0000,0.0000,0.0000
25.7120,3,8.1434,2.1395,-0.0033,-0.0076,0.0036,-0.0003,0.0000,0.0000,0.0000
25.7460,1,4.9246,0.8650,0.1739,-0.0006,0.0036,0.0007,0.0000,0.0000,0.0000
25.7460,2,7.9088,0.6419,0.0000,0.0000,-0.0000,0.0000,0.0000,0.0000,0.0000
25.7460,3,8.1433,2.1395,-0.0033,-0.0076,0.0036,-0.0003,0.0000,0.0000,0.0000
25.7820,1,4.9246,0.8650,0.1739,-0.0006,0.0036,0.0007,0.0000,0.0000,0.0000
25.7820,2,7.9088,0.6419,0.0000,0.0000,-0.0000,0.0000,0.0000,0.0000,0.0000
25.7820,3,8.1432,2.1394,-0.0033,-0.0076,0.0036,-0.0003,0.0000,0.0000,0.0000
25.8140,1,4.9246,0.8650,0.1739,-0.0006,0.0036,0.0007,0.0000,0.0000,0.0000
25.8140,2,7.9088,0.6419,0.0000,0.0000,-0.0000,0.0000,0.0000,0.0000,0.0000
25.8140,3,8.1430,2.1394,-0.0033,-0.0076,0.0036,-0.0003,0.0000,0.0000,0.0000
25.8480,1,4.9246,0.8650,0.1739,-0.0006,0.0036,0.0007,0.0000,0.0000,0.0000
25.8480,2,7.9088,0.6419,0.0000,0.0000,-0.0000,0.0000,0.0000,0.0000,0.0000
25.8480,3,8.1429,2.1394,-0.0033,-0.0076,0.0036,-0.0003,0.0000,0.0000,0.0000
25.8800,1,4.9246,0.8650,0.1739,-0.0006,0.0036,0.0007,0.0000,0.0000,0.0000
25.8800,2,7.9088,0.6419,0.0000,0.0000,-0.0000,0.0000,0.0000,0.0000,0.0000
25.8800,3,8.1428,2.1394,-0.0033,-0.0076,0.0036,-0.0003,0.0000,0.0000,0.0000
25.9140,1,4.9246,0.8650,0.1739,-0.0006,0.0036,0.0007,0.0000,0.0000,0.0000
25.9140,2,7.9088,0.6419,0.0000,0.0000,-0.0000,0.0000,0.0000,0.0000,0.0000
25.9140,3,8.1426,2.1393,-0.0033,-0.0076,0.0036,-0.0003,0.0000,0.0000,0.0000
25.9480,1,4.9246,0.8650,0.1739,-0.0006,0.0036,0.0007,0.0000,0.0000,0.0000
25.9480,2,7.9088,0.6419,0.0000,0.0000,-0.0000,0.0000,0.0000,0.0000,0.0000
25.9480,3,8.1425,2.1393,-0.0033,-0.0076,0.0036,-0.0003,0.0000,0.0000,0.0000
25.9800,1,4.9246,0.8650,0.1739,-0.0006,0.0036,0.0007,0.0000,0.0000,0.0000
25.9800,2,7.9088,0.6419,0.0000,0.0000,-0.0000,0.0000,0.0000,0.0000,0.0000
25.9800,3,8.1424,2.1393,-0.0033,-0.0076,0.0036,-0.0003,0.0000,0.0000,0.0000
26.0160,1,4.9246,0.8650,0.1739,-0.0006,0.0036,0.0007,0.0000,0.0000,0.0000
26.0160,2,7.9088,0.6419,0.0000,0.0000,-0.0000,0.0000,0.0000,0.0000,0.0000
26.0160,3,8.1423,2.1393,-0.0034,-0.0076,0.0036,-0.0003,0.0000,0.0000,0.0000
26.0480,1,4.9246,0.8650,0.1739,-0.0006,0.0036,0.0007,0.0000,0.0000,0.0000
26.0480,2,7.9088,0.6419,0.0000,0.0000,-0.0000,0.0000,0.0000,0.0000,0.0000
26.0480,3,8.1421,2.1392,-0.0034,-0.0076,0.0036,-0.0003,0.0000,0.0000,0.0000
26.0800,1,4.9246,0.8650,0.1739,-0.0006,0.0036,0.0007,0.0000,0.0000,0.0000
26.0800,2,7.9088,0.6419,0.0000,0.0000,-0.0000,0.0000,0.0000,0.0000,0.0000
26.0800,3,8.1420,2.1392,-0.0034,-0.0076,0.0036,-0.0003,0.0000,0.0000,0.0000
26.1140,1,4.9246,0.8650,0.1739,-0.0006,0.0036,0.0007,0.0000,0.0000,0.0000
26.1140,2,7.9088,0.6419,0.0000,0.0000,-0.0000,0.0000,0.0000,0.0000,0.0000
26.1140,3,8.1419,2.1392,-0.0034,-0.0076,0.0036,-0.0003,0.0000,0.0000,0.0000
26.1480,1,4.9246,0.8650,0.1739,-0.0006,0.0036,0.0007,0.0000,0.0000,0.0000
26.1480,2,7.9088,0.6419,0.0000,0.0000,-0.0000,0.0000,0.0000,0.0000,0.0000
26.1480,3,8.1418,2.1392,-0.0034,-0.0076,0.0036,-0.0003,0.0000,0.0000,0.0000
26.1820,1,4.9246,0.8650,0.1739,-0.0006,0.0036,0.0007,0.0000,0.0000,0.0000
26.1820,2,7.9088,0.6419,0.0000,0.0000,-0.0000,0.0000,0.0000,0.0000,0.0000
26.1820,3,8.1416,2.1392,-0.0034,-0.0076,0.0036,-0.0003,0.0000,0.0000,0.0000
26.2140,1,4.9246,0.8650,0.1739,-0.0006,0.0036,0.0007,0.0000,0.0000,0.0000
26.2140,2,7.9088,0.6419,0.0000,0.0000,-0.0000,0.0000,0.0000,0.0000,0.0000
26.2140,3,8.1415,2.1391,-0.0034,-0.0076,0.0036,-0.0003,0.0000,0.0000,0.0000
26.2480,1,4.9246,0.8650,0.1739,-0.0006,0.0036,0.0007,0.0000,0.0000,0.0000
26.2480,2,7.9088,0.6419,0.0000,0.0000,-0.0000,0.0000,0.0000,0.0000,0.0000
26.2480,3,8.1414,2.1391,-0.0034,-0.0076,0.0036,-0.0003,0.0000,0.0000,0.0000
26.2820,1,4.9246,0.8650,0.1739,-0.0006,0.0036,0.0007,0.0000,0.0000,0.0000
26.2820,2,7.9088,0.6419,0.0000,0.0000,-0.0000,0.0000,0.0000,0.0000,0.0000
26.2820,3,8.1412,2.1391,-0.0034,-0.0076,0.0036,-0.0003,0.0000,0.0000,0.0000
26.3140,1,4.9246,0.8650,0.1739,-0.0006,0.0036,0.0007,0.0000,0.0000,0.0000
26.3140,2,7.9088,0.6419,0.0000,0.0000,-0.0000,0.0000,0.0000,0.0000,0.0000
26.3140,3,8.1411,2.1391,-0.0034,-0.0076,0.0036,-0.0003,0.0000,0.0000,0.0000
26.3480,1,4.9246,0.8650,0.1739,-0.0006,0.0036,0.0007,0.0000,0.0000,0.0000
26.3480,2,7.9088,0.6419,0.0000,0.0000,-0.0000,0.0000,0.0000,0.0000,0.0000
26.3480,3,8.1410,2.1390,-0.0034,-0.0076,0.0036,-0.0003,0.0000,0.0000,0.0000
26.3800,1,4.9246,0.8650,0.1739,-0.0006,0.0036,0.0007,0.0000,0.0000,0.0000
26.3800,2,7.9088,0.6419,0.0000,0.0000,-0.0000,0.0000,0.0000,0.0000,0.0000
26.3800,3,8.1409,2.1390,-0.0034,-0.0076,0.0036,-0.0003,0.0000,0.0000,0.0000
26.4140,1,4.9246,0.8650,0.1739,-0.0006,0.0036,0.0007,0.0000,0.0000,0.0000
26.4140,2,7.9088,0.6419,0.0000,0.0000,-0.0000,0.0000,0.0000,0.0000,0.0000
26.4140,3,8.1407,2.1390,-0.0034,-0.0076,0.0036,-0.0003,0.0000,0.0000,0.0000
26.4480,1,4.9246,0.8650,0.1739,-0.0006,0.0036,0.0007,0.0000,0.0000,0.0000
26.4480,2,7.9088,0.6419,0.0000,0.0000,-0.0000,0.0000,0.0000,0.0000,0.0000
26.4480,3,8.1406,2.1390,-0.0034,-0.0076,0.0036,-0.0003,0.0000,0.0000,0.0000
26.4820,1,4.9246,0.8650,0.1739,-0.0006,0.0036,0.0007,0.0000,0.0000,0.0000
26.4820,2,7.9088,0.6419,0.0000,0.0000,-0.0000,0.0000,0.0000,0.0000,0.0000
26.4820,3,8.1405,2.1389,-0.0034,-0.0076,0.0036,-0.0003,0.0000,0.0000,0.0000
26.5140,1,4.9246,0.8650,0.1739,-0.0006,0.0036,0.0007,0.0000,0.0000,0.0000
26.5140,2,7.9088,0.6419,0.0000,0.0000,-0.0000,0.0000,0.0000,0.0000,0.0000
26.5140,3,8.1404,2.1389,-0.0034,-0.0076,0.0036,-0.0003,0.0000,0.0000,0.0000
26.5500,1,4.9246,0.8650,0.1739,-0.0006,0.0036,0.0007,0.0000,0.0000,0.0000
26.5500,2,7.9088,0.6419,0.0000,0.0000,-0.0000,0.0000,0.0000,0.0000,0.0000
26.5500,3,8.1402,2.1389,-0.0034,-0.0076,0.0036,-0.0003,0.0000,0.0000,0.0000
26.5820,1,4.9246,0.8650,0.1739,-0.0006,0.0036,0.0007,0.0000,0.0000,0.0000
26.5820,2,7.9088,0.6419,0.0000,0.0000,-0.0000,0.0000,0.0000,0.0000,0.0000
26.5820,3,8.1401,2.1389,-0.0034,-0.0076,0.0036,-0.0003,0.0000,0.0000,0.0000
26.6140,1,4.9246,0.8650,0.1739,-0.0006,0.0036,0.0007,0.0000,0.0000,0.0000
26.6140,2,7.9088,0.6419,0.0000,0.0000,-0.0000,0.0000,0.0000,0.0000,0.0000
26.6140,3,8.1400,2.1388,-0.0034,-0.0076,0.0036,-0.0003,0.0000,0.0000,0.0000
26.6480,1,4.9246,0.8650,0.1739,-0.0006,0.0036,0.0007,0.0000,0.0000,0.0000
26.6480,2,7.9088,0.6419,0.0000,0.0000,-0.0000,0.0000,0.0000,0.0000,0.0000
26.6480,3,8.1398,2.1388,-0.0034,-0.0076,0.0036,-0.0003,0.0000,0.0000,0.0000
26.6820,1,4.9246,0.8650,0.1739,-0.0006,0.0036,0.0007,0.0000,0.0000,0.0000
26.6820,2,7.9088,0.6419,0.0000,0.0000,-0.0000,0.0000,0.0000,0.0000,0.0000
26.6820,3,8.1397,2.1388,-0.0034,-0.0076,0.0036,-0.0003,0.0000,0.0000,0.0000
26.7140,1,4.9246,0.8650,0.1739,-0.0006,0.0036,0.0007,0.0000,0.0000,0.0000
26.7140,2,7.9088,0.6419,0.0000,0.0000,-0.0000,0.0000,0.0000,0.0000,0.0000
26.7140,3,8.1396,2.1388,-0.0034,-0.0076,0.0036,-0.0003,0.0000,0.0000,0.0000
26.7460,1,4.9246,0.8650,0.1739,-0.0006,0.0036,0.0007,0.0000,0.0000,0.0000
26.7460,2,7.9088,0.6419,0.0000,0.0000,-0.0000,0.0000,0.0000,0.0000,0.0000
26.7460,3,8.1395,2.1388,-0.0034,-0.0076,0.0036,-0.0003,0.0000,0.0000,0.0000
26.7820,1,4.9246,0.8650,0.1739,-0.0006,0.0036,0.0007,0.0000,0.0000,0.0000
26.7820,2,7.9088,0.6419,0.0000,0.0000,-0.0000,0.0000,0.0000,0.0000,0.0000
26.7820,3,8.1393,2.1387,-0.0034,-0.0076,0.0036,-0.0003,0.0000,0.0000,0.0000
26.8140,1,4.9246,0.8650,0.1739,-0.0006,0.0036,0.0007,0.0000,0.0000,0.0000
26.8140,2,7.9088,0.6419,0.0000,0.0000,-0.0000,0.0000,0.0000,0.0000,0.0000
26.8140,3,8.1392,2.1387,-0.0034,-0.0076,0.0036,-0.0003,0.0000,0.0000,0.0000
26.8480,1,4.9246,0.8650,0.1739,-0.0006,0.0036,0.0007,0.0000,0.0000,0.0000
26.8480,2,7.9088,0.6419,0.0000,0.0000,-0.0000,0.0000,0.0000,0.0000,0.0000
26.8480,3,8.1391,2.1387,-0.0035,-0.0076,0.0036,-0.0003,0.0000,0.0000,0.0000
26.8800,1,4.9246,0.8650,0.1739,-0.0006,0.0036,0.0007,0.0000,0.0000,0.0000
26.8800,2,7.9088,0.6419,0.0000,0.0000,-0.0000,0.0000,0.0000,0.0000,0.0000
26.8800,3,8.1390,2.1387,-0.0035,-0.0076,0.0036,-0.0003,0.0000,0.0000,0.0000
26.9140,1,4.9246,0.8650,0.1739,-0.0006,0.0036,0.0007,0.0000,0.0000,0.0000
26.9140,2,7.9088,0.6419,0.0000,0.0000,-0.0000,0.0000,0.0000,0.0000,0.0000
26.9140,3,8.1388,2.1386,-0.0035,-0.0076,0.0036,-0.0003,0.0000,0.0000,0.0000
26.9480,1,4.9246,0.8650,0.1739,-0.0006,0.0036,0.0007,0.0000,0.0000,0.0000
26.9480,2,7.9088,0.6419,0.0000,0.0000,-0.0000,0.0000,0.0000,0.0000,0.0000
26.9480,3,8.1387,2.1386,-0.0035,-0.0076,0.0036,-0.0003,0.0000,0.0000,0.0000
26.9800,1,4.9246,0.8650,0.1739,-0.0006,0.0036,0.0007,0.0000,0.0000,0.0000
26.9800,2,7.9088,0.6419,0.0000,0.0000,-0.0000,0.0000,0.0000,0.0000,0.0000
26.9800,3,8.1386,2.1386,-0.0035,-0.0076,0.0036,-0.0003,0.0000,0.0000,0.0000
27.0140,1,4.9246,0.8650,0.1739,-0.0006,0.0036,0.0007,0.0000,0.0000,0.0000
27.0140,2,7.9088,0.6419,0.0000,0.0000,-0.0000,0.0000,0.0000,0.0000,0.0000
27.0140,3,8.1385,2.1386,-0.0035,-0.0076,0.0036,-0.0003,0.0000,0.0000,0.0000
27.0460,1,4.9246,0.8650,0.1739,-0.0006,0.0036,0.0007,0.0000,0.0000,0.0000
27.0460,2,7.9088,0.6419,0.0000,0.0000,-0.0000,0.0000,0.0000,0.0000,0.0000
27.0460,3,8.1383,2.1385,-0.0035,-0.0076,0.0036,-0.0003,0.0000,0.0000,0.0000
27.0820,1,4.9246,0.8650,0.1739,-0.0006,0.0036,0.0007,0.0000,0.0000,0.0000
27.0820,2,7.9088,0.6419,0.0000,0.0000,-0.0000,0.0000,0.0000,0.0000,0.0000
27.0820,3,8.1382,2.1385,-0.0035,-0.0076,0.0036,-0.0003,0.0000,0.0000,0.0000
27.1140,1,4.9246,0.8650,0.1739,-0.0006,0.0036,0.0007,0.0000,0.0000,0.0000
27.1140,2,7.9088,0.6419,0.0000,0.0000,-0.0000,0.0000,0.0000,0.0000,0.0000
27.1140,3,8.1381,2.1385,-0.0035,-0.0076,0.0036,-0.0003,0.0000,0.0000,0.0000
27.1480,1,4.9246,0.8650,0.1739,-0.0006,0.0036,0.0007,0.0000,0.0000,0.0000
27.1480,2,7.9088,0.6419,0.0000,0.0000,-0.0000,0.0000,0.0000,0.0000,0.0000
27.1480,3,8.1379,2.1385,-0.0035,-0.0076,0.0036,-0.0003,0.0000,0.0000,0.0000
27.1820,1,4.9246,0.8650,0.1739,-0.0006,0.0036,0.0007,0.0000,0.0000,0.0000
27.1820,2,7.9088,0.6419,0.0000,0.0000,-0.0000,0.0000,0.0000,0.0000,0.0000
27.1820,3,8.1378,2.1384,-0.0035,-0.0076,0.0036,-0.0003,0.0000,0.0000,0.0000
27.2140,1,4.9246,0.8650,0.1739,-0.0006,0.0036,0.0007,0.0000,0.0000,0.0000
27.2140,2,7.9088,0.6419,0.0000,0.0000,-0.0000,0.0000,0.0000,0.0000,0.0000
27.2140,3,8.1377,2.1384,-0.0035,-0.0076,0.0036,-0.0003,0.0000,0.0000,0.0000
27.2500,1,4.9246,0.8650,0.1739,-0.0006,0.0036,0.0007,0.0000,0.0000,0.0000
27.2500,2,7.9088,0.6419,0.0000,0.0000,-0.0000,0.0000,0.0000,0.0000,0.0000
27.2500,3,8.1376,2.1384,-0.0035,-0.0076,0.0036,-0.0003,0.0000,0.0000,0.0000
27.2820,1,4.9246,0.8650,0.1739,-0.0006,0.0036,0.0007,0.0000,0.0000,0.0000
27.2820,2,7.9088,0.6419,0.0000,0.0000,-0.0000,0.0000,0.0000,0.0000,0.0000
27.2820,3,8.1374,2.1384,-0.0035,-0.0076,0.0036,-0.0003,0.0000,0.0000,0.0000
27.3140,1,4.9246,0.8650,0.1739,-0.0006,0.0036,0.0007,0.0000,0.0000,0.0000
27.3140,2,7.9088,0.6419,0.0000,0.0000,-0.0000,0.0000,0.0000,0.0000,0.0000
27.3140,3,8.1373,2.1383,-0.0035,-0.0076,0.0036,-0.0003,0.0000,0.0000,0.0000
27.3480,1,4.9246,0.8650,0.1739,-0.0006,0.0036,0.0007,0.0000,0.0000,0.0000
27.3480,2,7.9088,0.6419,0.0000,0.0000,-0.0000,0.0000,0.0000,0.0000,0.0000
27.3480,3,8.1372,2.1383,-0.0035,-0.0076,0.0036,-0.0003,0.0000,0.0000,0.0000
27.3820,1,4.9246,0.8650,0.1739,-0.0006,0.0036,0.0007,0.0000,0.0000,0.0000
27.3820,2,7.9088,0.6419,0.0000,0.0000,-0.0000,0.0000,0.0000,0.0000,0.0000
27.3820,3,8.1370,2.1383,-0.0035,-0.0076,0.0036,-0.0003,0.0000,0.0000,0.0000
27.4140,1,4.9246,0.8650,0.1739,-0.0006,0.0036,0.0007,0.0000,0.0000,0.0000
27.4140,2,7.9088,0.6419,0.0000,0.0000,-0.0000,0.0000,0.0000,0.0000,0.0000
27.4140,3,8.1369,2.1383,-0.0035,-0.0076,0.0036,-0.0003,0.0000,0.0000,0.0000
27.4460,1,4.9246,0.8650,0.1739,-0.0006,0.0036,0.0007,0.0000,0.0000,0.0000
27.4460,2,7.9088,0.6419,0.0000,0.0000,-0.0000,0.0000,0.0000,0.0000,0.0000
27.4460,3,8.1368,2.1382,-0.0035,-0.0076,0.0036,-0.0003,0.0000,0.0000,0.0000
27.4820,1,4.9246,0.8650,0.1739,-0.0006,0.0036,0.0007,0.0000,0.0000,0.0000
27.4820,2,7.9088,0.6419,0.0000,0.0000,-0.0000,0.0000,0.0000,0.0000,0.0000
27.4820,3,8.1367,2.1382,-0.0035,-0.0076,0.0036,-0.0003,0.0000,0.0000,0.0000
27.5120,1,4.9246,0.8650,0.1739,-0.0006,0.0036,0.0007,0.0000,0.0000,0.0000
27.5120,2,7.9088,0.6419,0.0000,0.0000,-0.0000,0.0000,0.0000,0.0000,0.0000
27.5120,3,8.1366,2.1382,-0.0035,-0.0076,0.0036,-0.0003,0.0000,0.0000,0.0000
27.5480,1,4.9246,0.8650,0.1739,-0.0006,0.0036,0.0007,0.0000,0.0000,0.0000
27.5480,2,7.9088,0.6419,0.0000,0.0000,-0.0000,0.0000,0.0000,0.0000,0.0000
27.5480,3,8.1364,2.1382,-0.0035,-0.0076,0.0036,-0.0003,0.0000,0.0000,0.0000
27.5800,1,4.9246,0.8650,0.1739,-0.0006,0.0036,0.0007,0.0000,0.0000,0.0000
27.5800,2,7.9088,0.6419,0.0000,0.0000,-0.0000,0.0000,0.0000,0.0000,0.0000
27.5800,3,8.1363,2.1382,-0.0035,-0.0076,0.0036,-0.0003,0.0000,0.0000,0.0000
27.6140,1,4.9246,0.8650,0.1739,-0.0006,0.0036,0.0007,0.0000,0.0000,0.0000
27.6140,2,7.9088,0.6419,0.0000,0.0000,-0.0000,0.0000,0.0000,0.0000,0.0000
27.6140,3,8.1362,2.1381,-0.0035,-0.0076,0.0036,-0.0003,0.0000,0.0000,0.0000
27.6480,1,4.9246,0.8650,0.1739,-0.0006,0.0036,0.0007,0.0000,0.0000,0.0000
27.6480,2,7.9088,0.6419,0.0000,0.0000,-0.0000,0.0000,0.0000,0.0000,0.0000
27.6480,3,8.1360,2.1381,-0.0035,-0.0076,0.0036,-0.0003,0.0000,0.0000,0.0000
27.6780,1,4.9246,0.8650,0.1739,-0.0006,0.0036,0.0007,0.0000,0.0000,0.0000
27.6780,2,7.9088,0.6419,0.0000,0.0000,-0.0000,0.0000,0.0000,0.0000,0.0000
27.6780,3,8.1359,2.1381,-0.0035,-0.0076,0.0036,-0.0003,0.0000,0.0000,0.0000
27.7140,1,4.9246,0.8650,0.1739,-0.0006,0.0036,0.0007,0.0000,0.0000,0.0000
27.7140,2,7.9088,0.6419,0.0000,0.0000,-0.0000,0.0000,0.0000,0.0000,0.0000
27.7140,3,8.1358,2.1381,-0.0036,-0.0076,0.0036,-0.0003,0.0000,0.0000,0.0000
27.7480,1,4.9246,0.8650,0.1739,-0.0006,0.0036,0.0007,0.0000,0.0000,0.0000
27.7480,2,7.9088,0.6419,0.0000,0.0000,-0.0000,0.0000,0.0000,0.0000,0.0000
27.7480,3,8.1357,2.1380,-0.0036,-0.0076,0.0036,-0.0003,0.0000,0.0000,0.0000
27.7820,1,4.9246,0.8650,0.1739,-0.0006,0.0036,0.0007,0.0000,0.0000,0.0000
27.7820,2,7.9088,0.6419,0.0000,0.0000,-0.0000,0.0000,0.0000,0.0000,0.0000
27.7820,3,8.1355,2.1380,-0.0036,-0.0076,0.0036,-0.0003,0.0000,0.0000,0.0000
27.8140,1,4.9246,0.8650,0.1739,-0.0006,0.0036,0.0007,0.0000,0.0000,0.0000
27.8140,2,7.9088,0.6419,0.0000,0.0000,-0.0000,0.0000,0.0000,0.0000,0.0000
27.8140,3,8.1354,2.1380,-0.0036,-0.0076,0.0036,-0.0003,0.0000,0.0000,0.0000
27.8480,1,4.9246,0.8650,0.1739,-0.0006,0.0036,0.0007,0.0000,0.0000,0.0000
27.8480,2,7.9088,0.6419,0.0000,0.0000,-0.0000,0.0000,0.0000,0.0000,0.0000
27.8480,3,8.1353,2.1380,-0.0036,-0.0076,0.0036,-0.0003,0.0000,0.0000,0.0000
27.8800,1,4.9246,0.8650,0.1739,-0.0006,0.0036,0.0007,0.0000,0.0000,0.0000
27.8800,2,7.9088,0.6419,0.0000,0.0000,-0.0000,0.0000,0.0000,0.0000,0.0000
27.8800,3,8.1351,2.1379,-0.0036,-0.0076,0.0036,-0.0003,0.0000,0.0000,0.0000
27.9140,1,4.9246,0.8650,0.1739,-0.0006,0.0036,0.0007,0.0000,0.0000,0.0000
27.9140,2,7.9088,0.6419,0.0000,0.0000,-0.0000,0.0000,0.0000,0.0000,0.0000
27.9140,3,8.1350,2.1379,-0.0036,-0.0076,0.0036,-0.0003,0.0000,0.0000,0.0000
27.9460,1,4.9246,0.8650,0.1739,-0.0006,0.0036,0.0007,0.0000,0.0000,0.0000
27.9460,2,7.9088,0.6419,0.0000,0.0000,-0.0000,0.0000,0.0000,0.0000,0.0000
27.9460,3,8.1349,2.1379,-0.0036,-0.0076,0.0036,-0.0003,0.0000,0.0000,0.0000
27.9820,1,4.9246,0.8650,0.1739,-0.0006,0.0036,0.0007,0.0000,0.0000,0.0000
27.9820,2,7.9088,0.6419,0.0000,0.0000,-0.0000,0.0000,0.0000,0.0000,0.0000
27.9820,3,8.1348,2.1379,-0.0036,-0.0076,0.0036,-0.0003,0.0000,0.0000,0.0000
28.0160,1,4.9246,0.8650,0.1739,-0.0006,0.0036,0.0007,0.0000,0.0000,0.0000
28.0160,2,7.9088,0.6419,0.0000,0.0000,-0.0000,0.0000,0.0000,0.0000,0.0000
28.0160,3,8.1346,2.1378,-0.0036,-0.0076,0.0036,-0.0003,0.0000,0.0000,0.0000
28.0480,1,4.9246,0.8650,0.1739,-0.0006,0.0036,0.0007,0.0000,0.0000,0.0000
28.0480,2,7.9088,0.6419,0.0000,0.0000,-0.0000,0.0000,0.0000,0.0000,0.0000
28.0480,3,8.1345,2.1378,-0.0036,-0.0076,0.0036,-0.0003,0.0000,0.0000,0.0000
28.0800,1,4.9246,0.8650,0.1739,-0.0006,0.0036,0.0007,0.0000,0.0000,0.0000
28.0800,2,7.9088,0.6419,0.0000,0.0000,-0.0000,0.0000,0.0000,0.0000,0.0000
28.0800,3,8.1344,2.1378,-0.0036,-0.0076,0.0036,-0.0003,0.0000,0.0000,0.0000
28.1140,1,4.9246,0.8650,0.1739,-0.0006,0.0036,0.0007,0.0000,0.0000,0.0000
28.1140,2,7.9088,0.6419,0.0000,0.0000,-0.0000,0.0000,0.0000,0.0000,0.0000
28.1140,3,8.1343,2.1378,-0.0036,-0.0076,0.0036,-0.0003,0.0000,0.0000,0.0000
28.1500,1,4.9246,0.8650,0.1739,-0.0006,0.0036,0.0007,0.0000,0.0000,0.0000
28.1500,2,7.9088,0.6419,0.0000,0.0000,-0.0000,0.0000,0.0000,0.0000,0.0000
28.1500,3,8.1341,2.1377,-0.0036,-0.0076,0.0036,-0.0003,0.0000,0.0000,0.0000
28.1800,1,4.9246,0.8650,0.1739,-0.0006,0.0036,0.0007,0.0000,0.0000,0.0000
28.1800,2,7.9088,0.6419,0.0000,0.0000,-0.0000,0.0000,0.0000,0.0000,0.0000
28.1800,3,8.1340,2.1377,-0.0036,-0.0076,0.0036,-0.0003,0.0000,0.0000,0.0000
28.2160,1,4.9246,0.8650,0.1739,-0.0006,0.0036,0.0007,0.0000,0.0000,0.0000
28.2160,2,7.9088,0.6419,0.0000,0.0000,-0.0000,0.0000,0.0000,0.0000,0.0000
28.2160,3,8.1339,2.1377,-0.0036,-0.0076,0.0036,-0.0003,0.0000,0.0000,0.0000
28.2480,1,4.9246,0.8650,0.1739,-0.0006,0.0036,0.0007,0.0000,0.0000,0.0000
28.2480,2,7.9088,0.6419,0.0000,0.0000,-0.0000,0.0000,0.0000,0.0000,0.0000
28.2480,3,8.1337,2.1377,-0.0036,-0.0076,0.0036,-0.0003,0.0000,0.0000,0.0000
28.2820,1,4.9246,0.8650,0.1739,-0.0006,0.0036,0.0007,0.0000,0.0000,0.0000
28.2820,2,7.9088,0.6419,0.0000,0.0000,-0.0000,0.0000,0.0000,0.0000,0.0000
28.2820,3,8.1336,2.1377,-0.0036,-0.0076,0.0036,-0.0003,0.0000,0.0000,0.0000
28.3140,1,4.9246,0.8650,0.1739,-0.0006,0.0036,0.0007,0.0000,0.0000,0.0000
28.3140,2,7.9088,0.6419,0.0000,0.0000,-0.0000,0.0000,0.0000,0.0000,0.0000
28.3140,3,8.1335,2.1376,-0.0036,-0.0076,0.0036,-0.0003,0.0000,0.0000,0.0000
28.3460,1,4.9246,0.8650,0.1739,-0.0006,0.0036,0.0007,0.0000,0.0000,0.0000
28.3460,2,7.9088,0.6419,0.0000,0.0000,-0.0000,0.0000,0.0000,0.0000,0.0000
28.3460,3,8.1334,2.1376,-0.0036,-0.0076,0.0036,-0.0003,0.0000,0.0000,0.0000
28.3780,1,4.9246,0.8650,0.1739,-0.0006,0.0036,0.0007,0.0000,0.0000,0.0000
28.3780,2,7.9088,0.6419,0.0000,0.0000,-0.0000,0.0000,0.0000,0.0000,0.0000
28.3780,3,8.1333,2.1376,-0.0036,-0.0076,0.0036,-0.0003,0.0000,0.0000,0.0000
28.4140,1,4.9246,0.8650,0.1739,-0.0006,0.0036,0.0007,0.0000,0.0000,0.0000
28.4140,2,7.9088,0.6419,0.0000,0.0000,-0.0000,0.0000,0.0000,0.0000,0.0000
28.4140,3,8.1331,2.1376,-0.0036,-0.0076,0.0036,-0.0003,0.0000,0.0000,0.0000
28.4480,1,4.9246,0.8650,0.1739,-0.0006,0.0036,0.0007,0.0000,0.0000,0.0000
28.4480,2,7.9088,0.6419,0.0000,0.0000,-0.0000,0.0000,0.0000,0.0000,0.0000
28.4480,3,8.1330,2.1375,-0.0036,-0.0076,0.0036,-0.0003,0.0000,0.0000,0.0000
28.4800,1,4.9246,0.8650,0.1739,-0.0006,0.0036,0.0007,0.0000,0.0000,0.0000
28.4800,2,7.9088,0.6419,0.0000,0.0000,-0.0000,0.0000,0.0000,0.0000,0.0000
28.4800,3,8.1329,2.1375,-0.0036,-0.0076,0.0036,-0.0003,0.0000,0.0000,0.0000
28.5140,1,4.9246,0.8650,0.1739,-0.0006,0.0036,0.0007,0.0000,0.0000,0.0000
28.5140,2,7.9088,0.6419,0.0000,0.0000,-0.0000,0.0000,0.0000,0.0000,0.0000
28.5140,3,8.1327,2.1375,-0.0036,-0.0076,0.0036,-0.0003,0.0000,0.0000,0.0000
28.5480,1,4.9246,0.8650,0.1739,-0.0006,0.0036,0.0007,0.0000,0.0000,0.0000
28.5480,2,7.9088,0.6419,0.0000,0.0000,-0.0000,0.0000,0.0000,0.0000,0.0000
28.5480,3,8.1326,2.1375,-0.0037,-0.0076,0.0036,-0.0003,0.0000,0.0000,0.0000
28.5820,1,4.9246,0.8650,0.1739,-0.0006,0.0036,0.0007,0.0000,0.0000,0.0000
28.5820,2,7.9088,0.6419,0.0000,0.0000,-0.0000,0.0000,0.0000,0.0000,0.0000
28.5820,3,8.1325,2.1374,-0.0037,-0.0076,0.0036,-0.0003,0.0000,0.0000,0.0000
28.6120,1,4.9246,0.8650,0.1739,-0.0006,0.0036,0.0007,0.0000,0.0000,0.0000
28.6120,2,7.9088,0.6419,0.0000,0.0000,-0.0000,0.0000,0.0000,0.0000,0.0000
28.6120,3,8.1324,2.1374,-0.0037,-0.0076,0.0036,-0.0003,0.0000,0.0000,0.0000
28.6480,1,4.9246,0.8650,0.1739,-0.0006,0.0036,0.0007,0.0000,0.0000,0.0000
28.6480,2,7.9088,0.6419,0.0000,0.0000,-0.0000,0.0000,0.0000,0.0000,0.0000
28.6480,3,8.1322,2.1374,-0.0037,-0.0076,0.0036,-0.0003,0.0000,0.0000,0.0000
28.6820,1,4.9246,0.8650,0.1739,-0.0006,0.0036,0.0007,0.0000,0.0000,0.0000
28.6820,2,7.9088,0.6419,0.0000,0.0000,-0.0000,0.0000,0.0000,0.0000,0.0000
28.6820,3,8.1321,2.1374,-0.0037,-0.0076,0.0036,-0.0003,0.0000,0.0000,0.0000
28.7140,1,4.9246,0.8650,0.1739,-0.0006,0.0036,0.0007,0.0000,0.0000,0.0000
28.7140,2,7.9088,0.6419,0.0000,0.0000,-0.0000,0.0000,0.0000,0.0000,0.0000
28.7140,3,8.1320,2.1373,-0.0037,-0.0076,0.0036,-0.0003,0.0000,0.0000,0.0000
28.7480,1,4.9246,0.8650,0.1739,-0.0006,0.0036,0.0007,0.0000,0.0000,0.0000
28.7480,2,7.9088,0.6419,0.0000,0.0000,-0.0000,0.0000,0.0000,0.0000,0.0000
28.7480,3,8.1318,2.1373,-0.0037,-0.0076,0.0036,-0.0003,0.0000,0.0000,0.0000
28.7780,1,4.9246,0.8650,0.1739,-0.0006,0.0036,0.0007,0.0000,0.0000,0.0000
28.7780,2,7.9088,0.6419,0.0000,0.0000,-0.0000,0.0000,0.0000,0.0000,0.0000
28.7780,3,8.1317,2.1373,-0.0037,-0.0076,0.0036,-0.0003,0.0000,0.0000,0.0000
28.8120,1,4.9246,0.8650,0.1739,-0.0006,0.0036,0.0007,0.0000,0.0000,0.0000
28.8120,2,7.9088,0.6419,0.0000,0.0000,-0.0000,0.0000,0.0000,0.0000,0.0000
28.8120,3,8.1316,2.1373,-0.0037,-0.0076,0.0036,-0.0003,0.0000,0.0000,0.0000
28.8460,1,4.9246,0.8650,0.1739,-0.0006,0.0036,0.0007,0.0000,0.0000,0.0000
28.8460,2,7.9088,0.6419,0.0000,0.0000,-0.0000,0.0000,0.0000,0.0000,0.0000
28.8460,3,8.1315,2.1372,-0.0037,-0.0076,0.0036,-0.0003,0.0000,0.0000,0.0000
28.8820,1,4.9246,0.8650,0.1739,-0.0006,0.0036,0.0007,0.0000,0.0000,0.0000
28.8820,2,7.9088,0.6419,0.0000,0.0000,-0.0000,0.0000,0.0000,0.0000,0.0000
28.8820,3,8.1313,2.1372,-0.0037,-0.0076,0.0036,-0.0003,0.0000,0.0000,0.0000
28.9140,1,4.9246,0.8650,0.1739,-0.0006,0.0036,0.0007,0.0000,0.0000,0.0000
28.9140,2,7.9088,0.6419,0.0000,0.0000,-0.0000,0.0000,0.0000,0.0000,0.0000
28.9140,3,8.1312,2.1372,-0.0037,-0.0076,0.0036,-0.0003,0.0000,0.0000,0.0000
28.9500,1,4.9246,0.8650,0.1739,-0.0006,0.0036,0.0007,0.0000,0.0000,0.0000
28.9500,2,7.9088,0.6419,0.0000,0.0000,-0.0000,0.0000,0.0000,0.0000,0.0000
28.9500,3,8.1311,2.1372,-0.0037,-0.0076,0.0036,-0.0003,0.0000,0.0000,0.0000
28.9800,1,4.9246,0.8650,0.1739,-0.0006,0.0036,0.0007,0.0000,0.0000,0.0000
28.9800,2,7.9088,0.6419,0.0000,0.0000,-0.0000,0.0000,0.0000,0.0000,0.0000
28.9800,3,8.1310,2.1372,-0.0037,-0.0076,0.0036,-0.0003,0.0000,0.0000,0.0000
29.0120,1,4.9246,0.8650,0.1739,-0.0006,0.0036,0.0007,0.0000,0.0000,0.0000
29.0120,2,7.9088,0.6419,0.0000,0.0000,-0.0000,0.0000,0.0000,0.0000,0.0000
29.0120,3,8.1308,2.1371,-0.0037,-0.0076,0.0036,-0.0003,0.0000,0.0000,0.0000
29.0460,1,4.9246,0.8650,0.1739,-0.0006,0.0036,0.0007,0.0000,0.0000,0.0000
29.0460,2,7.9088,0.6419,0.0000,0.0000,-0.0000,0.0000,0.0000,0.0000,0.0000
29.0460,3,8.1307,2.1371,-0.0037,-0.0076,0.0036,-0.0003,0.0000,0.0000,0.0000
29.0800,1,4.9246,0.8650,0.1739,-0.0006,0.0036,0.0007,0.0000,0.0000,0.0000
29.0800,2,7.9088,0.6419,0.0000,0.0000,-0.0000,0.0000,0.0000,0.0000,0.0000
29.0800,3,8.1306,2.1371,-0.0037,-0.0076,0.0036,-0.0003,0.0000,0.0000,0.0000
29.1120,1,4.9246,0.8650,0.1739,-0.0006,0.0036,0.0007,0.0000,0.0000,0.0000
29.1120,2,7.9088,0.6419,0.0000,0.0000,-0.0000,0.0000,0.0000,0.0000,0.0000
29.1120,3,8.1305,2.1371,-0.0037,-0.0076,0.0036,-0.0003,0.0000,0.0000,0.0000
29.1460,1,4.9246,0.8650,0.1739,-0.0006,0.0036,0.0007,0.0000,0.0000,0.0000
29.1460,2,7.9088,0.6419,0.0000,0.0000,-0.0000,0.0000,0.0000,0.0000,0.0000
29.1460,3,8.1303,2.1370,-0.0037,-0.0076,0.0036,-0.0003,0.0000,0.0000,0.0000
29.1780,1,4.9246,0.8650,0.1739,-0.0006,0.0036,0.0007,0.0000,0.0000,0.0000
29.1780,2,7.9088,0.6419,0.0000,0.0000,-0.0000,0.0000,0.0000,0.0000,0.0000
29.1780,3,8.1302,2.1370,-0.0037,-0.0076,0.0036,-0.0003,0.0000,0.0000,0.0000
29.2120,1,4.9246,0.8650,0.1739,-0.0006,0.0036,0.0007,0.0000,0.0000,0.0000
29.2120,2,7.9088,0.6419,0.0000,0.0000,-0.0000,0.0000,0.0000,0.0000,0.0000
29.2120,3,8.1301,2.1370,-0.0037,-0.0076,0.0036,-0.0003,0.0000,0.0000,0.0000
29.2460,1,4.9246,0.8650,0.1739,-0.0006,0.0036,0.0007,0.0000,0.0000,0.0000
29.2460,2,7.9088,0.6419,0.0000,0.0000,-0.0000,0.0000,0.0000,0.0000,0.0000
29.2460,3,8.1299,2.1370,-0.0037,-0.0076,0.0036,-0.0003,0.0000,0.0000,0.0000
29.2780,1,4.9246,0.8650,0.1739,-0.0006,0.0036,0.0007,0.0000,0.0000,0.0000
29.2780,2,7.9088,0.6419,0.0000,0.0000,-0.0000,0.0000,0.0000,0.0000,0.0000
29.2780,3,8.1298,2.1369,-0.0037,-0.0076,0.0036,-0.0003,0.0000,0.0000,0.0000
29.3140,1,4.9246,0.8650,0.1739,-0.0006,0.0036,0.0007,0.0000,0.0000,0.0000
29.3140,2,7.9088,0.6419,0.0000,0.0000,-0.0000,0.0000,0.0000,0.0000,0.0000
29.3140,3,8.1297,2.1369,-0.0037,-0.0076,0.0036,-0.0003,0.0000,0.0000,0.0000
29.3480,1,4.9246,0.8650,0.1739,-0.0006,0.0036,0.0007,0.0000,0.0000,0.0000
29.3480,2,7.9088,0.6419,0.0000,0.0000,-0.0000,0.0000,0.0000,0.0000,0.0000
29.3480,3,8.1295,2.1369,-0.0037,-0.0076,0.0036,-0.0003,0.0000,0.0000,0.0000
29.3800,1,4.9246,0.8650,0.1739,-0.0006,0.0036,0.0007,0.0000,0.0000,0.0000
29.3800,2,7.9088,0.6419,0.0000,0.0000,-0.0000,0.0000,0.0000,0.0000,0.0000
29.3800,3,8.1294,2.1369,-0.0038,-0.0076,0.0036,-0.0003,0.0000,0.0000,0.0000
29.4140,1,4.9246,0.8650,0.1739,-0.0006,0.0036,0.0007,0.0000,0.0000,0.0000
29.4140,2,7.9088,0.6419,0.0000,0.0000,-0.0000,0.0000,0.0000,0.0000,0.0000
29.4140,3,8.1293,2.1368,-0.0038,-0.0076,0.0036,-0.0003,0.0000,0.0000,0.0000
29.4460,1,4.9246,0.8650,0.1739,-0.0006,0.0036,0.0007,0.0000,0.0000,0.0000
29.4460,2,7.9088,0.6419,0.0000,0.0000,-0.0000,0.0000,0.0000,0.0000,0.0000
29.4460,3,8.1292,2.1368,-0.0038,-0.0076,0.0036,-0.0003,0.0000,0.0000,0.0000
29.4820,1,4.9246,0.8650,0.1739,-0.0006,0.0036,0.0007,0.0000,0.0000,0.0000
29.4820,2,7.9088,0.6419,0.0000,0.0000,-0.0000,0.0000,0.0000,0.0000,0.0000
29.4820,3,8.1290,2.1368,-0.0038,-0.0076,0.0036,-0.0003,0.0000,0.0000,0.0000
29.5120,1,4.9246,0.8650,0.1739,-0.0006,0.0036,0.0007,0.0000,0.0000,0.0000
29.5120,2,7.9088,0.6419,0.0000,0.0000,-0.0000,0.0000,0.0000,0.0000,0.0000
29.5120,3,8.1289,2.1368,-0.0038,-0.0076,0.0036,-0.0003,0.0000,0.0000,0.0000
29.5480,1,4.9246,0.8650,0.1739,-0.0006,0.0036,0.0007,0.0000,0.0000,0.0000
29.5480,2,7.9088,0.6419,0.0000,0.0000,-0.0000,0.0000,0.0000,0.0000,0.0000
29.5480,3,8.1288,2.1367,-0.0038,-0.0076,0.0036,-0.0003,0.0000,0.0000,0.0000
29.5800,1,4.9246,0.8650,0.1739,-0.0006,0.0036,0.0007,0.0000,0.0000,0.0000
29.5800,2,7.9088,0.6419,0.0000,0.0000,-0.0000,0.0000,0.0000,0.0000,0.0000
29.5800,3,8.1287,2.1367,-0.0038,-0.0076,0.0036,-0.0003,0.0000,0.0000,0.0000
29.6160,1,4.9246,0.8650,0.1739,-0.0006,0.0036,0.0007,0.0000,0.0000,0.0000
29.6160,2,7.9088,0.6419,0.0000,0.0000,-0.0000,0.0000,0.0000,0.0000,0.0000
29.6160,3,8.1285,2.1367,-0.0038,-0.0076,0.0036,-0.0003,0.0000,0.0000,0.0000
29.6480,1,4.9246,0.8650,0.1739,-0.0006,0.0036,0.0007,0.0000,0.0000,0.0000
29.6480,2,7.9088,0.6419,0.0000,0.0000,-0.0000,0.0000,0.0000,0.0000,0.0000
29.6480,3,8.1284,2.1367,-0.0038,-0.0076,0.0036,-0.0003,0.0000,0.0000,0.0000
29.6800,1,4.9246,0.8650,0.1739,-0.0006,0.0036,0.0007,0.0000,0.0000,0.0000
29.6800,2,7.9088,0.6419,0.0000,0.0000,-0.0000,0.0000,0.0000,0.0000,0.0000
29.6800,3,8.1283,2.1367,-0.0038,-0.0076,0.0036,-0.0003,0.0000,0.0000,0.0000
29.7140,1,4.9246,0.8650,0.1739,-0.0006,0.0036,0.0007,0.0000,0.0000,0.0000
29.7140,2,7.9088,0.6419,0.0000,0.0000,-0.0000,0.0000,0.0000,0.0000,0.0000
29.7140,3,8.1282,2.1366,-0.0038,-0.0076,0.0036,-0.0003,0.0000,0.0000,0.0000
29.7480,1,4.9246,0.8650,0.1739,-0.0006,0.0036,0.0007,0.0000,0.0000,0.0000
29.7480,2,7.9088,0.6419,0.0000,0.0000,-0.0000,0.0000,0.0000,0.0000,0.0000
29.7480,3,8.1280,2.1366,-0.0038,-0.0076,0.0036,-0.0003,0.0000,0.0000,0.0000
29.7780,1,4.9246,0.8650,0.1739,-0.0006,0.0036,0.0007,0.0000,0.0000,0.0000
29.7780,2,7.9088,0.6419,0.0000,0.0000,-0.0000,0.0000,0.0000,0.0000,0.0000
29.7780,3,8.1279,2.1366,-0.0038,-0.0076,0.0036,-0.0003,0.0000,0.0000,0.0000
29.8120,1,4.9246,0.8650,0.1739,-0.0006,0.0036,0.0007,0.0000,0.0000,0.0000
29.8120,2,7.9088,0.6419,0.0000,0.0000,-0.0000,0.0000,0.0000,0.0000,0.0000
29.8120,3,8.1278,2.1366,-0.0038,-0.0076,0.0036,-0.0003,0.0000,0.0000,0.0000
29.8480,1,4.9246,0.8650,0.1739,-0.0006,0.0036,0.0007,0.0000,0.0000,0.0000
29.8480,2,7.9088,0.6419,0.0000,0.0000,-0.0000,0.0000,0.0000,0.0000,0.0000
29.8480,3,8.1276,2.1365,-0.0038,-0.0076,0.0036,-0.0003,0.0000,0.0000,0.0000
29.8800,1,4.9246,0.8650,0.1739,-0.0006,0.0036,0.0007,0.0000,0.0000,0.0000
29.8800,2,7.9088,0.6419,0.0000,0.0000,-0.0000,0.0000,0.0000,0.0000,0.0000
29.8800,3,8.1275,2.1365,-0.0038,-0.0076,0.0036,-0.0003,0.0000,0.0000,0.0000
29.9140,1,4.9246,0.8650,0.1739,-0.0006,0.0036,0.0007,0.0000,0.0000,0.0000
29.9140,2,7.9088,0.6419,0.0000,0.0000,-0.0000,0.0000,0.0000,0.0000,0.0000
29.9140,3,8.1274,2.1365,-0.0038,-0.0076,0.0036,-0.0003,0.0000,0.0000,0.0000
29.9480,1,4.9246,0.8650,0.1739,-0.0006,0.0036,0.0007,0.0000,0.0000,0.0000
29.9480,2,7.9088,0.6419,0.0000,0.0000,-0.0000,0.0000,0.0000,0.0000,0.0000
29.9480,3,8.1273,2.1365,-0.0038,-0.0076,0.0036,-0.0003,0.0000,0.0000,0.0000
29.9800,1,4.9246,0.8650,0.1739,-0.0006,0.0036,0.0007,0.0000,0.0000,0.0000
29.9800,2,7.9088,0.6419,0.0000,0.0000,-0.0000,0.0000,0.0000,0.0000,0.0000
29.9800,3,8.1271,2.1364,-0.0038,-0.0076,0.0036,-0.0003,0.0000,0.0000,0.0000
30.0140,1,4.9246,0.8650,0.1739,-0.0006,0.0036,0.0007,0.0000,0.0000,0.0000
30.0140,2,7.9088,0.6419,0.0000,0.0000,-0.0000,0.0000,0.0000,0.0000,0.0000
30.0140,3,8.1270,2.1364,-0.0038,-0.0076,0.0036,-0.0003,0.0000,0.0000,0.0000
30.0460,1,4.9246,0.8650,0.1739,-0.0006,0.0036,0.0007,0.0000,0.0000,0.0000
30.0460,2,7.9088,0.6419,0.0000,0.0000,-0.0000,0.0000,0.0000,0.0000,0.0000
30.0460,3,8.1269,2.1364,-0.0038,-0.0076,0.0036,-0.0003,0.0000,0.0000,0.0000
30.0820,1,4.9246,0.8650,0.1739,-0.0006,0.0036,0.0007,0.0000,0.0000,0.0000
30.0820,2,7.9088,0.6419,0.0000,0.0000,-0.0000,0.0000,0.0000,0.0000,0.0000
30.0820,3,8.1267,2.1364,-0.0038,-0.0076,0.0036,-0.0003,0.0000,0.0000,0.0000
30.1140,1,4.9246,0.8650,0.1739,-0.0006,0.0036,0.0007,0.0000,0.0000,0.0000
30.1140,2,7.9088,0.6419,0.0000,0.0000,-0.0000,0.0000,0.0000,0.0000,0.0000
30.1140,3,8.1266,2.1363,-0.0038,-0.0076,0.0036,-0.0003,0.0000,0.0000,0.0000
30.1460,1,4.9246,0.8650,0.1739,-0.0006,0.0036,0.0007,0.0000,0.0000,0.0000
30.1460,2,7.9088,0.6419,0.0000,0.0000,-0.0000,0.0000,0.0000,0.0000,0.0000
30.1460,3,8.1265,2.1363,-0.0038,-0.0076,0.0036,-0.0003,0.0000,0.0000,0.0000
30.1780,1,4.9246,0.8650,0.1739,-0.0006,0.0036,0.0007,0.0000,0.0000,0.0000
30.1780,2,7.9088,0.6419,0.0000,0.0000,-0.0000,0.0000,0.0000,0.0000,0.0000
30.1780,3,8.1264,2.1363,-0.0038,-0.0076,0.0036,-0.0003,0.0000,0.0000,0.0000
30.2140,1,4.9246,0.8650,0.1739,-0.0006,0.0036,0.0007,0.0000,0.0000,0.0000
30.2140,2,7.9088,0.6419,0.0000,0.0000,-0.0000,0.0000,0.0000,0.0000,0.0000
30.2140,3,8.1262,2.1363,-0.0039,-0.0076,0.0036,-0.0003,0.0000,0.0000,0.0000
30.2480,1,4.9246,0.8650,0.1739,-0.0006,0.0036,0.0007,0.0000,0.0000,0.0000
30.2480,2,7.9088,0.6419,0.0000,0.0000,-0.0000,0.0000,0.0000,0.0000,0.0000
30.2480,3,8.1261,2.1362,-0.0039,-0.0076,0.0036,-0.0003,0.0000,0.0000,0.0000
30.2800,1,4.9246,0.8650,0.1739,-0.0006,0.0036,0.0007,0.0000,0.0000,0.0000
30.2800,2,7.9088,0.6419,0.0000,0.0000,-0.0000,0.0000,0.0000,0.0000,0.0000
30.2800,3,8.1260,2.1362,-0.0039,-0.0076,0.0036,-0.0003,0.0000,0.0000,0.0000
30.3140,1,4.9246,0.8650,0.1739,-0.0006,0.0036,0.0007,0.0000,0.0000,0.0000
30.3140,2,7.9088,0.6419,0.0000,0.0000,-0.0000,0.0000,0.0000,0.0000,0.0000
30.3140,3,8.1259,2.1362,-0.0039,-0.0076,0.0036,-0.0003,0.0000,0.0000,0.0000
30.3480,1,4.9246,0.8650,0.1739,-0.0006,0.0036,0.0007,0.0000,0.0000,0.0000
30.3480,2,7.9088,0.6419,0.0000,0.0000,-0.0000,0.0000,0.0000,0.0000,0.0000
30.3480,3,8.1257,2.1362,-0.0039,-0.0076,0.0036,-0.0003,0.0000,0.0000,0.0000
30.3800,1,4.9246,0.8650,0.1739,-0.0006,0.0036,0.0007,0.0000,0.0000,0.0000
30.3800,2,7.9088,0.6419,0.0000,0.0000,-0.0000,0.0000,0.0000,0.0000,0.0000
30.3800,3,8.1256,2.1362,-0.0039,-0.0076,0.0036,-0.0003,0.0000,0.0000,0.0000
30.4140,1,4.9246,0.8650,0.1739,-0.0006,0.0036,0.0007,0.0000,0.0000,0.0000
30.4140,2,7.9088,0.6419,0.0000,0.0000,-0.0000,0.0000,0.0000,0.0000,0.0000
30.4140,3,8.1255,2.1361,-0.0039,-0.0076,0.0036,-0.0003,0.0000,0.0000,0.0000
30.4460,1,4.9246,0.8650,0.1739,-0.0006,0.0036,0.0007,0.0000,0.0000,0.0000
30.4460,2,7.9088,0.6419,0.0000,0.0000,-0.0000,0.0000,0.0000,0.0000,0.0000
30.4460,3,8.1254,2.1361,-0.0039,-0.0076,0.0036,-0.0003,0.0000,0.0000,0.0000
30.4800,1,4.9246,0.8650,0.1739,-0.0006,0.0036,0.0007,0.0000,0.0000,0.0000
30.4800,2,7.9088,0.6419,0.0000,0.0000,-0.0000,0.0000,0.0000,0.0000,0.0000
30.4800,3,8.1252,2.1361,-0.0039,-0.0076,0.0036,-0.0003,0.0000,0.0000,0.0000
30.5140,1,4.9246,0.8650,0.1739,-0.0006,0.0036,0.0007,0.0000,0.0000,0.0000
30.5140,2,7.9088,0.6419,0.0000,0.0000,-0.0000,0.0000,0.0000,0.0000,0.0000
30.5140,3,8.1251,2.1361,-0.0039,-0.0076,0.0036,-0.0003,0.0000,0.0000,0.0000
30.5480,1,4.9246,0.8650,0.1739,-0.0006,0.0036,0.0007,0.0000,0.0000,0.0000
30.5480,2,7.9088,0.6419,0.0000,0.0000,-0.0000,0.0000,0.0000,0.0000,0.0000
30.5480,3,8.1250,2.1360,-0.0039,-0.0076,0.0036,-0.0003,0.0000,0.0000,0.0000
30.5800,1,4.9246,0.8650,0.1739,-0.0006,0.0036,0.0007,0.0000,0.0000,0.0000
30.5800,2,7.9088,0.6419,0.0000,0.0000,-0.0000,0.0000,0.0000,0.0000,0.0000
30.5800,3,8.1249,2.1360,-0.0039,-0.0076,0.0036,-0.0003,0.0000,0.0000,0.0000
30.6120,1,4.9246,0.8650,0.1739,-0.0006,0.0036,0.0007,0.0000,0.0000,0.0000
30.6120,2,7.9088,0.6419,0.0000,0.0000,-0.0000,0.0000,0.0000,0.0000,0.0000
30.6120,3,8.1247,2.1360,-0.0039,-0.0076,0.0036,-0.0003,0.0000,0.0000,0.0000
30.6480,1,4.9246,0.8650,0.1739,-0.0006,0.0036,0.0007,0.0000,0.0000,0.0000
30.6480,2,7.9088,0.6419,0.0000,0.0000,-0.0000,0.0000,0.0000,0.0000,0.0000
30.6480,3,8.1246,2.1360,-0.0039,-0.0076,0.0036,-0.0003,0.0000,0.0000,0.0000
30.6800,1,4.9246,0.8650,0.1739,-0.0006,0.0036,0.0007,0.0000,0.0000,0.0000
30.6800,2,7.9088,0.6419,0.0000,0.0000,-0.0000,0.0000,0.0000,0.0000,0.0000
30.6800,3,8.1245,2.1359,-0.0039,-0.0076,0.0036,-0.0003,0.0000,0.0000,0.0000
30.7140,1,4.9246,0.8650,0.1739,-0.0006,0.0036,0.0007,0.0000,0.0000,0.0000
30.7140,2,7.9088,0.6419,0.0000,0.0000,-0.0000,0.0000,0.0000,0.0000,0.0000
30.7140,3,8.1243,2.1359,-0.0039,-0.0076,0.0036,-0.0003,0.0000,0.0000,0.0000
30.7460,1,4.9246,0.8650,0.1739,-0.0006,0.0036,0.0007,0.0000,0.0000,0.0000
30.7460,2,7.9088,0.6419,0.0000,0.0000,-0.0000,0.0000,0.0000,0.0000,0.0000
30.7460,3,8.1242,2.1359,-0.0039,-0.0076,0.0036,-0.0003,0.0000,0.0000,0.0000
30.7780,1,4.9246,0.8650,0.1739,-0.0006,0.0036,0.0007,0.0000,0.0000,0.0000
30.7780,2,7.9088,0.6419,0.0000,0.0000,-0.0000,0.0000,0.0000,0.0000,0.0000
30.7780,3,8.1241,2.1359,-0.0039,-0.0076,0.0036,-0.0003,0.0000,0.0000,0.0000
30.8120,1,4.9246,0.8650,0.1739,-0.0006,0.0036,0.0007,0.0000,0.0000,0.0000
30.8120,2,7.9088,0.6419,0.0000,0.0000,-0.0000,0.0000,0.0000,0.0000,0.0000
30.8120,3,8.1240,2.1358,-0.0039,-0.0076,0.0036,-0.0003,0.0000,0.0000,0.0000
30.8460,1,4.9246,0.8650,0.1739,-0.0006,0.0036,0.0007,0.0000,0.0000,0.0000
30.8460,2,7.9088,0.6419,0.0000,0.0000,-0.0000,0.0000,0.0000,0.0000,0.0000
30.8460,3,8.1238,2.1358,-0.0039,-0.0076,0.0036,-0.0003,0.0000,0.0000,0.0000
30.8800,1,4.9246,0.8650,0.1739,-0.0006,0.0036,0.0007,0.0000,0.0000,0.0000
30.8800,2,7.9088,0.6419,0.0000,0.0000,-0.0000,0.0000,0.0000,0.0000,0.0000
30.8800,3,8.1237,2.1358,-0.0039,-0.0076,0.0036,-0.0003,0.0000,0.0000,0.0000
30.9140,1,4.9246,0.8650,0.1739,-0.0006,0.0036,0.0007,0.0000,0.0000,0.0000
30.9140,2,7.9088,0.6419,0.0000,0.0000,-0.0000,0.0000,0.0000,0.0000,0.0000
30.9140,3,8.1236,2.1358,-0.0039,-0.0076,0.0036,-0.0003,0.0000,0.0000,0.0000
30.9460,1,4.9246,0.8650,0.1739,-0.0006,0.0036,0.0007,0.0000,0.0000,0.0000
30.9460,2,7.9088,0.6419,0.0000,0.0000,-0.0000,0.0000,0.0000,0.0000,0.0000
30.9460,3,8.1235,2.1357,-0.0039,-0.0076,0.0036,-0.0003,0.0000,0.0000,0.0000
30.9800,1,4.9246,0.8650,0.1739,-0.0006,0.0036,0.0007,0.0000,0.0000,0.0000
30.9800,2,7.9088,0.6419,0.0000,0.0000,-0.0000,0.0000,0.0000,0.0000,0.0000
30.9800,3,8.1233,2.1357,-0.0039,-0.0076,0.0036,-0.0003,0.0000,0.0000,0.0000
31.0140,1,4.9246,0.8650,0.1739,-0.0006,0.0036,0.0007,0.0000,0.0000,0.0000
31.0140,2,7.9088,0.6419,0.0000,0.0000,-0.0000,0.0000,0.0000,0.0000,0.0000
31.0140,3,8.1232,2.1357,-0.0039,-0.0076,0.0036,-0.0003,0.0000,0.0000,0.0000
31.0480,1,4.9246,0.8650,0.1739,-0.0006,0.0036,0.0007,0.0000,0.0000,0.0000
31.0480,2,7.9088,0.6419,0.0000,0.0000,-0.0000,0.0000,0.0000,0.0000,0.0000
31.0480,3,8.1231,2.1357,-0.0040,-0.0076,0.0036,-0.0003,0.0000,0.0000,0.0000
31.0780,1,4.9246,0.8650,0.1739,-0.0006,0.0036,0.0007,0.0000,0.0000,0.0000
31.0780,2,7.9088,0.6419,0.0000,0.0000,-0.0000,0.0000,0.0000,0.0000,0.0000
31.0780,3,8.1230,2.1357,-0.0040,-0.0076,0.0036,-0.0003,0.0000,0.0000,0.0000
31.1120,1,4.9246,0.8650,0.1739,-0.0006,0.0036,0.0007,0.0000,0.0000,0.0000
31.1120,2,7.9088,0.6419,0.0000,0.0000,-0.0000,0.0000,0.0000,0.0000,0.0000
31.1120,3,8.1228,2.1356,-0.0040,-0.0076,0.0036,-0.0003,0.0000,0.0000,0.0000
31.1480,1,4.9246,0.8650,0.1739,-0.0006,0.0036,0.0007,0.0000,0.0000,0.0000
31.1480,2,7.9088,0.6419,0.0000,0.0000,-0.0000,0.0000,0.0000,0.0000,0.0000
31.1480,3,8.1227,2.1356,-0.0040,-0.0076,0.0036,-0.0003,0.0000,0.0000,0.0000
31.1800,1,4.9246,0.8650,0.1739,-0.0006,0.0036,0.0007,0.0000,0.0000,0.0000
31.1800,2,7.9088,0.6419,0.0000,0.0000,-0.0000,0.0000,0.0000,0.0000,0.0000
31.1800,3,8.1226,2.1356,-0.0040,-0.0076,0.0036,-0.0003,0.0000,0.0000,0.0000
31.2140,1,4.9246,0.8650,0.1739,-0.0006,0.0036,0.0007,0.0000,0.0000,0.0000
31.2140,2,7.9088,0.6419,0.0000,0.0000,-0.0000,0.0000,0.0000,0.0000,0.0000
31.2140,3,8.1224,2.1356,-0.0040,-0.0076,0.0036,-0.0003,0.0000,0.0000,0.0000
31.2460,1,4.9246,0.8650,0.1739,-0.0006,0.0036,0.0007,0.0000,0.0000,0.0000
31.2460,2,7.9088,0.6419,0.0000,0.0000,-0.0000,0.0000,0.0000,0.0000,0.0000
31.2460,3,8.1223,2.1355,-0.0040,-0.0076,0.0036,-0.0003,0.0000,0.0000,0.0000
31.2820,1,4.9246,0.8650,0.1739,-0.0006,0.0036,0.0007,0.0000,0.0000,0.0000
31.2820,2,7.9088,0.6419,0.0000,0.0000,-0.0000,0.0000,0.0000,0.0000,0.0000
31.2820,3,8.1222,2.1355,-0.0040,-0.0076,0.0036,-0.0003,0.0000,0.0000,0.0000
31.3120,1,4.9246,0.8650,0.1739,-0.0006,0.0036,0.0007,0.0000,0.0000,0.0000
31.3120,2,7.9088,0.6419,0.0000,0.0000,-0.0000,0.0000,0.0000,0.0000,0.0000
31.3120,3,8.1221,2.1355,-0.0040,-0.0076,0.0036,-0.0003,0.0000,0.0000,0.0000
31.3440,1,4.9246,0.8650,0.1739,-0.0006,0.0036,0.0007,0.0000,0.0000,0.0000
31.3440,2,7.9088,0.6419,0.0000,0.0000,-0.0000,0.0000,0.0000,0.0000,0.0000
31.3440,3,8.1219,2.1355,-0.0040,-0.0076,0.0036,-0.0003,0.0000,0.0000,0.0000
31.3800,1,4.9246,0.8650,0.1739,-0.0006,0.0036,0.0007,0.0000,0.0000,0.0000
31.3800,2,7.9088,0.6419,0.0000,0.0000,-0.0000,0.0000,0.0000,0.0000,0.0000
31.3800,3,8.1218,2.1354,-0.0040,-0.0076,0.0036,-0.0003,0.0000,0.0000,0.0000
31.4100,1,4.9246,0.8650,0.1739,-0.0006,0.0036,0.0007,0.0000,0.0000,0.0000
31.4100,2,7.9088,0.6419,0.0000,0.0000,-0.0000,0.0000,0.0000,0.0000,0.0000
31.4100,3,8.1217,2.1354,-0.0040,-0.0076,0.0036,-0.0003,0.0000,0.0000,0.0000
31.4480,1,4.9246,0.8650,0.1739,-0.0006,0.0036,0.0007,0.0000,0.0000,0.0000
31.4480,2,7.9088,0.6419,0.0000,0.0000,-0.0000,0.0000,0.0000,0.0000,0.0000
31.4480,3,8.1215,2.1354,-0.0040,-0.0076,0.0036,-0.0003,0.0000,0.0000,0.0000
31.4820,1,4.9246,0.8650,0.1739,-0.0006,0.0036,0.0007,0.0000,0.0000,0.0000
31.4820,2,7.9088,0.6419,0.0000,0.0000,-0.0000,0.0000,0.0000,0.0000,0.0000
31.4820,3,8.1214,2.1354,-0.0040,-0.0076,0.0036,-0.0003,0.0000,0.0000,0.0000
31.5140,1,4.9246,0.8650,0.1739,-0.0006,0.0036,0.0007,0.0000,0.0000,0.0000
31.5140,2,7.9088,0.6419,0.0000,0.0000,-0.0000,0.0000,0.0000,0.0000,0.0000
31.5140,3,8.1213,2.1353,-0.0040,-0.0076,0.0036,-0.0003,0.0000,0.0000,0.0000
31.5460,1,4.9246,0.8650,0.1739,-0.0006,0.0036,0.0007,0.0000,0.0000,0.0000
31.5460,2,7.9088,0.6419,0.0000,0.0000,-0.0000,0.0000,0.0000,0.0000,0.0000
31.5460,3,8.1212,2.1353,-0.0040,-0.0076,0.0036,-0.0003,0.0000,0.0000,0.0000
31.5800,1,4.9246,0.8650,0.1739,-0.0006,0.0036,0.0007,0.0000,0.0000,0.0000
31.5800,2,7.9088,0.6419,0.0000,0.0000,-0.0000,0.0000,0.0000,0.0000,0.0000
31.5800,3,8.1210,2.1353,-0.0040,-0.0076,0.0036,-0.0003,0.0000,0.0000,0.0000
31.6140,1,4.9246,0.8650,0.1739,-0.0006,0.0036,0.0007,0.0000,0.0000,0.0000
31.6140,2,7.9088,0.6419,0.0000,0.0000,-0.0000,0.0000,0.0000,0.0000,0.0000
31.6140,3,8.1209,2.1353,-0.0040,-0.0076,0.0036,-0.0003,0.0000,0.0000,0.0000
31.6460,1,4.9246,0.8650,0.1739,-0.0006,0.0036,0.0007,0.0000,0.0000,0.0000
31.6460,2,7.9088,0.6419,0.0000,0.0000,-0.0000,0.0000,0.0000,0.0000,0.0000
31.6460,3,8.1208,2.1352,-0.0040,-0.0076,0.0036,-0.0003,0.0000,0.0000,0.0000
31.6800,1,4.9246,0.8650,0.1739,-0.0006,0.0036,0.0007,0.0000,0.0000,0.0000
31.6800,2,7.9088,0.6419,0.0000,0.0000,-0.0000,0.0000,0.0000,0.0000,0.0000
31.6800,3,8.1207,2.1352,-0.0040,-0.0076,0.0036,-0.0003,0.0000,0.0000,0.0000
31.7120,1,4.9246,0.8650,0.1739,-0.0006,0.0036,0.0007,0.0000,0.0000,0.0000
31.7120,2,7.9088,0.6419,0.0000,0.0000,-0.0000,0.0000,0.0000,0.0000,0.0000
31.7120,3,8.1205,2.1352,-0.0040,-0.0076,0.0036,-0.0003,0.0000,0.0000,0.0000
31.7500,1,4.9246,0.8650,0.1739,-0.0006,0.0036,0.0007,0.0000,0.0000,0.0000
31.7500,2,7.9088,0.6419,0.0000,0.0000,-0.0000,0.0000,0.0000,0.0000,0.0000
31.7500,3,8.1204,2.1352,-0.0040,-0.0076,0.0036,-0.0003,0.0000,0.0000,0.0000
31.7780,1,4.9246,0.8650,0.1739,-0.0006,0.0036,0.0007,0.0000,0.0000,0.0000
31.7780,2,7.9088,0.6419,0.0000,0.0000,-0.0000,0.0000,0.0000,0.0000,0.0000
31.7780,3,8.1203,2.1352,-0.0040,-0.0076,0.0036,-0.0003,0.0000,0.0000,0.0000
31.8140,1,4.9246,0.8650,0.1739,-0.0006,0.0036,0.0007,0.0000,0.0000,0.0000
31.8140,2,7.9088,0.6419,0.0000,0.0000,-0.0000,0.0000,0.0000,0.0000,0.0000
31.8140,3,8.1201,2.1351,-0.0040,-0.0076,0.0036,-0.0003,0.0000,0.0000,0.0000
31.8460,1,4.9246,0.8650,0.1739,-0.0006,0.0036,0.0007,0.0000,0.0000,0.0000
31.8460,2,7.9088,0.6419,0.0000,0.0000,-0.0000,0.0000,0.0000,0.0000,0.0000
31.8460,3,8.1200,2.1351,-0.0040,-0.0076,0.0036,-0.0003,0.0000,0.0000,0.0000
31.8800,1,4.9246,0.8650,0.1739,-0.0006,0.0036,0.0007,0.0000,0.0000,0.0000
31.8800,2,7.9088,0.6419,0.0000,0.0000,-0.0000,0.0000,0.0000,0.0000,0.0000
31.8800,3,8.1199,2.1351,-0.0041,-0.0076,0.0036,-0.0003,0.0000,0.0000,0.0000
31.9140,1,4.9246,0.8650,0.1739,-0.0006,0.0036,0.0007,0.0000,0.0000,0.0000
31.9140,2,7.9088,0.6419,0.0000,0.0000,-0.0000,0.0000,0.0000,0.0000,0.0000
31.9140,3,8.1198,2.1351,-0.0041,-0.0076,0.0036,-0.0003,0.0000,0.0000,0.0000
31.9480,1,4.9246,0.8650,0.1739,-0.0006,0.0036,0.0007,0.0000,0.0000,0.0000
31.9480,2,7.9088,0.6419,0.0000,0.0000,-0.0000,0.0000,0.0000,0.0000,0.0000
31.9480,3,8.1196,2.1350,-0.0041,-0.0076,0.0036,-0.0003,0.0000,0.0000,0.0000
31.9800,1,4.9246,0.8650,0.1739,-0.0006,0.0036,0.0007,0.0000,0.0000,0.0000
31.9800,2,7.9088,0.6419,0.0000,0.0000,-0.0000,0.0000,0.0000,0.0000,0.0000
31.9800,3,8.1195,2.1350,-0.0041,-0.0076,0.0036,-0.0003,0.0000,0.0000,0.0000
32.0140,1,4.9246,0.8650,0.1739,-0.0006,0.0036,0.0007,0.0000,0.0000,0.0000
32.0140,2,7.9088,0.6419,0.0000,0.0000,-0.0000,0.0000,0.0000,0.0000,0.0000
32.0140,3,8.1194,2.1350,-0.0041,-0.0076,0.0036,-0.0003,0.0000,0.0000,0.0000
32.0460,1,4.9246,0.8650,0.1739,-0.0006,0.0036,0.0007,0.0000,0.0000,0.0000
32.0460,2,7.9088,0.6419,0.0000,0.0000,-0.0000,0.0000,0.0000,0.0000,0.0000
32.0460,3,8.1193,2.1350,-0.0041,-0.0076,0.0036,-0.0003,0.0000,0.0000,0.0000
32.0800,1,4.9246,0.8650,0.1739,-0.0006,0.0036,0.0007,0.0000,0.0000,0.0000
32.0800,2,7.9088,0.6419,0.0000,0.0000,-0.0000,0.0000,0.0000,0.0000,0.0000
32.0800,3,8.1191,2.1349,-0.0041,-0.0076,0.0036,-0.0003,0.0000,0.0000,0.0000
32.1140,1,4.9246,0.8650,0.1739,-0.0006,0.0036,0.0007,0.0000,0.0000,0.0000
32.1140,2,7.9088,0.6419,0.0000,0.0000,-0.0000,0.0000,0.0000,0.0000,0.0000
32.1140,3,8.1190,2.1349,-0.0041,-0.0076,0.0036,-0.0003,0.0000,0.0000,0.0000
32.1460,1,4.9246,0.8650,0.1739,-0.0006,0.0036,0.0007,0.0000,0.0000,0.0000
32.1460,2,7.9088,0.6419,0.0000,0.0000,-0.0000,0.0000,0.0000,0.0000,0.0000
32.1460,3,8.1189,2.1349,-0.0041,-0.0076,0.0036,-0.0003,0.0000,0.0000,0.0000
32.1780,1,4.9246,0.8650,0.1739,-0.0006,0.0036,0.0007,0.0000,0.0000,0.0000
32.1780,2,7.9088,0.6419,0.0000,0.0000,-0.0000,0.0000,0.0000,0.0000,0.0000
32.1780,3,8.1188,2.1349,-0.0041,-0.0076,0.0036,-0.0003,0.0000,0.0000,0.0000
32.2140,1,4.9246,0.8650,0.1739,-0.0006,0.0036,0.0007,0.0000,0.0000,0.0000
32.2140,2,7.9088,0.6419,0.0000,0.0000,-0.0000,0.0000,0.0000,0.0000,0.0000
32.2140,3,8.1186,2.1348,-0.0041,-0.0076,0.0036,-0.0003,0.0000,0.0000,0.0000
32.2460,1,4.9246,0.8650,0.1739,-0.0006,0.0036,0.0007,0.0000,0.0000,0.0000
32.2460,2,7.9088,0.6419,0.0000,0.0000,-0.0000,0.0000,0.0000,0.0000,0.0000
32.2460,3,8.1185,2.1348,-0.0041,-0.0076,0.0036,-0.0003,0.0000,0.0000,0.0000
32.2800,1,4.9246,0.8650,0.1739,-0.0006,0.0036,0.0007,0.0000,0.0000,0.0000
32.2800,2,7.9088,0.6419,0.0000,0.0000,-0.0000,0.0000,0.0000,0.0000,0.0000
32.2800,3,8.1184,2.1348,-0.0041,-0.0076,0.0036,-0.0003,0.0000,0.0000,0.0000
32.3100,1,4.9246,0.8650,0.1739,-0.0006,0.0036,0.0007,0.0000,0.0000,0.0000
32.3100,2,7.9088,0.6419,0.0000,0.0000,-0.0000,0.0000,0.0000,0.0000,0.0000
32.3100,3,8.1183,2.1348,-0.0041,-0.0076,0.0036,-0.0003,0.0000,0.0000,0.0000
32.3460,1,4.9246,0.8650,0.1739,-0.0006,0.0036,0.0007,0.0000,0.0000,0.0000
32.3460,2,7.9088,0.6419,0.0000,0.0000,-0.0000,0.0000,0.0000,0.0000,0.0000
32.3460,3,8.1181,2.1347,-0.0041,-0.0076,0.0036,-0.0003,0.0000,0.0000,0.0000
32.3800,1,4.9246,0.8650,0.1739,-0.0006,0.0036,0.0007,0.0000,0.0000,0.0000
32.3800,2,7.9088,0.6419,0.0000,0.0000,-0.0000,0.0000,0.0000,0.0000,0.0000
32.3800,3,8.1180,2.1347,-0.0041,-0.0076,0.0036,-0.0003,0.0000,0.0000,0.0000
32.4140,1,4.9246,0.8650,0.1739,-0.0006,0.0036,0.0007,0.0000,0.0000,0.0000
32.4140,2,7.9088,0.6419,0.0000,0.0000,-0.0000,0.0000,0.0000,0.0000,0.0000
32.4140,3,8.1179,2.1347,-0.0041,-0.0076,0.0036,-0.0003,0.0000,0.0000,0.0000
32.4460,1,4.9246,0.8650,0.1739,-0.0006,0.0036,0.0007,0.0000,0.0000,0.0000
32.4460,2,7.9088,0.6419,0.0000,0.0000,-0.0000,0.0000,0.0000,0.0000,0.0000
32.4460,3,8.1177,2.1347,-0.0041,-0.0076,0.0036,-0.0003,0.0000,0.0000,0.0000
32.4800,1,4.9246,0.8650,0.1739,-0.0006,0.0036,0.0007,0.0000,0.0000,0.0000
32.4800,2,7.9088,0.6419,0.0000,0.0000,-0.0000,0.0000,0.0000,0.0000,0.0000
32.4800,3,8.1176,2.1346,-0.0041,-0.0076,0.0036,-0.0003,0.0000,0.0000,0.0000
32.5140,1,4.9246,0.8650,0.1739,-0.0006,0.0036,0.0007,0.0000,0.0000,0.0000
32.5140,2,7.9088,0.6419,0.0000,0.0000,-0.0000,0.0000,0.0000,0.0000,0.0000
32.5140,3,8.1175,2.1346,-0.0041,-0.0076,0.0036,-0.0003,0.0000,0.0000,0.0000
32.5460,1,4.9246,0.8650,0.1739,-0.0006,0.0036,0.0007,0.0000,0.0000,0.0000
32.5460,2,7.9088,0.6419,0.0000,0.0000,-0.0000,0.0000,0.0000,0.0000,0.0000
32.5460,3,8.1174,2.1346,-0.0041,-0.0076,0.0036,-0.0003,0.0000,0.0000,0.0000
32.5800,1,4.9246,0.8650,0.1739,-0.0006,0.0036,0.0007,0.0000,0.0000,0.0000
32.5800,2,7.9088,0.6419,0.0000,0.0000,-0.0000,0.0000,0.0000,0.0000,0.0000
32.5800,3,8.1172,2.1346,-0.0041,-0.0076,0.0036,-0.0003,0.0000,0.0000,0.0000
32.6140,1,4.9246,0.8650,0.1739,-0.0006,0.0036,0.0007,0.0000,0.0000,0.0000
32.6140,2,7.9088,0.6419,0.0000,0.0000,-0.0000,0.0000,0.0000,0.0000,0.0000
32.6140,3,8.1171,2.1346,-0.0041,-0.0076,0.0036,-0.0003,0.0000,0.0000,0.0000
32.6440,1,4.9246,0.8650,0.1739,-0.0006,0.0036,0.0007,0.0000,0.0000,0.0000
32.6440,2,7.9088,0.6419,0.0000,0.0000,-0.0000,0.0000,0.0000,0.0000,0.0000
32.6440,3,8.1170,2.1345,-0.0041,-0.0076,0.0036,-0.0003,0.0000,0.0000,0.0000
32.6800,1,4.9246,0.8650,0.1739,-0.0006,0.0036,0.0007,0.0000,0.0000,0.0000
32.6800,2,7.9088,0.6419,0.0000,0.0000,-0.0000,0.0000,0.0000,0.0000,0.0000
32.6800,3,8.1168,2.1345,-0.0041,-0.0076,0.0036,-0.0003,0.0000,0.0000,0.0000
32.7140,1,4.9246,0.8650,0.1739,-0.0006,0.0036,0.0007,0.0000,0.0000,0.0000
32.7140,2,7.9088,0.6419,0.0000,0.0000,-0.0000,0.0000,0.0000,0.0000,0.0000
32.7140,3,8.1167,2.1345,-0.0041,-0.0076,0.0036,-0.0003,0.0000,0.0000,0.0000
32.7460,1,4.9246,0.8650,0.1739,-0.0006,0.0036,0.0007,0.0000,0.0000,0.0000
32.7460,2,7.9088,0.6419,0.0000,0.0000,-0.0000,0.0000,0.0000,0.0000,0.0000
32.7460,3,8.1166,2.1345,-0.0042,-0.0076,0.0036,-0.0003,0.0000,0.0000,0.0000
32.7800,1,4.9246,0.8650,0.1739,-0.0006,0.0036,0.0007,0.0000,0.0000,0.0000
32.7800,2,7.9088,0.6419,0.0000,0.0000,-0.0000,0.0000,0.0000,0.0000,0.0000
32.7800,3,8.1165,2.1344,-0.0042,-0.0076,0.0036,-0.0003,0.0000,0.0000,0.0000
32.8140,1,4.9246,0.8650,0.1739,-0.0006,0.0036,0.0007,0.0000,0.0000,0.0000
32.8140,2,7.9088,0.6419,0.0000,0.0000,-0.0000,0.0000,0.0000,0.0000,0.0000
32.8140,3,8.1163,2.1344,-0.0042,-0.0076,0.0036,-0.0003,0.0000,0.0000,0.0000
32.8460,1,4.9246,0.8650,0.1739,-0.0006,0.0036,0.0007,0.0000,0.0000,0.0000
32.8460,2,7.9088,0.6419,0.0000,0.0000,-0.0000,0.0000,0.0000,0.0000,0.0000
32.8460,3,8.1162,2.1344,-0.0042,-0.0076,0.0036,-0.0003,0.0000,0.0000,0.0000
32.8800,1,4.9246,0.8650,0.1739,-0.0006,0.0036,0.0007,0.0000,0.0000,0.0000
32.8800,2,7.9088,0.6419,0.0000,0.0000,-0.0000,0.0000,0.0000,0.0000,0.0000
32.8800,3,8.1161,2.1344,-0.0042,-0.0076,0.0036,-0.0003,0.0000,0.0000,0.0000
32.9120,1,4.9246,0.8650,0.1739,-0.0006,0.0036,0.0007,0.0000,0.0000,0.0000
32.9120,2,7.9088,0.6419,0.0000,0.0000,-0.0000,0.0000,0.0000,0.0000,0.0000
32.9120,3,8.1160,2.1343,-0.0042,-0.0076,0.0036,-0.0003,0.0000,0.0000,0.0000
32.9460,1,4.9246,0.8650,0.1739,-0.0006,0.0036,0.0007,0.0000,0.0000,0.0000
32.9460,2,7.9088,0.6419,0.0000,0.0000,-0.0000,0.0000,0.0000,0.0000,0.0000
32.9460,3,8.1158,2.1343,-0.0042,-0.0076,0.0036,-0.0003,0.0000,0.0000,0.0000
32.9800,1,4.9246,0.8650,0.1739,-0.0006,0.0036,0.0007,0.0000,0.0000,0.0000
32.9800,2,7.9088,0.6419,0.0000,0.0000,-0.0000,0.0000,0.0000,0.0000,0.0000
32.9800,3,8.1157,2.1343,-0.0042,-0.0076,0.0036,-0.0003,0.0000,0.0000,0.0000
33.0140,1,4.9246,0.8650,0.1739,-0.0006,0.0036,0.0007,0.0000,0.0000,0.0000
33.0140,2,7.9088,0.6419,0.0000,0.0000,-0.0000,0.0000,0.0000,0.0000,0.0000
33.0140,3,8.1156,2.1343,-0.0042,-0.0076,0.0036,-0.0003,0.0000,0.0000,0.0000
33.0460,1,4.9246,0.8650,0.1739,-0.0006,0.0036,0.0007,0.0000,0.0000,0.0000
33.0460,2,7.9088,0.6419,0.0000,0.0000,-0.0000,0.0000,0.0000,0.0000,0.0000
33.0460,3,8.1154,2.1342,-0.0042,-0.0076,0.0036,-0.0003,0.0000,0.0000,0.0000
33.0800,1,4.9246,0.8650,0.1739,-0.0006,0.0036,0.0007,0.0000,0.0000,0.0000
33.0800,2,7.9088,0.6419,0.0000,0.0000,-0.0000,0.0000,0.0000,0.0000,0.0000
33.0800,3,8.1153,2.1342,-0.0042,-0.0076,0.0036,-0.0003,0.0000,0.0000,0.0000
33.1140,1,4.9246,0.8650,0.1739,-0.0006,0.0036,0.0007,0.0000,0.0000,0.0000
33.1140,2,7.9088,0.6419,0.0000,0.0000,-0.0000,0.0000,0.0000,0.0000,0.0000
33.1140,3,8.1152,2.1342,-0.0042,-0.0076,0.0036,-0.0003,0.0000,0.0000,0.0000
33.1460,1,4.9246,0.8650,0.1739,-0.0006,0.0036,0.0007,0.0000,0.0000,0.0000
33.1460,2,7.9088,0.6419,0.0000,0.0000,-0.0000,0.0000,0.0000,0.0000,0.0000
33.1460,3,8.1151,2.1342,-0.0042,-0.0076,0.0036,-0.0003,0.0000,0.0000,0.0000
33.1800,1,4.9246,0.8650,0.1739,-0.0006,0.0036,0.0007,0.0000,0.0000,0.0000
33.1800,2,7.9088,0.6419,0.0000,0.0000,-0.0000,0.0000,0.0000,0.0000,0.0000
33.1800,3,8.1149,2.1341,-0.0042,-0.0076,0.0036,-0.0003,0.0000,0.0000,0.0000
33.2140,1,4.9246,0.8650,0.1739,-0.0006,0.0036,0.0007,0.0000,0.0000,0.0000
33.2140,2,7.9088,0.6419,0.0000,0.0000,-0.0000,0.0000,0.0000,0.0000,0.0000
33.2140,3,8.1148,2.1341,-0.0042,-0.0076,0.0036,-0.0003,0.0000,0.0000,0.0000
33.2480,1,4.9246,0.8650,0.1739,-0.0006,0.0036,0.0007,0.0000,0.0000,0.0000
33.2480,2,7.9088,0.6419,0.0000,0.0000,-0.0000,0.0000,0.0000,0.0000,0.0000
33.2480,3,8.1147,2.1341,-0.0042,-0.0076,0.0036,-0.0003,0.0000,0.0000,0.0000
33.2780,1,4.9246,0.8650,0.1739,-0.0006,0.0036,0.0007,0.0000,0.0000,0.0000
33.2780,2,7.9088,0.6419,0.0000,0.0000,-0.0000,0.0000,0.0000,0.0000,0.0000
33.2780,3,8.1146,2.1341,-0.0042,-0.0076,0.0036,-0.0003,0.0000,0.0000,0.0000
33.3120,1,4.9246,0.8650,0.1739,-0.0006,0.0036,0.0007,0.0000,0.0000,0.0000
33.3120,2,7.9088,0.6419,0.0000,0.0000,-0.0000,0.0000,0.0000,0.0000,0.0000
33.3120,3,8.1144,2.1341,-0.0042,-0.0076,0.0036,-0.0003,0.0000,0.0000,0.0000
33.3440,1,4.9246,0.8650,0.1739,-0.0006,0.0036,0.0007,0.0000,0.0000,0.0000
33.3440,2,7.9088,0.6419,0.0000,0.0000,-0.0000,0.0000,0.0000,0.0000,0.0000
33.3440,3,8.1143,2.1340,-0.0042,-0.0076,0.0036,-0.0003,0.0000,0.0000,0.0000
33.3780,1,4.9246,0.8650,0.1739,-0.0006,0.0036,0.0007,0.0000,0.0000,0.0000
33.3780,2,7.9088,0.6419,0.0000,0.0000,-0.0000,0.0000,0.0000,0.0000,0.0000
33.3780,3,8.1142,2.1340,-0.0042,-0.0076,0.0036,-0.0003,0.0000,0.0000,0.0000
33.4100,1,4.9246,0.8650,0.1739,-0.0006,0.0036,0.0007,0.0000,0.0000,0.0000
33.4100,2,7.9088,0.6419,0.0000,0.0000,-0.0000,0.0000,0.0000,0.0000,0.0000
33.4100,3,8.1141,2.1340,-0.0042,-0.0076,0.0036,-0.0003,0.0000,0.0000,0.0000
33.4460,1,4.9246,0.8650,0.1739,-0.0006,0.0036,0.0007,0.0000,0.0000,0.0000
33.4460,2,7.9088,0.6419,0.0000,0.0000,-0.0000,0.0000,0.0000,0.0000,0.0000
33.4460,3,8.1139,2.1340,-0.0042,-0.0076,0.0036,-0.0003,0.0000,0.0000,0.0000
33.4820,1,4.9246,0.8650,0.1739,-0.0006,0.0036,0.0007,0.0000,0.0000,0.0000
33.4820,2,7.9088,0.6419,0.0000,0.0000,-0.0000,0.0000,0.0000,0.0000,0.0000
33.4820,3,8.1138,2.1339,-0.0042,-0.0076,0.0036,-0.0003,0.0000,0.0000,0.0000
33.5100,1,4.9246,0.8650,0.1739,-0.0006,0.0036,0.0007,0.0000,0.0000,0.0000
33.5100,2,7.9088,0.6419,0.0000,0.0000,-0.0000,0.0000,0.0000,0.0000,0.0000
33.5100,3,8.1137,2.1339,-0.0042,-0.0076,0.0036,-0.0003,0.0000,0.0000,0.0000
33.5440,1,4.9246,0.8650,0.1739,-0.0006,0.0036,0.0007,0.0000,0.0000,0.0000
33.5440,2,7.9088,0.6419,0.0000,0.0000,-0.0000,0.0000,0.0000,0.0000,0.0000
33.5440,3,8.1135,2.1339,-0.0042,-0.0076,0.0036,-0.0003,0.0000,0.0000,0.0000
33.5800,1,4.9246,0.8650,0.1739,-0.0006,0.0036,0.0007,0.0000,0.0000,0.0000
33.5800,2,7.9088,0.6419,0.0000,0.0000,-0.0000,0.0000,0.0000,0.0000,0.0000
33.5800,3,8.1134,2.1339,-0.0043,-0.0076,0.0036,-0.0003,0.0000,0.0000,0.0000
33.6140,1,4.9246,0.8650,0.1739,-0.0006,0.0036,0.0007,0.0000,0.0000,0.0000
33.6140,2,7.9088,0.6419,0.0000,0.0000,-0.0000,0.0000,0.0000,0.0000,0.0000
33.6140,3,8.1133,2.1338,-0.0043,-0.0076,0.0036,-0.0003,0.0000,0.0000,0.0000
33.6440,1,4.9246,0.8650,0.1739,-0.0006,0.0036,0.0007,0.0000,0.0000,0.0000
33.6440,2,7.9088,0.6419,0.0000,0.0000,-0.0000,0.0000,0.0000,0.0000,0.0000
33.6440,3,8.1132,2.1338,-0.0043,-0.0076,0.0036,-0.0003,0.0000,0.0000,0.0000
33.6800,1,4.9246,0.8650,0.1739,-0.0006,0.0036,0.0007,0.0000,0.0000,0.0000
33.6800,2,7.9088,0.6419,0.0000,0.0000,-0.0000,0.0000,0.0000,0.0000,0.0000
33.6800,3,8.1130,2.1338,-0.0043,-0.0076,0.0036,-0.0003,0.0000,0.0000,0.0000
33.7140,1,4.9246,0.8650,0.1739,-0.0006,0.0036,0.0007,0.0000,0.0000,0.0000
33.7140,2,7.9088,0.6419,0.0000,0.0000,-0.0000,0.0000,0.0000,0.0000,0.0000
33.7140,3,8.1129,2.1338,-0.0043,-0.0076,0.0036,-0.0003,0.0000,0.0000,0.0000
33.7480,1,4.9246,0.8650,0.1739,-0.0006,0.0036,0.0007,0.0000,0.0000,0.0000
33.7480,2,7.9088,0.6419,0.0000,0.0000,-0.0000,0.0000,0.0000,0.0000,0.0000
33.7480,3,8.1128,2.1337,-0.0043,-0.0076,0.0036,-0.0003,0.0000,0.0000,0.0000
33.7800,1,4.9246,0.8650,0.1739,-0.0006,0.0036,0.0007,0.0000,0.0000,0.0000
33.7800,2,7.9088,0.6419,0.0000,0.0000,-0.0000,0.0000,0.0000,0.0000,0.0000
33.7800,3,8.1126,2.1337,-0.0043,-0.0076,0.0036,-0.0003,0.0000,0.0000,0.0000
33.8140,1,4.9246,0.8650,0.1739,-0.0006,0.0036,0.0007,0.0000,0.0000,0.0000
33.8140,2,7.9088,0.6419,0.0000,0.0000,-0.0000,0.0000,0.0000,0.0000,0.0000
33.8140,3,8.1125,2.1337,-0.0043,-0.0076,0.0036,-0.0003,0.0000,0.0000,0.0000
33.8460,1,4.9246,0.8650,0.1739,-0.0006,0.0036,0.0007,0.0000,0.0000,0.0000
33.8460,2,7.9088,0.6419,0.0000,0.0000,-0.0000,0.0000,0.0000,0.0000,0.0000
33.8460,3,8.1124,2.1337,-0.0043,-0.0076,0.0036,-0.0003,0.0000,0.0000,0.0000
33.8780,1,4.9246,0.8650,0.1739,-0.0006,0.0036,0.0007,0.0000,0.0000,0.0000
33.8780,2,7.9088,0.6419,0.0000,0.0000,-0.0000,0.0000,0.0000,0.0000,0.0000
33.8780,3,8.1123,2.1336,-0.0043,-0.0076,0.0036,-0.0003,0.0000,0.0000,0.0000
33.9120,1,4.9246,0.8650,0.1739,-0.0006,0.0036,0.0007,0.0000,0.0000,0.0000
33.9120,2,7.9088,0.6419,0.0000,0.0000,-0.0000,0.0000,0.0000,0.0000,0.0000
33.9120,3,8.1121,2.1336,-0.0043,-0.0076,0.0036,-0.0003,0.0000,0.0000,0.0000
33.9460,1,4.9246,0.8650,0.1739,-0.0006,0.0036,0.0007,0.0000,0.0000,0.0000
33.9460,2,7.9088,0.6419,0.0000,0.0000,-0.0000,0.0000,0.0000,0.0000,0.0000
33.9460,3,8.1120,2.1336,-0.0043,-0.0076,0.0036,-0.0003,0.0000,0.0000,0.0000
33.9800,1,4.9246,0.8650,0.1739,-0.0006,0.0036,0.0007,0.0000,0.0000,0.0000
33.9800,2,7.9088,0.6419,0.0000,0.0000,-0.0000,0.0000,0.0000,0.0000,0.0000
33.9800,3,8.1119,2.1336,-0.0043,-0.0076,0.0036,-0.0003,0.0000,0.0000,0.0000
34.0120,1,4.9246,0.8650,0.1739,-0.0006,0.0036,0.0007,0.0000,0.0000,0.0000
34.0120,2,7.9088,0.6419,0.0000,0.0000,-0.0000,0.0000,0.0000,0.0000,0.0000
34.0120,3,8.1118,2.1336,-0.0043,-0.0076,0.0036,-0.0003,0.0000,0.0000,0.0000
34.0460,1,4.9246,0.8650,0.1739,-0.0006,0.0036,0.0007,0.0000,0.0000,0.0000
34.0460,2,7.9088,0.6419,0.0000,0.0000,-0.0000,0.0000,0.0000,0.0000,0.0000
34.0460,3,8.1116,2.1335,-0.0043,-0.0076,0.0036,-0.0003,0.0000,0.0000,0.0000
34.0800,1,4.9246,0.8650,0.1739,-0.0006,0.0036,0.0007,0.0000,0.0000,0.0000
34.0800,2,7.9088,0.6419,0.0000,0.0000,-0.0000,0.0000,0.0000,0.0000,0.0000
34.0800,3,8.1115,2.1335,-0.0043,-0.0076,0.0036,-0.0003,0.0000,0.0000,0.0000
34.1120,1,4.9246,0.8650,0.1739,-0.0006,0.0036,0.0007,0.0000,0.0000,0.0000
34.1120,2,7.9088,0.6419,0.0000,0.0000,-0.0000,0.0000,0.0000,0.0000,0.0000
34.1120,3,8.1114,2.1335,-0.0043,-0.0076,0.0036,-0.0003,0.0000,0.0000,0.0000
34.1460,1,4.9246,0.8650,0.1739,-0.0006,0.0036,0.0007,0.0000,0.0000,0.0000
34.1460,2,7.9088,0.6419,0.0000,0.0000,-0.0000,0.0000,0.0000,0.0000,0.0000
34.1460,3,8.1112,2.1335,-0.0043,-0.0076,0.0036,-0.0003,0.0000,0.0000,0.0000
34.1780,1,4.9246,0.8650,0.1739,-0.0006,0.0036,0.0007,0.0000,0.0000,0.0000
34.1780,2,7.9088,0.6419,0.0000,0.0000,-0.0000,0.0000,0.0000,0.0000,0.0000
34.1780,3,8.1111,2.1334,-0.0043,-0.0076,0.0036,-0.0003,0.0000,0.0000,0.0000
34.2120,1,4.9246,0.8650,0.1739,-0.0006,0.0036,0.0007,0.0000,0.0000,0.0000
34.2120,2,7.9088,0.6419,0.0000,0.0000,-0.0000,0.0000,0.0000,0.0000,0.0000
34.2120,3,8.1110,2.1334,-0.0043,-0.0076,0.0036,-0.0003,0.0000,0.0000,0.0000
34.2440,1,4.9246,0.8650,0.1739,-0.0006,0.0036,0.0007,0.0000,0.0000,0.0000
34.2440,2,7.9088,0.6419,0.0000,0.0000,-0.0000,0.0000,0.0000,0.0000,0.0000
34.2440,3,8.1109,2.1334,-0.0043,-0.0076,0.0036,-0.0003,0.0000,0.0000,0.0000
34.2800,1,4.9246,0.8650,0.1739,-0.0006,0.0036,0.0007,0.0000,0.0000,0.0000
34.2800,2,7.9088,0.6419,0.0000,0.0000,-0.0000,0.0000,0.0000,0.0000,0.0000
34.2800,3,8.1107,2.1334,-0.0043,-0.0076,0.0036,-0.0003,0.0000,0.0000,0.0000
34.3140,1,4.9246,0.8650,0.1739,-0.0006,0.0036,0.0007,0.0000,0.0000,0.0000
34.3140,2,7.9088,0.6419,0.0000,0.0000,-0.0000,0.0000,0.0000,0.0000,0.0000
34.3140,3,8.1106,2.1333,-0.0043,-0.0076,0.0036,-0.0003,0.0000,0.0000,0.0000
34.3440,1,4.9246,0.8650,0.1739,-0.0006,0.0036,0.0007,0.0000,0.0000,0.0000
34.3440,2,7.9088,0.6419,0.0000,0.0000,-0.0000,0.0000,0.0000,0.0000,0.0000
34.3440,3,8.1105,2.1333,-0.0043,-0.0076,0.0036,-0.0003,0.0000,0.0000,0.0000
34.3800,1,4.9246,0.8650,0.1739,-0.0006,0.0036,0.0007,0.0000,0.0000,0.0000
34.3800,2,7.9088,0.6419,0.0000,0.0000,-0.0000,0.0000,0.0000,0.0000,0.0000
34.3800,3,8.1104,2.1333,-0.0043,-0.0076,0.0036,-0.0003,0.0000,0.0000,0.0000
34.4140,1,4.9246,0.8650,0.1739,-0.0006,0.0036,0.0007,0.0000,0.0000,0.0000
34.4140,2,7.9088,0.6419,0.0000,0.0000,-0.0000,0.0000,0.0000,0.0000,0.0000
34.4140,3,8.1102,2.1333,-0.0044,-0.0076,0.0036,-0.0003,0.0000,0.0000,0.0000
34.4460,1,4.9246,0.8650,0.1739,-0.0006,0.0036,0.0007,0.0000,0.0000,0.0000
34.4460,2,7.9088,0.6419,0.0000,0.0000,-0.0000,0.0000,0.0000,0.0000,0.0000
34.4460,3,8.1101,2.1332,-0.0044,-0.0076,0.0036,-0.0003,0.0000,0.0000,0.0000
34.4800,1,4.9246,0.8650,0.1739,-0.0006,0.0036,0.0007,0.0000,0.0000,0.0000
34.4800,2,7.9088,0.6419,0.0000,0.0000,-0.0000,0.0000,0.0000,0.0000,0.0000
34.4800,3,8.1100,2.1332,-0.0044,-0.0076,0.0036,-0.0003,0.0000,0.0000,0.0000
34.5140,1,4.9246,0.8650,0.1739,-0.0006,0.0036,0.0007,0.0000,0.0000,0.0000
34.5140,2,7.9088,0.6419,0.0000,0.0000,-0.0000,0.0000,0.0000,0.0000,0.0000
34.5140,3,8.1098,2.1332,-0.0044,-0.0076,0.0036,-0.0003,0.0000,0.0000,0.0000
34.5460,1,4.9246,0.8650,0.1739,-0.0006,0.0036,0.0007,0.0000,0.0000,0.0000
34.5460,2,7.9088,0.6419,0.0000,0.0000,-0.0000,0.0000,0.0000,0.0000,0.0000
34.5460,3,8.1097,2.1332,-0.0044,-0.0076,0.0036,-0.0003,0.0000,0.0000,0.0000
34.5800,1,4.9246,0.8650,0.1739,-0.0006,0.0036,0.0007,0.0000,0.0000,0.0000
34.5800,2,7.9088,0.6419,0.0000,0.0000,-0.0000,0.0000,0.0000,0.0000,0.0000
34.5800,3,8.1096,2.1331,-0.0044,-0.0076,0.0036,-0.0003,0.0000,0.0000,0.0000
34.6140,1,4.9246,0.8650,0.1739,-0.0006,0.0036,0.0007,0.0000,0.0000,0.0000
34.6140,2,7.9088,0.6419,0.0000,0.0000,-0.0000,0.0000,0.0000,0.0000,0.0000
34.6140,3,8.1095,2.1331,-0.0044,-0.0076,0.0036,-0.0003,0.0000,0.0000,0.0000
34.6460,1,4.9246,0.8650,0.1739,-0.0006,0.0036,0.0007,0.0000,0.0000,0.0000
34.6460,2,7.9088,0.6419,0.0000,0.0000,-0.0000,0.0000,0.0000,0.0000,0.0000
34.6460,3,8.1093,2.1331,-0.0044,-0.0076,0.0036,-0.0003,0.0000,0.0000,0.0000
34.6800,1,4.9246,0.8650,0.1739,-0.0006,0.0036,0.0007,0.0000,0.0000,0.0000
34.6800,2,7.9088,0.6419,0.0000,0.0000,-0.0000,0.0000,0.0000,0.0000,0.0000
34.6800,3,8.1092,2.1331,-0.0044,-0.0076,0.0036,-0.0003,0.0000,0.0000,0.0000
34.7120,1,4.9246,0.8650,0.1739,-0.0006,0.0036,0.0007,0.0000,0.0000,0.0000
34.7120,2,7.9088,0.6419,0.0000,0.0000,-0.0000,0.0000,0.0000,0.0000,0.0000
34.7120,3,8.1091,2.1331,-0.0044,-0.0076,0.0036,-0.0003,0.0000,0.0000,0.0000
34.7460,1,4.9246,0.8650,0.1739,-0.0006,0.0036,0.0007,0.0000,0.0000,0.0000
34.7460,2,7.9088,0.6419,0.0000,0.0000,-0.0000,0.0000,0.0000,0.0000,0.0000
34.7460,3,8.1090,2.1330,-0.0044,-0.0076,0.0036,-0.0003,0.0000,0.0000,0.0000
34.7780,1,4.9246,0.8650,0.1739,-0.0006,0.0036,0.0007,0.0000,0.0000,0.0000
34.7780,2,7.9088,0.6419,0.0000,0.0000,-0.0000,0.0000,0.0000,0.0000,0.0000
34.7780,3,8.1088,2.1330,-0.0044,-0.0076,0.0036,-0.0003,0.0000,0.0000,0.0000
34.8120,1,4.9246,0.8650,0.1739,-0.0006,0.0036,0.0007,0.0000,0.0000,0.0000
34.8120,2,7.9088,0.6419,0.0000,0.0000,-0.0000,0.0000,0.0000,0.0000,0.0000
34.8120,3,8.1087,2.1330,-0.0044,-0.0076,0.0036,-0.0003,0.0000,0.0000,0.0000
34.8480,1,4.9246,0.8650,0.1739,-0.0006,0.0036,0.0007,0.0000,0.0000,0.0000
34.8480,2,7.9088,0.6419,0.0000,0.0000,-0.0000,0.0000,0.0000,0.0000,0.0000
34.8480,3,8.1086,2.1330,-0.0044,-0.0076,0.0036,-0.0003,0.0000,0.0000,0.0000
34.8800,1,4.9246,0.8650,0.1739,-0.0006,0.0036,0.0007,0.0000,0.0000,0.0000
34.8800,2,7.9088,0.6419,0.0000,0.0000,-0.0000,0.0000,0.0000,0.0000,0.0000
34.8800,3,8.1084,2.1329,-0.0044,-0.0076,0.0036,-0.0003,0.0000,0.0000,0.0000
34.9120,1,4.9246,0.8650,0.1739,-0.0006,0.0036,0.0007,0.0000,0.0000,0.0000
34.9120,2,7.9088,0.6419,0.0000,0.0000,-0.0000,0.0000,0.0000,0.0000,0.0000
34.9120,3,8.1083,2.1329,-0.0044,-0.0076,0.0036,-0.0003,0.0000,0.0000,0.0000
34.9460,1,4.9246,0.8650,0.1739,-0.0006,0.0036,0.0007,0.0000,0.0000,0.0000
34.9460,2,7.9088,0.6419,0.0000,0.0000,-0.0000,0.0000,0.0000,0.0000,0.0000
34.9460,3,8.1082,2.1329,-0.0044,-0.0076,0.0036,-0.0003,0.0000,0.0000,0.0000
34.9800,1,4.9246,0.8650,0.1739,-0.0006,0.0036,0.0007,0.0000,0.0000,0.0000
34.9800,2,7.9088,0.6419,0.0000,0.0000,-0.0000,0.0000,0.0000,0.0000,0.0000
34.9800,3,8.1081,2.1329,-0.0044,-0.0076,0.0036,-0.0003,0.0000,0.0000,0.0000
35.0120,1,4.9246,0.8650,0.1739,-0.0006,0.0036,0.0007,0.0000,0.0000,0.0000
35.0120,2,7.9088,0.6419,0.0000,0.0000,-0.0000,0.0000,0.0000,0.0000,0.0000
35.0120,3,8.1079,2.1328,-0.0044,-0.0076,0.0036,-0.0003,0.0000,0.0000,0.0000
35.0460,1,4.9246,0.8650,0.1739,-0.0006,0.0036,0.0007,0.0000,0.0000,0.0000
35.0460,2,7.9088,0.6419,0.0000,0.0000,-0.0000,0.0000,0.0000,0.0000,0.0000
35.0460,3,8.1078,2.1328,-0.0044,-0.0076,0.0036,-0.0003,0.0000,0.0000,0.0000
35.0800,1,4.9246,0.8650,0.1739,-0.0006,0.0036,0.0007,0.0000,0.0000,0.0000
35.0800,2,7.9088,0.6419,0.0000,0.0000,-0.0000,0.0000,0.0000,0.0000,0.0000
35.0800,3,8.1077,2.1328,-0.0044,-0.0076,0.0036,-0.0003,0.0000,0.0000,0.0000
35.1140,1,4.9246,0.8650,0.1739,-0.0006,0.0036,0.0007,0.0000,0.0000,0.0000
35.1140,2,7.9088,0.6419,0.0000,0.0000,-0.0000,0.0000,0.0000,0.0000,0.0000
35.1140,3,8.1076,2.1328,-0.0044,-0.0076,0.0036,-0.0003,0.0000,0.0000,0.0000
35.1460,1,4.9246,0.8650,0.1739,-0.0006,0.0036,0.0007,0.0000,0.0000,0.0000
35.1460,2,7.9088,0.6419,0.0000,0.0000,-0.0000,0.0000,0.0000,0.0000,0.0000
35.1460,3,8.1074,2.1327,-0.0044,-0.0076,0.0036,-0.0003,0.0000,0.0000,0.0000
35.1800,1,4.9246,0.8650,0.1739,-0.0006,0.0036,0.0007,0.0000,0.0000,0.0000
35.1800,2,7.9088,0.6419,0.0000,0.0000,-0.0000,0.0000,0.0000,0.0000,0.0000
35.1800,3,8.1073,2.1327,-0.0044,-0.0076,0.0036,-0.0003,0.0000,0.0000,0.0000
35.2140,1,4.9246,0.8650,0.1739,-0.0006,0.0036,0.0007,0.0000,0.0000,0.0000
35.2140,2,7.9088,0.6419,0.0000,0.0000,-0.0000,0.0000,0.0000,0.0000,0.0000
35.2140,3,8.1072,2.1327,-0.0044,-0.0076,0.0036,-0.0003,0.0000,0.0000,0.0000
35.2460,1,4.9246,0.8650,0.1739,-0.0006,0.0036,0.0007,0.0000,0.0000,0.0000
35.2460,2,7.9088,0.6419,0.0000,0.0000,-0.0000,0.0000,0.0000,0.0000,0.0000
35.2460,3,8.1071,2.1327,-0.0045,-0.0076,0.0036,-0.0003,0.0000,0.0000,0.0000
35.2800,1,4.9246,0.8650,0.1739,-0.0006,0.0036,0.0007,0.0000,0.0000,0.0000
35.2800,2,7.9088,0.6419,0.0000,0.0000,-0.0000,0.0000,0.0000,0.0000,0.0000
35.2800,3,8.1069,2.1326,-0.0045,-0.0076,0.0036,-0.0003,0.0000,0.0000,0.0000
35.3140,1,4.9246,0.8650,0.1739,-0.0006,0.0036,0.0007,0.0000,0.0000,0.0000
35.3140,2,7.9088,0.6419,0.0000,0.0000,-0.0000,0.0000,0.0000,0.0000,0.0000
35.3140,3,8.1068,2.1326,-0.0045,-0.0076,0.0036,-0.0003,0.0000,0.0000,0.0000
35.3460,1,4.9246,0.8650,0.1739,-0.0006,0.0036,0.0007,0.0000,0.0000,0.0000
35.3460,2,7.9088,0.6419,0.0000,0.0000,-0.0000,0.0000,0.0000,0.0000,0.0000
35.3460,3,8.1067,2.1326,-0.0045,-0.0076,0.0036,-0.0003,0.0000,0.0000,0.0000
35.3780,1,4.9246,0.8650,0.1739,-0.0006,0.0036,0.0007,0.0000,0.0000,0.0000
35.3780,2,7.9088,0.6419,0.0000,0.0000,-0.0000,0.0000,0.0000,0.0000,0.0000
35.3780,3,8.1065,2.1326,-0.0045,-0.0076,0.0036,-0.0003,0.0000,0.0000,0.0000
35.4140,1,4.9246,0.8650,0.1739,-0.0006,0.0036,0.0007,0.0000,0.0000,0.0000
35.4140,2,7.9088,0.6419,0.0000,0.0000,-0.0000,0.0000,0.0000,0.0000,0.0000
35.4140,3,8.1064,2.1326,-0.0045,-0.0076,0.0036,-0.0003,0.0000,0.0000,0.0000
35.4440,1,4.9246,0.8650,0.1739,-0.0006,0.0036,0.0007,0.0000,0.0000,0.0000
35.4440,2,7.9088,0.6419,0.0000,0.0000,-0.0000,0.0000,0.0000,0.0000,0.0000
35.4440,3,8.1063,2.1325,-0.0045,-0.0076,0.0036,-0.0003,0.0000,0.0000,0.0000
35.4780,1,4.9246,0.8650,0.1739,-0.0006,0.0036,0.0007,0.0000,0.0000,0.0000
35.4780,2,7.9088,0.6419,0.0000,0.0000,-0.0000,0.0000,0.0000,0.0000,0.0000
35.4780,3,8.1062,2.1325,-0.0045,-0.0076,0.0036,-0.0003,0.0000,0.0000,0.0000
35.5120,1,4.9246,0.8650,0.1739,-0.0006,0.0036,0.0007,0.0000,0.0000,0.0000
35.5120,2,7.9088,0.6419,0.0000,0.0000,-0.0000,0.0000,0.0000,0.0000,0.0000
35.5120,3,8.1060,2.1325,-0.0045,-0.0076,0.0036,-0.0003,0.0000,0.0000,0.0000
35.5460,1,4.9246,0.8650,0.1739,-0.0006,0.0036,0.0007,0.0000,0.0000,0.0000
35.5460,2,7.9088,0.6419,0.0000,0.0000,-0.0000,0.0000,0.0000,0.0000,0.0000
35.5460,3,8.1059,2.1325,-0.0045,-0.0076,0.0036,-0.0003,0.0000,0.0000,0.0000
35.5800,1,4.9246,0.8650,0.1739,-0.0006,0.0036,0.0007,0.0000,0.0000,0.0000
35.5800,2,7.9088,0.6419,0.0000,0.0000,-0.0000,0.0000,0.0000,0.0000,0.0000
35.5800,3,8.1058,2.1324,-0.0045,-0.0076,0.0036,-0.0003,0.0000,0.0000,0.0000
35.6140,1,4.9246,0.8650,0.1739,-0.0006,0.0036,0.0007,0.0000,0.0000,0.0000
35.6140,2,7.9088,0.6419,0.0000,0.0000,-0.0000,0.0000,0.0000,0.0000,0.0000
35.6140,3,8.1056,2.1324,-0.0045,-0.0076,0.0036,-0.0003,0.0000,0.0000,0.0000
35.6460,1,4.9246,0.8650,0.1739,-0.0006,0.0036,0.0007,0.0000,0.0000,0.0000
35.6460,2,7.9088,0.6419,0.0000,0.0000,-0.0000,0.0000,0.0000,0.0000,0.0000
35.6460,3,8.1055,2.1324,-0.0045,-0.0076,0.0036,-0.0003,0.0000,0.0000,0.0000
35.6780,1,4.9246,0.8650,0.1739,-0.0006,0.0036,0.0007,0.0000,0.0000,0.0000
35.6780,2,7.9088,0.6419,0.0000,0.0000,-0.0000,0.0000,0.0000,0.0000,0.0000
35.6780,3,8.1054,2.1324,-0.0045,-0.0076,0.0036,-0.0003,0.0000,0.0000,0.0000
35.7120,1,4.9246,0.8650,0.1739,-0.0006,0.0036,0.0007,0.0000,0.0000,0.0000
35.7120,2,7.9088,0.6419,0.0000,0.0000,-0.0000,0.0000,0.0000,0.0000,0.0000
35.7120,3,8.1053,2.1323,-0.0045,-0.0076,0.0036,-0.0003,0.0000,0.0000,0.0000
35.7440,1,4.9246,0.8650,0.1739,-0.0006,0.0036,0.0007,0.0000,0.0000,0.0000
35.7440,2,7.9088,0.6419,0.0000,0.0000,-0.0000,0.0000,0.0000,0.0000,0.0000
35.7440,3,8.1052,2.1323,-0.0045,-0.0076,0.0036,-0.0003,0.0000,0.0000,0.0000
35.7800,1,4.9246,0.8650,0.1739,-0.0006,0.0036,0.0007,0.0000,0.0000,0.0000
35.7800,2,7.9088,0.6419,0.0000,0.0000,-0.0000,0.0000,0.0000,0.0000,0.0000
35.7800,3,8.1050,2.1323,-0.0045,-0.0076,0.0036,-0.0003,0.0000,0.0000,0.0000
35.8120,1,4.9246,0.8650,0.1739,-0.0006,0.0036,0.0007,0.0000,0.0000,0.0000
35.8120,2,7.9088,0.6419,0.0000,0.0000,-0.0000,0.0000,0.0000,0.0000,0.0000
35.8120,3,8.1049,2.1323,-0.0045,-0.0076,0.0036,-0.0003,0.0000,0.0000,0.0000
35.8460,1,4.9246,0.8650,0.1739,-0.0006,0.0036,0.0007,0.0000,0.0000,0.0000
35.8460,2,7.9088,0.6419,0.0000,0.0000,-0.0000,0.0000,0.0000,0.0000,0.0000
35.8460,3,8.1048,2.1322,-0.0045,-0.0076,0.0036,-0.0003,0.0000,0.0000,0.0000
35.8800,1,4.9246,0.8650,0.1739,-0.0006,0.0036,0.0007,0.0000,0.0000,0.0000
35.8800,2,7.9088,0.6419,0.0000,0.0000,-0.0000,0.0000,0.0000,0.0000,0.0000
35.8800,3,8.1046,2.1322,-0.0045,-0.0076,0.0036,-0.0003,0.0000,0.0000,0.0000
35.9120,1,4.9246,0.8650,0.1739,-0.0006,0.0036,0.0007,0.0000,0.0000,0.0000
35.9120,2,7.9088,0.6419,0.0000,0.0000,-0.0000,0.0000,0.0000,0.0000,0.0000
35.9120,3,8.1045,2.1322,-0.0045,-0.0076,0.0036,-0.0003,0.0000,0.0000,0.0000
35.9460,1,4.9246,0.8650,0.1739,-0.0006,0.0036,0.0007,0.0000,0.0000,0.0000
35.9460,2,7.9088,0.6419,0.0000,0.0000,-0.0000,0.0000,0.0000,0.0000,0.0000
35.9460,3,8.1044,2.1322,-0.0045,-0.0076,0.0036,-0.0003,0.0000,0.0000,0.0000
35.9780,1,4.9246,0.8650,0.1739,-0.0006,0.0036,0.0007,0.0000,0.0000,0.0000
35.9780,2,7.9088,0.6419,0.0000,0.0000,-0.0000,0.0000,0.0000,0.0000,0.0000
35.9780,3,8.1043,2.1321,-0.0045,-0.0076,0.0036,-0.0003,0.0000,0.0000,0.0000
36.0140,1,4.9246,0.8650,0.1739,-0.0006,0.0036,0.0007,0.0000,0.0000,0.0000
36.0140,2,7.9088,0.6419,0.0000,0.0000,-0.0000,0.0000,0.0000,0.0000,0.0000
36.0140,3,8.1041,2.1321,-0.0045,-0.0076,0.0036,-0.0003,0.0000,0.0000,0.0000
36.0440,1,4.9246,0.8650,0.1739,-0.0006,0.0036,0.0007,0.0000,0.0000,0.0000
36.0440,2,7.9088,0.6419,0.0000,0.0000,-0.0000,0.0000,0.0000,0.0000,0.0000
36.0440,3,8.1040,2.1321,-0.0045,-0.0076,0.0036,-0.0003,0.0000,0.0000,0.0000
36.0800,1,4.9246,0.8650,0.1739,-0.0006,0.0036,0.0007,0.0000,0.0000,0.0000
36.0800,2,7.9088,0.6419,0.0000,0.0000,-0.0000,0.0000,0.0000,0.0000,0.0000
36.0800,3,8.1039,2.1321,-0.0046,-0.0076,0.0036,-0.0003,0.0000,0.0000,0.0000
36.1120,1,4.9246,0.8650,0.1739,-0.0006,0.0036,0.0007,0.0000,0.0000,0.0000
36.1120,2,7.9088,0.6419,0.0000,0.0000,-0.0000,0.0000,0.0000,0.0000,0.0000
36.1120,3,8.1037,2.1321,-0.0046,-0.0076,0.0036,-0.0003,0.0000,0.0000,0.0000
36.1460,1,4.9246,0.8650,0.1739,-0.0006,0.0036,0.0007,0.0000,0.0000,0.0000
36.1460,2,7.9088,0.6419,0.0000,0.0000,-0.0000,0.0000,0.0000,0.0000,0.0000
36.1460,3,8.1036,2.1320,-0.0046,-0.0076,0.0036,-0.0003,0.0000,0.0000,0.0000
36.1800,1,4.9246,0.8650,0.1739,-0.0006,0.0036,0.0007,0.0000,0.0000,0.0000
36.1800,2,7.9088,0.6419,0.0000,0.0000,-0.0000,0.0000,0.0000,0.0000,0.0000
36.1800,3,8.1035,2.1320,-0.0046,-0.0076,0.0036,-0.0003,0.0000,0.0000,0.0000
36.2140,1,4.9246,0.8650,0.1739,-0.0006,0.0036,0.0007,0.0000,0.0000,0.0000
36.2140,2,7.9088,0.6419,0.0000,0.0000,-0.0000,0.0000,0.0000,0.0000,0.0000
36.2140,3,8.1034,2.1320,-0.0046,-0.0076,0.0036,-0.0003,0.0000,0.0000,0.0000
36.2460,1,4.9246,0.8650,0.1739,-0.0006,0.0036,0.0007,0.0000,0.0000,0.0000
36.2460,2,7.9088,0.6419,0.0000,0.0000,-0.0000,0.0000,0.0000,0.0000,0.0000
36.2460,3,8.1032,2.1320,-0.0046,-0.0076,0.0036,-0.0003,0.0000,0.0000,0.0000
36.2780,1,4.9246,0.8650,0.1739,-0.0006,0.0036,0.0007,0.0000,0.0000,0.0000
36.2780,2,7.9088,0.6419,0.0000,0.0000,-0.0000,0.0000,0.0000,0.0000,0.0000
36.2780,3,8.1031,2.1319,-0.0046,-0.0076,0.0036,-0.0003,0.0000,0.0000,0.0000
36.3120,1,4.9246,0.8650,0.1739,-0.0006,0.0036,0.0007,0.0000,0.0000,0.0000
36.3120,2,7.9088,0.6419,0.0000,0.0000,-0.0000,0.0000,0.0000,0.0000,0.0000
36.3120,3,8.1030,2.1319,-0.0046,-0.0076,0.0036,-0.0003,0.0000,0.0000,0.0000
36.3460,1,4.9246,0.8650,0.1739,-0.0006,0.0036,0.0007,0.0000,0.0000,0.0000
36.3460,2,7.9088,0.6419,0.0000,0.0000,-0.0000,0.0000,0.0000,0.0000,0.0000
36.3460,3,8.1029,2.1319,-0.0046,-0.0076,0.0036,-0.0003,0.0000,0.0000,0.0000
36.3800,1,4.9246,0.8650,0.1739,-0.0006,0.0036,0.0007,0.0000,0.0000,0.0000
36.3800,2,7.9088,0.6419,0.0000,0.0000,-0.0000,0.0000,0.0000,0.0000,0.0000
36.3800,3,8.1027,2.1319,-0.0046,-0.0076,0.0036,-0.0003,0.0000,0.0000,0.0000
36.4140,1,4.9246,0.8650,0.1739,-0.0006,0.0036,0.0007,0.0000,0.0000,0.0000
36.4140,2,7.9088,0.6419,0.0000,0.0000,-0.0000,0.0000,0.0000,0.0000,0.0000
36.4140,3,8.1026,2.1318,-0.0046,-0.0076,0.0036,-0.0003,0.0000,0.0000,0.0000
36.4460,1,4.9246,0.8650,0.1739,-0.0006,0.0036,0.0007,0.0000,0.0000,0.0000
36.4460,2,7.9088,0.6419,0.0000,0.0000,-0.0000,0.0000,0.0000,0.0000,0.0000
36.4460,3,8.1025,2.1318,-0.0046,-0.0076,0.0036,-0.0003,0.0000,0.0000,0.0000
36.4800,1,4.9246,0.8650,0.1739,-0.0006,0.0036,0.0007,0.0000,0.0000,0.0000
36.4800,2,7.9088,0.6419,0.0000,0.0000,-0.0000,0.0000,0.0000,0.0000,0.0000
36.4800,3,8.1023,2.1318,-0.0046,-0.0076,0.0036,-0.0003,0.0000,0.0000,0.0000
36.5120,1,4.9246,0.8650,0.1739,-0.0006,0.0036,0.0007,0.0000,0.0000,0.0000
36.5120,2,7.9088,0.6419,0.0000,0.0000,-0.0000,0.0000,0.0000,0.0000,0.0000
36.5120,3,8.1022,2.1318,-0.0046,-0.0076,0.0036,-0.0003,0.0000,0.0000,0.0000
36.5460,1,4.9246,0.8650,0.1739,-0.0006,0.0036,0.0007,0.0000,0.0000,0.0000
36.5460,2,7.9088,0.6419,0.0000,0.0000,-0.0000,0.0000,0.0000,0.0000,0.0000
36.5460,3,8.1021,2.1317,-0.0046,-0.0076,0.0036,-0.0003,0.0000,0.0000,0.0000
36.5780,1,4.9246,0.8650,0.1739,-0.0006,0.0036,0.0007,0.0000,0.0000,0.0000
36.5780,2,7.9088,0.6419,0.0000,0.0000,-0.0000,0.0000,0.0000,0.0000,0.0000
36.5780,3,8.1020,2.1317,-0.0046,-0.0076,0.0036,-0.0003,0.0000,0.0000,0.0000
36.6140,1,4.9246,0.8650,0.1739,-0.0006,0.0036,0.0007,0.0000,0.0000,0.0000
36.6140,2,7.9088,0.6419,0.0000,0.0000,-0.0000,0.0000,0.0000,0.0000,0.0000
36.6140,3,8.1018,2.1317,-0.0046,-0.0076,0.0036,-0.0003,0.0000,0.0000,0.0000
36.6440,1,4.9246,0.8650,0.1739,-0.0006,0.0036,0.0007,0.0000,0.0000,0.0000
36.6440,2,7.9088,0.6419,0.0000,0.0000,-0.0000,0.0000,0.0000,0.0000,0.0000
36.6440,3,8.1017,2.1317,-0.0046,-0.0076,0.0036,-0.0003,0.0000,0.0000,0.0000
36.6800,1,4.9246,0.8650,0.1739,-0.0006,0.0036,0.0007,0.0000,0.0000,0.0000
36.6800,2,7.9088,0.6419,0.0000,0.0000,-0.0000,0.0000,0.0000,0.0000,0.0000
36.6800,3,8.1016,2.1316,-0.0046,-0.0076,0.0036,-0.0003,0.0000,0.0000,0.0000
36.7120,1,4.9246,0.8650,0.1739,-0.0006,0.0036,0.0007,0.0000,0.0000,0.0000
36.7120,2,7.9088,0.6419,0.0000,0.0000,-0.0000,0.0000,0.0000,0.0000,0.0000
36.7120,3,8.1015,2.1316,-0.0046,-0.0076,0.0036,-0.0003,0.0000,0.0000,0.0000
36.7480,1,4.9246,0.8650,0.1739,-0.0006,0.0036,0.0007,0.0000,0.0000,0.0000
36.7480,2,7.9088,0.6419,0.0000,0.0000,-0.0000,0.0000,0.0000,0.0000,0.0000
36.7480,3,8.1013,2.1316,-0.0046,-0.0076,0.0036,-0.0003,0.0000,0.0000,0.0000
36.7800,1,4.9246,0.8650,0.1739,-0.0006,0.0036,0.0007,0.0000,0.0000,0.0000
36.7800,2,7.9088,0.6419,0.0000,0.0000,-0.0000,0.0000,0.0000,0.0000,0.0000
36.7800,3,8.1012,2.1316,-0.0046,-0.0076,0.0036,-0.0003,0.0000,0.0000,0.0000
36.8120,1,4.9246,0.8650,0.1739,-0.0006,0.0036,0.0007,0.0000,0.0000,0.0000
36.8120,2,7.9088,0.6419,0.0000,0.0000,-0.0000,0.0000,0.0000,0.0000,0.0000
36.8120,3,8.1011,2.1316,-0.0046,-0.0076,0.0036,-0.0003,0.0000,0.0000,0.0000
36.8460,1,4.9246,0.8650,0.1739,-0.0006,0.0036,0.0007,0.0000,0.0000,0.0000
36.8460,2,7.9088,0.6419,0.0000,0.0000,-0.0000,0.0000,0.0000,0.0000,0.0000
36.8460,3,8.1009,2.1315,-0.0046,-0.0076,0.0036,-0.0003,0.0000,0.0000,0.0000
36.8780,1,4.9246,0.8650,0.1739,-0.0006,0.0036,0.0007,0.0000,0.0000,0.0000
36.8780,2,7.9088,0.6419,0.0000,0.0000,-0.0000,0.0000,0.0000,0.0000,0.0000
36.8780,3,8.1008,2.1315,-0.0046,-0.0076,0.0036,-0.0003,0.0000,0.0000,0.0000
36.9120,1,4.9246,0.8650,0.1739,-0.0006,0.0036,0.0007,0.0000,0.0000,0.0000
36.9120,2,7.9088,0.6419,0.0000,0.0000,-0.0000,0.0000,0.0000,0.0000,0.0000
36.9120,3,8.1007,2.1315,-0.0047,-0.0076,0.0036,-0.0003,0.0000,0.0000,0.0000
36.9440,1,4.9246,0.8650,0.1739,-0.0006,0.0036,0.0007,0.0000,0.0000,0.0000
36.9440,2,7.9088,0.6419,0.0000,0.0000,-0.0000,0.0000,0.0000,0.0000,0.0000
36.9440,3,8.1006,2.1315,-0.0047,-0.0076,0.0036,-0.0003,0.0000,0.0000,0.0000
36.9800,1,4.9246,0.8650,0.1739,-0.0006,0.0036,0.0007,0.0000,0.0000,0.0000
36.9800,2,7.9088,0.6419,0.0000,0.0000,-0.0000,0.0000,0.0000,0.0000,0.0000
36.9800,3,8.1004,2.1314,-0.0047,-0.0076,0.0036,-0.0003,0.0000,0.0000,0.0000
37.0120,1,4.9246,0.8650,0.1739,-0.0006,0.0036,0.0007,0.0000,0.0000,0.0000
37.0120,2,7.9088,0.6419,0.0000,0.0000,-0.0000,0.0000,0.0000,0.0000,0.0000
37.0120,3,8.1003,2.1314,-0.0047,-0.0076,0.0036,-0.0003,0.0000,0.0000,0.0000
37.0460,1,4.9246,0.8650,0.1739,-0.0006,0.0036,0.0007,0.0000,0.0000,0.0000
37.0460,2,7.9088,0.6419,0.0000,0.0000,-0.0000,0.0000,0.0000,0.0000,0.0000
37.0460,3,8.1002,2.1314,-0.0047,-0.0076,0.0036,-0.0003,0.0000,0.0000,0.0000
37.0760,1,4.9246,0.8650,0.1739,-0.0006,0.0036,0.0007,0.0000,0.0000,0.0000
37.0760,2,7.9088,0.6419,0.0000,0.0000,-0.0000,0.0000,0.0000,0.0000,0.0000
37.0760,3,8.1001,2.1314,-0.0047,-0.0076,0.0036,-0.0003,0.0000,0.0000,0.0000
37.1120,1,4.9246,0.8650,0.1739,-0.0006,0.0036,0.0007,0.0000,0.0000,0.0000
37.1120,2,7.9088,0.6419,0.0000,0.0000,-0.0000,0.0000,0.0000,0.0000,0.0000
37.1120,3,8.0999,2.1313,-0.0047,-0.0076,0.0036,-0.0003,0.0000,0.0000,0.0000
37.1460,1,4.9246,0.8650,0.1739,-0.0006,0.0036,0.0007,0.0000,0.0000,0.0000
37.1460,2,7.9088,0.6419,0.0000,0.0000,-0.0000,0.0000,0.0000,0.0000,0.0000
37.1460,3,8.0998,2.1313,-0.0047,-0.0076,0.0036,-0.0003,0.0000,0.0000,0.0000
37.1780,1,4.9246,0.8650,0.1739,-0.0006,0.0036,0.0007,0.0000,0.0000,0.0000
37.1780,2,7.9088,0.6419,0.0000,0.0000,-0.0000,0.0000,0.0000,0.0000,0.0000
37.1780,3,8.0997,2.1313,-0.0047,-0.0076,0.0036,-0.0003,0.0000,0.0000,0.0000
37.2120,1,4.9246,0.8650,0.1739,-0.0006,0.0036,0.0007,0.0000,0.0000,0.0000
37.2120,2,7.9088,0.6419,0.0000,0.0000,-0.0000,0.0000,0.0000,0.0000,0.0000
37.2120,3,8.0996,2.1313,-0.0047,-0.0076,0.0036,-0.0003,0.0000,0.0000,0.0000
37.2460,1,4.9246,0.8650,0.1739,-0.0006,0.0036,0.0007,0.0000,0.0000,0.0000
37.2460,2,7.9088,0.6419,0.0000,0.0000,-0.0000,0.0000,0.0000,0.0000,0.0000
37.2460,3,8.0994,2.1312,-0.0047,-0.0076,0.0036,-0.0003,0.0000,0.0000,0.0000
37.2800,1,4.9246,0.8650,0.1739,-0.0006,0.0036,0.0007,0.0000,0.0000,0.0000
37.2800,2,7.9088,0.6419,0.0000,0.0000,-0.0000,0.0000,0.0000,0.0000,0.0000
37.2800,3,8.0993,2.1312,-0.0047,-0.0076,0.0036,-0.0003,0.0000,0.0000,0.0000
37.3120,1,4.9246,0.8650,0.1739,-0.0006,0.0036,0.0007,0.0000,0.0000,0.0000
37.3120,2,7.9088,0.6419,0.0000,0.0000,-0.0000,0.0000,0.0000,0.0000,0.0000
37.3120,3,8.0992,2.1312,-0.0047,-0.0076,0.0036,-0.0003,0.0000,0.0000,0.0000
37.3460,1,4.9246,0.8650,0.1739,-0.0006,0.0036,0.0007,0.0000,0.0000,0.0000
37.3460,2,7.9088,0.6419,0.0000,0.0000,-0.0000,0.0000,0.0000,0.0000,0.0000
37.3460,3,8.0990,2.1312,-0.0047,-0.0076,0.0036,-0.0003,0.0000,0.0000,0.0000
37.3800,1,4.9246,0.8650,0.1739,-0.0006,0.0036,0.0007,0.0000,0.0000,0.0000
37.3800,2,7.9088,0.6419,0.0000,0.0000,-0.0000,0.0000,0.0000,0.0000,0.0000
37.3800,3,8.0989,2.1311,-0.0047,-0.0076,0.0036,-0.0003,0.0000,0.0000,0.0000
37.4120,1,4.9246,0.8650,0.1739,-0.0006,0.0036,0.0007,0.0000,0.0000,0.0000
37.4120,2,7.9088,0.6419,0.0000,0.0000,-0.0000,0.0000,0.0000,0.0000,0.0000
37.4120,3,8.0988,2.1311,-0.0047,-0.0076,0.0036,-0.0003,0.0000,0.0000,0.0000
37.4460,1,4.9246,0.8650,0.1739,-0.0006,0.0036,0.0007,0.0000,0.0000,0.0000
37.4460,2,7.9088,0.6419,0.0000,0.0000,-0.0000,0.0000,0.0000,0.0000,0.0000
37.4460,3,8.0987,2.1311,-0.0047,-0.0076,0.0036,-0.0003,0.0000,0.0000,0.0000
37.4780,1,4.9246,0.8650,0.1739,-0.0006,0.0036,0.0007,0.0000,0.0000,0.0000
37.4780,2,7.9088,0.6419,0.0000,0.0000,-0.0000,0.0000,0.0000,0.0000,0.0000
37.4780,3,8.0985,2.1311,-0.0047,-0.0076,0.0036,-0.0003,0.0000,0.0000,0.0000
37.5120,1,4.9246,0.8650,0.1739,-0.0006,0.0036,0.0007,0.0000,0.0000,0.0000
37.5120,2,7.9088,0.6419,0.0000,0.0000,-0.0000,0.0000,0.0000,0.0000,0.0000
37.5120,3,8.0984,2.1310,-0.0047,-0.0076,0.0036,-0.0003,0.0000,0.0000,0.0000
37.5440,1,4.9246,0.8650,0.1739,-0.0006,0.0036,0.0007,0.0000,0.0000,0.0000
37.5440,2,7.9088,0.6419,0.0000,0.0000,-0.0000,0.0000,0.0000,0.0000,0.0000
37.5440,3,8.0983,2.1310,-0.0047,-0.0076,0.0036,-0.0003,0.0000,0.0000,0.0000
37.5800,1,4.9246,0.8650,0.1739,-0.0006,0.0036,0.0007,0.0000,0.0000,0.0000
37.5800,2,7.9088,0.6419,0.0000,0.0000,-0.0000,0.0000,0.0000,0.0000,0.0000
37.5800,3,8.0981,2.1310,-0.0047,-0.0076,0.0036,-0.0003,0.0000,0.0000,0.0000
37.6120,1,4.9246,0.8650,0.1739,-0.0006,0.0036,0.0007,0.0000,0.0000,0.0000
37.6120,2,7.9088,0.6419,0.0000,0.0000,-0.0000,0.0000,0.0000,0.0000,0.0000
37.6120,3,8.0980,2.1310,-0.0047,-0.0076,0.0036,-0.0003,0.0000,0.0000,0.0000
37.6460,1,4.9246,0.8650,0.1739,-0.0006,0.0036,0.0007,0.0000,0.0000,0.0000
37.6460,2,7.9088,0.6419,0.0000,0.0000,-0.0000,0.0000,0.0000,0.0000,0.0000
37.6460,3,8.0979,2.1310,-0.0047,-0.0076,0.0036,-0.0003,0.0000,0.0000,0.0000
37.6800,1,4.9246,0.8650,0.1739,-0.0006,0.0036,0.0007,0.0000,0.0000,0.0000
37.6800,2,7.9088,0.6419,0.0000,0.0000,-0.0000,0.0000,0.0000,0.0000,0.0000
37.6800,3,8.0978,2.1309,-0.0047,-0.0076,0.0036,-0.0003,0.0000,0.0000,0.0000
37.7120,1,4.9246,0.8650,0.1739,-0.0006,0.0036,0.0007,0.0000,0.0000,0.0000
37.7120,2,7.9088,0.6419,0.0000,0.0000,-0.0000,0.0000,0.0000,0.0000,0.0000
37.7120,3,8.0976,2.1309,-0.0047,-0.0076,0.0036,-0.0003,0.0000,0.0000,0.0000
37.7460,1,4.9246,0.8650,0.1739,-0.0006,0.0036,0.0007,0.0000,0.0000,0.0000
37.7460,2,7.9088,0.6419,0.0000,0.0000,-0.0000,0.0000,0.0000,0.0000,0.0000
37.7460,3,8.0975,2.1309,-0.0047,-0.0076,0.0036,-0.0003,0.0000,0.0000,0.0000
37.7780,1,4.9246,0.8650,0.1739,-0.0006,0.0036,0.0007,0.0000,0.0000,0.0000
37.7780,2,7.9088,0.6419,0.0000,0.0000,-0.0000,0.0000,0.0000,0.0000,0.0000
37.7780,3,8.0974,2.1309,-0.0048,-0.0076,0.0036,-0.0003,0.0000,0.0000,0.0000
37.8140,1,4.9246,0.8650,0.1739,-0.0006,0.0036,0.0007,0.0000,0.0000,0.0000
37.8140,2,7.9088,0.6419,0.0000,0.0000,-0.0000,0.0000,0.0000,0.0000,0.0000
37.8140,3,8.0973,2.1308,-0.0048,-0.0076,0.0036,-0.0003,0.0000,0.0000,0.0000
37.8460,1,4.9246,0.8650,0.1739,-0.0006,0.0036,0.0007,0.0000,0.0000,0.0000
37.8460,2,7.9088,0.6419,0.0000,0.0000,-0.0000,0.0000,0.0000,0.0000,0.0000
37.8460,3,8.0971,2.1308,-0.0048,-0.0076,0.0036,-0.0003,0.0000,0.0000,0.0000
37.8800,1,4.9246,0.8650,0.1739,-0.0006,0.0036,0.0007,0.0000,0.0000,0.0000
37.8800,2,7.9088,0.6419,0.0000,0.0000,-0.0000,0.0000,0.0000,0.0000,0.0000
37.8800,3,8.0970,2.1308,-0.0048,-0.0076,0.0036,-0.0003,0.0000,0.0000,0.0000
37.9100,1,4.9246,0.8650,0.1739,-0.0006,0.0036,0.0007,0.0000,0.0000,0.0000
37.9100,2,7.9088,0.6419,0.0000,0.0000,-0.0000,0.0000,0.0000,0.0000,0.0000
37.9100,3,8.0969,2.1308,-0.0048,-0.0076,0.0036,-0.0003,0.0000,0.0000,0.0000
37.9460,1,4.9246,0.8650,0.1739,-0.0006,0.0036,0.0007,0.0000,0.0000,0.0000
37.9460,2,7.9088,0.6419,0.0000,0.0000,-0.0000,0.0000,0.0000,0.0000,0.0000
37.9460,3,8.0968,2.1307,-0.0048,-0.0076,0.0036,-0.0003,0.0000,0.0000,0.0000
37.9800,1,4.9246,0.8650,0.1739,-0.0006,0.0036,0.0007,0.0000,0.0000,0.0000
37.9800,2,7.9088,0.6419,0.0000,0.0000,-0.0000,0.0000,0.0000,0.0000,0.0000
37.9800,3,8.0966,2.1307,-0.0048,-0.0076,0.0036,-0.0003,0.0000,0.0000,0.0000
38.0120,1,4.9246,0.8650,0.1739,-0.0006,0.0036,0.0007,0.0000,0.0000,0.0000
38.0120,2,7.9088,0.6419,0.0000,0.0000,-0.0000,0.0000,0.0000,0.0000,0.0000
38.0120,3,8.0965,2.1307,-0.0048,-0.0076,0.0036,-0.0003,0.0000,0.0000,0.0000
38.0460,1,4.9246,0.8650,0.1739,-0.0006,0.0036,0.0007,0.0000,0.0000,0.0000
38.0460,2,7.9088,0.6419,0.0000,0.0000,-0.0000,0.0000,0.0000,0.0000,0.0000
38.0460,3,8.0964,2.1307,-0.0048,-0.0076,0.0036,-0.0003,0.0000,0.0000,0.0000
38.0760,1,4.9246,0.8650,0.1739,-0.0006,0.0036,0.0007,0.0000,0.0000,0.0000
38.0760,2,7.9088,0.6419,0.0000,0.0000,-0.0000,0.0000,0.0000,0.0000,0.0000
38.0760,3,8.0963,2.1307,-0.0048,-0.0076,0.0036,-0.0003,0.0000,0.0000,0.0000
38.1120,1,4.9246,0.8650,0.1739,-0.0006,0.0036,0.0007,0.0000,0.0000,0.0000
38.1120,2,7.9088,0.6419,0.0000,0.0000,-0.0000,0.0000,0.0000,0.0000,0.0000
38.1120,3,8.0961,2.1306,-0.0048,-0.0076,0.0036,-0.0003,0.0000,0.0000,0.0000
38.1440,1,4.9246,0.8650,0.1739,-0.0006,0.0036,0.0007,0.0000,0.0000,0.0000
38.1440,2,7.9088,0.6419,0.0000,0.0000,-0.0000,0.0000,0.0000,0.0000,0.0000
38.1440,3,8.0960,2.1306,-0.0048,-0.0076,0.0036,-0.0003,0.0000,0.0000,0.0000
38.1780,1,4.9246,0.8650,0.1739,-0.0006,0.0036,0.0007,0.0000,0.0000,0.0000
38.1780,2,7.9088,0.6419,0.0000,0.0000,-0.0000,0.0000,0.0000,0.0000,0.0000
38.1780,3,8.0959,2.1306,-0.0048,-0.0076,0.0036,-0.0003,0.0000,0.0000,0.0000
38.2120,1,4.9246,0.8650,0.1739,-0.0006,0.0036,0.0007,0.0000,0.0000,0.0000
38.2120,2,7.9088,0.6419,0.0000,0.0000,-0.0000,0.0000,0.0000,0.0000,0.0000
38.2120,3,8.0957,2.1306,-0.0048,-0.0076,0.0036,-0.0003,0.0000,0.0000,0.0000
38.2480,1,4.9246,0.8650,0.1739,-0.0006,0.0036,0.0007,0.0000,0.0000,0.0000
38.2480,2,7.9088,0.6419,0.0000,0.0000,-0.0000,0.0000,0.0000,0.0000,0.0000
38.2480,3,8.0956,2.1305,-0.0048,-0.0076,0.0036,-0.0003,0.0000,0.0000,0.0000
38.2820,1,4.9246,0.8650,0.1739,-0.0006,0.0036,0.0007,0.0000,0.0000,0.0000
38.2820,2,7.9088,0.6419,0.0000,0.0000,-0.0000,0.0000,0.0000,0.0000,0.0000
38.2820,3,8.0955,2.1305,-0.0048,-0.0076,0.0036,-0.0003,0.0000,0.0000,0.0000
38.3140,1,4.9246,0.8650,0.1739,-0.0006,0.0036,0.0007,0.0000,0.0000,0.0000
38.3140,2,7.9088,0.6419,0.0000,0.0000,-0.0000,0.0000,0.0000,0.0000,0.0000
38.3140,3,8.0953,2.1305,-0.0048,-0.0076,0.0036,-0.0003,0.0000,0.0000,0.0000
38.3420,1,4.9246,0.8650,0.1739,-0.0006,0.0036,0.0007,0.0000,0.0000,0.0000
38.3420,2,7.9088,0.6419,0.0000,0.0000,-0.0000,0.0000,0.0000,0.0000,0.0000
38.3420,3,8.0952,2.1305,-0.0048,-0.0076,0.0036,-0.0003,0.0000,0.0000,0.0000
38.3780,1,4.9246,0.8650,0.1739,-0.0006,0.0036,0.0007,0.0000,0.0000,0.0000
38.3780,2,7.9088,0.6419,0.0000,0.0000,-0.0000,0.0000,0.0000,0.0000,0.0000
38.3780,3,8.0951,2.1305,-0.0048,-0.0076,0.0036,-0.0003,0.0000,0.0000,0.0000
38.4120,1,4.9246,0.8650,0.1739,-0.0006,0.0036,0.0007,0.0000,0.0000,0.0000
38.4120,2,7.9088,0.6419,0.0000,0.0000,-0.0000,0.0000,0.0000,0.0000,0.0000
38.4120,3,8.0950,2.1304,-0.0048,-0.0076,0.0036,-0.0003,0.0000,0.0000,0.0000
38.4440,1,4.9246,0.8650,0.1739,-0.0006,0.0036,0.0007,0.0000,0.0000,0.0000
38.4440,2,7.9088,0.6419,0.0000,0.0000,-0.0000,0.0000,0.0000,0.0000,0.0000
38.4440,3,8.0949,2.1304,-0.0048,-0.0076,0.0036,-0.0003,0.0000,0.0000,0.0000
38.4780,1,4.9246,0.8650,0.1739,-0.0006,0.0036,0.0007,0.0000,0.0000,0.0000
38.4780,2,7.9088,0.6419,0.0000,0.0000,-0.0000,0.0000,0.0000,0.0000,0.0000
38.4780,3,8.0947,2.1304,-0.0048,-0.0076,0.0036,-0.0003,0.0000,0.0000,0.0000
38.5120,1,4.9246,0.8650,0.1739,-0.0006,0.0036,0.0007,0.0000,0.0000,0.0000
38.5120,2,7.9088,0.6419,0.0000,0.0000,-0.0000,0.0000,0.0000,0.0000,0.0000
38.5120,3,8.0946,2.1304,-0.0048,-0.0076,0.0036,-0.0003,0.0000,0.0000,0.0000
38.5480,1,4.9246,0.8650,0.1739,-0.0006,0.0036,0.0007,0.0000,0.0000,0.0000
38.5480,2,7.9088,0.6419,0.0000,0.0000,-0.0000,0.0000,0.0000,0.0000,0.0000
38.5480,3,8.0945,2.1303,-0.0048,-0.0076,0.0036,-0.0003,0.0000,0.0000,0.0000
38.5780,1,4.9246,0.8650,0.1739,-0.0006,0.0036,0.0007,0.0000,0.0000,0.0000
38.5780,2,7.9088,0.6419,0.0000,0.0000,-0.0000,0.0000,0.0000,0.0000,0.0000
38.5780,3,8.0943,2.1303,-0.0048,-0.0076,0.0036,-0.0003,0.0000,0.0000,0.0000
38.6140,1,4.9246,0.8650,0.1739,-0.0006,0.0036,0.0007,0.0000,0.0000,0.0000
38.6140,2,7.9088,0.6419,0.0000,0.0000,-0.0000,0.0000,0.0000,0.0000,0.0000
38.6140,3,8.0942,2.1303,-0.0049,-0.0076,0.0036,-0.0003,0.0000,0.0000,0.0000
38.6460,1,4.9246,0.8650,0.1739,-0.0006,0.0036,0.0007,0.0000,0.0000,0.0000
38.6460,2,7.9088,0.6419,0.0000,0.0000,-0.0000,0.0000,0.0000,0.0000,0.0000
38.6460,3,8.0941,2.1303,-0.0049,-0.0076,0.0036,-0.0003,0.0000,0.0000,0.0000
38.6780,1,4.9246,0.8650,0.1739,-0.0006,0.0036,0.0007,0.0000,0.0000,0.0000
38.6780,2,7.9088,0.6419,0.0000,0.0000,-0.0000,0.0000,0.0000,0.0000,0.0000
38.6780,3,8.0940,2.1303,-0.0049,-0.0076,0.0036,-0.0003,0.0000,0.0000,0.0000
38.7100,1,4.9246,0.8650,0.1739,-0.0006,0.0036,0.0007,0.0000,0.0000,0.0000
38.7100,2,7.9088,0.6419,0.0000,0.0000,-0.0000,0.0000,0.0000,0.0000,0.0000
38.7100,3,8.0938,2.1303,-0.0049,-0.0076,0.0036,-0.0003,0.0000,0.0000,0.0000
38.7440,1,4.9246,0.8650,0.1739,-0.0006,0.0036,0.0007,0.0000,0.0000,0.0000
38.7440,2,7.9088,0.6419,0.0000,0.0000,-0.0000,0.0000,0.0000,0.0000,0.0000
38.7440,3,8.0937,2.1302,-0.0049,-0.0076,0.0036,-0.0003,0.0000,0.0000,0.0000
38.7760,1,4.9246,0.8650,0.1739,-0.0006,0.0036,0.0007,0.0000,0.0000,0.0000
38.7760,2,7.9088,0.6419,0.0000,0.0000,-0.0000,0.0000,0.0000,0.0000,0.0000
38.7760,3,8.0936,2.1302,-0.0049,-0.0076,0.0036,-0.0003,0.0000,0.0000,0.0000
38.8100,1,4.9246,0.8650,0.1739,-0.0006,0.0036,0.0007,0.0000,0.0000,0.0000
38.8100,2,7.9088,0.6419,0.0000,0.0000,-0.0000,0.0000,0.0000,0.0000,0.0000
38.8100,3,8.0935,2.1302,-0.0049,-0.0076,0.0036,-0.0003,0.0000,0.0000,0.0000
38.8440,1,4.9246,0.8650,0.1739,-0.0006,0.0036,0.0007,0.0000,0.0000,0.0000
38.8440,2,7.9088,0.6419,0.0000,0.0000,-0.0000,0.0000,0.0000,0.0000,0.0000
38.8440,3,8.0933,2.1302,-0.0049,-0.0076,0.0036,-0.0003,0.0000,0.0000,0.0000
38.8760,1,4.9246,0.8650,0.1739,-0.0006,0.0036,0.0007,0.0000,0.0000,0.0000
38.8760,2,7.9088,0.6419,0.0000,0.0000,-0.0000,0.0000,0.0000,0.0000,0.0000
38.8760,3,8.0932,2.1302,-0.0049,-0.0076,0.0036,-0.0003,0.0000,0.0000,0.0000
38.9100,1,4.9246,0.8650,0.1739,-0.0006,0.0036,0.0007,0.0000,0.0000,0.0000
38.9100,2,7.9088,0.6419,0.0000,0.0000,-0.0000,0.0000,0.0000,0.0000,0.0000
38.9100,3,8.0931,2.1301,-0.0049,-0.0076,0.0036,-0.0003,0.0000,0.0000,0.0000
38.9440,1,4.9246,0.8650,0.1739,-0.0006,0.0036,0.0007,0.0000,0.0000,0.0000
38.9440,2,7.9088,0.6419,0.0000,0.0000,-0.0000,0.0000,0.0000,0.0000,0.0000
38.9440,3,8.0929,2.1301,-0.0049,-0.0076,0.0036,-0.0003,0.0000,0.0000,0.0000
38.9780,1,4.9246,0.8650,0.1739,-0.0006,0.0036,0.0007,0.0000,0.0000,0.0000
38.9780,2,7.9088,0.6419,0.0000,0.0000,-0.0000,0.0000,0.0000,0.0000,0.0000
38.9780,3,8.0928,2.1301,-0.0049,-0.0076,0.0036,-0.0003,0.0000,0.0000,0.0000
39.0120,1,4.9246,0.8650,0.1739,-0.0006,0.0036,0.0007,0.0000,0.0000,0.0000
39.0120,2,7.9088,0.6419,0.0000,0.0000,-0.0000,0.0000,0.0000,0.0000,0.0000
39.0120,3,8.0927,2.1301,-0.0049,-0.0076,0.0036,-0.0003,0.0000,0.0000,0.0000
39.0460,1,4.9246,0.8650,0.1739,-0.0006,0.0036,0.0007,0.0000,0.0000,0.0000
39.0460,2,7.9088,0.6419,0.0000,0.0000,-0.0000,0.0000,0.0000,0.0000,0.0000
39.0460,3,8.0926,2.1301,-0.0049,-0.0076,0.0036,-0.0003,0.0000,0.0000,0.0000
39.0800,1,4.9246,0.8650,0.1739,-0.0006,0.0036,0.0007,0.0000,0.0000,0.0000
39.0800,2,7.9088,0.6419,0.0000,0.0000,-0.0000,0.0000,0.0000,0.0000,0.0000
39.0800,3,8.0924,2.1300,-0.0049,-0.0076,0.0036,-0.0003,0.0000,0.0000,0.0000
39.1120,1,4.9246,0.8650,0.1739,-0.0006,0.0036,0.0007,0.0000,0.0000,0.0000
39.1120,2,7.9088,0.6419,0.0000,0.0000,-0.0000,0.0000,0.0000,0.0000,0.0000
39.1120,3,8.0923,2.1300,-0.0049,-0.0076,0.0036,-0.0003,0.0000,0.0000,0.0000
39.1460,1,4.9246,0.8650,0.1739,-0.0006,0.0036,0.0007,0.0000,0.0000,0.0000
39.1460,2,7.9088,0.6419,0.0000,0.0000,-0.0000,0.0000,0.0000,0.0000,0.0000
39.1460,3,8.0922,2.1300,-0.0049,-0.0076,0.0036,-0.0003,0.0000,0.0000,0.0000
39.1800,1,4.9246,0.8650,0.1739,-0.0006,0.0036,0.0007,0.0000,0.0000,0.0000
39.1800,2,7.9088,0.6419,0.0000,0.0000,-0.0000,0.0000,0.0000,0.0000,0.0000
39.1800,3,8.0920,2.1300,-0.0049,-0.0076,0.0036,-0.0003,0.0000,0.0000,0.0000
39.2140,1,4.9246,0.8650,0.1739,-0.0006,0.0036,0.0007,0.0000,0.0000,0.0000
39.2140,2,7.9088,0.6419,0.0000,0.0000,-0.0000,0.0000,0.0000,0.0000,0.0000
39.2140,3,8.0919,2.1300,-0.0049,-0.0076,0.0036,-0.0003,0.0000,0.0000,0.0000
39.2440,1,4.9246,0.8650,0.1739,-0.0006,0.0036,0.0007,0.0000,0.0000,0.0000
39.2440,2,7.9088,0.6419,0.0000,0.0000,-0.0000,0.0000,0.0000,0.0000,0.0000
39.2440,3,8.0918,2.1299,-0.0049,-0.0076,0.0036,-0.0003,0.0000,0.0000,0.0000
39.2760,1,4.9246,0.8650,0.1739,-0.0006,0.0036,0.0007,0.0000,0.0000,0.0000
39.2760,2,7.9088,0.6419,0.0000,0.0000,-0.0000,0.0000,0.0000,0.0000,0.0000
39.2760,3,8.0917,2.1299,-0.0049,-0.0076,0.0036,-0.0003,0.0000,0.0000,0.0000
39.3100,1,4.9246,0.8650,0.1739,-0.0006,0.0036,0.0007,0.0000,0.0000,0.0000
39.3100,2,7.9088,0.6419,0.0000,0.0000,-0.0000,0.0000,0.0000,0.0000,0.0000
39.3100,3,8.0915,2.1299,-0.0049,-0.0076,0.0036,-0.0003,0.0000,0.0000,0.0000
39.3440,1,4.9246,0.8650,0.1739,-0.0006,0.0036,0.0007,0.0000,0.0000,0.0000
39.3440,2,7.9088,0.6419,0.0000,0.0000,-0.0000,0.0000,0.0000,0.0000,0.0000
39.3440,3,8.0914,2.1299,-0.0049,-0.0076,0.0036,-0.0003,0.0000,0.0000,0.0000
39.3760,1,4.9246,0.8650,0.1739,-0.0006,0.0036,0.0007,0.0000,0.0000,0.0000
39.3760,2,7.9088,0.6419,0.0000,0.0000,-0.0000,0.0000,0.0000,0.0000,0.0000
39.3760,3,8.0913,2.1299,-0.0049,-0.0076,0.0036,-0.0003,0.0000,0.0000,0.0000
39.4100,1,4.9246,0.8650,0.1739,-0.0006,0.0036,0.0007,0.0000,0.0000,0.0000
39.4100,2,7.9088,0.6419,0.0000,0.0000,-0.0000,0.0000,0.0000,0.0000,0.0000
39.4100,3,8.0912,2.1298,-0.0049,-0.0076,0.0036,-0.0003,0.0000,0.0000,0.0000
39.4440,1,4.9246,0.8650,0.1739,-0.0006,0.0036,0.0007,0.0000,0.0000,0.0000
39.4440,2,7.9088,0.6419,0.0000,0.0000,-0.0000,0.0000,0.0000,0.0000,0.0000
39.4440,3,8.0910,2.1298,-0.0050,-0.0076,0.0036,-0.0003,0.0000,0.0000,0.0000
39.4760,1,4.9246,0.8650,0.1739,-0.0006,0.0036,0.0007,0.0000,0.0000,0.0000
39.4760,2,7.9088,0.6419,0.0000,0.0000,-0.0000,0.0000,0.0000,0.0000,0.0000
39.4760,3,8.0909,2.1298,-0.0050,-0.0076,0.0036,-0.0003,0.0000,0.0000,0.0000
39.5120,1,4.9246,0.8650,0.1739,-0.0006,0.0036,0.0007,0.0000,0.0000,0.0000
39.5120,2,7.9088,0.6419,0.0000,0.0000,-0.0000,0.0000,0.0000,0.0000,0.0000
39.5120,3,8.0908,2.1298,-0.0050,-0.0076,0.0036,-0.0003,0.0000,0.0000,0.0000
39.5460,1,4.9246,0.8650,0.1739,-0.0006,0.0036,0.0007,0.0000,0.0000,0.0000
39.5460,2,7.9088,0.6419,0.0000,0.0000,-0.0000,0.0000,0.0000,0.0000,0.0000
39.5460,3,8.0906,2.1298,-0.0050,-0.0076,0.0036,-0.0003,0.0000,0.0000,0.0000
39.5800,1,4.9246,0.8650,0.1739,-0.0006,0.0036,0.0007,0.0000,0.0000,0.0000
39.5800,2,7.9088,0.6419,0.0000,0.0000,-0.0000,0.0000,0.0000,0.0000,0.0000
39.5800,3,8.0905,2.1297,-0.0050,-0.0076,0.0036,-0.0003,0.0000,0.0000,0.0000
39.6120,1,4.9246,0.8650,0.1739,-0.0006,0.0036,0.0007,0.0000,0.0000,0.0000
39.6120,2,7.9088,0.6419,0.0000,0.0000,-0.0000,0.0000,0.0000,0.0000,0.0000
39.6120,3,8.0904,2.1297,-0.0050,-0.0076,0.0036,-0.0003,0.0000,0.0000,0.0000
39.6440,1,4.9246,0.8650,0.1739,-0.0006,0.0036,0.0007,0.0000,0.0000,0.0000
39.6440,2,7.9088,0.6419,0.0000,0.0000,-0.0000,0.0000,0.0000,0.0000,0.0000
39.6440,3,8.0903,2.1297,-0.0050,-0.0076,0.0036,-0.0003,0.0000,0.0000,0.0000
39.6780,1,4.9246,0.8650,0.1739,-0.0006,0.0036,0.0007,0.0000,0.0000,0.0000
39.6780,2,7.9088,0.6419,0.0000,0.0000,-0.0000,0.0000,0.0000,0.0000,0.0000
39.6780,3,8.0901,2.1297,-0.0050,-0.0076,0.0036,-0.0003,0.0000,0.0000,0.0000
39.7120,1,4.9246,0.8650,0.1739,-0.0006,0.0036,0.0007,0.0000,0.0000,0.0000
39.7120,2,7.9088,0.6419,0.0000,0.0000,-0.0000,0.0000,0.0000,0.0000,0.0000
39.7120,3,8.0900,2.1297,-0.0050,-0.0076,0.0036,-0.0003,0.0000,0.0000,0.0000
39.7460,1,4.9246,0.8650,0.1739,-0.0006,0.0036,0.0007,0.0000,0.0000,0.0000
39.7460,2,7.9088,0.6419,0.0000,0.0000,-0.0000,0.0000,0.0000,0.0000,0.0000
39.7460,3,8.0899,2.1296,-0.0050,-0.0076,0.0036,-0.0003,0.0000,0.0000,0.0000
39.7780,1,4.9246,0.8650,0.1739,-0.0006,0.0036,0.0007,0.0000,0.0000,0.0000
39.7780,2,7.9088,0.6419,0.0000,0.0000,-0.0000,0.0000,0.0000,0.0000,0.0000
39.7780,3,8.0898,2.1296,-0.0050,-0.0076,0.0036,-0.0003,0.0000,0.0000,0.0000
39.8120,1,4.9246,0.8650,0.1739,-0.0006,0.0036,0.0007,0.0000,0.0000,0.0000
39.8120,2,7.9088,0.6419,0.0000,0.0000,-0.0000,0.0000,0.0000,0.0000,0.0000
39.8120,3,8.0896,2.1296,-0.0050,-0.0076,0.0036,-0.0003,0.0000,0.0000,0.0000
39.8460,1,4.9246,0.8650,0.1739,-0.0006,0.0036,0.0007,0.0000,0.0000,0.0000
39.8460,2,7.9088,0.6419,0.0000,0.0000,-0.0000,0.0000,0.0000,0.0000,0.0000
39.8460,3,8.0895,2.1296,-0.0050,-0.0076,0.0036,-0.0003,0.0000,0.0000,0.0000
39.8780,1,4.9246,0.8650,0.1739,-0.0006,0.0036,0.0007,0.0000,0.0000,0.0000
39.8780,2,7.9088,0.6419,0.0000,0.0000,-0.0000,0.0000,0.0000,0.0000,0.0000
39.8780,3,8.0894,2.1296,-0.0050,-0.0076,0.0036,-0.0003,0.0000,0.0000,0.0000
39.9120,1,4.9246,0.8650,0.1739,-0.0006,0.0036,0.0007,0.0000,0.0000,0.0000
39.9120,2,7.9088,0.6419,0.0000,0.0000,-0.0000,0.0000,0.0000,0.0000,0.0000
39.9120,3,8.0893,2.1295,-0.0050,-0.0076,0.0036,-0.0003,0.0000,0.0000,0.0000
39.9460,1,4.9246,0.8650,0.1739,-0.0006,0.0036,0.0007,0.0000,0.0000,0.0000
39.9460,2,7.9088,0.6419,0.0000,0.0000,-0.0000,0.0000,0.0000,0.0000,0.0000
39.9460,3,8.0891,2.1295,-0.0050,-0.0076,0.0036,-0.0003,0.0000,0.0000,0.0000
39.9760,1,4.9246,0.8650,0.1739,-0.0006,0.0036,0.0007,0.0000,0.0000,0.0000
39.9760,2,7.9088,0.6419,0.0000,0.0000,-0.0000,0.0000,0.0000,0.0000,0.0000
39.9760,3,8.0890,2.1295,-0.0050,-0.0076,0.0036,-0.0003,0.0000,0.0000,0.0000
40.0100,1,4.9246,0.8650,0.1739,-0.0006,0.0036,0.0007,0.0000,0.0000,0.0000
40.0100,2,7.9088,0.6419,0.0000,0.0000,-0.0000,0.0000,0.0000,0.0000,0.0000
40.0100,3,8.0889,2.1295,-0.0050,-0.0076,0.0036,-0.0003,0.0000,0.0000,0.0000
40.0420,1,4.9246,0.8650,0.1739,-0.0006,0.0036,0.0007,0.0000,0.0000,0.0000
40.0420,2,7.9088,0.6419,0.0000,0.0000,-0.0000,0.0000,0.0000,0.0000,0.0000
40.0420,3,8.0888,2.1295,-0.0050,-0.0076,0.0036,-0.0003,0.0000,0.0000,0.0000
40.0800,1,4.9246,0.8650,0.1739,-0.0006,0.0036,0.0007,0.0000,0.0000,0.0000
40.0800,2,7.9088,0.6419,0.0000,0.0000,-0.0000,0.0000,0.0000,0.0000,0.0000
40.0800,3,8.0886,2.1294,-0.0050,-0.0076,0.0036,-0.0003,0.0000,0.0000,0.0000
40.1100,1,4.9246,0.8650,0.1739,-0.0006,0.0036,0.0007,0.0000,0.0000,0.0000
40.1100,2,7.9088,0.6419,0.0000,0.0000,-0.0000,0.0000,0.0000,0.0000,0.0000
40.1100,3,8.0885,2.1294,-0.0050,-0.0076,0.0036,-0.0003,0.0000,0.0000,0.0000
40.1460,1,4.9246,0.8650,0.1739,-0.0006,0.0036,0.0007,0.0000,0.0000,0.0000
40.1460,2,7.9088,0.6419,0.0000,0.0000,-0.0000,0.0000,0.0000,0.0000,0.0000
40.1460,3,8.0884,2.1294,-0.0050,-0.0076,0.0036,-0.0003,0.0000,0.0000,0.0000
40.1780,1,4.9246,0.8650,0.1739,-0.0006,0.0036,0.0007,0.0000,0.0000,0.0000
40.1780,2,7.9088,0.6419,0.0000,0.0000,-0.0000,0.0000,0.0000,0.0000,0.0000
40.1780,3,8.0882,2.1294,-0.0050,-0.0076,0.0036,-0.0003,0.0000,0.0000,0.0000
40.2120,1,4.9246,0.8650,0.1739,-0.0006,0.0036,0.0007,0.0000,0.0000,0.0000
40.2120,2,7.9088,0.6419,0.0000,0.0000,-0.0000,0.0000,0.0000,0.0000,0.0000
40.2120,3,8.0881,2.1294,-0.0050,-0.0076,0.0036,-0.0003,0.0000,0.0000,0.0000
40.2460,1,4.9246,0.8650,0.1739,-0.0006,0.0036,0.0007,0.0000,0.0000,0.0000
40.2460,2,7.9088,0.6419,0.0000,0.0000,-0.0000,0.0000,0.0000,0.0000,0.0000
40.2460,3,8.0880,2.1293,-0.0050,-0.0076,0.0036,-0.0003,0.0000,0.0000,0.0000
40.2780,1,4.9246,0.8650,0.1739,-0.0006,0.0036,0.0007,0.0000,0.0000,0.0000
40.2780,2,7.9088,0.6419,0.0000,0.0000,-0.0000,0.0000,0.0000,0.0000,0.0000
40.2780,3,8.0879,2.1293,-0.0051,-0.0076,0.0036,-0.0003,0.0000,0.0000,0.0000
40.3100,1,4.9246,0.8650,0.1739,-0.0006,0.0036,0.0007,0.0000,0.0000,0.0000
40.3100,2,7.9088,0.6419,0.0000,0.0000,-0.0000,0.0000,0.0000,0.0000,0.0000
40.3100,3,8.0877,2.1293,-0.0051,-0.0076,0.0036,-0.0003,0.0000,0.0000,0.0000
40.3440,1,4.9246,0.8650,0.1739,-0.0006,0.0036,0.0007,0.0000,0.0000,0.0000
40.3440,2,7.9088,0.6419,0.0000,0.0000,-0.0000,0.0000,0.0000,0.0000,0.0000
40.3440,3,8.0876,2.1293,-0.0051,-0.0076,0.0036,-0.0003,0.0000,0.0000,0.0000
40.3760,1,4.9246,0.8650,0.1739,-0.0006,0.0036,0.0007,0.0000,0.0000,0.0000
40.3760,2,7.9088,0.6419,0.0000,0.0000,-0.0000,0.0000,0.0000,0.0000,0.0000
40.3760,3,8.0875,2.1293,-0.0051,-0.0076,0.0036,-0.0003,0.0000,0.0000,0.0000
40.4100,1,4.9246,0.8650,0.1739,-0.0006,0.0036,0.0007,0.0000,0.0000,0.0000
40.4100,2,7.9088,0.6419,0.0000,0.0000,-0.0000,0.0000,0.0000,0.0000,0.0000
40.4100,3,8.0874,2.1292,-0.0051,-0.0076,0.0036,-0.0003,0.0000,0.0000,0.0000
40.4420,1,4.9246,0.8650,0.1739,-0.0006,0.0036,0.0007,0.0000,0.0000,0.0000
40.4420,2,7.9088,0.6419,0.0000,0.0000,-0.0000,0.0000,0.0000,0.0000,0.0000
40.4420,3,8.0872,2.1292,-0.0051,-0.0076,0.0036,-0.0003,0.0000,0.0000,0.0000
40.4780,1,4.9246,0.8650,0.1739,-0.0006,0.0036,0.0007,0.0000,0.0000,0.0000
40.4780,2,7.9088,0.6419,0.0000,0.0000,-0.0000,0.0000,0.0000,0.0000,0.0000
40.4780,3,8.0871,2.1292,-0.0051,-0.0076,0.0036,-0.0003,0.0000,0.0000,0.0000
40.5100,1,4.9246,0.8650,0.1739,-0.0006,0.0036,0.0007,0.0000,0.0000,0.0000
40.5100,2,7.9088,0.6419,0.0000,0.0000,-0.0000,0.0000,0.0000,0.0000,0.0000
40.5100,3,8.0870,2.1292,-0.0051,-0.0076,0.0036,-0.0003,0.0000,0.0000,0.0000
40.5460,1,4.9246,0.8650,0.1739,-0.0006,0.0036,0.0007,0.0000,0.0000,0.0000
40.5460,2,7.9088,0.6419,0.0000,0.0000,-0.0000,0.0000,0.0000,0.0000,0.0000
40.5460,3,8.0868,2.1292,-0.0051,-0.0076,0.0036,-0.0003,0.0000,0.0000,0.0000
40.5760,1,4.9246,0.8650,0.1739,-0.0006,0.0036,0.0007,0.0000,0.0000,0.0000
40.5760,2,7.9088,0.6419,0.0000,0.0000,-0.0000,0.0000,0.0000,0.0000,0.0000
40.5760,3,8.0867,2.1291,-0.0051,-0.0076,0.0036,-0.0003,0.0000,0.0000,0.0000
40.6120,1,4.9246,0.8650,0.1739,-0.0006,0.0036,0.0007,0.0000,0.0000,0.0000
40.6120,2,7.9088,0.6419,0.0000,0.0000,-0.0000,0.0000,0.0000,0.0000,0.0000
40.6120,3,8.0866,2.1291,-0.0051,-0.0076,0.0036,-0.0003,0.0000,0.0000,0.0000
40.6440,1,4.9246,0.8650,0.1739,-0.0006,0.0036,0.0007,0.0000,0.0000,0.0000
40.6440,2,7.9088,0.6419,0.0000,0.0000,-0.0000,0.0000,0.0000,0.0000,0.0000
40.6440,3,8.0865,2.1291,-0.0051,-0.0076,0.0036,-0.0003,0.0000,0.0000,0.0000
40.6820,1,4.9246,0.8650,0.1739,-0.0006,0.0036,0.0007,0.0000,0.0000,0.0000
40.6820,2,7.9088,0.6419,0.0000,0.0000,-0.0000,0.0000,0.0000,0.0000,0.0000
40.6820,3,8.0863,2.1291,-0.0051,-0.0076,0.0036,-0.0003,0.0000,0.0000,0.0000
40.7100,1,4.9246,0.8650,0.1739,-0.0006,0.0036,0.0007,0.0000,0.0000,0.0000
40.7100,2,7.9088,0.6419,0.0000,0.0000,-0.0000,0.0000,0.0000,0.0000,0.0000
40.7100,3,8.0862,2.1291,-0.0051,-0.0076,0.0036,-0.0003,0.0000,0.0000,0.0000
40.7420,1,4.9246,0.8650,0.1739,-0.0006,0.0036,0.0007,0.0000,0.0000,0.0000
40.7420,2,7.9088,0.6419,0.0000,0.0000,-0.0000,0.0000,0.0000,0.0000,0.0000
40.7420,3,8.0861,2.1290,-0.0051,-0.0076,0.0036,-0.0003,0.0000,0.0000,0.0000
40.7760,1,4.9246,0.8650,0.1739,-0.0006,0.0036,0.0007,0.0000,0.0000,0.0000
40.7760,2,7.9088,0.6419,0.0000,0.0000,-0.0000,0.0000,0.0000,0.0000,0.0000
40.7760,3,8.0860,2.1290,-0.0051,-0.0076,0.0036,-0.0003,0.0000,0.0000,0.0000
40.8100,1,4.9246,0.8650,0.1739,-0.0006,0.0036,0.0007,0.0000,0.0000,0.0000
40.8100,2,7.9088,0.6419,0.0000,0.0000,-0.0000,0.0000,0.0000,0.0000,0.0000
40.8100,3,8.0858,2.1290,-0.0051,-0.0076,0.0036,-0.0003,0.0000,0.0000,0.0000
40.8440,1,4.9246,0.8650,0.1739,-0.0006,0.0036,0.0007,0.0000,0.0000,0.0000
40.8440,2,7.9088,0.6419,0.0000,0.0000,-0.0000,0.0000,0.0000,0.0000,0.0000
40.8440,3,8.0857,2.1290,-0.0051,-0.0076,0.0036,-0.0003,0.0000,0.0000,0.0000
40.8760,1,4.9246,0.8650,0.1739,-0.0006,0.0036,0.0007,0.0000,0.0000,0.0000
40.8760,2,7.9088,0.6419,0.0000,0.0000,-0.0000,0.0000,0.0000,0.0000,0.0000
40.8760,3,8.0856,2.1290,-0.0051,-0.0076,0.0036,-0.0003,0.0000,0.0000,0.0000
40.9100,1,4.9246,0.8650,0.1739,-0.0006,0.0036,0.0007,0.0000,0.0000,0.0000
40.9100,2,7.9088,0.6419,0.0000,0.0000,-0.0000,0.0000,0.0000,0.0000,0.0000
40.9100,3,8.0854,2.1289,-0.0051,-0.0076,0.0036,-0.0003,0.0000,0.0000,0.0000
40.9440,1,4.9246,0.8650,0.1739,-0.0006,0.0036,0.0007,0.0000,0.0000,0.0000
40.9440,2,7.9088,0.6419,0.0000,0.0000,-0.0000,0.0000,0.0000,0.0000,0.0000
40.9440,3,8.0853,2.1289,-0.0051,-0.0076,0.0036,-0.0003,0.0000,0.0000,0.0000
40.9780,1,4.9246,0.8650,0.1739,-0.0006,0.0036,0.0007,0.0000,0.0000,0.0000
40.9780,2,7.9088,0.6419,0.0000,0.0000,-0.0000,0.0000,0.0000,0.0000,0.0000
40.9780,3,8.0852,2.1289,-0.0051,-0.0076,0.0036,-0.0003,0.0000,0.0000,0.0000
41.0100,1,4.9246,0.8650,0.1739,-0.0006,0.0036,0.0007,0.0000,0.0000,0.0000
41.0100,2,7.9088,0.6419,0.0000,0.0000,-0.0000,0.0000,0.0000,0.0000,0.0000
41.0100,3,8.0851,2.1289,-0.0051,-0.0076,0.0036,-0.0003,0.0000,0.0000,0.0000
41.0460,1,4.9246,0.8650,0.1739,-0.0006,0.0036,0.0007,0.0000,0.0000,0.0000
41.0460,2,7.9088,0.6419,0.0000,0.0000,-0.0000,0.0000,0.0000,0.0000,0.0000
41.0460,3,8.0849,2.1289,-0.0051,-0.0076,0.0036,-0.0003,0.0000,0.0000,0.0000
41.0760,1,4.9246,0.8650,0.1739,-0.0006,0.0036,0.0007,0.0000,0.0000,0.0000
41.0760,2,7.9088,0.6419,0.0000,0.0000,-0.0000,0.0000,0.0000,0.0000,0.0000
41.0760,3,8.0848,2.1288,-0.0051,-0.0076,0.0036,-0.0003,0.0000,0.0000,0.0000
41.1720,1,4.9246,0.8650,0.1739,-0.0006,0.0036,0.0007,0.0000,0.0000,0.0000
41.1720,2,7.9088,0.6419,0.0000,0.0000,-0.0000,0.0000,0.0000,0.0000,0.0000
41.1720,3,8.0844,2.1288,-0.0052,-0.0076,0.0036,-0.0003,0.0000,0.0000,0.0000
41.2640,1,4.9246,0.8650,0.1739,-0.0006,0.0036,0.0007,0.0000,0.0000,0.0000
41.2640,2,7.9088,0.6419,0.0000,0.0000,-0.0000,0.0000,0.0000,0.0000,0.0000
41.2640,3,8.0841,2.1287,-0.0052,-0.0076,0.0036,-0.0003,0.0000,0.0000,0.0000
41.3600,1,4.9246,0.8650,0.1739,-0.0006,0.0036,0.0007,0.0000,0.0000,0.0000
41.3600,2,7.9088,0.6419,0.0000,0.0000,-0.0000,0.0000,0.0000,0.0000,0.0000
41.3600,3,8.0837,2.1287,-0.0052,-0.0076,0.0036,-0.0003,0.0000,0.0000,0.0000
41.4600,1,4.9246,0.8650,0.1739,-0.0006,0.0036,0.0007,0.0000,0.0000,0.0000
41.4600,2,7.9088,0.6419,0.0000,0.0000,-0.0000,0.0000,0.0000,0.0000,0.0000
41.4600,3,8.0833,2.1286,-0.0052,-0.0076,0.0036,-0.0003,0.0000,0.0000,0.0000
41.5640,1,4.9246,0.8650,0.1739,-0.0006,0.0036,0.0007,0.0000,0.0000,0.0000
41.5640,2,7.9088,0.6419,0.0000,0.0000,-0.0000,0.0000,0.0000,0.0000,0.0000
41.5640,3,8.0829,2.1285,-0.0052,-0.0076,0.0036,-0.0003,0.0000,0.0000,0.0000
41.6520,1,4.9246,0.8650,0.1739,-0.0006,0.0036,0.0007,0.0000,0.0000,0.0000
41.6520,2,7.9088,0.6419,0.0000,0.0000,-0.0000,0.0000,0.0000,0.0000,0.0000
41.6520,3,8.0826,2.1285,-0.0052,-0.0076,0.0036,-0.0003,0.0000,0.0000,0.0000
41.6700,1,4.9246,0.8650,0.1739,-0.0006,0.0036,0.0007,0.0000,0.0000,0.0000
41.6700,2,7.9088,0.6419,0.0000,0.0000,-0.0000,0.0000,0.0000,0.0000,0.0000
41.6700,3,8.0825,2.1285,-0.0052,-0.0076,0.0036,-0.0003,0.0000,0.0000,0.0000
41.6800,1,4.9246,0.8650,0.1739,-0.0006,0.0036,0.0007,0.0000,0.0000,0.0000
41.6800,2,7.9088,0.6419,0.0000,0.0000,-0.0000,0.0000,0.0000,0.0000,0.0000
41.6800,3,8.0825,2.1285,-0.0052,-0.0076,0.0036,-0.0003,0.0000,0.0000,0.0000
41.7100,1,4.9246,0.8650,0.1739,-0.0006,0.0036,0.0007,0.0000,0.0000,0.0000
41.7100,2,7.9088,0.6419,0.0000,0.0000,-0.0000,0.0000,0.0000,0.0000,0.0000
41.7100,3,8.0824,2.1285,-0.0052,-0.0076,0.0036,-0.0003,0.0000,0.0000,0.0000
41.7420,1,4.9246,0.8650,0.1739,-0.0006,0.0036,0.0007,0.0000,0.0000,0.0000
41.7420,2,7.9088,0.6419,0.0000,0.0000,-0.0000,0.0000,0.0000,0.0000,0.0000
41.7420,3,8.0823,2.1284,-0.0052,-0.0076,0.0036,-0.0003,0.0000,0.0000,0.0000
41.7760,1,4.9246,0.8650,0.1739,-0.0006,0.0036,0.0007,0.0000,0.0000,0.0000
41.7760,2,7.9088,0.6419,0.0000,0.0000,-0.0000,0.0000,0.0000,0.0000,0.0000
41.7760,3,8.0821,2.1284,-0.0052,-0.0076,0.0036,-0.0003,0.0000,0.0000,0.0000
41.8100,1,4.9246,0.8650,0.1739,-0.0006,0.0036,0.0007,0.0000,0.0000,0.0000
41.8100,2,7.9088,0.6419,0.0000,0.0000,-0.0000,0.0000,0.0000,0.0000,0.0000
41.8100,3,8.0820,2.1284,-0.0052,-0.0076,0.0036,-0.0003,0.0000,0.0000,0.0000
41.8440,1,4.9246,0.8650,0.1739,-0.0006,0.0036,0.0007,0.0000,0.0000,0.0000
41.8440,2,7.9088,0.6419,0.0000,0.0000,-0.0000,0.0000,0.0000,0.0000,0.0000
41.8440,3,8.0819,2.1284,-0.0052,-0.0076,0.0036,-0.0003,0.0000,0.0000,0.0000
41.8760,1,4.9246,0.8650,0.1739,-0.0006,0.0036,0.0007,0.0000,0.0000,0.0000
41.8760,2,7.9088,0.6419,0.0000,0.0000,-0.0000,0.0000,0.0000,0.0000,0.0000
41.8760,3,8.0818,2.1284,-0.0052,-0.0076,0.0036,-0.0003,0.0000,0.0000,0.0000
41.9120,1,4.9246,0.8650,0.1739,-0.0006,0.0036,0.0007,0.0000,0.0000,0.0000
41.9120,2,7.9088,0.6419,0.0000,0.0000,-0.0000,0.0000,0.0000,0.0000,0.0000
41.9120,3,8.0816,2.1283,-0.0052,-0.0076,0.0036,-0.0003,0.0000,0.0000,0.0000
41.9420,1,4.9246,0.8650,0.1739,-0.0006,0.0036,0.0007,0.0000,0.0000,0.0000
41.9420,2,7.9088,0.6419,0.0000,0.0000,-0.0000,0.0000,0.0000,0.0000,0.0000
41.9420,3,8.0815,2.1283,-0.0052,-0.0076,0.0036,-0.0003,0.0000,0.0000,0.0000
41.9760,1,4.9246,0.8650,0.1739,-0.0006,0.0036,0.0007,0.0000,0.0000,0.0000
41.9760,2,7.9088,0.6419,0.0000,0.0000,-0.0000,0.0000,0.0000,0.0000,0.0000
41.9760,3,8.0814,2.1283,-0.0053,-0.0076,0.0036,-0.0003,0.0000,0.0000,0.0000
42.0100,1,4.9246,0.8650,0.1739,-0.0006,0.0036,0.0007,0.0000,0.0000,0.0000
42.0100,2,7.9088,0.6419,0.0000,0.0000,-0.0000,0.0000,0.0000,0.0000,0.0000
42.0100,3,8.0812,2.1283,-0.0053,-0.0076,0.0036,-0.0003,0.0000,0.0000,0.0000
42.0440,1,4.9246,0.8650,0.1739,-0.0006,0.0036,0.0007,0.0000,0.0000,0.0000
42.0440,2,7.9088,0.6419,0.0000,0.0000,-0.0000,0.0000,0.0000,0.0000,0.0000
42.0440,3,8.0811,2.1283,-0.0053,-0.0076,0.0036,-0.0003,0.0000,0.0000,0.0000
42.0760,1,4.9246,0.8650,0.1739,-0.0006,0.0036,0.0007,0.0000,0.0000,0.0000
42.0760,2,7.9088,0.6419,0.0000,0.0000,-0.0000,0.0000,0.0000,0.0000,0.0000
42.0760,3,8.0810,2.1282,-0.0053,-0.0076,0.0036,-0.0003,0.0000,0.0000,0.0000
42.1120,1,4.9246,0.8650,0.1739,-0.0006,0.0036,0.0007,0.0000,0.0000,0.0000
42.1120,2,7.9088,0.6419,0.0000,0.0000,-0.0000,0.0000,0.0000,0.0000,0.0000
42.1120,3,8.0809,2.1282,-0.0053,-0.0076,0.0036,-0.0003,0.0000,0.0000,0.0000
42.1420,1,4.9246,0.8650,0.1739,-0.0006,0.0036,0.0007,0.0000,0.0000,0.0000
42.1420,2,7.9088,0.6419,0.0000,0.0000,-0.0000,0.0000,0.0000,0.0000,0.0000
42.1420,3,8.0807,2.1282,-0.0053,-0.0076,0.0036,-0.0003,0.0000,0.0000,0.0000
42.1760,1,4.9246,0.8650,0.1739,-0.0006,0.0036,0.0007,0.0000,0.0000,0.0000
42.1760,2,7.9088,0.6419,0.0000,0.0000,-0.0000,0.0000,0.0000,0.0000,0.0000
42.1760,3,8.0806,2.1282,-0.0053,-0.0076,0.0036,-0.0003,0.0000,0.0000,0.0000
42.2100,1,4.9246,0.8650,0.1739,-0.0006,0.0036,0.0007,0.0000,0.0000,0.0000
42.2100,2,7.9088,0.6419,0.0000,0.0000,-0.0000,0.0000,0.0000,0.0000,0.0000
42.2100,3,8.0805,2.1282,-0.0053,-0.0076,0.0036,-0.0003,0.0000,0.0000,0.0000
42.2440,1,4.9246,0.8650,0.1739,-0.0006,0.0036,0.0007,0.0000,0.0000,0.0000
42.2440,2,7.9088,0.6419,0.0000,0.0000,-0.0000,0.0000,0.0000,0.0000,0.0000
42.2440,3,8.0804,2.1281,-0.0053,-0.0076,0.0036,-0.0003,0.0000,0.0000,0.0000
42.2780,1,4.9246,0.8650,0.1739,-0.0006,0.0036,0.0007,0.0000,0.0000,0.0000
42.2780,2,7.9088,0.6419,0.0000,0.0000,-0.0000,0.0000,0.0000,0.0000,0.0000
42.2780,3,8.0802,2.1281,-0.0053,-0.0076,0.0036,-0.0003,0.0000,0.0000,0.0000
42.3100,1,4.9246,0.8650,0.1739,-0.0006,0.0036,0.0007,0.0000,0.0000,0.0000
42.3100,2,7.9088,0.6419,0.0000,0.0000,-0.0000,0.0000,0.0000,0.0000,0.0000
42.3100,3,8.0801,2.1281,-0.0053,-0.0076,0.0036,-0.0003,0.0000,0.0000,0.0000
42.3460,1,4.9246,0.8650,0.1739,-0.0006,0.0036,0.0007,0.0000,0.0000,0.0000
42.3460,2,7.9088,0.6419,0.0000,0.0000,-0.0000,0.0000,0.0000,0.0000,0.0000
42.3460,3,8.0800,2.1281,-0.0053,-0.0076,0.0036,-0.0003,0.0000,0.0000,0.0000
42.3760,1,4.9246,0.8650,0.1739,-0.0006,0.0036,0.0007,0.0000,0.0000,0.0000
42.3760,2,7.9088,0.6419,0.0000,0.0000,-0.0000,0.0000,0.0000,0.0000,0.0000
42.3760,3,8.0799,2.1281,-0.0053,-0.0076,0.0036,-0.0003,0.0000,0.0000,0.0000
42.4100,1,4.9246,0.8650,0.1739,-0.0006,0.0036,0.0007,0.0000,0.0000,0.0000
42.4100,2,7.9088,0.6419,0.0000,0.0000,-0.0000,0.0000,0.0000,0.0000,0.0000
42.4100,3,8.0797,2.1280,-0.0053,-0.0076,0.0036,-0.0003,0.0000,0.0000,0.0000
42.4440,1,4.9246,0.8650,0.1739,-0.0006,0.0036,0.0007,0.0000,0.0000,0.0000
42.4440,2,7.9088,0.6419,0.0000,0.0000,-0.0000,0.0000,0.0000,0.0000,0.0000
42.4440,3,8.0796,2.1280,-0.0053,-0.0076,0.0036,-0.0003,0.0000,0.0000,0.0000
42.4780,1,4.9246,0.8650,0.1739,-0.0006,0.0036,0.0007,0.0000,0.0000,0.0000
42.4780,2,7.9088,0.6419,0.0000,0.0000,-0.0000,0.0000,0.0000,0.0000,0.0000
42.4780,3,8.0795,2.1280,-0.0053,-0.0076,0.0036,-0.0003,0.0000,0.0000,0.0000
42.5100,1,4.9246,0.8650,0.1739,-0.0006,0.0036,0.0007,0.0000,0.0000,0.0000
42.5100,2,7.9088,0.6419,0.0000,0.0000,-0.0000,0.0000,0.0000,0.0000,0.0000
42.5100,3,8.0793,2.1280,-0.0053,-0.0076,0.0036,-0.0003,0.0000,0.0000,0.0000
42.5460,1,4.9246,0.8650,0.1739,-0.0006,0.0036,0.0007,0.0000,0.0000,0.0000
42.5460,2,7.9088,0.6419,0.0000,0.0000,-0.0000,0.0000,0.0000,0.0000,0.0000
42.5460,3,8.0792,2.1280,-0.0053,-0.0076,0.0036,-0.0003,0.0000,0.0000,0.0000
42.5780,1,4.9246,0.8650,0.1739,-0.0006,0.0036,0.0007,0.0000,0.0000,0.0000
42.5780,2,7.9088,0.6419,0.0000,0.0000,-0.0000,0.0000,0.0000,0.0000,0.0000
42.5780,3,8.0791,2.1279,-0.0053,-0.0076,0.0036,-0.0003,0.0000,0.0000,0.0000
42.6100,1,4.9246,0.8650,0.1739,-0.0006,0.0036,0.0007,0.0000,0.0000,0.0000
42.6100,2,7.9088,0.6419,0.0000,0.0000,-0.0000,0.0000,0.0000,0.0000,0.0000
42.6100,3,8.0790,2.1279,-0.0053,-0.0076,0.0036,-0.0003,0.0000,0.0000,0.0000
42.6440,1,4.9246,0.8650,0.1739,-0.0006,0.0036,0.0007,0.0000,0.0000,0.0000
42.6440,2,7.9088,0.6419,0.0000,0.0000,-0.0000,0.0000,0.0000,0.0000,0.0000
42.6440,3,8.0788,2.1279,-0.0053,-0.0076,0.0036,-0.0003,0.0000,0.0000,0.0000
42.6760,1,4.9246,0.8650,0.1739,-0.0006,0.0036,0.0007,0.0000,0.0000,0.0000
42.6760,2,7.9088,0.6419,0.0000,0.0000,-0.0000,0.0000,0.0000,0.0000,0.0000
42.6760,3,8.0787,2.1279,-0.0053,-0.0076,0.0036,-0.0003,0.0000,0.0000,0.0000
42.7100,1,4.9246,0.8650,0.1739,-0.0006,0.0036,0.0007,0.0000,0.0000,0.0000
42.7100,2,7.9088,0.6419,0.0000,0.0000,-0.0000,0.0000,0.0000,0.0000,0.0000
42.7100,3,8.0786,2.1279,-0.0053,-0.0076,0.0036,-0.0003,0.0000,0.0000,0.0000
42.7420,1,4.9246,0.8650,0.1739,-0.0006,0.0036,0.0007,0.0000,0.0000,0.0000
42.7420,2,7.9088,0.6419,0.0000,0.0000,-0.0000,0.0000,0.0000,0.0000,0.0000
42.7420,3,8.0785,2.1278,-0.0053,-0.0076,0.0036,-0.0003,0.0000,0.0000,0.0000
42.7800,1,4.9246,0.8650,0.1739,-0.0006,0.0036,0.0007,0.0000,0.0000,0.0000
42.7800,2,7.9088,0.6419,0.0000,0.0000,-0.0000,0.0000,0.0000,0.0000,0.0000
42.7800,3,8.0783,2.1278,-0.0053,-0.0076,0.0036,-0.0003,0.0000,0.0000,0.0000
42.8100,1,4.9246,0.8650,0.1739,-0.0006,0.0036,0.0007,0.0000,0.0000,0.0000
42.8100,2,7.9088,0.6419,0.0000,0.0000,-0.0000,0.0000,0.0000,0.0000,0.0000
42.8100,3,8.0782,2.1278,-0.0054,-0.0076,0.0036,-0.0003,0.0000,0.0000,0.0000
42.8420,1,4.9246,0.8650,0.1739,-0.0006,0.0036,0.0007,0.0000,0.0000,0.0000
42.8420,2,7.9088,0.6419,0.0000,0.0000,-0.0000,0.0000,0.0000,0.0000,0.0000
42.8420,3,8.0781,2.1278,-0.0054,-0.0076,0.0036,-0.0003,0.0000,0.0000,0.0000
42.8760,1,4.9246,0.8650,0.1739,-0.0006,0.0036,0.0007,0.0000,0.0000,0.0000
42.8760,2,7.9088,0.6419,0.0000,0.0000,-0.0000,0.0000,0.0000,0.0000,0.0000
42.8760,3,8.0779,2.1278,-0.0054,-0.0076,0.0036,-0.0003,0.0000,0.0000,0.0000
42.9100,1,4.9246,0.8650,0.1739,-0.0006,0.0036,0.0007,0.0000,0.0000,0.0000
42.9100,2,7.9088,0.6419,0.0000,0.0000,-0.0000,0.0000,0.0000,0.0000,0.0000
42.9100,3,8.0778,2.1277,-0.0054,-0.0076,0.0036,-0.0003,0.0000,0.0000,0.0000
42.9420,1,4.9246,0.8650,0.1739,-0.0006,0.0036,0.0007,0.0000,0.0000,0.0000
42.9420,2,7.9088,0.6419,0.0000,0.0000,-0.0000,0.0000,0.0000,0.0000,0.0000
42.9420,3,8.0777,2.1277,-0.0054,-0.0076,0.0036,-0.0003,0.0000,0.0000,0.0000
42.9760,1,4.9246,0.8650,0.1739,-0.0006,0.0036,0.0007,0.0000,0.0000,0.0000
42.9760,2,7.9088,0.6419,0.0000,0.0000,-0.0000,0.0000,0.0000,0.0000,0.0000
42.9760,3,8.0776,2.1277,-0.0054,-0.0076,0.0036,-0.0003,0.0000,0.0000,0.0000
43.0100,1,4.9246,0.8650,0.1739,-0.0006,0.0036,0.0007,0.0000,0.0000,0.0000
43.0100,2,7.9088,0.6419,0.0000,0.0000,-0.0000,0.0000,0.0000,0.0000,0.0000
43.0100,3,8.0774,2.1277,-0.0054,-0.0076,0.0036,-0.0003,0.0000,0.0000,0.0000
43.0420,1,4.9246,0.8650,0.1739,-0.0006,0.0036,0.0007,0.0000,0.0000,0.0000
43.0420,2,7.9088,0.6419,0.0000,0.0000,-0.0000,0.0000,0.0000,0.0000,0.0000
43.0420,3,8.0773,2.1277,-0.0054,-0.0076,0.0036,-0.0003,0.0000,0.0000,0.0000
43.0760,1,4.9246,0.8650,0.1739,-0.0006,0.0036,0.0007,0.0000,0.0000,0.0000
43.0760,2,7.9088,0.6419,0.0000,0.0000,-0.0000,0.0000,0.0000,0.0000,0.0000
43.0760,3,8.0772,2.1276,-0.0054,-0.0076,0.0036,-0.0003,0.0000,0.0000,0.0000
43.1100,1,4.9246,0.8650,0.1739,-0.0006,0.0036,0.0007,0.0000,0.0000,0.0000
43.1100,2,7.9088,0.6419,0.0000,0.0000,-0.0000,0.0000,0.0000,0.0000,0.0000
43.1100,3,8.0771,2.1276,-0.0054,-0.0076,0.0036,-0.0003,0.0000,0.0000,0.0000
43.1420,1,4.9246,0.8650,0.1739,-0.0006,0.0036,0.0007,0.0000,0.0000,0.0000
43.1420,2,7.9088,0.6419,0.0000,0.0000,-0.0000,0.0000,0.0000,0.0000,0.0000
43.1420,3,8.0769,2.1276,-0.0054,-0.0076,0.0036,-0.0003,0.0000,0.0000,0.0000
43.1760,1,4.9246,0.8650,0.1739,-0.0006,0.0036,0.0007,0.0000,0.0000,0.0000
43.1760,2,7.9088,0.6419,0.0000,0.0000,-0.0000,0.0000,0.0000,0.0000,0.0000
43.1760,3,8.0768,2.1276,-0.0054,-0.0076,0.0036,-0.0003,0.0000,0.0000,0.0000
43.2080,1,4.9246,0.8650,0.1739,-0.0006,0.0036,0.0007,0.0000,0.0000,0.0000
43.2080,2,7.9088,0.6419,0.0000,0.0000,-0.0000,0.0000,0.0000,0.0000,0.0000
43.2080,3,8.0767,2.1276,-0.0054,-0.0076,0.0036,-0.0003,0.0000,0.0000,0.0000
43.2420,1,4.9246,0.8650,0.1739,-0.0006,0.0036,0.0007,0.0000,0.0000,0.0000
43.2420,2,7.9088,0.6419,0.0000,0.0000,-0.0000,0.0000,0.0000,0.0000,0.0000
43.2420,3,8.0765,2.1275,-0.0054,-0.0076,0.0036,-0.0003,0.0000,0.0000,0.0000
43.2780,1,4.9246,0.8650,0.1739,-0.0006,0.0036,0.0007,0.0000,0.0000,0.0000
43.2780,2,7.9088,0.6419,0.0000,0.0000,-0.0000,0.0000,0.0000,0.0000,0.0000
43.2780,3,8.0764,2.1275,-0.0054,-0.0076,0.0036,-0.0003,0.0000,0.0000,0.0000
43.3100,1,4.9246,0.8650,0.1739,-0.0006,0.0036,0.0007,0.0000,0.0000,0.0000
43.3100,2,7.9088,0.6419,0.0000,0.0000,-0.0000,0.0000,0.0000,0.0000,0.0000
43.3100,3,8.0763,2.1275,-0.0054,-0.0076,0.0036,-0.0003,0.0000,0.0000,0.0000
43.3460,1,4.9246,0.8650,0.1739,-0.0006,0.0036,0.0007,0.0000,0.0000,0.0000
43.3460,2,7.9088,0.6419,0.0000,0.0000,-0.0000,0.0000,0.0000,0.0000,0.0000
43.3460,3,8.0762,2.1275,-0.0054,-0.0076,0.0036,-0.0003,0.0000,0.0000,0.0000
43.3540,1,4.9246,0.8650,0.1739,-0.0006,0.0036,0.0007,0.0000,0.0000,0.0000
43.3540,2,7.9088,0.6419,0.0000,0.0000,-0.0000,0.0000,0.0000,0.0000,0.0000
43.3540,3,8.0761,2.1275,-0.0054,-0.0076,0.0036,-0.0003,0.0000,0.0000,0.0000
43.3760,1,4.9246,0.8650,0.1739,-0.0006,0.0036,0.0007,0.0000,0.0000,0.0000
43.3760,2,7.9088,0.6419,0.0000,0.0000,-0.0000,0.0000,0.0000,0.0000,0.0000
43.3760,3,8.0760,2.1275,-0.0054,-0.0076,0.0036,-0.0003,0.0000,0.0000,0.0000
43.4100,1,4.9246,0.8650,0.1739,-0.0006,0.0036,0.0007,0.0000,0.0000,0.0000
43.4100,2,7.9088,0.6419,0.0000,0.0000,-0.0000,0.0000,0.0000,0.0000,0.0000
43.4100,3,8.0759,2.1274,-0.0054,-0.0076,0.0036,-0.0003,0.0000,0.0000,0.0000
43.4420,1,4.9246,0.8650,0.1739,-0.0006,0.0036,0.0007,0.0000,0.0000,0.0000
43.4420,2,7.9088,0.6419,0.0000,0.0000,-0.0000,0.0000,0.0000,0.0000,0.0000
43.4420,3,8.0758,2.1274,-0.0054,-0.0076,0.0036,-0.0003,0.0000,0.0000,0.0000
43.4780,1,4.9246,0.8650,0.1739,-0.0006,0.0036,0.0007,0.0000,0.0000,0.0000
43.4780,2,7.9088,0.6419,0.0000,0.0000,-0.0000,0.0000,0.0000,0.0000,0.0000
43.4780,3,8.0756,2.1274,-0.0054,-0.0076,0.0036,-0.0003,0.0000,0.0000,0.0000
43.5120,1,4.9246,0.8650,0.1739,-0.0006,0.0036,0.0007,0.0000,0.0000,0.0000
43.5120,2,7.9088,0.6419,0.0000,0.0000,-0.0000,0.0000,0.0000,0.0000,0.0000
43.5120,3,8.0755,2.1274,-0.0054,-0.0076,0.0036,-0.0003,0.0000,0.0000,0.0000
43.5460,1,4.9246,0.8650,0.1739,-0.0006,0.0036,0.0007,0.0000,0.0000,0.0000
43.5460,2,7.9088,0.6419,0.0000,0.0000,-0.0000,0.0000,0.0000,0.0000,0.0000
43.5460,3,8.0754,2.1274,-0.0054,-0.0076,0.0036,-0.0003,0.0000,0.0000,0.0000
43.5760,1,4.9246,0.8650,0.1739,-0.0006,0.0036,0.0007,0.0000,0.0000,0.0000
43.5760,2,7.9088,0.6419,0.0000,0.0000,-0.0000,0.0000,0.0000,0.0000,0.0000
43.5760,3,8.0753,2.1274,-0.0054,-0.0076,0.0036,-0.0003,0.0000,0.0000,0.0000
43.6100,1,4.9246,0.8650,0.1739,-0.0006,0.0036,0.0007,0.0000,0.0000,0.0000
43.6100,2,7.9088,0.6419,0.0000,0.0000,-0.0000,0.0000,0.0000,0.0000,0.0000
43.6100,3,8.0751,2.1273,-0.0054,-0.0076,0.0036,-0.0003,0.0000,0.0000,0.0000
43.6420,1,4.9246,0.8650,0.1739,-0.0006,0.0036,0.0007,0.0000,0.0000,0.0000
43.6420,2,7.9088,0.6419,0.0000,0.0000,-0.0000,0.0000,0.0000,0.0000,0.0000
43.6420,3,8.0750,2.1273,-0.0055,-0.0076,0.0036,-0.0003,0.0000,0.0000,0.0000
43.6760,1,4.9246,0.8650,0.1739,-0.0006,0.0036,0.0007,0.0000,0.0000,0.0000
43.6760,2,7.9088,0.6419,0.0000,0.0000,-0.0000,0.0000,0.0000,0.0000,0.0000
43.6760,3,8.0749,2.1273,-0.0055,-0.0076,0.0036,-0.0003,0.0000,0.0000,0.0000
43.7100,1,4.9246,0.8650,0.1739,-0.0006,0.0036,0.0007,0.0000,0.0000,0.0000
43.7100,2,7.9088,0.6419,0.0000,0.0000,-0.0000,0.0000,0.0000,0.0000,0.0000
43.7100,3,8.0748,2.1273,-0.0055,-0.0076,0.0036,-0.0003,0.0000,0.0000,0.0000
43.7420,1,4.9246,0.8650,0.1739,-0.0006,0.0036,0.0007,0.0000,0.0000,0.0000
43.7420,2,7.9088,0.6419,0.0000,0.0000,-0.0000,0.0000,0.0000,0.0000,0.0000
43.7420,3,8.0746,2.1273,-0.0055,-0.0076,0.0036,-0.0003,0.0000,0.0000,0.0000
43.7760,1,4.9246,0.8650,0.1739,-0.0006,0.0036,0.0007,0.0000,0.0000,0.0000
43.7760,2,7.9088,0.6419,0.0000,0.0000,-0.0000,0.0000,0.0000,0.0000,0.0000
43.7760,3,8.0745,2.1272,-0.0055,-0.0076,0.0036,-0.0003,0.0000,0.0000,0.0000
43.8100,1,4.9246,0.8650,0.1739,-0.0006,0.0036,0.0007,0.0000,0.0000,0.0000
43.8100,2,7.9088,0.6419,0.0000,0.0000,-0.0000,0.0000,0.0000,0.0000,0.0000
43.8100,3,8.0744,2.1272,-0.0055,-0.0076,0.0036,-0.0003,0.0000,0.0000,0.0000
43.8420,1,4.9246,0.8650,0.1739,-0.0006,0.0036,0.0007,0.0000,0.0000,0.0000
43.8420,2,7.9088,0.6419,0.0000,0.0000,-0.0000,0.0000,0.0000,0.0000,0.0000
43.8420,3,8.0743,2.1272,-0.0055,-0.0076,0.0036,-0.0003,0.0000,0.0000,0.0000
43.8760,1,4.9246,0.8650,0.1739,-0.0006,0.0036,0.0007,0.0000,0.0000,0.0000
43.8760,2,7.9088,0.6419,0.0000,0.0000,-0.0000,0.0000,0.0000,0.0000,0.0000
43.8760,3,8.0741,2.1272,-0.0055,-0.0076,0.0036,-0.0003,0.0000,0.0000,0.0000
43.9100,1,4.9246,0.8650,0.1739,-0.0006,0.0036,0.0007,0.0000,0.0000,0.0000
43.9100,2,7.9088,0.6419,0.0000,0.0000,-0.0000,0.0000,0.0000,0.0000,0.0000
43.9100,3,8.0740,2.1272,-0.0055,-0.0076,0.0036,-0.0003,0.0000,0.0000,0.0000
43.9440,1,4.9246,0.8650,0.1739,-0.0006,0.0036,0.0007,0.0000,0.0000,0.0000
43.9440,2,7.9088,0.6419,0.0000,0.0000,-0.0000,0.0000,0.0000,0.0000,0.0000
43.9440,3,8.0739,2.1271,-0.0055,-0.0076,0.0036,-0.0003,0.0000,0.0000,0.0000
43.9760,1,4.9246,0.8650,0.1739,-0.0006,0.0036,0.0007,0.0000,0.0000,0.0000
43.9760,2,7.9088,0.6419,0.0000,0.0000,-0.0000,0.0000,0.0000,0.0000,0.0000
43.9760,3,8.0737,2.1271,-0.0055,-0.0076,0.0036,-0.0003,0.0000,0.0000,0.0000
44.0100,1,4.9246,0.8650,0.1739,-0.0006,0.0036,0.0007,0.0000,0.0000,0.0000
44.0100,2,7.9088,0.6419,0.0000,0.0000,-0.0000,0.0000,0.0000,0.0000,0.0000
44.0100,3,8.0736,2.1271,-0.0055,-0.0076,0.0036,-0.0003,0.0000,0.0000,0.0000
44.0440,1,4.9246,0.8650,0.1739,-0.0006,0.0036,0.0007,0.0000,0.0000,0.0000
44.0440,2,7.9088,0.6419,0.0000,0.0000,-0.0000,0.0000,0.0000,0.0000,0.0000
44.0440,3,8.0735,2.1271,-0.0055,-0.0076,0.0036,-0.0003,0.0000,0.0000,0.0000
44.0760,1,4.9246,0.8650,0.1739,-0.0006,0.0036,0.0007,0.0000,0.0000,0.0000
44.0760,2,7.9088,0.6419,0.0000,0.0000,-0.0000,0.0000,0.0000,0.0000,0.0000
44.0760,3,8.0734,2.1271,-0.0055,-0.0076,0.0036,-0.0003,0.0000,0.0000,0.0000
44.1100,1,4.9246,0.8650,0.1739,-0.0006,0.0036,0.0007,0.0000,0.0000,0.0000
44.1100,2,7.9088,0.6419,0.0000,0.0000,-0.0000,0.0000,0.0000,0.0000,0.0000
44.1100,3,8.0732,2.1270,-0.0055,-0.0076,0.0036,-0.0003,0.0000,0.0000,0.0000
44.1420,1,4.9246,0.8650,0.1739,-0.0006,0.0036,0.0007,0.0000,0.0000,0.0000
44.1420,2,7.9088,0.6419,0.0000,0.0000,-0.0000,0.0000,0.0000,0.0000,0.0000
44.1420,3,8.0731,2.1270,-0.0055,-0.0076,0.0036,-0.0003,0.0000,0.0000,0.0000
44.1760,1,4.9246,0.8650,0.1739,-0.0006,0.0036,0.0007,0.0000,0.0000,0.0000
44.1760,2,7.9088,0.6419,0.0000,0.0000,-0.0000,0.0000,0.0000,0.0000,0.0000
44.1760,3,8.0730,2.1270,-0.0055,-0.0076,0.0036,-0.0003,0.0000,0.0000,0.0000
44.2100,1,4.9246,0.8650,0.1739,-0.0006,0.0036,0.0007,0.0000,0.0000,0.0000
44.2100,2,7.9088,0.6419,0.0000,0.0000,-0.0000,0.0000,0.0000,0.0000,0.0000
44.2100,3,8.0729,2.1270,-0.0055,-0.0076,0.0036,-0.0003,0.0000,0.0000,0.0000
44.2440,1,4.9246,0.8650,0.1739,-0.0006,0.0036,0.0007,0.0000,0.0000,0.0000
44.2440,2,7.9088,0.6419,0.0000,0.0000,-0.0000,0.0000,0.0000,0.0000,0.0000
44.2440,3,8.0727,2.1270,-0.0055,-0.0076,0.0036,-0.0003,0.0000,0.0000,0.0000
44.2780,1,4.9246,0.8650,0.1739,-0.0006,0.0036,0.0007,0.0000,0.0000,0.0000
44.2780,2,7.9088,0.6419,0.0000,0.0000,-0.0000,0.0000,0.0000,0.0000,0.0000
44.2780,3,8.0726,2.1269,-0.0055,-0.0076,0.0036,-0.0003,0.0000,0.0000,0.0000
44.3100,1,4.9246,0.8650,0.1739,-0.0006,0.0036,0.0007,0.0000,0.0000,0.0000
44.3100,2,7.9088,0.6419,0.0000,0.0000,-0.0000,0.0000,0.0000,0.0000,0.0000
44.3100,3,8.0725,2.1269,-0.0055,-0.0076,0.0036,-0.0003,0.0000,0.0000,0.0000
44.3440,1,4.9246,0.8650,0.1739,-0.0006,0.0036,0.0007,0.0000,0.0000,0.0000
44.3440,2,7.9088,0.6419,0.0000,0.0000,-0.0000,0.0000,0.0000,0.0000,0.0000
44.3440,3,8.0723,2.1269,-0.0055,-0.0076,0.0036,-0.0003,0.0000,0.0000,0.0000
44.3780,1,4.9246,0.8650,0.1739,-0.0006,0.0036,0.0007,0.0000,0.0000,0.0000
44.3780,2,7.9088,0.6419,0.0000,0.0000,-0.0000,0.0000,0.0000,0.0000,0.0000
44.3780,3,8.0722,2.1269,-0.0055,-0.0076,0.0036,-0.0003,0.0000,0.0000,0.0000
44.4100,1,4.9246,0.8650,0.1739,-0.0006,0.0036,0.0007,0.0000,0.0000,0.0000
44.4100,2,7.9088,0.6419,0.0000,0.0000,-0.0000,0.0000,0.0000,0.0000,0.0000
44.4100,3,8.0721,2.1269,-0.0055,-0.0076,0.0036,-0.0003,0.0000,0.0000,0.0000
44.4440,1,4.9246,0.8650,0.1739,-0.0006,0.0036,0.0007,0.0000,0.0000,0.0000
44.4440,2,7.9088,0.6419,0.0000,0.0000,-0.0000,0.0000,0.0000,0.0000,0.0000
44.4440,3,8.0720,2.1268,-0.0055,-0.0076,0.0036,-0.0003,0.0000,0.0000,0.0000
44.4760,1,4.9246,0.8650,0.1739,-0.0006,0.0036,0.0007,0.0000,0.0000,0.0000
44.4760,2,7.9088,0.6419,0.0000,0.0000,-0.0000,0.0000,0.0000,0.0000,0.0000
44.4760,3,8.0718,2.1268,-0.0056,-0.0076,0.0036,-0.0003,0.0000,0.0000,0.0000
44.5140,1,4.9246,0.8650,0.1739,-0.0006,0.0036,0.0007,0.0000,0.0000,0.0000
44.5140,2,7.9088,0.6419,0.0000,0.0000,-0.0000,0.0000,0.0000,0.0000,0.0000
44.5140,3,8.0717,2.1268,-0.0056,-0.0076,0.0036,-0.0003,0.0000,0.0000,0.0000
44.5440,1,4.9246,0.8650,0.1739,-0.0006,0.0036,0.0007,0.0000,0.0000,0.0000
44.5440,2,7.9088,0.6419,0.0000,0.0000,-0.0000,0.0000,0.0000,0.0000,0.0000
44.5440,3,8.0716,2.1268,-0.0056,-0.0076,0.0036,-0.0003,0.0000,0.0000,0.0000
44.5760,1,4.9246,0.8650,0.1739,-0.0006,0.0036,0.0007,0.0000,0.0000,0.0000
44.5760,2,7.9088,0.6419,0.0000,0.0000,-0.0000,0.0000,0.0000,0.0000,0.0000
44.5760,3,8.0715,2.1268,-0.0056,-0.0076,0.0036,-0.0003,0.0000,0.0000,0.0000
44.6100,1,4.9246,0.8650,0.1739,-0.0006,0.0036,0.0007,0.0000,0.0000,0.0000
44.6100,2,7.9088,0.6419,0.0000,0.0000,-0.0000,0.0000,0.0000,0.0000,0.0000
44.6100,3,8.0713,2.1267,-0.0056,-0.0076,0.0036,-0.0003,0.0000,0.0000,0.0000
44.6440,1,4.9246,0.8650,0.1739,-0.0006,0.0036,0.0007,0.0000,0.0000,0.0000
44.6440,2,7.9088,0.6419,0.0000,0.0000,-0.0000,0.0000,0.0000,0.0000,0.0000
44.6440,3,8.0712,2.1267,-0.0056,-0.0076,0.0036,-0.0003,0.0000,0.0000,0.0000
44.6780,1,4.9246,0.8650,0.1739,-0.0006,0.0036,0.0007,0.0000,0.0000,0.0000
44.6780,2,7.9088,0.6419,0.0000,0.0000,-0.0000,0.0000,0.0000,0.0000,0.0000
44.6780,3,8.0711,2.1267,-0.0056,-0.0076,0.0036,-0.0003,0.0000,0.0000,0.0000
44.7100,1,4.9246,0.8650,0.1739,-0.0006,0.0036,0.0007,0.0000,0.0000,0.0000
44.7100,2,7.9088,0.6419,0.0000,0.0000,-0.0000,0.0000,0.0000,0.0000,0.0000
44.7100,3,8.0709,2.1267,-0.0056,-0.0076,0.0036,-0.0003,0.0000,0.0000,0.0000
44.7420,1,4.9246,0.8650,0.1739,-0.0006,0.0036,0.0007,0.0000,0.0000,0.0000
44.7420,2,7.9088,0.6419,0.0000,0.0000,-0.0000,0.0000,0.0000,0.0000,0.0000
44.7420,3,8.0708,2.1267,-0.0056,-0.0076,0.0036,-0.0003,0.0000,0.0000,0.0000
44.7760,1,4.9246,0.8650,0.1739,-0.0006,0.0036,0.0007,0.0000,0.0000,0.0000
44.7760,2,7.9088,0.6419,0.0000,0.0000,-0.0000,0.0000,0.0000,0.0000,0.0000
44.7760,3,8.0707,2.1266,-0.0056,-0.0076,0.0036,-0.0003,0.0000,0.0000,0.0000
44.8100,1,4.9246,0.8650,0.1739,-0.0006,0.0036,0.0007,0.0000,0.0000,0.0000
44.8100,2,7.9088,0.6419,0.0000,0.0000,-0.0000,0.0000,0.0000,0.0000,0.0000
44.8100,3,8.0706,2.1266,-0.0056,-0.0076,0.0036,-0.0003,0.0000,0.0000,0.0000
44.8420,1,4.9246,0.8650,0.1739,-0.0006,0.0036,0.0007,0.0000,0.0000,0.0000
44.8420,2,7.9088,0.6419,0.0000,0.0000,-0.0000,0.0000,0.0000,0.0000,0.0000
44.8420,3,8.0704,2.1266,-0.0056,-0.0076,0.0036,-0.0003,0.0000,0.0000,0.0000
44.8760,1,4.9246,0.8650,0.1739,-0.0006,0.0036,0.0007,0.0000,0.0000,0.0000
44.8760,2,7.9088,0.6419,0.0000,0.0000,-0.0000,0.0000,0.0000,0.0000,0.0000
44.8760,3,8.0703,2.1266,-0.0056,-0.0076,0.0036,-0.0003,0.0000,0.0000,0.0000
44.9080,1,4.9246,0.8650,0.1739,-0.0006,0.0036,0.0007,0.0000,0.0000,0.0000
44.9080,2,7.9088,0.6419,0.0000,0.0000,-0.0000,0.0000,0.0000,0.0000,0.0000
44.9080,3,8.0702,2.1266,-0.0056,-0.0076,0.0036,-0.0003,0.0000,0.0000,0.0000
44.9420,1,4.9246,0.8650,0.1739,-0.0006,0.0036,0.0007,0.0000,0.0000,0.0000
44.9420,2,7.9088,0.6419,0.0000,0.0000,-0.0000,0.0000,0.0000,0.0000,0.0000
44.9420,3,8.0701,2.1265,-0.0056,-0.0076,0.0036,-0.0003,0.0000,0.0000,0.0000
44.9760,1,4.9246,0.8650,0.1739,-0.0006,0.0036,0.0007,0.0000,0.0000,0.0000
44.9760,2,7.9088,0.6419,0.0000,0.0000,-0.0000,0.0000,0.0000,0.0000,0.0000
44.9760,3,8.0699,2.1265,-0.0056,-0.0076,0.0036,-0.0003,0.0000,0.0000,0.0000
45.0100,1,4.9246,0.8650,0.1739,-0.0006,0.0036,0.0007,0.0000,0.0000,0.0000
45.0100,2,7.9088,0.6419,0.0000,0.0000,-0.0000,0.0000,0.0000,0.0000,0.0000
45.0100,3,8.0698,2.1265,-0.0056,-0.0076,0.0036,-0.0003,0.0000,0.0000,0.0000
45.0420,1,4.9246,0.8650,0.1739,-0.0006,0.0036,0.0007,0.0000,0.0000,0.0000
45.0420,2,7.9088,0.6419,0.0000,0.0000,-0.0000,0.0000,0.0000,0.0000,0.0000
45.0420,3,8.0697,2.1265,-0.0056,-0.0076,0.0036,-0.0003,0.0000,0.0000,0.0000
45.0760,1,4.9246,0.8650,0.1739,-0.0006,0.0036,0.0007,0.0000,0.0000,0.0000
45.0760,2,7.9088,0.6419,0.0000,0.0000,-0.0000,0.0000,0.0000,0.0000,0.0000
45.0760,3,8.0696,2.1265,-0.0056,-0.0076,0.0036,-0.0003,0.0000,0.0000,0.0000
45.1100,1,4.9246,0.8650,0.1739,-0.0006,0.0036,0.0007,0.0000,0.0000,0.0000
45.1100,2,7.9088,0.6419,0.0000,0.0000,-0.0000,0.0000,0.0000,0.0000,0.0000
45.1100,3,8.0694,2.1264,-0.0056,-0.0076,0.0036,-0.0003,0.0000,0.0000,0.0000
45.1420,1,4.9246,0.8650,0.1739,-0.0006,0.0036,0.0007,0.0000,0.0000,0.0000
45.1420,2,7.9088,0.6419,0.0000,0.0000,-0.0000,0.0000,0.0000,0.0000,0.0000
45.1420,3,8.0693,2.1264,-0.0056,-0.0076,0.0036,-0.0003,0.0000,0.0000,0.0000
45.1760,1,4.9246,0.8650,0.1739,-0.0006,0.0036,0.0007,0.0000,0.0000,0.0000
45.1760,2,7.9088,0.6419,0.0000,0.0000,-0.0000,0.0000,0.0000,0.0000,0.0000
45.1760,3,8.0692,2.1264,-0.0056,-0.0076,0.0036,-0.0003,0.0000,0.0000,0.0000
45.2100,1,4.9246,0.8650,0.1739,-0.0006,0.0036,0.0007,0.0000,0.0000,0.0000
45.2100,2,7.9088,0.6419,0.0000,0.0000,-0.0000,0.0000,0.0000,0.0000,0.0000
45.2100,3,8.0690,2.1264,-0.0056,-0.0076,0.0036,-0.0003,0.0000,0.0000,0.0000
45.2420,1,4.9246,0.8650,0.1739,-0.0006,0.0036,0.0007,0.0000,0.0000,0.0000
45.2420,2,7.9088,0.6419,0.0000,0.0000,-0.0000,0.0000,0.0000,0.0000,0.0000
45.2420,3,8.0689,2.1264,-0.0056,-0.0076,0.0036,-0.0003,0.0000,0.0000,0.0000
45.2760,1,4.9246,0.8650,0.1739,-0.0006,0.0036,0.0007,0.0000,0.0000,0.0000
45.2760,2,7.9088,0.6419,0.0000,0.0000,-0.0000,0.0000,0.0000,0.0000,0.0000
45.2760,3,8.0688,2.1263,-0.0056,-0.0076,0.0036,-0.0003,0.0000,0.0000,0.0000
45.3100,1,4.9246,0.8650,0.1739,-0.0006,0.0036,0.0007,0.0000,0.0000,0.0000
45.3100,2,7.9088,0.6419,0.0000,0.0000,-0.0000,0.0000,0.0000,0.0000,0.0000
45.3100,3,8.0687,2.1263,-0.0057,-0.0076,0.0036,-0.0003,0.0000,0.0000,0.0000
45.3420,1,4.9246,0.8650,0.1739,-0.0006,0.0036,0.0007,0.0000,0.0000,0.0000
45.3420,2,7.9088,0.6419,0.0000,0.0000,-0.0000,0.0000,0.0000,0.0000,0.0000
45.3420,3,8.0685,2.1263,-0.0057,-0.0076,0.0036,-0.0003,0.0000,0.0000,0.0000
45.3760,1,4.9246,0.8650,0.1739,-0.0006,0.0036,0.0007,0.0000,0.0000,0.0000
45.3760,2,7.9088,0.6419,0.0000,0.0000,-0.0000,0.0000,0.0000,0.0000,0.0000
45.3760,3,8.0684,2.1263,-0.0057,-0.0076,0.0036,-0.0003,0.0000,0.0000,0.0000
45.4100,1,4.9246,0.8650,0.1739,-0.0006,0.0036,0.0007,0.0000,0.0000,0.0000
45.4100,2,7.9088,0.6419,0.0000,0.0000,-0.0000,0.0000,0.0000,0.0000,0.0000
45.4100,3,8.0683,2.1263,-0.0057,-0.0076,0.0036,-0.0003,0.0000,0.0000,0.0000
45.4420,1,4.9246,0.8650,0.1739,-0.0006,0.0036,0.0007,0.0000,0.0000,0.0000
45.4420,2,7.9088,0.6419,0.0000,0.0000,-0.0000,0.0000,0.0000,0.0000,0.0000
45.4420,3,8.0682,2.1262,-0.0057,-0.0076,0.0036,-0.0003,0.0000,0.0000,0.0000
45.4760,1,4.9246,0.8650,0.1739,-0.0006,0.0036,0.0007,0.0000,0.0000,0.0000
45.4760,2,7.9088,0.6419,0.0000,0.0000,-0.0000,0.0000,0.0000,0.0000,0.0000
45.4760,3,8.0680,2.1262,-0.0057,-0.0076,0.0036,-0.0003,0.0000,0.0000,0.0000
45.5100,1,4.9246,0.8650,0.1739,-0.0006,0.0036,0.0007,0.0000,0.0000,0.0000
45.5100,2,7.9088,0.6419,0.0000,0.0000,-0.0000,0.0000,0.0000,0.0000,0.0000
45.5100,3,8.0679,2.1262,-0.0057,-0.0076,0.0036,-0.0003,0.0000,0.0000,0.0000
45.5420,1,4.9246,0.8650,0.1739,-0.0006,0.0036,0.0007,0.0000,0.0000,0.0000
45.5420,2,7.9088,0.6419,0.0000,0.0000,-0.0000,0.0000,0.0000,0.0000,0.0000
45.5420,3,8.0678,2.1262,-0.0057,-0.0076,0.0036,-0.0003,0.0000,0.0000,0.0000
45.5760,1,4.9246,0.8650,0.1739,-0.0006,0.0036,0.0007,0.0000,0.0000,0.0000
45.5760,2,7.9088,0.6419,0.0000,0.0000,-0.0000,0.0000,0.0000,0.0000,0.0000
45.5760,3,8.0676,2.1262,-0.0057,-0.0076,0.0036,-0.0003,0.0000,0.0000,0.0000
45.6100,1,4.9246,0.8650,0.1739,-0.0006,0.0036,0.0007,0.0000,0.0000,0.0000
45.6100,2,7.9088,0.6419,0.0000,0.0000,-0.0000,0.0000,0.0000,0.0000,0.0000
45.6100,3,8.0675,2.1261,-0.0057,-0.0076,0.0036,-0.0003,0.0000,0.0000,0.0000
45.6420,1,4.9246,0.8650,0.1739,-0.0006,0.0036,0.0007,0.0000,0.0000,0.0000
45.6420,2,7.9088,0.6419,0.0000,0.0000,-0.0000,0.0000,0.0000,0.0000,0.0000
45.6420,3,8.0674,2.1261,-0.0057,-0.0076,0.0036,-0.0003,0.0000,0.0000,0.0000
45.6760,1,4.9246,0.8650,0.1739,-0.0006,0.0036,0.0007,0.0000,0.0000,0.0000
45.6760,2,7.9088,0.6419,0.0000,0.0000,-0.0000,0.0000,0.0000,0.0000,0.0000
45.6760,3,8.0673,2.1261,-0.0057,-0.0076,0.0036,-0.0003,0.0000,0.0000,0.0000
45.7080,1,4.9246,0.8650,0.1739,-0.0006,0.0036,0.0007,0.0000,0.0000,0.0000
45.7080,2,7.9088,0.6419,0.0000,0.0000,-0.0000,0.0000,0.0000,0.0000,0.0000
45.7080,3,8.0671,2.1261,-0.0057,-0.0076,0.0036,-0.0003,0.0000,0.0000,0.0000
45.7420,1,4.9246,0.8650,0.1739,-0.0006,0.0036,0.0007,0.0000,0.0000,0.0000
45.7420,2,7.9088,0.6419,0.0000,0.0000,-0.0000,0.0000,0.0000,0.0000,0.0000
45.7420,3,8.0670,2.1261,-0.0057,-0.0076,0.0036,-0.0003,0.0000,0.0000,0.0000
45.7740,1,4.9246,0.8650,0.1739,-0.0006,0.0036,0.0007,0.0000,0.0000,0.0000
45.7740,2,7.9088,0.6419,0.0000,0.0000,-0.0000,0.0000,0.0000,0.0000,0.0000
45.7740,3,8.0669,2.1260,-0.0057,-0.0076,0.0036,-0.0003,0.0000,0.0000,0.0000
45.8100,1,4.9246,0.8650,0.1739,-0.0006,0.0036,0.0007,0.0000,0.0000,0.0000
45.8100,2,7.9088,0.6419,0.0000,0.0000,-0.0000,0.0000,0.0000,0.0000,0.0000
45.8100,3,8.0668,2.1260,-0.0057,-0.0076,0.0036,-0.0003,0.0000,0.0000,0.0000
45.8420,1,4.9246,0.8650,0.1739,-0.0006,0.0036,0.0007,0.0000,0.0000,0.0000
45.8420,2,7.9088,0.6419,0.0000,0.0000,-0.0000,0.0000,0.0000,0.0000,0.0000
45.8420,3,8.0666,2.1260,-0.0057,-0.0076,0.0036,-0.0003,0.0000,0.0000,0.0000
45.8760,1,4.9246,0.8650,0.1739,-0.0006,0.0036,0.0007,0.0000,0.0000,0.0000
45.8760,2,7.9088,0.6419,0.0000,0.0000,-0.0000,0.0000,0.0000,0.0000,0.0000
45.8760,3,8.0665,2.1260,-0.0057,-0.0076,0.0036,-0.0003,0.0000,0.0000,0.0000
45.9080,1,4.9246,0.8650,0.1739,-0.0006,0.0036,0.0007,0.0000,0.0000,0.0000
45.9080,2,7.9088,0.6419,0.0000,0.0000,-0.0000,0.0000,0.0000,0.0000,0.0000
45.9080,3,8.0664,2.1260,-0.0057,-0.0076,0.0036,-0.0003,0.0000,0.0000,0.0000
45.9420,1,4.9246,0.8650,0.1739,-0.0006,0.0036,0.0007,0.0000,0.0000,0.0000
45.9420,2,7.9088,0.6419,0.0000,0.0000,-0.0000,0.0000,0.0000,0.0000,0.0000
45.9420,3,8.0662,2.1259,-0.0057,-0.0076,0.0036,-0.0003,0.0000,0.0000,0.0000
45.9760,1,4.9246,0.8650,0.1739,-0.0006,0.0036,0.0007,0.0000,0.0000,0.0000
45.9760,2,7.9088,0.6419,0.0000,0.0000,-0.0000,0.0000,0.0000,0.0000,0.0000
45.9760,3,8.0661,2.1259,-0.0057,-0.0076,0.0036,-0.0003,0.0000,0.0000,0.0000
46.0080,1,4.9246,0.8650,0.1739,-0.0006,0.0036,0.0007,0.0000,0.0000,0.0000
46.0080,2,7.9088,0.6419,0.0000,0.0000,-0.0000,0.0000,0.0000,0.0000,0.0000
46.0080,3,8.0660,2.1259,-0.0057,-0.0076,0.0036,-0.0003,0.0000,0.0000,0.0000
46.0420,1,4.9246,0.8650,0.1739,-0.0006,0.0036,0.0007,0.0000,0.0000,0.0000
46.0420,2,7.9088,0.6419,0.0000,0.0000,-0.0000,0.0000,0.0000,0.0000,0.0000
46.0420,3,8.0659,2.1259,-0.0057,-0.0076,0.0036,-0.0003,0.0000,0.0000,0.0000
46.0760,1,4.9246,0.8650,0.1739,-0.0006,0.0036,0.0007,0.0000,0.0000,0.0000
46.0760,2,7.9088,0.6419,0.0000,0.0000,-0.0000,0.0000,0.0000,0.0000,0.0000
46.0760,3,8.0657,2.1259,-0.0057,-0.0076,0.0036,-0.0003,0.0000,0.0000,0.0000
46.1080,1,4.9246,0.8650,0.1739,-0.0006,0.0036,0.0007,0.0000,0.0000,0.0000
46.1080,2,7.9088,0.6419,0.0000,0.0000,-0.0000,0.0000,0.0000,0.0000,0.0000
46.1080,3,8.0656,2.1258,-0.0057,-0.0076,0.0036,-0.0003,0.0000,0.0000,0.0000
46.1420,1,4.9246,0.8650,0.1739,-0.0006,0.0036,0.0007,0.0000,0.0000,0.0000
46.1420,2,7.9088,0.6419,0.0000,0.0000,-0.0000,0.0000,0.0000,0.0000,0.0000
46.1420,3,8.0655,2.1258,-0.0058,-0.0076,0.0036,-0.0003,0.0000,0.0000,0.0000
46.1740,1,4.9246,0.8650,0.1739,-0.0006,0.0036,0.0007,0.0000,0.0000,0.0000
46.1740,2,7.9088,0.6419,0.0000,0.0000,-0.0000,0.0000,0.0000,0.0000,0.0000
46.1740,3,8.0654,2.1258,-0.0058,-0.0076,0.0036,-0.0003,0.0000,0.0000,0.0000
46.2080,1,4.9246,0.8650,0.1739,-0.0006,0.0036,0.0007,0.0000,0.0000,0.0000
46.2080,2,7.9088,0.6419,0.0000,0.0000,-0.0000,0.0000,0.0000,0.0000,0.0000
46.2080,3,8.0652,2.1258,-0.0058,-0.0076,0.0036,-0.0003,0.0000,0.0000,0.0000
46.2420,1,4.9246,0.8650,0.1739,-0.0006,0.0036,0.0007,0.0000,0.0000,0.0000
46.2420,2,7.9088,0.6419,0.0000,0.0000,-0.0000,0.0000,0.0000,0.0000,0.0000
46.2420,3,8.0651,2.1258,-0.0058,-0.0076,0.0036,-0.0003,0.0000,0.0000,0.0000
46.2760,1,4.9246,0.8650,0.1739,-0.0006,0.0036,0.0007,0.0000,0.0000,0.0000
46.2760,2,7.9088,0.6419,0.0000,0.0000,-0.0000,0.0000,0.0000,0.0000,0.0000
46.2760,3,8.0650,2.1257,-0.0058,-0.0076,0.0036,-0.0003,0.0000,0.0000,0.0000
46.3100,1,4.9246,0.8650,0.1739,-0.0006,0.0036,0.0007,0.0000,0.0000,0.0000
46.3100,2,7.9088,0.6419,0.0000,0.0000,-0.0000,0.0000,0.0000,0.0000,0.0000
46.3100,3,8.0648,2.1257,-0.0058,-0.0076,0.0036,-0.0003,0.0000,0.0000,0.0000
46.3420,1,4.9246,0.8650,0.1739,-0.0006,0.0036,0.0007,0.0000,0.0000,0.0000
46.3420,2,7.9088,0.6419,0.0000,0.0000,-0.0000,0.0000,0.0000,0.0000,0.0000
46.3420,3,8.0647,2.1257,-0.0058,-0.0076,0.0036,-0.0003,0.0000,0.0000,0.0000
46.3760,1,4.9246,0.8650,0.1739,-0.0006,0.0036,0.0007,0.0000,0.0000,0.0000
46.3760,2,7.9088,0.6419,0.0000,0.0000,-0.0000,0.0000,0.0000,0.0000,0.0000
46.3760,3,8.0646,2.1257,-0.0058,-0.0076,0.0036,-0.0003,0.0000,0.0000,0.0000
46.4080,1,4.9246,0.8650,0.1739,-0.0006,0.0036,0.0007,0.0000,0.0000,0.0000
46.4080,2,7.9088,0.6419,0.0000,0.0000,-0.0000,0.0000,0.0000,0.0000,0.0000
46.4080,3,8.0645,2.1257,-0.0058,-0.0076,0.0036,-0.0003,0.0000,0.0000,0.0000
46.4420,1,4.9246,0.8650,0.1739,-0.0006,0.0036,0.0007,0.0000,0.0000,0.0000
46.4420,2,7.9088,0.6419,0.0000,0.0000,-0.0000,0.0000,0.0000,0.0000,0.0000
46.4420,3,8.0643,2.1256,-0.0058,-0.0076,0.0036,-0.0003,0.0000,0.0000,0.0000
46.4780,1,4.9246,0.8650,0.1739,-0.0006,0.0036,0.0007,0.0000,0.0000,0.0000
46.4780,2,7.9088,0.6419,0.0000,0.0000,-0.0000,0.0000,0.0000,0.0000,0.0000
46.4780,3,8.0642,2.1256,-0.0058,-0.0076,0.0036,-0.0003,0.0000,0.0000,0.0000
46.5080,1,4.9246,0.8650,0.1739,-0.0006,0.0036,0.0007,0.0000,0.0000,0.0000
46.5080,2,7.9088,0.6419,0.0000,0.0000,-0.0000,0.0000,0.0000,0.0000,0.0000
46.5080,3,8.0641,2.1256,-0.0058,-0.0076,0.0036,-0.0003,0.0000,0.0000,0.0000
46.5420,1,4.9246,0.8650,0.1739,-0.0006,0.0036,0.0007,0.0000,0.0000,0.0000
46.5420,2,7.9088,0.6419,0.0000,0.0000,-0.0000,0.0000,0.0000,0.0000,0.0000
46.5420,3,8.0640,2.1256,-0.0058,-0.0076,0.0036,-0.0003,0.0000,0.0000,0.0000
46.5760,1,4.9246,0.8650,0.1739,-0.0006,0.0036,0.0007,0.0000,0.0000,0.0000
46.5760,2,7.9088,0.6419,0.0000,0.0000,-0.0000,0.0000,0.0000,0.0000,0.0000
46.5760,3,8.0638,2.1256,-0.0058,-0.0076,0.0036,-0.0003,0.0000,0.0000,0.0000
46.6080,1,4.9246,0.8650,0.1739,-0.0006,0.0036,0.0007,0.0000,0.0000,0.0000
46.6080,2,7.9088,0.6419,0.0000,0.0000,-0.0000,0.0000,0.0000,0.0000,0.0000
46.6080,3,8.0637,2.1255,-0.0058,-0.0076,0.0036,-0.0003,0.0000,0.0000,0.0000
46.6420,1,4.9246,0.8650,0.1739,-0.0006,0.0036,0.0007,0.0000,0.0000,0.0000
46.6420,2,7.9088,0.6419,0.0000,0.0000,-0.0000,0.0000,0.0000,0.0000,0.0000
46.6420,3,8.0636,2.1255,-0.0058,-0.0076,0.0036,-0.0003,0.0000,0.0000,0.0000
46.6760,1,4.9246,0.8650,0.1739,-0.0006,0.0036,0.0007,0.0000,0.0000,0.0000
46.6760,2,7.9088,0.6419,0.0000,0.0000,-0.0000,0.0000,0.0000,0.0000,0.0000
46.6760,3,8.0634,2.1255,-0.0058,-0.0076,0.0036,-0.0003,0.0000,0.0000,0.0000
46.7080,1,4.9246,0.8650,0.1739,-0.0006,0.0036,0.0007,0.0000,0.0000,0.0000
46.7080,2,7.9088,0.6419,0.0000,0.0000,-0.0000,0.0000,0.0000,0.0000,0.0000
46.7080,3,8.0633,2.1255,-0.0058,-0.0076,0.0036,-0.0003,0.0000,0.0000,0.0000
46.7420,1,4.9246,0.8650,0.1739,-0.0006,0.0036,0.0007,0.0000,0.0000,0.0000
46.7420,2,7.9088,0.6419,0.0000,0.0000,-0.0000,0.0000,0.0000,0.0000,0.0000
46.7420,3,8.0632,2.1255,-0.0058,-0.0076,0.0036,-0.0003,0.0000,0.0000,0.0000
46.7760,1,4.9246,0.8650,0.1739,-0.0006,0.0036,0.0007,0.0000,0.0000,0.0000
46.7760,2,7.9088,0.6419,0.0000,0.0000,-0.0000,0.0000,0.0000,0.0000,0.0000
46.7760,3,8.0631,2.1254,-0.0058,-0.0076,0.0036,-0.0003,0.0000,0.0000,0.0000
46.8080,1,4.9246,0.8650,0.1739,-0.0006,0.0036,0.0007,0.0000,0.0000,0.0000
46.8080,2,7.9088,0.6419,0.0000,0.0000,-0.0000,0.0000,0.0000,0.0000,0.0000
46.8080,3,8.0629,2.1254,-0.0058,-0.0076,0.0036,-0.0003,0.0000,0.0000,0.0000
46.8420,1,4.9246,0.8650,0.1739,-0.0006,0.0036,0.0007,0.0000,0.0000,0.0000
46.8420,2,7.9088,0.6419,0.0000,0.0000,-0.0000,0.0000,0.0000,0.0000,0.0000
46.8420,3,8.0628,2.1254,-0.0058,-0.0076,0.0036,-0.0003,0.0000,0.0000,0.0000
46.8760,1,4.9246,0.8650,0.1739,-0.0006,0.0036,0.0007,0.0000,0.0000,0.0000
46.8760,2,7.9088,0.6419,0.0000,0.0000,-0.0000,0.0000,0.0000,0.0000,0.0000
46.8760,3,8.0627,2.1254,-0.0058,-0.0076,0.0036,-0.0003,0.0000,0.0000,0.0000
46.9080,1,4.9246,0.8650,0.1739,-0.0006,0.0036,0.0007,0.0000,0.0000,0.0000
46.9080,2,7.9088,0.6419,0.0000,0.0000,-0.0000,0.0000,0.0000,0.0000,0.0000
46.9080,3,8.0626,2.1254,-0.0058,-0.0076,0.0036,-0.0003,0.0000,0.0000,0.0000
46.9420,1,4.9246,0.8650,0.1739,-0.0006,0.0036,0.0007,0.0000,0.0000,0.0000
46.9420,2,7.9088,0.6419,0.0000,0.0000,-0.0000,0.0000,0.0000,0.0000,0.0000
46.9420,3,8.0624,2.1253,-0.0058,-0.0076,0.0036,-0.0003,0.0000,0.0000,0.0000
46.9740,1,4.9246,0.8650,0.1739,-0.0006,0.0036,0.0007,0.0000,0.0000,0.0000
46.9740,2,7.9088,0.6419,0.0000,0.0000,-0.0000,0.0000,0.0000,0.0000,0.0000
46.9740,3,8.0623,2.1253,-0.0058,-0.0076,0.0036,-0.0003,0.0000,0.0000,0.0000
47.0080,1,4.9246,0.8650,0.1739,-0.0006,0.0036,0.0007,0.0000,0.0000,0.0000
47.0080,2,7.9088,0.6419,0.0000,0.0000,-0.0000,0.0000,0.0000,0.0000,0.0000
47.0080,3,8.0622,2.1253,-0.0059,-0.0076,0.0036,-0.0003,0.0000,0.0000,0.0000
47.0420,1,4.9246,0.8650,0.1739,-0.0006,0.0036,0.0007,0.0000,0.0000,0.0000
47.0420,2,7.9088,0.6419,0.0000,0.0000,-0.0000,0.0000,0.0000,0.0000,0.0000
47.0420,3,8.0621,2.1253,-0.0059,-0.0076,0.0036,-0.0003,0.0000,0.0000,0.0000
47.0760,1,4.9246,0.8650,0.1739,-0.0006,0.0036,0.0007,0.0000,0.0000,0.0000
47.0760,2,7.9088,0.6419,0.0000,0.0000,-0.0000,0.0000,0.0000,0.0000,0.0000
47.0760,3,8.0619,2.1253,-0.0059,-0.0076,0.0036,-0.0003,0.0000,0.0000,0.0000
47.1080,1,4.9246,0.8650,0.1739,-0.0006,0.0036,0.0007,0.0000,0.0000,0.0000
47.1080,2,7.9088,0.6419,0.0000,0.0000,-0.0000,0.0000,0.0000,0.0000,0.0000
47.1080,3,8.0618,2.1252,-0.0059,-0.0076,0.0036,-0.0003,0.0000,0.0000,0.0000
47.1420,1,4.9246,0.8650,0.1739,-0.0006,0.0036,0.0007,0.0000,0.0000,0.0000
47.1420,2,7.9088,0.6419,0.0000,0.0000,-0.0000,0.0000,0.0000,0.0000,0.0000
47.1420,3,8.0617,2.1252,-0.0059,-0.0076,0.0036,-0.0003,0.0000,0.0000,0.0000
47.1740,1,4.9246,0.8650,0.1739,-0.0006,0.0036,0.0007,0.0000,0.0000,0.0000
47.1740,2,7.9088,0.6419,0.0000,0.0000,-0.0000,0.0000,0.0000,0.0000,0.0000
47.1740,3,8.0615,2.1252,-0.0059,-0.0076,0.0036,-0.0003,0.0000,0.0000,0.0000
47.2080,1,4.9246,0.8650,0.1739,-0.0006,0.0036,0.0007,0.0000,0.0000,0.0000
47.2080,2,7.9088,0.6419,0.0000,0.0000,-0.0000,0.0000,0.0000,0.0000,0.0000
47.2080,3,8.0614,2.1252,-0.0059,-0.0076,0.0036,-0.0003,0.0000,0.0000,0.0000
47.2420,1,4.9246,0.8650,0.1739,-0.0006,0.0036,0.0007,0.0000,0.0000,0.0000
47.2420,2,7.9088,0.6419,0.0000,0.0000,-0.0000,0.0000,0.0000,0.0000,0.0000
47.2420,3,8.0613,2.1252,-0.0059,-0.0076,0.0036,-0.0003,0.0000,0.0000,0.0000
47.2760,1,4.9246,0.8650,0.1739,-0.0006,0.0036,0.0007,0.0000,0.0000,0.0000
47.2760,2,7.9088,0.6419,0.0000,0.0000,-0.0000,0.0000,0.0000,0.0000,0.0000
47.2760,3,8.0612,2.1251,-0.0059,-0.0076,0.0036,-0.0003,0.0000,0.0000,0.0000
47.3080,1,4.9246,0.8650,0.1739,-0.0006,0.0036,0.0007,0.0000,0.0000,0.0000
47.3080,2,7.9088,0.6419,0.0000,0.0000,-0.0000,0.0000,0.0000,0.0000,0.0000
47.3080,3,8.0610,2.1251,-0.0059,-0.0076,0.0036,-0.0003,0.0000,0.0000,0.0000
47.3420,1,4.9246,0.8650,0.1739,-0.0006,0.0036,0.0007,0.0000,0.0000,0.0000
47.3420,2,7.9088,0.6419,0.0000,0.0000,-0.0000,0.0000,0.0000,0.0000,0.0000
47.3420,3,8.0609,2.1251,-0.0059,-0.0076,0.0036,-0.0003,0.0000,0.0000,0.0000
47.3760,1,4.9246,0.8650,0.1739,-0.0006,0.0036,0.0007,0.0000,0.0000,0.0000
47.3760,2,7.9088,0.6419,0.0000,0.0000,-0.0000,0.0000,0.0000,0.0000,0.0000
47.3760,3,8.0608,2.1251,-0.0059,-0.0076,0.0036,-0.0003,0.0000,0.0000,0.0000
47.4100,1,4.9246,0.8650,0.1739,-0.0006,0.0036,0.0007,0.0000,0.0000,0.0000
47.4100,2,7.9088,0.6419,0.0000,0.0000,-0.0000,0.0000,0.0000,0.0000,0.0000
47.4100,3,8.0606,2.1251,-0.0059,-0.0076,0.0036,-0.0003,0.0000,0.0000,0.0000
47.4420,1,4.9246,0.8650,0.1739,-0.0006,0.0036,0.0007,0.0000,0.0000,0.0000
47.4420,2,7.9088,0.6419,0.0000,0.0000,-0.0000,0.0000,0.0000,0.0000,0.0000
47.4420,3,8.0605,2.1250,-0.0059,-0.0076,0.0036,-0.0003,0.0000,0.0000,0.0000
47.4740,1,4.9246,0.8650,0.1739,-0.0006,0.0036,0.0007,0.0000,0.0000,0.0000
47.4740,2,7.9088,0.6419,0.0000,0.0000,-0.0000,0.0000,0.0000,0.0000,0.0000
47.4740,3,8.0604,2.1250,-0.0059,-0.0076,0.0036,-0.0003,0.0000,0.0000,0.0000
