Timp,ID_Corp,PozitieX,PozitieY,UnghiPhi,VitezaX,VitezaY,VitezaOmega,AcceleratieX,AcceleratieY,AcceleratieEpsilon
0.002000,1,4.924041,0.868229,0.174530,0.001557,-0.008830,-0.001793,0.000000,0.000000,0.000000
0.002000,2,7.908846,0.641889,0.000000,0.000000,-0.000000,0.000000,0.000000,0.000000,0.000000
0.002000,3,8.240629,2.214596,0.000000,0.000000,-0.019618,0.000000,0.000000,0.000000,0.000000
0.010000,1,4.924067,0.868085,0.174501,0.003113,-0.017660,-0.003586,0.000000,0.000000,0.000000
0.010000,2,7.908846,0.641889,0.000000,0.000000,-0.000000,0.000000,0.000000,0.000000,0.000000
0.010000,3,8.240629,2.214125,0.000000,0.000000,-0.098062,0.000000,0.000000,0.000000,0.000000
0.018000,1,4.924097,0.867912,0.174466,0.003225,-0.018299,-0.003716,0.000000,0.000000,0.000000
0.018000,2,7.908846,0.641889,0.000000,0.000000,-0.000000,0.000000,0.000000,0.000000,0.000000
0.018000,3,8.240629,2.213027,0.000000,0.000000,-0.176456,0.000000,0.000000,0.000000,0.000000
0.026000,1,4.924128,0.867737,0.174431,0.003233,-0.018346,-0.003726,0.000000,0.000000,0.000000
0.026000,2,7.908846,0.641889,0.000000,0.000000,-0.000000,0.000000,0.000000,0.000000,0.000000
0.026000,3,8.240629,2.211302,0.000000,0.000000,-0.254800,0.000000,0.000000,0.000000,0.000000
0.034000,1,4.924158,0.867561,0.174395,0.003233,-0.018349,-0.003726,0.000000,0.000000,0.000000
0.034000,2,7.908846,0.641889,0.000000,0.000000,-0.000000,0.000000,0.000000,0.000000,0.000000
0.034000,3,8.240629,2.208950,0.000000,0.000000,-0.333096,0.000000,0.000000,0.000000,0.000000
0.043000,1,4.924192,0.867364,0.174355,0.003232,-0.018350,-0.003726,0.000000,0.000000,0.000000
0.043000,2,7.908846,0.641889,0.000000,0.000000,-0.000000,0.000000,0.000000,0.000000,0.000000
0.043000,3,8.240629,2.205555,0.000000,0.000000,-0.421120,0.000000,0.000000,0.000000,0.000000
0.050000,1,4.924219,0.867210,0.174324,0.003232,-0.018350,-0.003726,0.000000,0.000000,0.000000
0.050000,2,7.908846,0.641889,0.000000,0.000000,-0.000000,0.000000,0.000000,0.000000,0.000000
0.050000,3,8.240629,2.202368,0.000000,0.000000,-0.489541,0.000000,0.000000,0.000000,0.000000
0.059000,1,4.924253,0.867013,0.174284,0.003231,-0.018350,-0.003727,0.000000,0.000000,0.000000
0.059000,2,7.908846,0.641889,0.000000,0.000000,-0.000000,0.000000,0.000000,0.000000,0.000000
0.059000,3,8.240629,2.197566,0.000000,0.000000,-0.577455,0.000000,0.000000,0.000000,0.000000
0.068000,1,4.924288,0.866816,0.174243,0.003230,-0.018351,-0.003727,0.000000,0.000000,0.000000
0.068000,2,7.908846,0.641889,0.000000,0.000000,-0.000000,0.000000,0.000000,0.000000,0.000000
0.068000,3,8.240629,2.191974,0.000000,0.000000,-0.665307,0.000000,0.000000,0.000000,0.000000
0.076000,1,4.924318,0.866640,0.174208,0.003230,-0.018351,-0.003727,0.000000,0.000000,0.000000
0.076000,2,7.908846,0.641889,0.000000,0.000000,-0.000000,0.000000,0.000000,0.000000,0.000000
0.076000,3,8.240629,2.186339,0.000000,0.000000,-0.743345,0.000000,0.000000,0.000000,0.000000
0.084000,1,4.924348,0.866470,0.174173,0.002882,-0.016381,-0.003327,0.000000,0.000000,0.000000
0.084000,2,7.908846,0.641889,0.000000,0.000000,-0.000000,0.000000,0.000000,0.000000,0.000000
0.084000,3,8.240629,2.180080,0.000000,0.000000,-0.821335,0.000000,0.000000,0.000000,0.000000
0.093000,1,4.924377,0.866303,0.174139,0.002315,-0.013159,-0.002672,0.000000,0.000000,0.000000
0.093000,2,7.908846,0.641889,0.000000,0.000000,-0.000000,0.000000,0.000000,0.000000,0.000000
0.093000,3,8.240629,2.172294,0.000000,0.000000,-0.909015,0.000000,0.000000,0.000000,0.000000
0.101000,1,4.924399,0.866179,0.174114,0.001874,-0.010655,-0.002164,0.000000,0.000000,0.000000
0.101000,2,7.908846,0.641889,0.000000,0.000000,-0.000000,0.000000,0.000000,0.000000,0.000000
0.101000,3,8.240629,2.164710,0.000000,0.000000,-0.986901,0.000000,0.000000,0.000000,0.000000
0.109000,1,4.924493,0.865646,0.174006,0.017492,-0.099508,-0.020207,0.000000,0.000000,0.000000
0.109000,2,7.908846,0.641889,0.000000,0.000000,-0.000001,0.000000,0.000000,0.000000,0.000000
0.109000,3,8.240523,2.158804,-0.000126,-0.002708,-0.181227,-0.024729,0.000000,0.000000,0.000000
0.118000,1,4.924578,0.865162,0.173908,0.002616,-0.014889,-0.003023,0.000000,0.000000,0.000000
0.118000,2,7.908846,0.641889,0.000000,0.000000,-0.000000,0.000000,0.000000,0.000000,0.000000
0.118000,3,8.240553,2.157938,-0.000244,0.000035,-0.028302,-0.004708,0.000000,0.000000,0.000000
0.127000,1,4.924594,0.865073,0.173890,0.000017,-0.000098,-0.000020,0.000000,0.000000,0.000000
0.127000,2,7.908846,0.641889,0.000000,0.000000,-0.000000,0.000000,0.000000,0.000000,0.000000
0.127000,3,8.240524,2.157773,-0.000268,-0.005839,-0.002789,-0.001173,0.000000,0.000000,0.000000
0.134000,1,4.924597,0.865056,0.173886,-0.000403,0.002296,0.000466,0.000000,0.000000,0.000000
0.134000,2,7.908846,0.641889,0.000000,0.000000,-0.000000,0.000000,0.000000,0.000000,0.000000
0.134000,3,8.240479,2.157734,-0.000274,-0.006987,0.001302,-0.000602,0.000000,0.000000,0.000000
0.142000,1,4.924597,0.865049,0.173885,-0.000528,0.003006,0.000610,0.000000,0.000000,0.000000
0.142000,2,7.908846,0.641889,0.000000,0.000000,-0.000000,0.000000,0.000000,0.000000,0.000000
0.142000,3,8.240421,2.157711,-0.000278,-0.007337,0.002510,-0.000434,0.000000,0.000000,0.000000
0.150000,1,4.924597,0.865046,0.173884,-0.000562,0.003199,0.000650,0.000000,0.000000,0.000000
0.150000,2,7.908846,0.641889,0.000000,0.000000,-0.000000,0.000000,0.000000,0.000000,0.000000
0.150000,3,8.240360,2.157693,-0.000281,-0.007431,0.002838,-0.000389,0.000000,0.000000,0.000000
0.159000,1,4.924597,0.865043,0.173883,-0.000577,0.003286,0.000667,0.000000,0.000000,0.000000
0.159000,2,7.908846,0.641889,0.000000,0.000000,-0.000000,0.000000,0.000000,0.000000,0.000000
0.159000,3,8.240292,2.157676,-0.000284,-0.007472,0.002984,-0.000371,0.000000,0.000000,0.000000
0.167000,1,4.924597,0.865041,0.173883,-0.000585,0.003333,0.000677,0.000000,0.000000,0.000000
0.167000,2,7.908846,0.641889,0.000000,0.000000,-0.000000,0.000000,0.000000,0.000000,0.000000
0.167000,3,8.240231,2.157660,-0.000287,-0.007494,0.003063,-0.000361,0.000000,0.000000,0.000000
0.176000,1,4.924597,0.865039,0.173883,-0.000593,0.003374,0.000685,0.000000,0.000000,0.000000
0.176000,2,7.908846,0.641889,0.000000,0.000000,-0.000000,0.000000,0.000000,0.000000,0.000000
0.176000,3,8.240162,2.157644,-0.000291,-0.007513,0.003132,-0.000352,0.000000,0.000000,0.000000
0.184000,1,4.924597,0.865037,0.173882,-0.000598,0.003404,0.000691,0.000000,0.000000,0.000000
0.184000,2,7.908846,0.641889,0.000000,0.000000,-0.000000,0.000000,0.000000,0.000000,0.000000
0.184000,3,8.240101,2.157630,-0.000293,-0.007526,0.003181,-0.000346,0.000000,0.000000,0.000000
0.193000,1,4.924597,0.865036,0.173882,-0.000603,0.003430,0.000697,0.000000,0.000000,0.000000
0.193000,2,7.908846,0.641889,0.000000,0.000000,-0.000000,0.000000,0.000000,0.000000,0.000000
0.193000,3,8.240032,2.157615,-0.000296,-0.007538,0.003226,-0.000340,0.000000,0.000000,0.000000
0.200000,1,4.924597,0.865035,0.173882,-0.000606,0.003449,0.000700,0.000000,0.000000,0.000000
0.200000,2,7.908846,0.641889,0.000000,0.000000,-0.000000,0.000000,0.000000,0.000000,0.000000
0.200000,3,8.239979,2.157604,-0.000299,-0.007547,0.003258,-0.000337,0.000000,0.000000,0.000000
0.209000,1,4.924597,0.865034,0.173882,-0.000610,0.003470,0.000705,0.000000,0.000000,0.000000
0.209000,2,7.908846,0.641889,0.000000,0.000000,-0.000000,0.000000,0.000000,0.000000,0.000000
0.209000,3,8.239910,2.157588,-0.000302,-0.007557,0.003293,-0.000332,0.000000,0.000000,0.000000
0.217000,1,4.924597,0.865033,0.173882,-0.000612,0.003486,0.000708,0.000000,0.000000,0.000000
0.217000,2,7.908846,0.641889,0.000000,0.000000,-0.000000,0.000000,0.000000,0.000000,0.000000
0.217000,3,8.239849,2.157575,-0.000304,-0.007564,0.003319,-0.000329,0.000000,0.000000,0.000000
0.227000,1,4.924597,0.865033,0.173881,-0.000614,0.003498,0.000710,0.000000,0.000000,0.000000
0.227000,2,7.908846,0.641889,0.000000,0.000000,-0.000000,0.000000,0.000000,0.000000,0.000000
0.227000,3,8.239773,2.157558,-0.000308,-0.007569,0.003339,-0.000327,0.000000,0.000000,0.000000
0.234000,1,4.924597,0.865032,0.173881,-0.000616,0.003506,0.000712,0.000000,0.000000,0.000000
0.234000,2,7.908846,0.641889,0.000000,0.000000,-0.000000,0.000000,0.000000,0.000000,0.000000
0.234000,3,8.239719,2.157547,-0.000310,-0.007573,0.003353,-0.000325,0.000000,0.000000,0.000000
0.242000,1,4.924597,0.865032,0.173881,-0.000618,0.003516,0.000714,0.000000,0.000000,0.000000
0.242000,2,7.908846,0.641889,0.000000,0.000000,-0.000000,0.000000,0.000000,0.000000,0.000000
0.242000,3,8.239658,2.157535,-0.000313,-0.007578,0.003370,-0.000323,0.000000,0.000000,0.000000
0.250000,1,4.924597,0.865031,0.173881,-0.000619,0.003526,0.000716,0.000000,0.000000,0.000000
0.250000,2,7.908846,0.641889,0.000000,0.000000,-0.000000,0.000000,0.000000,0.000000,0.000000
0.250000,3,8.239597,2.157523,-0.000315,-0.007582,0.003386,-0.000321,0.000000,0.000000,0.000000
0.259000,1,4.924597,0.865031,0.173881,-0.000621,0.003536,0.000718,0.000000,0.000000,0.000000
0.259000,2,7.908846,0.641889,0.000000,0.000000,-0.000000,0.000000,0.000000,0.000000,0.000000
0.259000,3,8.239529,2.157511,-0.000318,-0.007587,0.003402,-0.000319,0.000000,0.000000,0.000000
0.267000,1,4.924597,0.865031,0.173881,-0.000622,0.003541,0.000719,0.000000,0.000000,0.000000
0.267000,2,7.908846,0.641889,0.000000,0.000000,-0.000000,0.000000,0.000000,0.000000,0.000000
0.267000,3,8.239468,2.157499,-0.000321,-0.007589,0.003411,-0.000318,0.000000,0.000000,0.000000
0.275000,1,4.924597,0.865031,0.173881,-0.000622,0.003542,0.000719,0.000000,0.000000,0.000000
0.275000,2,7.908846,0.641889,0.000000,0.000000,-0.000000,0.000000,0.000000,0.000000,0.000000
0.275000,3,8.239407,2.157488,-0.000323,-0.007590,0.003413,-0.000317,0.000000,0.000000,0.000000
0.284000,1,4.924597,0.865031,0.173881,-0.000622,0.003542,0.000719,0.000000,0.000000,0.000000
0.284000,2,7.908846,0.641889,0.000000,0.000000,-0.000000,0.000000,0.000000,0.000000,0.000000
0.284000,3,8.239338,2.157475,-0.000326,-0.007590,0.003414,-0.000317,0.000000,0.000000,0.000000
0.292000,1,4.924597,0.865031,0.173881,-0.000622,0.003542,0.000719,0.000000,0.000000,0.000000
0.292000,2,7.908846,0.641889,0.000000,0.000000,-0.000000,0.000000,0.000000,0.000000,0.000000
0.292000,3,8.239277,2.157463,-0.000329,-0.007590,0.003414,-0.000317,0.000000,0.000000,0.000000
0.300000,1,4.924597,0.865031,0.173881,-0.000622,0.003542,0.000719,0.000000,0.000000,0.000000
0.300000,2,7.908846,0.641889,0.000000,0.000000,-0.000000,0.000000,0.000000,0.000000,0.000000
0.300000,3,8.239216,2.157452,-0.000331,-0.007590,0.003414,-0.000317,0.000000,0.000000,0.000000
0.309000,1,4.924597,0.865031,0.173881,-0.000622,0.003543,0.000719,0.000000,0.000000,0.000000
0.309000,2,7.908846,0.641889,0.000000,0.000000,-0.000000,0.000000,0.000000,0.000000,0.000000
0.309000,3,8.239147,2.157439,-0.000334,-0.007590,0.003414,-0.000317,0.000000,0.000000,0.000000
0.317000,1,4.924597,0.865031,0.173881,-0.000622,0.003543,0.000719,0.000000,0.000000,0.000000
0.317000,2,7.908846,0.641889,0.000000,0.000000,-0.000000,0.000000,0.000000,0.000000,0.000000
0.317000,3,8.239086,2.157428,-0.000336,-0.007590,0.003415,-0.000317,0.000000,0.000000,0.000000
0.325000,1,4.924597,0.865031,0.173881,-0.000622,0.003543,0.000719,0.000000,0.000000,0.000000
0.325000,2,7.908846,0.641889,0.000000,0.000000,-0.000000,0.000000,0.000000,0.000000,0.000000
0.325000,3,8.239025,2.157416,-0.000339,-0.007590,0.003415,-0.000317,0.000000,0.000000,0.000000
0.334000,1,4.924597,0.865031,0.173881,-0.000622,0.003543,0.000719,0.000000,0.000000,0.000000
0.334000,2,7.908846,0.641889,0.000000,0.000000,-0.000000,0.000000,0.000000,0.000000,0.000000
0.334000,3,8.238956,2.157403,-0.000342,-0.007590,0.003415,-0.000317,0.000000,0.000000,0.000000
0.342000,1,4.924597,0.865031,0.173881,-0.000622,0.003543,0.000719,0.000000,0.000000,0.000000
0.342000,2,7.908846,0.641889,0.000000,0.000000,-0.000000,0.000000,0.000000,0.000000,0.000000
0.342000,3,8.238895,2.157392,-0.000344,-0.007590,0.003415,-0.000317,0.000000,0.000000,0.000000
0.350000,1,4.924597,0.865031,0.173881,-0.000622,0.003543,0.000719,0.000000,0.000000,0.000000
0.350000,2,7.908846,0.641889,0.000000,0.000000,-0.000000,0.000000,0.000000,0.000000,0.000000
0.350000,3,8.238834,2.157380,-0.000347,-0.007590,0.003415,-0.000317,0.000000,0.000000,0.000000
0.359000,1,4.924597,0.865031,0.173881,-0.000622,0.003543,0.000719,0.000000,0.000000,0.000000
0.359000,2,7.908846,0.641889,0.000000,0.000000,-0.000000,0.000000,0.000000,0.000000,0.000000
0.359000,3,8.238766,2.157367,-0.000350,-0.007590,0.003415,-0.000317,0.000000,0.000000,0.000000
0.366000,1,4.924597,0.865031,0.173881,-0.000622,0.003543,0.000719,0.000000,0.000000,0.000000
0.366000,2,7.908846,0.641889,0.000000,0.000000,-0.000000,0.000000,0.000000,0.000000,0.000000
0.366000,3,8.238712,2.157357,-0.000352,-0.007590,0.003415,-0.000317,0.000000,0.000000,0.000000
0.375000,1,4.924597,0.865031,0.173881,-0.000622,0.003543,0.000719,0.000000,0.000000,0.000000
0.375000,2,7.908846,0.641889,0.000000,0.000000,-0.000000,0.000000,0.000000,0.000000,0.000000
0.375000,3,8.238644,2.157345,-0.000355,-0.007590,0.003416,-0.000317,0.000000,0.000000,0.000000
0.384000,1,4.924597,0.865031,0.173881,-0.000622,0.003543,0.000719,0.000000,0.000000,0.000000
0.384000,2,7.908846,0.641889,0.000000,0.000000,-0.000000,0.000000,0.000000,0.000000,0.000000
0.384000,3,8.238575,2.157332,-0.000358,-0.007590,0.003416,-0.000317,0.000000,0.000000,0.000000
0.392000,1,4.924597,0.865031,0.173881,-0.000622,0.003543,0.000719,0.000000,0.000000,0.000000
0.392000,2,7.908846,0.641889,0.000000,0.000000,-0.000000,0.000000,0.000000,0.000000,0.000000
0.392000,3,8.238514,2.157320,-0.000360,-0.007590,0.003416,-0.000317,0.000000,0.000000,0.000000
0.400000,1,4.924597,0.865031,0.173881,-0.000622,0.003543,0.000720,0.000000,0.000000,0.000000
0.400000,2,7.908846,0.641889,0.000000,0.000000,-0.000000,0.000000,0.000000,0.000000,0.000000
0.400000,3,8.238453,2.157309,-0.000363,-0.007590,0.003416,-0.000317,0.000000,0.000000,0.000000
0.408000,1,4.924597,0.865031,0.173881,-0.000622,0.003543,0.000720,0.000000,0.000000,0.000000
0.408000,2,7.908846,0.641889,0.000000,0.000000,-0.000000,0.000000,0.000000,0.000000,0.000000
0.408000,3,8.238392,2.157297,-0.000365,-0.007590,0.003416,-0.000317,0.000000,0.000000,0.000000
0.417000,1,4.924597,0.865031,0.173881,-0.000622,0.003543,0.000720,0.000000,0.000000,0.000000
0.417000,2,7.908846,0.641889,0.000000,0.000000,-0.000000,0.000000,0.000000,0.000000,0.000000
0.417000,3,8.238323,2.157284,-0.000368,-0.007590,0.003416,-0.000317,0.000000,0.000000,0.000000
0.426000,1,4.924597,0.865031,0.173881,-0.000622,0.003544,0.000720,0.000000,0.000000,0.000000
0.426000,2,7.908846,0.641889,0.000000,0.000000,-0.000000,0.000000,0.000000,0.000000,0.000000
0.426000,3,8.238255,2.157272,-0.000371,-0.007590,0.003417,-0.000317,0.000000,0.000000,0.000000
0.434000,1,4.924597,0.865031,0.173881,-0.000622,0.003544,0.000720,0.000000,0.000000,0.000000
0.434000,2,7.908846,0.641889,0.000000,0.000000,-0.000000,0.000000,0.000000,0.000000,0.000000
0.434000,3,8.238194,2.157260,-0.000374,-0.007590,0.003417,-0.000317,0.000000,0.000000,0.000000
0.442000,1,4.924597,0.865031,0.173881,-0.000622,0.003544,0.000720,0.000000,0.000000,0.000000
0.442000,2,7.908846,0.641889,0.000000,0.000000,-0.000000,0.000000,0.000000,0.000000,0.000000
0.442000,3,8.238132,2.157249,-0.000376,-0.007590,0.003417,-0.000317,0.000000,0.000000,0.000000
0.450000,1,4.924597,0.865031,0.173881,-0.000622,0.003544,0.000720,0.000000,0.000000,0.000000
0.450000,2,7.908846,0.641889,0.000000,0.000000,-0.000000,0.000000,0.000000,0.000000,0.000000
0.450000,3,8.238071,2.157237,-0.000379,-0.007591,0.003417,-0.000317,0.000000,0.000000,0.000000
0.459000,1,4.924597,0.865031,0.173881,-0.000622,0.003544,0.000720,0.000000,0.000000,0.000000
0.459000,2,7.908846,0.641889,0.000000,0.000000,-0.000000,0.000000,0.000000,0.000000,0.000000
0.459000,3,8.238003,2.157224,-0.000381,-0.007591,0.003417,-0.000317,0.000000,0.000000,0.000000
0.467000,1,4.924597,0.865031,0.173881,-0.000622,0.003544,0.000720,0.000000,0.000000,0.000000
0.467000,2,7.908846,0.641889,0.000000,0.000000,-0.000000,0.000000,0.000000,0.000000,0.000000
0.467000,3,8.237942,2.157213,-0.000384,-0.007591,0.003417,-0.000317,0.000000,0.000000,0.000000
0.476000,1,4.924597,0.865031,0.173881,-0.000623,0.003544,0.000720,0.000000,0.000000,0.000000
0.476000,2,7.908846,0.641889,0.000000,0.000000,-0.000000,0.000000,0.000000,0.000000,0.000000
0.476000,3,8.237873,2.157200,-0.000387,-0.007591,0.003417,-0.000317,0.000000,0.000000,0.000000
0.484000,1,4.924597,0.865031,0.173881,-0.000623,0.003544,0.000720,0.000000,0.000000,0.000000
0.484000,2,7.908846,0.641889,0.000000,0.000000,-0.000000,0.000000,0.000000,0.000000,0.000000
0.484000,3,8.237812,2.157189,-0.000389,-0.007591,0.003418,-0.000317,0.000000,0.000000,0.000000
0.492000,1,4.924597,0.865031,0.173881,-0.000623,0.003544,0.000720,0.000000,0.000000,0.000000
0.492000,2,7.908846,0.641889,0.000000,0.000000,-0.000000,0.000000,0.000000,0.000000,0.000000
0.492000,3,8.237751,2.157177,-0.000392,-0.007591,0.003418,-0.000317,0.000000,0.000000,0.000000
0.500000,1,4.924597,0.865031,0.173881,-0.000623,0.003544,0.000720,0.000000,0.000000,0.000000
0.500000,2,7.908846,0.641889,0.000000,0.000000,-0.000000,0.000000,0.000000,0.000000,0.000000
0.500000,3,8.237690,2.157166,-0.000394,-0.007591,0.003418,-0.000317,0.000000,0.000000,0.000000
0.509000,1,4.924597,0.865031,0.173881,-0.000623,0.003544,0.000720,0.000000,0.000000,0.000000
0.509000,2,7.908846,0.641889,0.000000,0.000000,-0.000000,0.000000,0.000000,0.000000,0.000000
0.509000,3,8.237621,2.157153,-0.000397,-0.007591,0.003418,-0.000316,0.000000,0.000000,0.000000
0.517000,1,4.924597,0.865031,0.173881,-0.000623,0.003544,0.000720,0.000000,0.000000,0.000000
0.517000,2,7.908846,0.641889,0.000000,0.000000,-0.000000,0.000000,0.000000,0.000000,0.000000
0.517000,3,8.237560,2.157141,-0.000400,-0.007591,0.003418,-0.000316,0.000000,0.000000,0.000000
0.525000,1,4.924597,0.865031,0.173881,-0.000623,0.003544,0.000720,0.000000,0.000000,0.000000
0.525000,2,7.908846,0.641889,0.000000,0.000000,-0.000000,0.000000,0.000000,0.000000,0.000000
0.525000,3,8.237499,2.157130,-0.000402,-0.007591,0.003418,-0.000316,0.000000,0.000000,0.000000
0.534000,1,4.924597,0.865031,0.173881,-0.000623,0.003544,0.000720,0.000000,0.000000,0.000000
0.534000,2,7.908846,0.641889,0.000000,0.000000,-0.000000,0.000000,0.000000,0.000000,0.000000
0.534000,3,8.237431,2.157117,-0.000405,-0.007591,0.003418,-0.000316,0.000000,0.000000,0.000000
0.542000,1,4.924597,0.865031,0.173881,-0.000623,0.003544,0.000720,0.000000,0.000000,0.000000
0.542000,2,7.908846,0.641889,0.000000,0.000000,-0.000000,0.000000,0.000000,0.000000,0.000000
0.542000,3,8.237370,2.157106,-0.000408,-0.007591,0.003419,-0.000316,0.000000,0.000000,0.000000
0.550000,1,4.924597,0.865031,0.173881,-0.000623,0.003545,0.000720,0.000000,0.000000,0.000000
0.550000,2,7.908846,0.641889,0.000000,0.000000,-0.000000,0.000000,0.000000,0.000000,0.000000
0.550000,3,8.237309,2.157094,-0.000410,-0.007591,0.003419,-0.000316,0.000000,0.000000,0.000000
0.559000,1,4.924597,0.865031,0.173881,-0.000623,0.003545,0.000720,0.000000,0.000000,0.000000
0.559000,2,7.908846,0.641889,0.000000,0.000000,-0.000000,0.000000,0.000000,0.000000,0.000000
0.559000,3,8.237240,2.157081,-0.000413,-0.007591,0.003419,-0.000316,0.000000,0.000000,0.000000
0.567000,1,4.924597,0.865031,0.173881,-0.000623,0.003545,0.000720,0.000000,0.000000,0.000000
0.567000,2,7.908846,0.641889,0.000000,0.000000,-0.000000,0.000000,0.000000,0.000000,0.000000
0.567000,3,8.237179,2.157070,-0.000416,-0.007591,0.003419,-0.000316,0.000000,0.000000,0.000000
0.576000,1,4.924597,0.865031,0.173881,-0.000623,0.003545,0.000720,0.000000,0.000000,0.000000
0.576000,2,7.908846,0.641889,0.000000,0.000000,-0.000000,0.000000,0.000000,0.000000,0.000000
0.576000,3,8.237110,2.157057,-0.000418,-0.007591,0.003419,-0.000316,0.000000,0.000000,0.000000
0.583000,1,4.924597,0.865031,0.173881,-0.000623,0.003545,0.000720,0.000000,0.000000,0.000000
0.583000,2,7.908846,0.641889,0.000000,0.000000,-0.000000,0.000000,0.000000,0.000000,0.000000
0.583000,3,8.237057,2.157047,-0.000421,-0.007591,0.003419,-0.000316,0.000000,0.000000,0.000000
0.592000,1,4.924597,0.865031,0.173881,-0.000623,0.003545,0.000720,0.000000,0.000000,0.000000
0.592000,2,7.908846,0.641889,0.000000,0.000000,-0.000000,0.000000,0.000000,0.000000,0.000000
0.592000,3,8.236988,2.157034,-0.000424,-0.007591,0.003420,-0.000316,0.000000,0.000000,0.000000
0.600000,1,4.924597,0.865031,0.173881,-0.000623,0.003545,0.000720,0.000000,0.000000,0.000000
0.600000,2,7.908846,0.641889,0.000000,0.000000,-0.000000,0.000000,0.000000,0.000000,0.000000
0.600000,3,8.236927,2.157023,-0.000426,-0.007591,0.003420,-0.000316,0.000000,0.000000,0.000000
0.609000,1,4.924597,0.865031,0.173881,-0.000623,0.003545,0.000720,0.000000,0.000000,0.000000
0.609000,2,7.908846,0.641889,0.000000,0.000000,-0.000000,0.000000,0.000000,0.000000,0.000000
0.609000,3,8.236858,2.157010,-0.000429,-0.007591,0.003420,-0.000316,0.000000,0.000000,0.000000
0.617000,1,4.924597,0.865031,0.173881,-0.000623,0.003545,0.000720,0.000000,0.000000,0.000000
0.617000,2,7.908846,0.641889,0.000000,0.000000,-0.000000,0.000000,0.000000,0.000000,0.000000
0.617000,3,8.236797,2.156998,-0.000431,-0.007591,0.003420,-0.000316,0.000000,0.000000,0.000000
0.625000,1,4.924597,0.865031,0.173881,-0.000623,0.003545,0.000720,0.000000,0.000000,0.000000
0.625000,2,7.908846,0.641889,0.000000,0.000000,-0.000000,0.000000,0.000000,0.000000,0.000000
0.625000,3,8.236736,2.156987,-0.000434,-0.007591,0.003420,-0.000316,0.000000,0.000000,0.000000
0.634000,1,4.924597,0.865031,0.173881,-0.000623,0.003545,0.000720,0.000000,0.000000,0.000000
0.634000,2,7.908846,0.641889,0.000000,0.000000,-0.000000,0.000000,0.000000,0.000000,0.000000
0.634000,3,8.236668,2.156974,-0.000437,-0.007591,0.003420,-0.000316,0.000000,0.000000,0.000000
0.642000,1,4.924597,0.865031,0.173881,-0.000623,0.003545,0.000720,0.000000,0.000000,0.000000
0.642000,2,7.908846,0.641889,0.000000,0.000000,-0.000000,0.000000,0.000000,0.000000,0.000000
0.642000,3,8.236607,2.156963,-0.000439,-0.007591,0.003420,-0.000316,0.000000,0.000000,0.000000
0.650000,1,4.924597,0.865031,0.173881,-0.000623,0.003545,0.000720,0.000000,0.000000,0.000000
0.650000,2,7.908846,0.641889,0.000000,0.000000,-0.000000,0.000000,0.000000,0.000000,0.000000
0.650000,3,8.236546,2.156951,-0.000442,-0.007591,0.003421,-0.000316,0.000000,0.000000,0.000000
0.659000,1,4.924597,0.865031,0.173881,-0.000623,0.003545,0.000720,0.000000,0.000000,0.000000
0.659000,2,7.908846,0.641889,0.000000,0.000000,-0.000000,0.000000,0.000000,0.000000,0.000000
0.659000,3,8.236477,2.156938,-0.000445,-0.007592,0.003421,-0.000316,0.000000,0.000000,0.000000
0.667000,1,4.924597,0.865031,0.173881,-0.000623,0.003545,0.000720,0.000000,0.000000,0.000000
0.667000,2,7.908846,0.641889,0.000000,0.000000,-0.000000,0.000000,0.000000,0.000000,0.000000
0.667000,3,8.236416,2.156927,-0.000447,-0.007592,0.003421,-0.000316,0.000000,0.000000,0.000000
0.675000,1,4.924597,0.865031,0.173881,-0.000623,0.003546,0.000720,0.000000,0.000000,0.000000
0.675000,2,7.908846,0.641889,0.000000,0.000000,-0.000000,0.000000,0.000000,0.000000,0.000000
0.675000,3,8.236355,2.156915,-0.000450,-0.007592,0.003421,-0.000316,0.000000,0.000000,0.000000
0.683000,1,4.924597,0.865031,0.173881,-0.000623,0.003546,0.000720,0.000000,0.000000,0.000000
0.683000,2,7.908846,0.641889,0.000000,0.000000,-0.000000,0.000000,0.000000,0.000000,0.000000
0.683000,3,8.236294,2.156904,-0.000452,-0.007592,0.003421,-0.000316,0.000000,0.000000,0.000000
0.691000,1,4.924597,0.865031,0.173881,-0.000623,0.003546,0.000720,0.000000,0.000000,0.000000
0.691000,2,7.908846,0.641889,0.000000,0.000000,-0.000000,0.000000,0.000000,0.000000,0.000000
0.691000,3,8.236233,2.156893,-0.000455,-0.007592,0.003421,-0.000316,0.000000,0.000000,0.000000
0.700000,1,4.924597,0.865031,0.173881,-0.000623,0.003546,0.000720,0.000000,0.000000,0.000000
0.700000,2,7.908846,0.641889,0.000000,0.000000,-0.000000,0.000000,0.000000,0.000000,0.000000
0.700000,3,8.236164,2.156880,-0.000458,-0.007592,0.003422,-0.000316,0.000000,0.000000,0.000000
0.708000,1,4.924597,0.865031,0.173881,-0.000623,0.003546,0.000720,0.000000,0.000000,0.000000
0.708000,2,7.908846,0.641889,0.000000,0.000000,-0.000000,0.000000,0.000000,0.000000,0.000000
0.708000,3,8.236103,2.156868,-0.000460,-0.007592,0.003422,-0.000316,0.000000,0.000000,0.000000
0.717000,1,4.924597,0.865031,0.173881,-0.000623,0.003546,0.000720,0.000000,0.000000,0.000000
0.717000,2,7.908846,0.641889,0.000000,0.000000,-0.000000,0.000000,0.000000,0.000000,0.000000
0.717000,3,8.236034,2.156855,-0.000463,-0.007592,0.003422,-0.000316,0.000000,0.000000,0.000000
0.725000,1,4.924597,0.865031,0.173881,-0.000623,0.003546,0.000720,0.000000,0.000000,0.000000
0.725000,2,7.908846,0.641889,0.000000,0.000000,-0.000000,0.000000,0.000000,0.000000,0.000000
0.725000,3,8.235973,2.156844,-0.000466,-0.007592,0.003422,-0.000316,0.000000,0.000000,0.000000
0.733000,1,4.924597,0.865031,0.173881,-0.000623,0.003546,0.000720,0.000000,0.000000,0.000000
0.733000,2,7.908846,0.641889,0.000000,0.000000,-0.000000,0.000000,0.000000,0.000000,0.000000
0.733000,3,8.235912,2.156832,-0.000468,-0.007592,0.003422,-0.000316,0.000000,0.000000,0.000000
0.742000,1,4.924597,0.865031,0.173881,-0.000623,0.003546,0.000720,0.000000,0.000000,0.000000
0.742000,2,7.908846,0.641889,0.000000,0.000000,-0.000000,0.000000,0.000000,0.000000,0.000000
0.742000,3,8.235844,2.156820,-0.000471,-0.007592,0.003422,-0.000316,0.000000,0.000000,0.000000
0.750000,1,4.924597,0.865031,0.173881,-0.000623,0.003546,0.000720,0.000000,0.000000,0.000000
0.750000,2,7.908846,0.641889,0.000000,0.000000,-0.000000,0.000000,0.000000,0.000000,0.000000
0.750000,3,8.235783,2.156808,-0.000473,-0.007592,0.003422,-0.000316,0.000000,0.000000,0.000000
0.758000,1,4.924597,0.865031,0.173881,-0.000623,0.003546,0.000720,0.000000,0.000000,0.000000
0.758000,2,7.908846,0.641889,0.000000,0.000000,-0.000000,0.000000,0.000000,0.000000,0.000000
0.758000,3,8.235722,2.156797,-0.000476,-0.007592,0.003423,-0.000316,0.000000,0.000000,0.000000
0.766000,1,4.924597,0.865031,0.173881,-0.000623,0.003546,0.000720,0.000000,0.000000,0.000000
0.766000,2,7.908846,0.641889,0.000000,0.000000,-0.000000,0.000000,0.000000,0.000000,0.000000
0.766000,3,8.235661,2.156785,-0.000478,-0.007592,0.003423,-0.000316,0.000000,0.000000,0.000000
0.775000,1,4.924597,0.865031,0.173881,-0.000623,0.003546,0.000720,0.000000,0.000000,0.000000
0.775000,2,7.908846,0.641889,0.000000,0.000000,-0.000000,0.000000,0.000000,0.000000,0.000000
0.775000,3,8.235592,2.156772,-0.000481,-0.007592,0.003423,-0.000316,0.000000,0.000000,0.000000
0.783000,1,4.924597,0.865031,0.173881,-0.000623,0.003546,0.000720,0.000000,0.000000,0.000000
0.783000,2,7.908846,0.641889,0.000000,0.000000,-0.000000,0.000000,0.000000,0.000000,0.000000
0.783000,3,8.235531,2.156761,-0.000484,-0.007592,0.003423,-0.000316,0.000000,0.000000,0.000000
0.792000,1,4.924597,0.865031,0.173881,-0.000623,0.003546,0.000720,0.000000,0.000000,0.000000
0.792000,2,7.908846,0.641889,0.000000,0.000000,-0.000000,0.000000,0.000000,0.000000,0.000000
0.792000,3,8.235462,2.156748,-0.000487,-0.007592,0.003423,-0.000316,0.000000,0.000000,0.000000
0.800000,1,4.924597,0.865031,0.173881,-0.000623,0.003547,0.000720,0.000000,0.000000,0.000000
0.800000,2,7.908846,0.641889,0.000000,0.000000,-0.000000,0.000000,0.000000,0.000000,0.000000
0.800000,3,8.235401,2.156737,-0.000489,-0.007592,0.003423,-0.000316,0.000000,0.000000,0.000000
0.809000,1,4.924597,0.865031,0.173881,-0.000623,0.003547,0.000720,0.000000,0.000000,0.000000
0.809000,2,7.908846,0.641889,0.000000,0.000000,-0.000000,0.000000,0.000000,0.000000,0.000000
0.809000,3,8.235332,2.156724,-0.000492,-0.007592,0.003424,-0.000316,0.000000,0.000000,0.000000
0.817000,1,4.924597,0.865031,0.173881,-0.000623,0.003547,0.000720,0.000000,0.000000,0.000000
0.817000,2,7.908846,0.641889,0.000000,0.000000,-0.000000,0.000000,0.000000,0.000000,0.000000
0.817000,3,8.235271,2.156712,-0.000495,-0.007592,0.003424,-0.000316,0.000000,0.000000,0.000000
0.826000,1,4.924597,0.865031,0.173881,-0.000623,0.003547,0.000720,0.000000,0.000000,0.000000
0.826000,2,7.908846,0.641889,0.000000,0.000000,-0.000000,0.000000,0.000000,0.000000,0.000000
0.826000,3,8.235203,2.156699,-0.000497,-0.007592,0.003424,-0.000315,0.000000,0.000000,0.000000
0.834000,1,4.924597,0.865031,0.173881,-0.000623,0.003547,0.000720,0.000000,0.000000,0.000000
0.834000,2,7.908846,0.641889,0.000000,0.000000,-0.000000,0.000000,0.000000,0.000000,0.000000
0.834000,3,8.235142,2.156688,-0.000500,-0.007592,0.003424,-0.000315,0.000000,0.000000,0.000000
0.842000,1,4.924597,0.865031,0.173881,-0.000623,0.003547,0.000720,0.000000,0.000000,0.000000
0.842000,2,7.908846,0.641889,0.000000,0.000000,-0.000000,0.000000,0.000000,0.000000,0.000000
0.842000,3,8.235081,2.156677,-0.000502,-0.007592,0.003424,-0.000315,0.000000,0.000000,0.000000
0.851000,1,4.924597,0.865031,0.173881,-0.000623,0.003546,0.000720,0.000000,0.000000,0.000000
0.851000,2,7.908846,0.641889,0.000000,0.000000,-0.000000,0.000000,0.000000,0.000000,0.000000
0.851000,3,8.235012,2.156664,-0.000505,-0.007592,0.003423,-0.000316,0.000000,0.000000,0.000000
0.858000,1,4.924597,0.865031,0.173881,-0.000623,0.003545,0.000720,0.000000,0.000000,0.000000
0.858000,2,7.908846,0.641889,0.000000,0.000000,-0.000000,0.000000,0.000000,0.000000,0.000000
0.858000,3,8.234959,2.156654,-0.000508,-0.007592,0.003422,-0.000316,0.000000,0.000000,0.000000
0.867000,1,4.924597,0.865031,0.173881,-0.000623,0.003545,0.000720,0.000000,0.000000,0.000000
0.867000,2,7.908846,0.641889,0.000000,0.000000,-0.000000,0.000000,0.000000,0.000000,0.000000
0.867000,3,8.234890,2.156641,-0.000510,-0.007592,0.003421,-0.000316,0.000000,0.000000,0.000000
0.876000,1,4.924597,0.865031,0.173881,-0.000623,0.003545,0.000720,0.000000,0.000000,0.000000
0.876000,2,7.908846,0.641889,0.000000,0.000000,-0.000000,0.000000,0.000000,0.000000,0.000000
0.876000,3,8.234821,2.156628,-0.000513,-0.007592,0.003422,-0.000316,0.000000,0.000000,0.000000
0.884000,1,4.924597,0.865031,0.173881,-0.000623,0.003545,0.000720,0.000000,0.000000,0.000000
0.884000,2,7.908846,0.641889,0.000000,0.000000,-0.000000,0.000000,0.000000,0.000000,0.000000
0.884000,3,8.234760,2.156616,-0.000516,-0.007592,0.003422,-0.000316,0.000000,0.000000,0.000000
0.892000,1,4.924597,0.865031,0.173881,-0.000623,0.003545,0.000720,0.000000,0.000000,0.000000
0.892000,2,7.908846,0.641889,0.000000,0.000000,-0.000000,0.000000,0.000000,0.000000,0.000000
0.892000,3,8.234699,2.156605,-0.000518,-0.007592,0.003422,-0.000316,0.000000,0.000000,0.000000
0.900000,1,4.924597,0.865031,0.173881,-0.000623,0.003545,0.000720,0.000000,0.000000,0.000000
0.900000,2,7.908846,0.641889,0.000000,0.000000,-0.000000,0.000000,0.000000,0.000000,0.000000
0.900000,3,8.234638,2.156594,-0.000521,-0.007592,0.003422,-0.000316,0.000000,0.000000,0.000000
0.909000,1,4.924597,0.865031,0.173881,-0.000623,0.003545,0.000720,0.000000,0.000000,0.000000
0.909000,2,7.908846,0.641889,0.000000,0.000000,-0.000000,0.000000,0.000000,0.000000,0.000000
0.909000,3,8.234570,2.156581,-0.000524,-0.007592,0.003422,-0.000316,0.000000,0.000000,0.000000
0.917000,1,4.924597,0.865031,0.173881,-0.000623,0.003546,0.000720,0.000000,0.000000,0.000000
0.917000,2,7.908846,0.641889,0.000000,0.000000,-0.000000,0.000000,0.000000,0.000000,0.000000
0.917000,3,8.234509,2.156569,-0.000526,-0.007592,0.003422,-0.000316,0.000000,0.000000,0.000000
0.925000,1,4.924597,0.865031,0.173881,-0.000623,0.003546,0.000720,0.000000,0.000000,0.000000
0.925000,2,7.908846,0.641889,0.000000,0.000000,-0.000000,0.000000,0.000000,0.000000,0.000000
0.925000,3,8.234447,2.156558,-0.000529,-0.007592,0.003422,-0.000316,0.000000,0.000000,0.000000
0.933000,1,4.924597,0.865031,0.173881,-0.000623,0.003546,0.000720,0.000000,0.000000,0.000000
0.933000,2,7.908846,0.641889,0.000000,0.000000,-0.000000,0.000000,0.000000,0.000000,0.000000
0.933000,3,8.234386,2.156546,-0.000531,-0.007592,0.003423,-0.000316,0.000000,0.000000,0.000000
0.941000,1,4.924597,0.865031,0.173881,-0.000623,0.003546,0.000720,0.000000,0.000000,0.000000
0.941000,2,7.908846,0.641889,0.000000,0.000000,-0.000000,0.000000,0.000000,0.000000,0.000000
0.941000,3,8.234325,2.156535,-0.000534,-0.007592,0.003423,-0.000316,0.000000,0.000000,0.000000
0.950000,1,4.924597,0.865031,0.173881,-0.000623,0.003546,0.000720,0.000000,0.000000,0.000000
0.950000,2,7.908846,0.641889,0.000000,0.000000,-0.000000,0.000000,0.000000,0.000000,0.000000
0.950000,3,8.234257,2.156522,-0.000537,-0.007592,0.003423,-0.000315,0.000000,0.000000,0.000000
0.958000,1,4.924597,0.865031,0.173881,-0.000623,0.003546,0.000720,0.000000,0.000000,0.000000
0.958000,2,7.908846,0.641889,0.000000,0.000000,-0.000000,0.000000,0.000000,0.000000,0.000000
0.958000,3,8.234196,2.156511,-0.000539,-0.007592,0.003423,-0.000315,0.000000,0.000000,0.000000
0.967000,1,4.924597,0.865031,0.173881,-0.000623,0.003546,0.000720,0.000000,0.000000,0.000000
0.967000,2,7.908846,0.641889,0.000000,0.000000,-0.000000,0.000000,0.000000,0.000000,0.000000
0.967000,3,8.234127,2.156498,-0.000542,-0.007592,0.003423,-0.000315,0.000000,0.000000,0.000000
0.975000,1,4.924597,0.865031,0.173881,-0.000623,0.003546,0.000720,0.000000,0.000000,0.000000
0.975000,2,7.908846,0.641889,0.000000,0.000000,-0.000000,0.000000,0.000000,0.000000,0.000000
0.975000,3,8.234066,2.156486,-0.000544,-0.007592,0.003423,-0.000315,0.000000,0.000000,0.000000
0.984000,1,4.924597,0.865031,0.173881,-0.000623,0.003546,0.000720,0.000000,0.000000,0.000000
0.984000,2,7.908846,0.641889,0.000000,0.000000,-0.000000,0.000000,0.000000,0.000000,0.000000
0.984000,3,8.233997,2.156473,-0.000547,-0.007592,0.003423,-0.000315,0.000000,0.000000,0.000000
0.992000,1,4.924597,0.865031,0.173881,-0.000623,0.003546,0.000720,0.000000,0.000000,0.000000
0.992000,2,7.908846,0.641889,0.000000,0.000000,-0.000000,0.000000,0.000000,0.000000,0.000000
0.992000,3,8.233936,2.156462,-0.000550,-0.007592,0.003424,-0.000315,0.000000,0.000000,0.000000
1.000000,1,4.924597,0.865031,0.173881,-0.000623,0.003546,0.000720,0.000000,0.000000,0.000000
1.000000,2,7.908846,0.641889,0.000000,0.000000,-0.000000,0.000000,0.000000,0.000000,0.000000
1.000000,3,8.233875,2.156451,-0.000552,-0.007592,0.003424,-0.000315,0.000000,0.000000,0.000000
1.008000,1,4.924597,0.865031,0.173881,-0.000623,0.003546,0.000720,0.000000,0.000000,0.000000
1.008000,2,7.908846,0.641889,0.000000,0.000000,-0.000000,0.000000,0.000000,0.000000,0.000000
1.008000,3,8.233814,2.156439,-0.000555,-0.007592,0.003424,-0.000315,0.000000,0.000000,0.000000
1.017000,1,4.924597,0.865031,0.173881,-0.000623,0.003546,0.000720,0.000000,0.000000,0.000000
1.017000,2,7.908846,0.641889,0.000000,0.000000,-0.000000,0.000000,0.000000,0.000000,0.000000
1.017000,3,8.233746,2.156426,-0.000558,-0.007592,0.003424,-0.000315,0.000000,0.000000,0.000000
1.025000,1,4.924597,0.865031,0.173881,-0.000623,0.003546,0.000720,0.000000,0.000000,0.000000
1.025000,2,7.908846,0.641889,0.000000,0.000000,-0.000000,0.000000,0.000000,0.000000,0.000000
1.025000,3,8.233685,2.156415,-0.000560,-0.007592,0.003424,-0.000315,0.000000,0.000000,0.000000
1.033000,1,4.924597,0.865031,0.173881,-0.000623,0.003546,0.000720,0.000000,0.000000,0.000000
1.033000,2,7.908846,0.641889,0.000000,0.000000,-0.000000,0.000000,0.000000,0.000000,0.000000
1.033000,3,8.233624,2.156403,-0.000563,-0.007592,0.003424,-0.000315,0.000000,0.000000,0.000000
1.042000,1,4.924597,0.865031,0.173881,-0.000623,0.003547,0.000720,0.000000,0.000000,0.000000
1.042000,2,7.908846,0.641889,0.000000,0.000000,-0.000000,0.000000,0.000000,0.000000,0.000000
1.042000,3,8.233555,2.156390,-0.000566,-0.007592,0.003425,-0.000315,0.000000,0.000000,0.000000
1.050000,1,4.924597,0.865031,0.173881,-0.000623,0.003547,0.000720,0.000000,0.000000,0.000000
1.050000,2,7.908846,0.641889,0.000000,0.000000,-0.000000,0.000000,0.000000,0.000000,0.000000
1.050000,3,8.233494,2.156379,-0.000568,-0.007593,0.003425,-0.000315,0.000000,0.000000,0.000000
1.058000,1,4.924597,0.865031,0.173881,-0.000623,0.003547,0.000720,0.000000,0.000000,0.000000
1.058000,2,7.908846,0.641889,0.000000,0.000000,-0.000000,0.000000,0.000000,0.000000,0.000000
1.058000,3,8.233433,2.156368,-0.000571,-0.007593,0.003425,-0.000315,0.000000,0.000000,0.000000
1.066000,1,4.924597,0.865031,0.173881,-0.000623,0.003547,0.000720,0.000000,0.000000,0.000000
1.066000,2,7.908846,0.641889,0.000000,0.000000,-0.000000,0.000000,0.000000,0.000000,0.000000
1.066000,3,8.233372,2.156356,-0.000573,-0.007593,0.003425,-0.000315,0.000000,0.000000,0.000000
1.075000,1,4.924597,0.865031,0.173881,-0.000623,0.003547,0.000720,0.000000,0.000000,0.000000
1.075000,2,7.908846,0.641889,0.000000,0.000000,-0.000000,0.000000,0.000000,0.000000,0.000000
1.075000,3,8.233303,2.156343,-0.000576,-0.007593,0.003425,-0.000315,0.000000,0.000000,0.000000
1.083000,1,4.924597,0.865031,0.173881,-0.000623,0.003547,0.000720,0.000000,0.000000,0.000000
1.083000,2,7.908846,0.641889,0.000000,0.000000,-0.000000,0.000000,0.000000,0.000000,0.000000
1.083000,3,8.233242,2.156332,-0.000578,-0.007593,0.003425,-0.000315,0.000000,0.000000,0.000000
1.092000,1,4.924597,0.865031,0.173881,-0.000623,0.003547,0.000720,0.000000,0.000000,0.000000
1.092000,2,7.908846,0.641889,0.000000,0.000000,-0.000000,0.000000,0.000000,0.000000,0.000000
1.092000,3,8.233173,2.156319,-0.000581,-0.007593,0.003425,-0.000315,0.000000,0.000000,0.000000
1.100000,1,4.924597,0.865031,0.173881,-0.000623,0.003547,0.000720,0.000000,0.000000,0.000000
1.100000,2,7.908846,0.641889,0.000000,0.000000,-0.000000,0.000000,0.000000,0.000000,0.000000
1.100000,3,8.233112,2.156307,-0.000584,-0.007593,0.003426,-0.000315,0.000000,0.000000,0.000000
1.109000,1,4.924597,0.865031,0.173881,-0.000623,0.003547,0.000720,0.000000,0.000000,0.000000
1.109000,2,7.908846,0.641889,0.000000,0.000000,-0.000000,0.000000,0.000000,0.000000,0.000000
1.109000,3,8.233044,2.156295,-0.000587,-0.007593,0.003426,-0.000315,0.000000,0.000000,0.000000
1.117000,1,4.924597,0.865031,0.173881,-0.000623,0.003547,0.000720,0.000000,0.000000,0.000000
1.117000,2,7.908846,0.641889,0.000000,0.000000,-0.000000,0.000000,0.000000,0.000000,0.000000
1.117000,3,8.232983,2.156283,-0.000589,-0.007593,0.003426,-0.000315,0.000000,0.000000,0.000000
1.125000,1,4.924597,0.865031,0.173881,-0.000623,0.003547,0.000720,0.000000,0.000000,0.000000
1.125000,2,7.908846,0.641889,0.000000,0.000000,-0.000000,0.000000,0.000000,0.000000,0.000000
1.125000,3,8.232922,2.156272,-0.000592,-0.007593,0.003426,-0.000315,0.000000,0.000000,0.000000
1.134000,1,4.924597,0.865031,0.173881,-0.000623,0.003547,0.000720,0.000000,0.000000,0.000000
1.134000,2,7.908846,0.641889,0.000000,0.000000,-0.000000,0.000000,0.000000,0.000000,0.000000
1.134000,3,8.232853,2.156259,-0.000595,-0.007593,0.003426,-0.000315,0.000000,0.000000,0.000000
1.142000,1,4.924597,0.865031,0.173881,-0.000623,0.003547,0.000720,0.000000,0.000000,0.000000
1.142000,2,7.908846,0.641889,0.000000,0.000000,-0.000000,0.000000,0.000000,0.000000,0.000000
1.142000,3,8.232792,2.156247,-0.000597,-0.007593,0.003426,-0.000315,0.000000,0.000000,0.000000
1.150000,1,4.924597,0.865031,0.173881,-0.000623,0.003547,0.000720,0.000000,0.000000,0.000000
1.150000,2,7.908846,0.641889,0.000000,0.000000,-0.000000,0.000000,0.000000,0.000000,0.000000
1.150000,3,8.232731,2.156236,-0.000600,-0.007593,0.003427,-0.000315,0.000000,0.000000,0.000000
1.159000,1,4.924597,0.865031,0.173881,-0.000623,0.003547,0.000720,0.000000,0.000000,0.000000
1.159000,2,7.908846,0.641889,0.000000,0.000000,-0.000000,0.000000,0.000000,0.000000,0.000000
1.159000,3,8.232662,2.156223,-0.000602,-0.007593,0.003427,-0.000315,0.000000,0.000000,0.000000
1.167000,1,4.924597,0.865031,0.173881,-0.000623,0.003548,0.000720,0.000000,0.000000,0.000000
1.167000,2,7.908846,0.641889,0.000000,0.000000,-0.000000,0.000000,0.000000,0.000000,0.000000
1.167000,3,8.232601,2.156212,-0.000605,-0.007593,0.003427,-0.000315,0.000000,0.000000,0.000000
1.175000,1,4.924597,0.865031,0.173881,-0.000623,0.003548,0.000720,0.000000,0.000000,0.000000
1.175000,2,7.908846,0.641889,0.000000,0.000000,-0.000000,0.000000,0.000000,0.000000,0.000000
1.175000,3,8.232540,2.156200,-0.000607,-0.007593,0.003427,-0.000315,0.000000,0.000000,0.000000
1.184000,1,4.924597,0.865031,0.173881,-0.000623,0.003548,0.000720,0.000000,0.000000,0.000000
1.184000,2,7.908846,0.641889,0.000000,0.000000,-0.000000,0.000000,0.000000,0.000000,0.000000
1.184000,3,8.232471,2.156187,-0.000610,-0.007593,0.003427,-0.000315,0.000000,0.000000,0.000000
1.192000,1,4.924597,0.865031,0.173881,-0.000623,0.003548,0.000720,0.000000,0.000000,0.000000
1.192000,2,7.908846,0.641889,0.000000,0.000000,-0.000000,0.000000,0.000000,0.000000,0.000000
1.192000,3,8.232410,2.156176,-0.000613,-0.007593,0.003427,-0.000315,0.000000,0.000000,0.000000
1.200000,1,4.924597,0.865031,0.173881,-0.000623,0.003548,0.000720,0.000000,0.000000,0.000000
1.200000,2,7.908846,0.641889,0.000000,0.000000,-0.000000,0.000000,0.000000,0.000000,0.000000
1.200000,3,8.232349,2.156164,-0.000615,-0.007593,0.003427,-0.000315,0.000000,0.000000,0.000000
1.208000,1,4.924597,0.865031,0.173881,-0.000623,0.003548,0.000720,0.000000,0.000000,0.000000
1.208000,2,7.908846,0.641889,0.000000,0.000000,-0.000000,0.000000,0.000000,0.000000,0.000000
1.208000,3,8.232288,2.156153,-0.000618,-0.007593,0.003428,-0.000315,0.000000,0.000000,0.000000
1.217000,1,4.924597,0.865031,0.173881,-0.000623,0.003548,0.000720,0.000000,0.000000,0.000000
1.217000,2,7.908846,0.641889,0.000000,0.000000,-0.000000,0.000000,0.000000,0.000000,0.000000
1.217000,3,8.232220,2.156140,-0.000621,-0.007593,0.003428,-0.000315,0.000000,0.000000,0.000000
1.225000,1,4.924597,0.865031,0.173881,-0.000623,0.003548,0.000720,0.000000,0.000000,0.000000
1.225000,2,7.908846,0.641889,0.000000,0.000000,-0.000000,0.000000,0.000000,0.000000,0.000000
1.225000,3,8.232159,2.156129,-0.000623,-0.007593,0.003428,-0.000315,0.000000,0.000000,0.000000
1.233000,1,4.924597,0.865031,0.173881,-0.000623,0.003548,0.000720,0.000000,0.000000,0.000000
1.233000,2,7.908846,0.641889,0.000000,0.000000,-0.000000,0.000000,0.000000,0.000000,0.000000
1.233000,3,8.232098,2.156117,-0.000626,-0.007593,0.003428,-0.000315,0.000000,0.000000,0.000000
1.242000,1,4.924597,0.865031,0.173881,-0.000623,0.003548,0.000720,0.000000,0.000000,0.000000
1.242000,2,7.908846,0.641889,0.000000,0.000000,-0.000000,0.000000,0.000000,0.000000,0.000000
1.242000,3,8.232029,2.156104,-0.000629,-0.007593,0.003428,-0.000315,0.000000,0.000000,0.000000
1.250000,1,4.924597,0.865031,0.173881,-0.000623,0.003548,0.000721,0.000000,0.000000,0.000000
1.250000,2,7.908846,0.641889,0.000000,0.000000,-0.000000,0.000000,0.000000,0.000000,0.000000
1.250000,3,8.231968,2.156093,-0.000631,-0.007593,0.003428,-0.000315,0.000000,0.000000,0.000000
1.258000,1,4.924597,0.865031,0.173881,-0.000623,0.003548,0.000721,0.000000,0.000000,0.000000
1.258000,2,7.908846,0.641889,0.000000,0.000000,-0.000000,0.000000,0.000000,0.000000,0.000000
1.258000,3,8.231907,2.156081,-0.000634,-0.007594,0.003428,-0.000315,0.000000,0.000000,0.000000
1.267000,1,4.924597,0.865031,0.173881,-0.000623,0.003548,0.000721,0.000000,0.000000,0.000000
1.267000,2,7.908846,0.641889,0.000000,0.000000,-0.000000,0.000000,0.000000,0.000000,0.000000
1.267000,3,8.231838,2.156069,-0.000636,-0.007594,0.003429,-0.000314,0.000000,0.000000,0.000000
1.275000,1,4.924597,0.865031,0.173881,-0.000623,0.003548,0.000721,0.000000,0.000000,0.000000
1.275000,2,7.908846,0.641889,0.000000,0.000000,-0.000000,0.000000,0.000000,0.000000,0.000000
1.275000,3,8.231777,2.156057,-0.000639,-0.007594,0.003429,-0.000314,0.000000,0.000000,0.000000
1.283000,1,4.924597,0.865031,0.173881,-0.000623,0.003548,0.000721,0.000000,0.000000,0.000000
1.283000,2,7.908846,0.641889,0.000000,0.000000,-0.000000,0.000000,0.000000,0.000000,0.000000
1.283000,3,8.231716,2.156046,-0.000641,-0.007594,0.003429,-0.000314,0.000000,0.000000,0.000000
1.292000,1,4.924597,0.865031,0.173881,-0.000623,0.003549,0.000721,0.000000,0.000000,0.000000
1.292000,2,7.908846,0.641889,0.000000,0.000000,-0.000000,0.000000,0.000000,0.000000,0.000000
1.292000,3,8.231647,2.156033,-0.000644,-0.007594,0.003429,-0.000314,0.000000,0.000000,0.000000
1.300000,1,4.924597,0.865031,0.173881,-0.000623,0.003549,0.000721,0.000000,0.000000,0.000000
1.300000,2,7.908846,0.641889,0.000000,0.000000,-0.000000,0.000000,0.000000,0.000000,0.000000
1.300000,3,8.231586,2.156021,-0.000647,-0.007594,0.003429,-0.000314,0.000000,0.000000,0.000000
1.308000,1,4.924597,0.865031,0.173881,-0.000623,0.003549,0.000721,0.000000,0.000000,0.000000
1.308000,2,7.908846,0.641889,0.000000,0.000000,-0.000000,0.000000,0.000000,0.000000,0.000000
1.308000,3,8.231525,2.156010,-0.000649,-0.007594,0.003429,-0.000314,0.000000,0.000000,0.000000
1.317000,1,4.924597,0.865031,0.173881,-0.000623,0.003549,0.000721,0.000000,0.000000,0.000000
1.317000,2,7.908846,0.641889,0.000000,0.000000,-0.000000,0.000000,0.000000,0.000000,0.000000
1.317000,3,8.231457,2.155997,-0.000652,-0.007594,0.003430,-0.000314,0.000000,0.000000,0.000000
1.325000,1,4.924597,0.865031,0.173881,-0.000623,0.003549,0.000721,0.000000,0.000000,0.000000
1.325000,2,7.908846,0.641889,0.000000,0.000000,-0.000000,0.000000,0.000000,0.000000,0.000000
1.325000,3,8.231396,2.155986,-0.000655,-0.007594,0.003430,-0.000314,0.000000,0.000000,0.000000
1.333000,1,4.924597,0.865031,0.173881,-0.000623,0.003549,0.000721,0.000000,0.000000,0.000000
1.333000,2,7.908846,0.641889,0.000000,0.000000,-0.000000,0.000000,0.000000,0.000000,0.000000
1.333000,3,8.231335,2.155974,-0.000657,-0.007594,0.003430,-0.000314,0.000000,0.000000,0.000000
1.342000,1,4.924597,0.865031,0.173881,-0.000623,0.003549,0.000721,0.000000,0.000000,0.000000
1.342000,2,7.908846,0.641889,0.000000,0.000000,-0.000000,0.000000,0.000000,0.000000,0.000000
1.342000,3,8.231266,2.155961,-0.000660,-0.007594,0.003430,-0.000314,0.000000,0.000000,0.000000
1.350000,1,4.924597,0.865031,0.173881,-0.000623,0.003549,0.000721,0.000000,0.000000,0.000000
1.350000,2,7.908846,0.641889,0.000000,0.000000,-0.000000,0.000000,0.000000,0.000000,0.000000
1.350000,3,8.231205,2.155950,-0.000662,-0.007594,0.003430,-0.000314,0.000000,0.000000,0.000000
1.358000,1,4.924597,0.865031,0.173881,-0.000623,0.003549,0.000721,0.000000,0.000000,0.000000
1.358000,2,7.908846,0.641889,0.000000,0.000000,-0.000000,0.000000,0.000000,0.000000,0.000000
1.358000,3,8.231144,2.155938,-0.000665,-0.007594,0.003430,-0.000314,0.000000,0.000000,0.000000
1.367000,1,4.924597,0.865031,0.173881,-0.000623,0.003549,0.000721,0.000000,0.000000,0.000000
1.367000,2,7.908846,0.641889,0.000000,0.000000,-0.000000,0.000000,0.000000,0.000000,0.000000
1.367000,3,8.231075,2.155926,-0.000668,-0.007594,0.003430,-0.000314,0.000000,0.000000,0.000000
1.375000,1,4.924597,0.865031,0.173881,-0.000623,0.003549,0.000721,0.000000,0.000000,0.000000
1.375000,2,7.908846,0.641889,0.000000,0.000000,-0.000000,0.000000,0.000000,0.000000,0.000000
1.375000,3,8.231014,2.155914,-0.000670,-0.007594,0.003431,-0.000314,0.000000,0.000000,0.000000
1.384000,1,4.924597,0.865031,0.173881,-0.000623,0.003549,0.000721,0.000000,0.000000,0.000000
1.384000,2,7.908846,0.641889,0.000000,0.000000,-0.000000,0.000000,0.000000,0.000000,0.000000
1.384000,3,8.230946,2.155901,-0.000673,-0.007594,0.003431,-0.000314,0.000000,0.000000,0.000000
1.392000,1,4.924597,0.865031,0.173881,-0.000623,0.003549,0.000721,0.000000,0.000000,0.000000
1.392000,2,7.908846,0.641889,0.000000,0.000000,-0.000000,0.000000,0.000000,0.000000,0.000000
1.392000,3,8.230885,2.155890,-0.000676,-0.007594,0.003431,-0.000314,0.000000,0.000000,0.000000
1.400000,1,4.924597,0.865031,0.173881,-0.000623,0.003549,0.000721,0.000000,0.000000,0.000000
1.400000,2,7.908846,0.641889,0.000000,0.000000,-0.000000,0.000000,0.000000,0.000000,0.000000
1.400000,3,8.230824,2.155878,-0.000678,-0.007594,0.003431,-0.000314,0.000000,0.000000,0.000000
1.409000,1,4.924597,0.865031,0.173881,-0.000623,0.003549,0.000721,0.000000,0.000000,0.000000
1.409000,2,7.908846,0.641889,0.000000,0.000000,-0.000000,0.000000,0.000000,0.000000,0.000000
1.409000,3,8.230755,2.155865,-0.000681,-0.007594,0.003431,-0.000314,0.000000,0.000000,0.000000
1.417000,1,4.924597,0.865031,0.173881,-0.000623,0.003550,0.000721,0.000000,0.000000,0.000000
1.417000,2,7.908846,0.641889,0.000000,0.000000,-0.000000,0.000000,0.000000,0.000000,0.000000
1.417000,3,8.230694,2.155854,-0.000684,-0.007594,0.003431,-0.000314,0.000000,0.000000,0.000000
1.425000,1,4.924597,0.865031,0.173881,-0.000624,0.003550,0.000721,0.000000,0.000000,0.000000
1.425000,2,7.908846,0.641889,0.000000,0.000000,-0.000000,0.000000,0.000000,0.000000,0.000000
1.425000,3,8.230633,2.155843,-0.000686,-0.007594,0.003432,-0.000314,0.000000,0.000000,0.000000
1.433000,1,4.924597,0.865031,0.173881,-0.000624,0.003550,0.000721,0.000000,0.000000,0.000000
1.433000,2,7.908846,0.641889,0.000000,0.000000,-0.000000,0.000000,0.000000,0.000000,0.000000
1.433000,3,8.230572,2.155831,-0.000689,-0.007594,0.003432,-0.000314,0.000000,0.000000,0.000000
1.442000,1,4.924597,0.865031,0.173881,-0.000624,0.003550,0.000721,0.000000,0.000000,0.000000
1.442000,2,7.908846,0.641889,0.000000,0.000000,-0.000000,0.000000,0.000000,0.000000,0.000000
1.442000,3,8.230503,2.155818,-0.000691,-0.007594,0.003432,-0.000314,0.000000,0.000000,0.000000
1.450000,1,4.924597,0.865031,0.173881,-0.000624,0.003550,0.000721,0.000000,0.000000,0.000000
1.450000,2,7.908846,0.641889,0.000000,0.000000,-0.000000,0.000000,0.000000,0.000000,0.000000
1.450000,3,8.230442,2.155807,-0.000694,-0.007594,0.003432,-0.000314,0.000000,0.000000,0.000000
1.458000,1,4.924597,0.865031,0.173881,-0.000624,0.003550,0.000721,0.000000,0.000000,0.000000
1.458000,2,7.908846,0.641889,0.000000,0.000000,-0.000000,0.000000,0.000000,0.000000,0.000000
1.458000,3,8.230381,2.155795,-0.000696,-0.007594,0.003432,-0.000314,0.000000,0.000000,0.000000
1.467000,1,4.924597,0.865031,0.173881,-0.000624,0.003550,0.000721,0.000000,0.000000,0.000000
1.467000,2,7.908846,0.641889,0.000000,0.000000,-0.000000,0.000000,0.000000,0.000000,0.000000
1.467000,3,8.230312,2.155782,-0.000699,-0.007595,0.003432,-0.000314,0.000000,0.000000,0.000000
1.475000,1,4.924597,0.865031,0.173881,-0.000624,0.003550,0.000721,0.000000,0.000000,0.000000
1.475000,2,7.908846,0.641889,0.000000,0.000000,-0.000000,0.000000,0.000000,0.000000,0.000000
1.475000,3,8.230251,2.155771,-0.000702,-0.007595,0.003432,-0.000314,0.000000,0.000000,0.000000
1.483000,1,4.924597,0.865031,0.173881,-0.000624,0.003550,0.000721,0.000000,0.000000,0.000000
1.483000,2,7.908846,0.641889,0.000000,0.000000,-0.000000,0.000000,0.000000,0.000000,0.000000
1.483000,3,8.230190,2.155760,-0.000704,-0.007595,0.003433,-0.000314,0.000000,0.000000,0.000000
1.492000,1,4.924597,0.865031,0.173881,-0.000624,0.003550,0.000721,0.000000,0.000000,0.000000
1.492000,2,7.908846,0.641889,0.000000,0.000000,-0.000000,0.000000,0.000000,0.000000,0.000000
1.492000,3,8.230122,2.155747,-0.000707,-0.007595,0.003433,-0.000314,0.000000,0.000000,0.000000
1.500000,1,4.924597,0.865031,0.173881,-0.000624,0.003550,0.000721,0.000000,0.000000,0.000000
1.500000,2,7.908846,0.641889,0.000000,0.000000,-0.000000,0.000000,0.000000,0.000000,0.000000
1.500000,3,8.230061,2.155735,-0.000710,-0.007595,0.003433,-0.000314,0.000000,0.000000,0.000000
1.508000,1,4.924597,0.865031,0.173881,-0.000624,0.003550,0.000721,0.000000,0.000000,0.000000
1.508000,2,7.908846,0.641889,0.000000,0.000000,-0.000000,0.000000,0.000000,0.000000,0.000000
1.508000,3,8.230000,2.155724,-0.000712,-0.007595,0.003433,-0.000314,0.000000,0.000000,0.000000
1.517000,1,4.924597,0.865031,0.173881,-0.000624,0.003550,0.000721,0.000000,0.000000,0.000000
1.517000,2,7.908846,0.641889,0.000000,0.000000,-0.000000,0.000000,0.000000,0.000000,0.000000
1.517000,3,8.229931,2.155711,-0.000715,-0.007595,0.003433,-0.000314,0.000000,0.000000,0.000000
1.525000,1,4.924597,0.865031,0.173881,-0.000624,0.003550,0.000721,0.000000,0.000000,0.000000
1.525000,2,7.908846,0.641889,0.000000,0.000000,-0.000000,0.000000,0.000000,0.000000,0.000000
1.525000,3,8.229870,2.155699,-0.000717,-0.007595,0.003433,-0.000314,0.000000,0.000000,0.000000
1.533000,1,4.924597,0.865031,0.173881,-0.000624,0.003550,0.000721,0.000000,0.000000,0.000000
1.533000,2,7.908846,0.641889,0.000000,0.000000,-0.000000,0.000000,0.000000,0.000000,0.000000
1.533000,3,8.229809,2.155688,-0.000720,-0.007595,0.003433,-0.000314,0.000000,0.000000,0.000000
1.542000,1,4.924597,0.865031,0.173881,-0.000624,0.003551,0.000721,0.000000,0.000000,0.000000
1.542000,2,7.908846,0.641889,0.000000,0.000000,-0.000000,0.000000,0.000000,0.000000,0.000000
1.542000,3,8.229740,2.155675,-0.000723,-0.007595,0.003434,-0.000314,0.000000,0.000000,0.000000
1.550000,1,4.924597,0.865031,0.173881,-0.000624,0.003551,0.000721,0.000000,0.000000,0.000000
1.550000,2,7.908846,0.641889,0.000000,0.000000,-0.000000,0.000000,0.000000,0.000000,0.000000
1.550000,3,8.229679,2.155664,-0.000725,-0.007595,0.003434,-0.000314,0.000000,0.000000,0.000000
1.558000,1,4.924597,0.865031,0.173881,-0.000624,0.003551,0.000721,0.000000,0.000000,0.000000
1.558000,2,7.908846,0.641889,0.000000,0.000000,-0.000000,0.000000,0.000000,0.000000,0.000000
1.558000,3,8.229618,2.155652,-0.000728,-0.007595,0.003434,-0.000314,0.000000,0.000000,0.000000
1.567000,1,4.924597,0.865031,0.173881,-0.000624,0.003551,0.000721,0.000000,0.000000,0.000000
1.567000,2,7.908846,0.641889,0.000000,0.000000,-0.000000,0.000000,0.000000,0.000000,0.000000
1.567000,3,8.229549,2.155639,-0.000731,-0.007595,0.003434,-0.000314,0.000000,0.000000,0.000000
1.575000,1,4.924597,0.865031,0.173881,-0.000624,0.003551,0.000721,0.000000,0.000000,0.000000
1.575000,2,7.908846,0.641889,0.000000,0.000000,-0.000000,0.000000,0.000000,0.000000,0.000000
1.575000,3,8.229488,2.155628,-0.000733,-0.007595,0.003434,-0.000314,0.000000,0.000000,0.000000
1.584000,1,4.924597,0.865031,0.173881,-0.000624,0.003551,0.000721,0.000000,0.000000,0.000000
1.584000,2,7.908846,0.641889,0.000000,0.000000,-0.000000,0.000000,0.000000,0.000000,0.000000
1.584000,3,8.229420,2.155615,-0.000736,-0.007595,0.003434,-0.000313,0.000000,0.000000,0.000000
1.592000,1,4.924597,0.865031,0.173881,-0.000624,0.003551,0.000721,0.000000,0.000000,0.000000
1.592000,2,7.908846,0.641889,0.000000,0.000000,-0.000000,0.000000,0.000000,0.000000,0.000000
1.592000,3,8.229359,2.155604,-0.000738,-0.007595,0.003435,-0.000313,0.000000,0.000000,0.000000
1.600000,1,4.924597,0.865031,0.173881,-0.000624,0.003551,0.000721,0.000000,0.000000,0.000000
1.600000,2,7.908846,0.641889,0.000000,0.000000,-0.000000,0.000000,0.000000,0.000000,0.000000
1.600000,3,8.229298,2.155592,-0.000741,-0.007595,0.003435,-0.000313,0.000000,0.000000,0.000000
1.609000,1,4.924597,0.865031,0.173881,-0.000624,0.003551,0.000721,0.000000,0.000000,0.000000
1.609000,2,7.908846,0.641889,0.000000,0.000000,-0.000000,0.000000,0.000000,0.000000,0.000000
1.609000,3,8.229229,2.155579,-0.000744,-0.007595,0.003435,-0.000313,0.000000,0.000000,0.000000
1.617000,1,4.924597,0.865031,0.173881,-0.000624,0.003551,0.000721,0.000000,0.000000,0.000000
1.617000,2,7.908846,0.641889,0.000000,0.000000,-0.000000,0.000000,0.000000,0.000000,0.000000
1.617000,3,8.229168,2.155568,-0.000746,-0.007595,0.003435,-0.000313,0.000000,0.000000,0.000000
1.625000,1,4.924597,0.865031,0.173881,-0.000624,0.003551,0.000721,0.000000,0.000000,0.000000
1.625000,2,7.908846,0.641889,0.000000,0.000000,-0.000000,0.000000,0.000000,0.000000,0.000000
1.625000,3,8.229107,2.155556,-0.000749,-0.007595,0.003435,-0.000313,0.000000,0.000000,0.000000
1.633000,1,4.924597,0.865031,0.173881,-0.000624,0.003551,0.000721,0.000000,0.000000,0.000000
1.633000,2,7.908846,0.641889,0.000000,0.000000,-0.000000,0.000000,0.000000,0.000000,0.000000
1.633000,3,8.229046,2.155545,-0.000751,-0.007595,0.003435,-0.000313,0.000000,0.000000,0.000000
1.642000,1,4.924597,0.865031,0.173881,-0.000624,0.003551,0.000721,0.000000,0.000000,0.000000
1.642000,2,7.908846,0.641889,0.000000,0.000000,-0.000000,0.000000,0.000000,0.000000,0.000000
1.642000,3,8.228977,2.155532,-0.000754,-0.007595,0.003435,-0.000313,0.000000,0.000000,0.000000
1.650000,1,4.924597,0.865031,0.173881,-0.000624,0.003551,0.000721,0.000000,0.000000,0.000000
1.650000,2,7.908846,0.641889,0.000000,0.000000,-0.000000,0.000000,0.000000,0.000000,0.000000
1.650000,3,8.228916,2.155521,-0.000757,-0.007595,0.003436,-0.000313,0.000000,0.000000,0.000000
1.658000,1,4.924597,0.865031,0.173881,-0.000624,0.003551,0.000721,0.000000,0.000000,0.000000
1.658000,2,7.908846,0.641889,0.000000,0.000000,-0.000000,0.000000,0.000000,0.000000,0.000000
1.658000,3,8.228855,2.155509,-0.000759,-0.007595,0.003436,-0.000313,0.000000,0.000000,0.000000
1.668000,1,4.924597,0.865031,0.173881,-0.000624,0.003552,0.000721,0.000000,0.000000,0.000000
1.668000,2,7.908846,0.641889,0.000000,0.000000,-0.000000,0.000000,0.000000,0.000000,0.000000
1.668000,3,8.228779,2.155495,-0.000762,-0.007595,0.003436,-0.000313,0.000000,0.000000,0.000000
1.675000,1,4.924597,0.865031,0.173881,-0.000624,0.003552,0.000721,0.000000,0.000000,0.000000
1.675000,2,7.908846,0.641889,0.000000,0.000000,-0.000000,0.000000,0.000000,0.000000,0.000000
1.675000,3,8.228725,2.155485,-0.000764,-0.007596,0.003436,-0.000313,0.000000,0.000000,0.000000
1.683000,1,4.924597,0.865031,0.173881,-0.000624,0.003552,0.000721,0.000000,0.000000,0.000000
1.683000,2,7.908846,0.641889,0.000000,0.000000,-0.000000,0.000000,0.000000,0.000000,0.000000
1.683000,3,8.228664,2.155473,-0.000767,-0.007596,0.003436,-0.000313,0.000000,0.000000,0.000000
1.692000,1,4.924597,0.865031,0.173881,-0.000624,0.003552,0.000721,0.000000,0.000000,0.000000
1.692000,2,7.908846,0.641889,0.000000,0.000000,-0.000000,0.000000,0.000000,0.000000,0.000000
1.692000,3,8.228596,2.155461,-0.000770,-0.007596,0.003436,-0.000313,0.000000,0.000000,0.000000
1.700000,1,4.924597,0.865031,0.173881,-0.000624,0.003552,0.000721,0.000000,0.000000,0.000000
1.700000,2,7.908846,0.641889,0.000000,0.000000,-0.000000,0.000000,0.000000,0.000000,0.000000
1.700000,3,8.228535,2.155449,-0.000772,-0.007596,0.003436,-0.000313,0.000000,0.000000,0.000000
1.708000,1,4.924597,0.865031,0.173881,-0.000624,0.003552,0.000721,0.000000,0.000000,0.000000
1.708000,2,7.908846,0.641889,0.000000,0.000000,-0.000000,0.000000,0.000000,0.000000,0.000000
1.708000,3,8.228474,2.155438,-0.000775,-0.007596,0.003437,-0.000313,0.000000,0.000000,0.000000
1.717000,1,4.924597,0.865031,0.173881,-0.000624,0.003552,0.000721,0.000000,0.000000,0.000000
1.717000,2,7.908846,0.641889,0.000000,0.000000,-0.000000,0.000000,0.000000,0.000000,0.000000
1.717000,3,8.228405,2.155425,-0.000778,-0.007596,0.003437,-0.000313,0.000000,0.000000,0.000000
1.725000,1,4.924597,0.865031,0.173881,-0.000624,0.003552,0.000721,0.000000,0.000000,0.000000
1.725000,2,7.908846,0.641889,0.000000,0.000000,-0.000000,0.000000,0.000000,0.000000,0.000000
1.725000,3,8.228344,2.155413,-0.000780,-0.007596,0.003437,-0.000313,0.000000,0.000000,0.000000
1.734000,1,4.924597,0.865031,0.173881,-0.000624,0.003552,0.000721,0.000000,0.000000,0.000000
1.734000,2,7.908846,0.641889,0.000000,0.000000,-0.000000,0.000000,0.000000,0.000000,0.000000
1.734000,3,8.228275,2.155401,-0.000783,-0.007596,0.003437,-0.000313,0.000000,0.000000,0.000000
1.742000,1,4.924597,0.865031,0.173881,-0.000624,0.003552,0.000721,0.000000,0.000000,0.000000
1.742000,2,7.908846,0.641889,0.000000,0.000000,-0.000000,0.000000,0.000000,0.000000,0.000000
1.742000,3,8.228214,2.155389,-0.000785,-0.007596,0.003437,-0.000313,0.000000,0.000000,0.000000
1.750000,1,4.924597,0.865031,0.173881,-0.000624,0.003552,0.000721,0.000000,0.000000,0.000000
1.750000,2,7.908846,0.641889,0.000000,0.000000,-0.000000,0.000000,0.000000,0.000000,0.000000
1.750000,3,8.228153,2.155378,-0.000788,-0.007596,0.003437,-0.000313,0.000000,0.000000,0.000000
1.758000,1,4.924597,0.865031,0.173881,-0.000624,0.003552,0.000721,0.000000,0.000000,0.000000
1.758000,2,7.908846,0.641889,0.000000,0.000000,-0.000000,0.000000,0.000000,0.000000,0.000000
1.758000,3,8.228092,2.155366,-0.000790,-0.007596,0.003437,-0.000313,0.000000,0.000000,0.000000
1.767000,1,4.924597,0.865031,0.173881,-0.000624,0.003552,0.000721,0.000000,0.000000,0.000000
1.767000,2,7.908846,0.641889,0.000000,0.000000,-0.000000,0.000000,0.000000,0.000000,0.000000
1.767000,3,8.228024,2.155353,-0.000793,-0.007596,0.003438,-0.000313,0.000000,0.000000,0.000000
1.775000,1,4.924597,0.865031,0.173881,-0.000624,0.003552,0.000721,0.000000,0.000000,0.000000
1.775000,2,7.908846,0.641889,0.000000,0.000000,-0.000000,0.000000,0.000000,0.000000,0.000000
1.775000,3,8.227962,2.155342,-0.000796,-0.007596,0.003438,-0.000313,0.000000,0.000000,0.000000
1.783000,1,4.924597,0.865031,0.173881,-0.000624,0.003552,0.000721,0.000000,0.000000,0.000000
1.783000,2,7.908846,0.641889,0.000000,0.000000,-0.000000,0.000000,0.000000,0.000000,0.000000
1.783000,3,8.227901,2.155330,-0.000798,-0.007596,0.003438,-0.000313,0.000000,0.000000,0.000000
1.792000,1,4.924597,0.865031,0.173881,-0.000624,0.003552,0.000721,0.000000,0.000000,0.000000
1.792000,2,7.908846,0.641889,0.000000,0.000000,-0.000000,0.000000,0.000000,0.000000,0.000000
1.792000,3,8.227833,2.155318,-0.000801,-0.007596,0.003438,-0.000313,0.000000,0.000000,0.000000
1.800000,1,4.924597,0.865031,0.173881,-0.000624,0.003553,0.000721,0.000000,0.000000,0.000000
1.800000,2,7.908846,0.641889,0.000000,0.000000,-0.000000,0.000000,0.000000,0.000000,0.000000
1.800000,3,8.227772,2.155306,-0.000804,-0.007596,0.003438,-0.000313,0.000000,0.000000,0.000000
1.809000,1,4.924597,0.865031,0.173881,-0.000624,0.003553,0.000721,0.000000,0.000000,0.000000
1.809000,2,7.908846,0.641889,0.000000,0.000000,-0.000000,0.000000,0.000000,0.000000,0.000000
1.809000,3,8.227703,2.155293,-0.000806,-0.007596,0.003438,-0.000313,0.000000,0.000000,0.000000
1.817000,1,4.924597,0.865031,0.173881,-0.000624,0.003553,0.000721,0.000000,0.000000,0.000000
1.817000,2,7.908846,0.641889,0.000000,0.000000,-0.000000,0.000000,0.000000,0.000000,0.000000
1.817000,3,8.227642,2.155282,-0.000809,-0.007596,0.003439,-0.000313,0.000000,0.000000,0.000000
1.826000,1,4.924597,0.865031,0.173881,-0.000624,0.003553,0.000721,0.000000,0.000000,0.000000
1.826000,2,7.908846,0.641889,0.000000,0.000000,-0.000000,0.000000,0.000000,0.000000,0.000000
1.826000,3,8.227573,2.155269,-0.000812,-0.007596,0.003439,-0.000313,0.000000,0.000000,0.000000
1.833000,1,4.924597,0.865031,0.173881,-0.000624,0.003553,0.000721,0.000000,0.000000,0.000000
1.833000,2,7.908846,0.641889,0.000000,0.000000,-0.000000,0.000000,0.000000,0.000000,0.000000
1.833000,3,8.227520,2.155259,-0.000814,-0.007596,0.003439,-0.000313,0.000000,0.000000,0.000000
1.842000,1,4.924597,0.865031,0.173881,-0.000624,0.003553,0.000721,0.000000,0.000000,0.000000
1.842000,2,7.908846,0.641889,0.000000,0.000000,-0.000000,0.000000,0.000000,0.000000,0.000000
1.842000,3,8.227451,2.155246,-0.000817,-0.007596,0.003439,-0.000313,0.000000,0.000000,0.000000
1.850000,1,4.924597,0.865031,0.173881,-0.000624,0.003553,0.000721,0.000000,0.000000,0.000000
1.850000,2,7.908846,0.641889,0.000000,0.000000,-0.000000,0.000000,0.000000,0.000000,0.000000
1.850000,3,8.227390,2.155235,-0.000819,-0.007596,0.003439,-0.000313,0.000000,0.000000,0.000000
1.859000,1,4.924597,0.865031,0.173881,-0.000624,0.003553,0.000721,0.000000,0.000000,0.000000
1.859000,2,7.908846,0.641889,0.000000,0.000000,-0.000000,0.000000,0.000000,0.000000,0.000000
1.859000,3,8.227322,2.155222,-0.000822,-0.007596,0.003439,-0.000313,0.000000,0.000000,0.000000
1.867000,1,4.924597,0.865031,0.173881,-0.000624,0.003553,0.000721,0.000000,0.000000,0.000000
1.867000,2,7.908846,0.641889,0.000000,0.000000,-0.000000,0.000000,0.000000,0.000000,0.000000
1.867000,3,8.227261,2.155210,-0.000824,-0.007596,0.003439,-0.000313,0.000000,0.000000,0.000000
1.876000,1,4.924597,0.865031,0.173881,-0.000624,0.003553,0.000722,0.000000,0.000000,0.000000
1.876000,2,7.908846,0.641889,0.000000,0.000000,-0.000000,0.000000,0.000000,0.000000,0.000000
1.876000,3,8.227192,2.155197,-0.000827,-0.007596,0.003440,-0.000313,0.000000,0.000000,0.000000
1.884000,1,4.924597,0.865031,0.173881,-0.000624,0.003553,0.000722,0.000000,0.000000,0.000000
1.884000,2,7.908846,0.641889,0.000000,0.000000,-0.000000,0.000000,0.000000,0.000000,0.000000
1.884000,3,8.227131,2.155186,-0.000830,-0.007596,0.003440,-0.000313,0.000000,0.000000,0.000000
1.892000,1,4.924597,0.865031,0.173881,-0.000624,0.003553,0.000722,0.000000,0.000000,0.000000
1.892000,2,7.908846,0.641889,0.000000,0.000000,-0.000000,0.000000,0.000000,0.000000,0.000000
1.892000,3,8.227070,2.155174,-0.000832,-0.007597,0.003440,-0.000313,0.000000,0.000000,0.000000
1.900000,1,4.924597,0.865031,0.173881,-0.000624,0.003553,0.000722,0.000000,0.000000,0.000000
1.900000,2,7.908846,0.641889,0.000000,0.000000,-0.000000,0.000000,0.000000,0.000000,0.000000
1.900000,3,8.227009,2.155163,-0.000835,-0.007597,0.003440,-0.000313,0.000000,0.000000,0.000000
1.908000,1,4.924597,0.865031,0.173881,-0.000624,0.003553,0.000722,0.000000,0.000000,0.000000
1.908000,2,7.908846,0.641889,0.000000,0.000000,-0.000000,0.000000,0.000000,0.000000,0.000000
1.908000,3,8.226948,2.155152,-0.000837,-0.007597,0.003440,-0.000312,0.000000,0.000000,0.000000
1.917000,1,4.924597,0.865031,0.173881,-0.000624,0.003553,0.000722,0.000000,0.000000,0.000000
1.917000,2,7.908846,0.641889,0.000000,0.000000,-0.000000,0.000000,0.000000,0.000000,0.000000
1.917000,3,8.226879,2.155139,-0.000840,-0.007597,0.003440,-0.000312,0.000000,0.000000,0.000000
1.926000,1,4.924597,0.865031,0.173881,-0.000624,0.003554,0.000722,0.000000,0.000000,0.000000
1.926000,2,7.908846,0.641889,0.000000,0.000000,-0.000000,0.000000,0.000000,0.000000,0.000000
1.926000,3,8.226810,2.155126,-0.000843,-0.007597,0.003441,-0.000312,0.000000,0.000000,0.000000
1.934000,1,4.924597,0.865031,0.173881,-0.000624,0.003554,0.000722,0.000000,0.000000,0.000000
1.934000,2,7.908846,0.641889,0.000000,0.000000,-0.000000,0.000000,0.000000,0.000000,0.000000
1.934000,3,8.226749,2.155114,-0.000845,-0.007597,0.003441,-0.000312,0.000000,0.000000,0.000000
1.942000,1,4.924597,0.865031,0.173881,-0.000624,0.003554,0.000722,0.000000,0.000000,0.000000
1.942000,2,7.908846,0.641889,0.000000,0.000000,-0.000000,0.000000,0.000000,0.000000,0.000000
1.942000,3,8.226688,2.155103,-0.000848,-0.007597,0.003441,-0.000312,0.000000,0.000000,0.000000
1.950000,1,4.924597,0.865031,0.173881,-0.000624,0.003554,0.000722,0.000000,0.000000,0.000000
1.950000,2,7.908846,0.641889,0.000000,0.000000,-0.000000,0.000000,0.000000,0.000000,0.000000
1.950000,3,8.226627,2.155092,-0.000850,-0.007597,0.003441,-0.000312,0.000000,0.000000,0.000000
1.959000,1,4.924597,0.865031,0.173881,-0.000624,0.003554,0.000722,0.000000,0.000000,0.000000
1.959000,2,7.908846,0.641889,0.000000,0.000000,-0.000000,0.000000,0.000000,0.000000,0.000000
1.959000,3,8.226559,2.155079,-0.000853,-0.007597,0.003441,-0.000312,0.000000,0.000000,0.000000
1.968000,1,4.924597,0.865031,0.173881,-0.000624,0.003554,0.000722,0.000000,0.000000,0.000000
1.968000,2,7.908846,0.641889,0.000000,0.000000,-0.000000,0.000000,0.000000,0.000000,0.000000
1.968000,3,8.226490,2.155066,-0.000856,-0.007597,0.003441,-0.000312,0.000000,0.000000,0.000000
1.975000,1,4.924597,0.865031,0.173881,-0.000624,0.003554,0.000722,0.000000,0.000000,0.000000
1.975000,2,7.908846,0.641889,0.000000,0.000000,-0.000000,0.000000,0.000000,0.000000,0.000000
1.975000,3,8.226437,2.155056,-0.000858,-0.007597,0.003441,-0.000312,0.000000,0.000000,0.000000
1.984000,1,4.924597,0.865031,0.173881,-0.000624,0.003554,0.000722,0.000000,0.000000,0.000000
1.984000,2,7.908846,0.641889,0.000000,0.000000,-0.000000,0.000000,0.000000,0.000000,0.000000
1.984000,3,8.226368,2.155043,-0.000861,-0.007597,0.003442,-0.000312,0.000000,0.000000,0.000000
1.992000,1,4.924597,0.865031,0.173881,-0.000624,0.003554,0.000722,0.000000,0.000000,0.000000
1.992000,2,7.908846,0.641889,0.000000,0.000000,-0.000000,0.000000,0.000000,0.000000,0.000000
1.992000,3,8.226307,2.155031,-0.000864,-0.007597,0.003442,-0.000312,0.000000,0.000000,0.000000
2.000000,1,4.924597,0.865031,0.173881,-0.000624,0.003554,0.000722,0.000000,0.000000,0.000000
2.000000,2,7.908846,0.641889,0.000000,0.000000,-0.000000,0.000000,0.000000,0.000000,0.000000
2.000000,3,8.226246,2.155020,-0.000866,-0.007597,0.003442,-0.000312,0.000000,0.000000,0.000000
2.009000,1,4.924597,0.865031,0.173881,-0.000624,0.003554,0.000722,0.000000,0.000000,0.000000
2.009000,2,7.908846,0.641889,0.000000,0.000000,-0.000000,0.000000,0.000000,0.000000,0.000000
2.009000,3,8.226177,2.155007,-0.000869,-0.007597,0.003442,-0.000312,0.000000,0.000000,0.000000
2.018000,1,4.924597,0.865031,0.173881,-0.000624,0.003554,0.000722,0.000000,0.000000,0.000000
2.018000,2,7.908846,0.641889,0.000000,0.000000,-0.000000,0.000000,0.000000,0.000000,0.000000
2.018000,3,8.226109,2.154994,-0.000872,-0.007597,0.003442,-0.000312,0.000000,0.000000,0.000000
2.025000,1,4.924597,0.865031,0.173881,-0.000624,0.003554,0.000722,0.000000,0.000000,0.000000
2.025000,2,7.908846,0.641889,0.000000,0.000000,-0.000000,0.000000,0.000000,0.000000,0.000000
2.025000,3,8.226055,2.154984,-0.000874,-0.007597,0.003442,-0.000312,0.000000,0.000000,0.000000
2.033000,1,4.924597,0.865031,0.173881,-0.000624,0.003554,0.000722,0.000000,0.000000,0.000000
2.033000,2,7.908846,0.641889,0.000000,0.000000,-0.000000,0.000000,0.000000,0.000000,0.000000
2.033000,3,8.225994,2.154973,-0.000876,-0.007597,0.003442,-0.000312,0.000000,0.000000,0.000000
2.042000,1,4.924597,0.865031,0.173881,-0.000624,0.003554,0.000722,0.000000,0.000000,0.000000
2.042000,2,7.908846,0.641889,0.000000,0.000000,-0.000000,0.000000,0.000000,0.000000,0.000000
2.042000,3,8.225925,2.154960,-0.000879,-0.007597,0.003443,-0.000312,0.000000,0.000000,0.000000
2.050000,1,4.924597,0.865031,0.173881,-0.000624,0.003555,0.000722,0.000000,0.000000,0.000000
2.050000,2,7.908846,0.641889,0.000000,0.000000,-0.000000,0.000000,0.000000,0.000000,0.000000
2.050000,3,8.225864,2.154948,-0.000882,-0.007597,0.003443,-0.000312,0.000000,0.000000,0.000000
2.058000,1,4.924597,0.865031,0.173881,-0.000624,0.003555,0.000722,0.000000,0.000000,0.000000
2.058000,2,7.908846,0.641889,0.000000,0.000000,-0.000000,0.000000,0.000000,0.000000,0.000000
2.058000,3,8.225803,2.154937,-0.000884,-0.007597,0.003443,-0.000312,0.000000,0.000000,0.000000
2.067000,1,4.924597,0.865031,0.173881,-0.000624,0.003555,0.000722,0.000000,0.000000,0.000000
2.067000,2,7.908846,0.641889,0.000000,0.000000,-0.000000,0.000000,0.000000,0.000000,0.000000
2.067000,3,8.225735,2.154924,-0.000887,-0.007597,0.003443,-0.000312,0.000000,0.000000,0.000000
2.075000,1,4.924597,0.865031,0.173881,-0.000624,0.003555,0.000722,0.000000,0.000000,0.000000
2.075000,2,7.908846,0.641889,0.000000,0.000000,-0.000000,0.000000,0.000000,0.000000,0.000000
2.075000,3,8.225674,2.154913,-0.000889,-0.007597,0.003443,-0.000312,0.000000,0.000000,0.000000
2.083000,1,4.924597,0.865031,0.173881,-0.000624,0.003555,0.000722,0.000000,0.000000,0.000000
2.083000,2,7.908846,0.641889,0.000000,0.000000,-0.000000,0.000000,0.000000,0.000000,0.000000
2.083000,3,8.225613,2.154901,-0.000892,-0.007597,0.003443,-0.000312,0.000000,0.000000,0.000000
2.092000,1,4.924597,0.865031,0.173881,-0.000624,0.003555,0.000722,0.000000,0.000000,0.000000
2.092000,2,7.908846,0.641889,0.000000,0.000000,-0.000000,0.000000,0.000000,0.000000,0.000000
2.092000,3,8.225544,2.154888,-0.000895,-0.007597,0.003443,-0.000312,0.000000,0.000000,0.000000
2.100000,1,4.924597,0.865031,0.173881,-0.000624,0.003555,0.000722,0.000000,0.000000,0.000000
2.100000,2,7.908846,0.641889,0.000000,0.000000,-0.000000,0.000000,0.000000,0.000000,0.000000
2.100000,3,8.225483,2.154877,-0.000897,-0.007598,0.003444,-0.000312,0.000000,0.000000,0.000000
2.109000,1,4.924597,0.865031,0.173881,-0.000624,0.003555,0.000722,0.000000,0.000000,0.000000
2.109000,2,7.908846,0.641889,0.000000,0.000000,-0.000000,0.000000,0.000000,0.000000,0.000000
2.109000,3,8.225414,2.154864,-0.000900,-0.007598,0.003444,-0.000312,0.000000,0.000000,0.000000
2.117000,1,4.924597,0.865031,0.173881,-0.000624,0.003555,0.000722,0.000000,0.000000,0.000000
2.117000,2,7.908846,0.641889,0.000000,0.000000,-0.000000,0.000000,0.000000,0.000000,0.000000
2.117000,3,8.225353,2.154853,-0.000903,-0.007598,0.003444,-0.000312,0.000000,0.000000,0.000000
2.125000,1,4.924597,0.865031,0.173881,-0.000624,0.003555,0.000722,0.000000,0.000000,0.000000
2.125000,2,7.908846,0.641889,0.000000,0.000000,-0.000000,0.000000,0.000000,0.000000,0.000000
2.125000,3,8.225292,2.154841,-0.000905,-0.007598,0.003444,-0.000312,0.000000,0.000000,0.000000
2.133000,1,4.924597,0.865031,0.173881,-0.000624,0.003555,0.000722,0.000000,0.000000,0.000000
2.133000,2,7.908846,0.641889,0.000000,0.000000,-0.000000,0.000000,0.000000,0.000000,0.000000
2.133000,3,8.225231,2.154830,-0.000908,-0.007598,0.003444,-0.000312,0.000000,0.000000,0.000000
2.142000,1,4.924597,0.865031,0.173881,-0.000625,0.003555,0.000722,0.000000,0.000000,0.000000
2.142000,2,7.908846,0.641889,0.000000,0.000000,-0.000000,0.000000,0.000000,0.000000,0.000000
2.142000,3,8.225163,2.154817,-0.000910,-0.007598,0.003444,-0.000312,0.000000,0.000000,0.000000
2.150000,1,4.924597,0.865031,0.173881,-0.000625,0.003555,0.000722,0.000000,0.000000,0.000000
2.150000,2,7.908846,0.641889,0.000000,0.000000,-0.000000,0.000000,0.000000,0.000000,0.000000
2.150000,3,8.225101,2.154805,-0.000913,-0.007598,0.003445,-0.000312,0.000000,0.000000,0.000000
2.158000,1,4.924597,0.865031,0.173881,-0.000625,0.003555,0.000722,0.000000,0.000000,0.000000
2.158000,2,7.908846,0.641889,0.000000,0.000000,-0.000000,0.000000,0.000000,0.000000,0.000000
2.158000,3,8.225040,2.154794,-0.000915,-0.007598,0.003445,-0.000312,0.000000,0.000000,0.000000
2.167000,1,4.924597,0.865031,0.173881,-0.000625,0.003555,0.000722,0.000000,0.000000,0.000000
2.167000,2,7.908846,0.641889,0.000000,0.000000,-0.000000,0.000000,0.000000,0.000000,0.000000
2.167000,3,8.224972,2.154781,-0.000918,-0.007598,0.003445,-0.000312,0.000000,0.000000,0.000000
2.175000,1,4.924597,0.865031,0.173881,-0.000625,0.003556,0.000722,0.000000,0.000000,0.000000
2.175000,2,7.908846,0.641889,0.000000,0.000000,-0.000000,0.000000,0.000000,0.000000,0.000000
2.175000,3,8.224911,2.154770,-0.000921,-0.007598,0.003445,-0.000312,0.000000,0.000000,0.000000
2.184000,1,4.924597,0.865031,0.173881,-0.000625,0.003556,0.000722,0.000000,0.000000,0.000000
2.184000,2,7.908846,0.641889,0.000000,0.000000,-0.000000,0.000000,0.000000,0.000000,0.000000
2.184000,3,8.224842,2.154757,-0.000923,-0.007598,0.003445,-0.000312,0.000000,0.000000,0.000000
2.192000,1,4.924597,0.865031,0.173881,-0.000625,0.003556,0.000722,0.000000,0.000000,0.000000
2.192000,2,7.908846,0.641889,0.000000,0.000000,-0.000000,0.000000,0.000000,0.000000,0.000000
2.192000,3,8.224781,2.154745,-0.000926,-0.007598,0.003445,-0.000312,0.000000,0.000000,0.000000
2.200000,1,4.924597,0.865031,0.173881,-0.000625,0.003556,0.000722,0.000000,0.000000,0.000000
2.200000,2,7.908846,0.641889,0.000000,0.000000,-0.000000,0.000000,0.000000,0.000000,0.000000
2.200000,3,8.224720,2.154734,-0.000928,-0.007598,0.003445,-0.000312,0.000000,0.000000,0.000000
2.209000,1,4.924597,0.865031,0.173881,-0.000625,0.003556,0.000722,0.000000,0.000000,0.000000
2.209000,2,7.908846,0.641889,0.000000,0.000000,-0.000000,0.000000,0.000000,0.000000,0.000000
2.209000,3,8.224651,2.154721,-0.000931,-0.007598,0.003446,-0.000312,0.000000,0.000000,0.000000
2.217000,1,4.924597,0.865031,0.173881,-0.000625,0.003556,0.000722,0.000000,0.000000,0.000000
2.217000,2,7.908846,0.641889,0.000000,0.000000,-0.000000,0.000000,0.000000,0.000000,0.000000
2.217000,3,8.224590,2.154710,-0.000934,-0.007598,0.003446,-0.000312,0.000000,0.000000,0.000000
2.225000,1,4.924597,0.865031,0.173881,-0.000625,0.003556,0.000722,0.000000,0.000000,0.000000
2.225000,2,7.908846,0.641889,0.000000,0.000000,-0.000000,0.000000,0.000000,0.000000,0.000000
2.225000,3,8.224529,2.154698,-0.000936,-0.007598,0.003446,-0.000311,0.000000,0.000000,0.000000
2.233000,1,4.924597,0.865031,0.173881,-0.000625,0.003556,0.000722,0.000000,0.000000,0.000000
2.233000,2,7.908846,0.641889,0.000000,0.000000,-0.000000,0.000000,0.000000,0.000000,0.000000
2.233000,3,8.224468,2.154687,-0.000939,-0.007598,0.003446,-0.000311,0.000000,0.000000,0.000000
2.241000,1,4.924597,0.865031,0.173881,-0.000625,0.003556,0.000722,0.000000,0.000000,0.000000
2.241000,2,7.908846,0.641889,0.000000,0.000000,-0.000000,0.000000,0.000000,0.000000,0.000000
2.241000,3,8.224407,2.154675,-0.000941,-0.007598,0.003446,-0.000311,0.000000,0.000000,0.000000
2.250000,1,4.924597,0.865031,0.173881,-0.000625,0.003556,0.000722,0.000000,0.000000,0.000000
2.250000,2,7.908846,0.641889,0.000000,0.000000,-0.000000,0.000000,0.000000,0.000000,0.000000
2.250000,3,8.224339,2.154662,-0.000944,-0.007598,0.003446,-0.000311,0.000000,0.000000,0.000000
2.258000,1,4.924597,0.865031,0.173881,-0.000625,0.003556,0.000722,0.000000,0.000000,0.000000
2.258000,2,7.908846,0.641889,0.000000,0.000000,-0.000000,0.000000,0.000000,0.000000,0.000000
2.258000,3,8.224277,2.154651,-0.000946,-0.007598,0.003446,-0.000311,0.000000,0.000000,0.000000
2.267000,1,4.924597,0.865031,0.173881,-0.000625,0.003556,0.000722,0.000000,0.000000,0.000000
2.267000,2,7.908846,0.641889,0.000000,0.000000,-0.000000,0.000000,0.000000,0.000000,0.000000
2.267000,3,8.224209,2.154638,-0.000949,-0.007598,0.003447,-0.000311,0.000000,0.000000,0.000000
2.275000,1,4.924597,0.865031,0.173881,-0.000625,0.003556,0.000722,0.000000,0.000000,0.000000
2.275000,2,7.908846,0.641889,0.000000,0.000000,-0.000000,0.000000,0.000000,0.000000,0.000000
2.275000,3,8.224148,2.154627,-0.000952,-0.007598,0.003447,-0.000311,0.000000,0.000000,0.000000
2.283000,1,4.924597,0.865031,0.173881,-0.000625,0.003556,0.000722,0.000000,0.000000,0.000000
2.283000,2,7.908846,0.641889,0.000000,0.000000,-0.000000,0.000000,0.000000,0.000000,0.000000
2.283000,3,8.224087,2.154615,-0.000954,-0.007598,0.003447,-0.000311,0.000000,0.000000,0.000000
2.291000,1,4.924597,0.865031,0.173881,-0.000625,0.003556,0.000722,0.000000,0.000000,0.000000
2.291000,2,7.908846,0.641889,0.000000,0.000000,-0.000000,0.000000,0.000000,0.000000,0.000000
2.291000,3,8.224026,2.154604,-0.000957,-0.007598,0.003447,-0.000311,0.000000,0.000000,0.000000
2.300000,1,4.924597,0.865031,0.173881,-0.000625,0.003557,0.000722,0.000000,0.000000,0.000000
2.300000,2,7.908846,0.641889,0.000000,0.000000,-0.000000,0.000000,0.000000,0.000000,0.000000
2.300000,3,8.223957,2.154591,-0.000960,-0.007598,0.003447,-0.000311,0.000000,0.000000,0.000000
2.308000,1,4.924597,0.865031,0.173881,-0.000625,0.003557,0.000722,0.000000,0.000000,0.000000
2.308000,2,7.908846,0.641889,0.000000,0.000000,-0.000000,0.000000,0.000000,0.000000,0.000000
2.308000,3,8.223896,2.154579,-0.000962,-0.007599,0.003447,-0.000311,0.000000,0.000000,0.000000
2.316000,1,4.924597,0.865031,0.173881,-0.000625,0.003557,0.000722,0.000000,0.000000,0.000000
2.316000,2,7.908846,0.641889,0.000000,0.000000,-0.000000,0.000000,0.000000,0.000000,0.000000
2.316000,3,8.223835,2.154568,-0.000965,-0.007599,0.003448,-0.000311,0.000000,0.000000,0.000000
2.325000,1,4.924597,0.865031,0.173881,-0.000625,0.003557,0.000722,0.000000,0.000000,0.000000
2.325000,2,7.908846,0.641889,0.000000,0.000000,-0.000000,0.000000,0.000000,0.000000,0.000000
2.325000,3,8.223766,2.154555,-0.000967,-0.007599,0.003448,-0.000311,0.000000,0.000000,0.000000
2.333000,1,4.924597,0.865031,0.173881,-0.000625,0.003557,0.000722,0.000000,0.000000,0.000000
2.333000,2,7.908846,0.641889,0.000000,0.000000,-0.000000,0.000000,0.000000,0.000000,0.000000
2.333000,3,8.223705,2.154544,-0.000970,-0.007599,0.003448,-0.000311,0.000000,0.000000,0.000000
2.342000,1,4.924597,0.865031,0.173881,-0.000625,0.003557,0.000722,0.000000,0.000000,0.000000
2.342000,2,7.908846,0.641889,0.000000,0.000000,-0.000000,0.000000,0.000000,0.000000,0.000000
2.342000,3,8.223637,2.154531,-0.000973,-0.007599,0.003448,-0.000311,0.000000,0.000000,0.000000
2.350000,1,4.924597,0.865031,0.173881,-0.000625,0.003557,0.000722,0.000000,0.000000,0.000000
2.350000,2,7.908846,0.641889,0.000000,0.000000,-0.000000,0.000000,0.000000,0.000000,0.000000
2.350000,3,8.223576,2.154519,-0.000975,-0.007599,0.003448,-0.000311,0.000000,0.000000,0.000000
2.359000,1,4.924597,0.865031,0.173881,-0.000625,0.003557,0.000722,0.000000,0.000000,0.000000
2.359000,2,7.908846,0.641889,0.000000,0.000000,-0.000000,0.000000,0.000000,0.000000,0.000000
2.359000,3,8.223507,2.154506,-0.000978,-0.007599,0.003448,-0.000311,0.000000,0.000000,0.000000
2.367000,1,4.924597,0.865031,0.173881,-0.000625,0.003557,0.000722,0.000000,0.000000,0.000000
2.367000,2,7.908846,0.641889,0.000000,0.000000,-0.000000,0.000000,0.000000,0.000000,0.000000
2.367000,3,8.223446,2.154495,-0.000980,-0.007599,0.003448,-0.000311,0.000000,0.000000,0.000000
2.375000,1,4.924597,0.865031,0.173881,-0.000625,0.003557,0.000722,0.000000,0.000000,0.000000
2.375000,2,7.908846,0.641889,0.000000,0.000000,-0.000000,0.000000,0.000000,0.000000,0.000000
2.375000,3,8.223385,2.154484,-0.000983,-0.007599,0.003449,-0.000311,0.000000,0.000000,0.000000
2.383000,1,4.924597,0.865031,0.173881,-0.000625,0.003557,0.000722,0.000000,0.000000,0.000000
2.383000,2,7.908846,0.641889,0.000000,0.000000,-0.000000,0.000000,0.000000,0.000000,0.000000
2.383000,3,8.223324,2.154472,-0.000985,-0.007599,0.003449,-0.000311,0.000000,0.000000,0.000000
2.392000,1,4.924597,0.865031,0.173881,-0.000625,0.003557,0.000722,0.000000,0.000000,0.000000
2.392000,2,7.908846,0.641889,0.000000,0.000000,-0.000000,0.000000,0.000000,0.000000,0.000000
2.392000,3,8.223255,2.154459,-0.000988,-0.007599,0.003449,-0.000311,0.000000,0.000000,0.000000
2.400000,1,4.924597,0.865031,0.173881,-0.000625,0.003557,0.000722,0.000000,0.000000,0.000000
2.400000,2,7.908846,0.641889,0.000000,0.000000,-0.000000,0.000000,0.000000,0.000000,0.000000
2.400000,3,8.223194,2.154448,-0.000991,-0.007599,0.003449,-0.000311,0.000000,0.000000,0.000000
2.409000,1,4.924597,0.865031,0.173881,-0.000625,0.003557,0.000722,0.000000,0.000000,0.000000
2.409000,2,7.908846,0.641889,0.000000,0.000000,-0.000000,0.000000,0.000000,0.000000,0.000000
2.409000,3,8.223125,2.154435,-0.000993,-0.007599,0.003449,-0.000311,0.000000,0.000000,0.000000
2.416000,1,4.924597,0.865031,0.173881,-0.000625,0.003557,0.000722,0.000000,0.000000,0.000000
2.416000,2,7.908846,0.641889,0.000000,0.000000,-0.000000,0.000000,0.000000,0.000000,0.000000
2.416000,3,8.223072,2.154425,-0.000996,-0.007599,0.003449,-0.000311,0.000000,0.000000,0.000000
2.425000,1,4.924597,0.865031,0.173881,-0.000625,0.003558,0.000722,0.000000,0.000000,0.000000
2.425000,2,7.908846,0.641889,0.000000,0.000000,-0.000000,0.000000,0.000000,0.000000,0.000000
2.425000,3,8.223003,2.154412,-0.000998,-0.007599,0.003449,-0.000311,0.000000,0.000000,0.000000
2.433000,1,4.924597,0.865031,0.173881,-0.000625,0.003558,0.000722,0.000000,0.000000,0.000000
2.433000,2,7.908846,0.641889,0.000000,0.000000,-0.000000,0.000000,0.000000,0.000000,0.000000
2.433000,3,8.222942,2.154401,-0.001001,-0.007599,0.003450,-0.000311,0.000000,0.000000,0.000000
2.442000,1,4.924597,0.865031,0.173881,-0.000625,0.003558,0.000722,0.000000,0.000000,0.000000
2.442000,2,7.908846,0.641889,0.000000,0.000000,-0.000000,0.000000,0.000000,0.000000,0.000000
2.442000,3,8.222874,2.154388,-0.001004,-0.007599,0.003450,-0.000311,0.000000,0.000000,0.000000
2.450000,1,4.924597,0.865031,0.173881,-0.000625,0.003558,0.000722,0.000000,0.000000,0.000000
2.450000,2,7.908846,0.641889,0.000000,0.000000,-0.000000,0.000000,0.000000,0.000000,0.000000
2.450000,3,8.222813,2.154376,-0.001006,-0.007599,0.003450,-0.000311,0.000000,0.000000,0.000000
2.458000,1,4.924597,0.865031,0.173881,-0.000625,0.003558,0.000722,0.000000,0.000000,0.000000
2.458000,2,7.908846,0.641889,0.000000,0.000000,-0.000000,0.000000,0.000000,0.000000,0.000000
2.458000,3,8.222752,2.154365,-0.001009,-0.007599,0.003450,-0.000311,0.000000,0.000000,0.000000
2.467000,1,4.924597,0.865031,0.173881,-0.000625,0.003558,0.000722,0.000000,0.000000,0.000000
2.467000,2,7.908846,0.641889,0.000000,0.000000,-0.000000,0.000000,0.000000,0.000000,0.000000
2.467000,3,8.222683,2.154352,-0.001011,-0.007599,0.003450,-0.000311,0.000000,0.000000,0.000000
2.475000,1,4.924597,0.865031,0.173881,-0.000625,0.003558,0.000722,0.000000,0.000000,0.000000
2.475000,2,7.908846,0.641889,0.000000,0.000000,-0.000000,0.000000,0.000000,0.000000,0.000000
2.475000,3,8.222622,2.154341,-0.001014,-0.007599,0.003450,-0.000311,0.000000,0.000000,0.000000
2.483000,1,4.924597,0.865031,0.173881,-0.000625,0.003558,0.000722,0.000000,0.000000,0.000000
2.483000,2,7.908846,0.641889,0.000000,0.000000,-0.000000,0.000000,0.000000,0.000000,0.000000
2.483000,3,8.222561,2.154329,-0.001016,-0.007599,0.003451,-0.000311,0.000000,0.000000,0.000000
2.491000,1,4.924597,0.865031,0.173881,-0.000625,0.003558,0.000722,0.000000,0.000000,0.000000
2.491000,2,7.908846,0.641889,0.000000,0.000000,-0.000000,0.000000,0.000000,0.000000,0.000000
2.491000,3,8.222500,2.154318,-0.001019,-0.007599,0.003451,-0.000311,0.000000,0.000000,0.000000
2.500000,1,4.924597,0.865031,0.173881,-0.000625,0.003558,0.000723,0.000000,0.000000,0.000000
2.500000,2,7.908846,0.641889,0.000000,0.000000,-0.000000,0.000000,0.000000,0.000000,0.000000
2.500000,3,8.222431,2.154305,-0.001022,-0.007599,0.003451,-0.000311,0.000000,0.000000,0.000000
2.508000,1,4.924597,0.865031,0.173881,-0.000625,0.003558,0.000723,0.000000,0.000000,0.000000
2.508000,2,7.908846,0.641889,0.000000,0.000000,-0.000000,0.000000,0.000000,0.000000,0.000000
2.508000,3,8.222370,2.154293,-0.001024,-0.007599,0.003451,-0.000311,0.000000,0.000000,0.000000
2.516000,1,4.924597,0.865031,0.173881,-0.000625,0.003558,0.000723,0.000000,0.000000,0.000000
2.516000,2,7.908846,0.641889,0.000000,0.000000,-0.000000,0.000000,0.000000,0.000000,0.000000
2.516000,3,8.222309,2.154282,-0.001027,-0.007600,0.003451,-0.000311,0.000000,0.000000,0.000000
2.525000,1,4.924597,0.865031,0.173881,-0.000625,0.003558,0.000723,0.000000,0.000000,0.000000
2.525000,2,7.908846,0.641889,0.000000,0.000000,-0.000000,0.000000,0.000000,0.000000,0.000000
2.525000,3,8.222240,2.154269,-0.001029,-0.007600,0.003451,-0.000311,0.000000,0.000000,0.000000
2.534000,1,4.924597,0.865031,0.173881,-0.000625,0.003558,0.000723,0.000000,0.000000,0.000000
2.534000,2,7.908846,0.641889,0.000000,0.000000,-0.000000,0.000000,0.000000,0.000000,0.000000
2.534000,3,8.222172,2.154256,-0.001032,-0.007600,0.003451,-0.000311,0.000000,0.000000,0.000000
2.542000,1,4.924597,0.865031,0.173881,-0.000625,0.003558,0.000723,0.000000,0.000000,0.000000
2.542000,2,7.908846,0.641889,0.000000,0.000000,-0.000000,0.000000,0.000000,0.000000,0.000000
2.542000,3,8.222111,2.154245,-0.001035,-0.007600,0.003452,-0.000310,0.000000,0.000000,0.000000
2.550000,1,4.924597,0.865031,0.173881,-0.000625,0.003558,0.000723,0.000000,0.000000,0.000000
2.550000,2,7.908846,0.641889,0.000000,0.000000,-0.000000,0.000000,0.000000,0.000000,0.000000
2.550000,3,8.222050,2.154233,-0.001037,-0.007600,0.003452,-0.000310,0.000000,0.000000,0.000000
2.558000,1,4.924597,0.865031,0.173881,-0.000625,0.003559,0.000723,0.000000,0.000000,0.000000
2.558000,2,7.908846,0.641889,0.000000,0.000000,-0.000000,0.000000,0.000000,0.000000,0.000000
2.558000,3,8.221989,2.154222,-0.001040,-0.007600,0.003452,-0.000310,0.000000,0.000000,0.000000
2.566000,1,4.924597,0.865031,0.173881,-0.000625,0.003559,0.000723,0.000000,0.000000,0.000000
2.566000,2,7.908846,0.641889,0.000000,0.000000,-0.000000,0.000000,0.000000,0.000000,0.000000
2.566000,3,8.221928,2.154210,-0.001042,-0.007600,0.003452,-0.000310,0.000000,0.000000,0.000000
2.575000,1,4.924597,0.865031,0.173881,-0.000625,0.003559,0.000723,0.000000,0.000000,0.000000
2.575000,2,7.908846,0.641889,0.000000,0.000000,-0.000000,0.000000,0.000000,0.000000,0.000000
2.575000,3,8.221859,2.154197,-0.001045,-0.007600,0.003452,-0.000310,0.000000,0.000000,0.000000
2.583000,1,4.924597,0.865031,0.173881,-0.000625,0.003559,0.000723,0.000000,0.000000,0.000000
2.583000,2,7.908846,0.641889,0.000000,0.000000,-0.000000,0.000000,0.000000,0.000000,0.000000
2.583000,3,8.221798,2.154186,-0.001047,-0.007600,0.003452,-0.000310,0.000000,0.000000,0.000000
2.592000,1,4.924597,0.865031,0.173881,-0.000625,0.003559,0.000723,0.000000,0.000000,0.000000
2.592000,2,7.908846,0.641889,0.000000,0.000000,-0.000000,0.000000,0.000000,0.000000,0.000000
2.592000,3,8.221729,2.154173,-0.001050,-0.007600,0.003452,-0.000310,0.000000,0.000000,0.000000
2.600000,1,4.924597,0.865031,0.173881,-0.000625,0.003559,0.000723,0.000000,0.000000,0.000000
2.600000,2,7.908846,0.641889,0.000000,0.000000,-0.000000,0.000000,0.000000,0.000000,0.000000
2.600000,3,8.221668,2.154162,-0.001053,-0.007600,0.003453,-0.000310,0.000000,0.000000,0.000000
2.609000,1,4.924597,0.865031,0.173881,-0.000625,0.003559,0.000723,0.000000,0.000000,0.000000
2.609000,2,7.908846,0.641889,0.000000,0.000000,-0.000000,0.000000,0.000000,0.000000,0.000000
2.609000,3,8.221600,2.154149,-0.001056,-0.007600,0.003453,-0.000310,0.000000,0.000000,0.000000
2.617000,1,4.924597,0.865031,0.173881,-0.000625,0.003559,0.000723,0.000000,0.000000,0.000000
2.617000,2,7.908846,0.641889,0.000000,0.000000,-0.000000,0.000000,0.000000,0.000000,0.000000
2.617000,3,8.221539,2.154137,-0.001058,-0.007600,0.003453,-0.000310,0.000000,0.000000,0.000000
2.625000,1,4.924597,0.865031,0.173881,-0.000625,0.003559,0.000723,0.000000,0.000000,0.000000
2.625000,2,7.908846,0.641889,0.000000,0.000000,-0.000000,0.000000,0.000000,0.000000,0.000000
2.625000,3,8.221478,2.154126,-0.001061,-0.007600,0.003453,-0.000310,0.000000,0.000000,0.000000
2.633000,1,4.924597,0.865031,0.173881,-0.000625,0.003559,0.000723,0.000000,0.000000,0.000000
2.633000,2,7.908846,0.641889,0.000000,0.000000,-0.000000,0.000000,0.000000,0.000000,0.000000
2.633000,3,8.221416,2.154114,-0.001063,-0.007600,0.003453,-0.000310,0.000000,0.000000,0.000000
2.642000,1,4.924597,0.865031,0.173881,-0.000625,0.003559,0.000723,0.000000,0.000000,0.000000
2.642000,2,7.908846,0.641889,0.000000,0.000000,-0.000000,0.000000,0.000000,0.000000,0.000000
2.642000,3,8.221348,2.154102,-0.001066,-0.007600,0.003453,-0.000310,0.000000,0.000000,0.000000
2.650000,1,4.924597,0.865031,0.173881,-0.000625,0.003559,0.000723,0.000000,0.000000,0.000000
2.650000,2,7.908846,0.641889,0.000000,0.000000,-0.000000,0.000000,0.000000,0.000000,0.000000
2.650000,3,8.221287,2.154090,-0.001068,-0.007600,0.003454,-0.000310,0.000000,0.000000,0.000000
2.658000,1,4.924597,0.865031,0.173881,-0.000625,0.003559,0.000723,0.000000,0.000000,0.000000
2.658000,2,7.908846,0.641889,0.000000,0.000000,-0.000000,0.000000,0.000000,0.000000,0.000000
2.658000,3,8.221226,2.154079,-0.001071,-0.007600,0.003454,-0.000310,0.000000,0.000000,0.000000
2.667000,1,4.924597,0.865031,0.173881,-0.000625,0.003559,0.000723,0.000000,0.000000,0.000000
2.667000,2,7.908846,0.641889,0.000000,0.000000,-0.000000,0.000000,0.000000,0.000000,0.000000
2.667000,3,8.221157,2.154066,-0.001074,-0.007600,0.003454,-0.000310,0.000000,0.000000,0.000000
2.675000,1,4.924597,0.865031,0.173881,-0.000625,0.003559,0.000723,0.000000,0.000000,0.000000
2.675000,2,7.908846,0.641889,0.000000,0.000000,-0.000000,0.000000,0.000000,0.000000,0.000000
2.675000,3,8.221096,2.154054,-0.001076,-0.007600,0.003454,-0.000310,0.000000,0.000000,0.000000
2.683000,1,4.924597,0.865031,0.173881,-0.000625,0.003560,0.000723,0.000000,0.000000,0.000000
2.683000,2,7.908846,0.641889,0.000000,0.000000,-0.000000,0.000000,0.000000,0.000000,0.000000
2.683000,3,8.221035,2.154043,-0.001078,-0.007600,0.003454,-0.000310,0.000000,0.000000,0.000000
2.692000,1,4.924597,0.865031,0.173881,-0.000625,0.003560,0.000723,0.000000,0.000000,0.000000
2.692000,2,7.908846,0.641889,0.000000,0.000000,-0.000000,0.000000,0.000000,0.000000,0.000000
2.692000,3,8.220966,2.154030,-0.001081,-0.007600,0.003454,-0.000310,0.000000,0.000000,0.000000
2.700000,1,4.924597,0.865031,0.173881,-0.000625,0.003560,0.000723,0.000000,0.000000,0.000000
2.700000,2,7.908846,0.641889,0.000000,0.000000,-0.000000,0.000000,0.000000,0.000000,0.000000
2.700000,3,8.220905,2.154019,-0.001084,-0.007600,0.003454,-0.000310,0.000000,0.000000,0.000000
2.708000,1,4.924597,0.865031,0.173881,-0.000625,0.003560,0.000723,0.000000,0.000000,0.000000
2.708000,2,7.908846,0.641889,0.000000,0.000000,-0.000000,0.000000,0.000000,0.000000,0.000000
2.708000,3,8.220844,2.154007,-0.001086,-0.007600,0.003455,-0.000310,0.000000,0.000000,0.000000
2.717000,1,4.924597,0.865031,0.173881,-0.000625,0.003560,0.000723,0.000000,0.000000,0.000000
2.717000,2,7.908846,0.641889,0.000000,0.000000,-0.000000,0.000000,0.000000,0.000000,0.000000
2.717000,3,8.220776,2.153994,-0.001089,-0.007600,0.003455,-0.000310,0.000000,0.000000,0.000000
2.726000,1,4.924597,0.865031,0.173881,-0.000625,0.003560,0.000723,0.000000,0.000000,0.000000
2.726000,2,7.908846,0.641889,0.000000,0.000000,-0.000000,0.000000,0.000000,0.000000,0.000000
2.726000,3,8.220707,2.153981,-0.001092,-0.007601,0.003455,-0.000310,0.000000,0.000000,0.000000
2.734000,1,4.924597,0.865031,0.173881,-0.000625,0.003560,0.000723,0.000000,0.000000,0.000000
2.734000,2,7.908846,0.641889,0.000000,0.000000,-0.000000,0.000000,0.000000,0.000000,0.000000
2.734000,3,8.220646,2.153970,-0.001094,-0.007601,0.003455,-0.000310,0.000000,0.000000,0.000000
2.742000,1,4.924597,0.865031,0.173881,-0.000625,0.003560,0.000723,0.000000,0.000000,0.000000
2.742000,2,7.908846,0.641889,0.000000,0.000000,-0.000000,0.000000,0.000000,0.000000,0.000000
2.742000,3,8.220585,2.153959,-0.001097,-0.007601,0.003455,-0.000310,0.000000,0.000000,0.000000
2.750000,1,4.924597,0.865031,0.173881,-0.000625,0.003560,0.000723,0.000000,0.000000,0.000000
2.750000,2,7.908846,0.641889,0.000000,0.000000,-0.000000,0.000000,0.000000,0.000000,0.000000
2.750000,3,8.220524,2.153947,-0.001099,-0.007601,0.003455,-0.000310,0.000000,0.000000,0.000000
2.759000,1,4.924597,0.865031,0.173881,-0.000625,0.003560,0.000723,0.000000,0.000000,0.000000
2.759000,2,7.908846,0.641889,0.000000,0.000000,-0.000000,0.000000,0.000000,0.000000,0.000000
2.759000,3,8.220455,2.153934,-0.001102,-0.007601,0.003456,-0.000310,0.000000,0.000000,0.000000
2.767000,1,4.924597,0.865031,0.173881,-0.000625,0.003560,0.000723,0.000000,0.000000,0.000000
2.767000,2,7.908846,0.641889,0.000000,0.000000,-0.000000,0.000000,0.000000,0.000000,0.000000
2.767000,3,8.220394,2.153923,-0.001105,-0.007601,0.003456,-0.000310,0.000000,0.000000,0.000000
2.775000,1,4.924597,0.865031,0.173881,-0.000625,0.003560,0.000723,0.000000,0.000000,0.000000
2.775000,2,7.908846,0.641889,0.000000,0.000000,-0.000000,0.000000,0.000000,0.000000,0.000000
2.775000,3,8.220333,2.153911,-0.001107,-0.007601,0.003456,-0.000310,0.000000,0.000000,0.000000
2.783000,1,4.924597,0.865031,0.173881,-0.000625,0.003560,0.000723,0.000000,0.000000,0.000000
2.783000,2,7.908846,0.641889,0.000000,0.000000,-0.000000,0.000000,0.000000,0.000000,0.000000
2.783000,3,8.220272,2.153900,-0.001109,-0.007601,0.003456,-0.000310,0.000000,0.000000,0.000000
2.791000,1,4.924597,0.865031,0.173881,-0.000625,0.003560,0.000723,0.000000,0.000000,0.000000
2.791000,2,7.908846,0.641889,0.000000,0.000000,-0.000000,0.000000,0.000000,0.000000,0.000000
2.791000,3,8.220211,2.153888,-0.001112,-0.007601,0.003456,-0.000310,0.000000,0.000000,0.000000
2.800000,1,4.924597,0.865031,0.173881,-0.000625,0.003560,0.000723,0.000000,0.000000,0.000000
2.800000,2,7.908846,0.641889,0.000000,0.000000,-0.000000,0.000000,0.000000,0.000000,0.000000
2.800000,3,8.220142,2.153876,-0.001115,-0.007601,0.003456,-0.000310,0.000000,0.000000,0.000000
2.808000,1,4.924597,0.865031,0.173881,-0.000625,0.003561,0.000723,0.000000,0.000000,0.000000
2.808000,2,7.908846,0.641889,0.000000,0.000000,-0.000000,0.000000,0.000000,0.000000,0.000000
2.808000,3,8.220081,2.153864,-0.001117,-0.007601,0.003456,-0.000310,0.000000,0.000000,0.000000
2.816000,1,4.924597,0.865031,0.173881,-0.000625,0.003561,0.000723,0.000000,0.000000,0.000000
2.816000,2,7.908846,0.641889,0.000000,0.000000,-0.000000,0.000000,0.000000,0.000000,0.000000
2.816000,3,8.220020,2.153853,-0.001120,-0.007601,0.003457,-0.000310,0.000000,0.000000,0.000000
2.825000,1,4.924597,0.865031,0.173881,-0.000625,0.003561,0.000723,0.000000,0.000000,0.000000
2.825000,2,7.908846,0.641889,0.000000,0.000000,-0.000000,0.000000,0.000000,0.000000,0.000000
2.825000,3,8.219952,2.153840,-0.001122,-0.007601,0.003457,-0.000310,0.000000,0.000000,0.000000
2.833000,1,4.924597,0.865031,0.173881,-0.000625,0.003561,0.000723,0.000000,0.000000,0.000000
2.833000,2,7.908846,0.641889,0.000000,0.000000,-0.000000,0.000000,0.000000,0.000000,0.000000
2.833000,3,8.219891,2.153828,-0.001125,-0.007601,0.003457,-0.000310,0.000000,0.000000,0.000000
2.841000,1,4.924597,0.865031,0.173881,-0.000625,0.003561,0.000723,0.000000,0.000000,0.000000
2.841000,2,7.908846,0.641889,0.000000,0.000000,-0.000000,0.000000,0.000000,0.000000,0.000000
2.841000,3,8.219830,2.153817,-0.001127,-0.007601,0.003457,-0.000310,0.000000,0.000000,0.000000
2.850000,1,4.924597,0.865031,0.173881,-0.000625,0.003561,0.000723,0.000000,0.000000,0.000000
2.850000,2,7.908846,0.641889,0.000000,0.000000,-0.000000,0.000000,0.000000,0.000000,0.000000
2.850000,3,8.219761,2.153804,-0.001130,-0.007601,0.003457,-0.000310,0.000000,0.000000,0.000000
2.859000,1,4.924597,0.865031,0.173881,-0.000626,0.003561,0.000723,0.000000,0.000000,0.000000
2.859000,2,7.908846,0.641889,0.000000,0.000000,-0.000000,0.000000,0.000000,0.000000,0.000000
2.859000,3,8.219692,2.153791,-0.001133,-0.007601,0.003457,-0.000310,0.000000,0.000000,0.000000
2.866000,1,4.924597,0.865031,0.173881,-0.000626,0.003561,0.000723,0.000000,0.000000,0.000000
2.866000,2,7.908846,0.641889,0.000000,0.000000,-0.000000,0.000000,0.000000,0.000000,0.000000
2.866000,3,8.219639,2.153781,-0.001135,-0.007601,0.003457,-0.000309,0.000000,0.000000,0.000000
2.875000,1,4.924597,0.865031,0.173881,-0.000626,0.003561,0.000723,0.000000,0.000000,0.000000
2.875000,2,7.908846,0.641889,0.000000,0.000000,-0.000000,0.000000,0.000000,0.000000,0.000000
2.875000,3,8.219570,2.153768,-0.001138,-0.007601,0.003458,-0.000309,0.000000,0.000000,0.000000
2.883000,1,4.924597,0.865031,0.173881,-0.000626,0.003561,0.000723,0.000000,0.000000,0.000000
2.883000,2,7.908846,0.641889,0.000000,0.000000,-0.000000,0.000000,0.000000,0.000000,0.000000
2.883000,3,8.219509,2.153757,-0.001140,-0.007601,0.003458,-0.000309,0.000000,0.000000,0.000000
2.891000,1,4.924597,0.865031,0.173881,-0.000626,0.003561,0.000723,0.000000,0.000000,0.000000
2.891000,2,7.908846,0.641889,0.000000,0.000000,-0.000000,0.000000,0.000000,0.000000,0.000000
2.891000,3,8.219448,2.153745,-0.001143,-0.007601,0.003458,-0.000309,0.000000,0.000000,0.000000
2.900000,1,4.924597,0.865031,0.173881,-0.000626,0.003561,0.000723,0.000000,0.000000,0.000000
2.900000,2,7.908846,0.641889,0.000000,0.000000,-0.000000,0.000000,0.000000,0.000000,0.000000
2.900000,3,8.219379,2.153733,-0.001146,-0.007601,0.003458,-0.000309,0.000000,0.000000,0.000000
2.909000,1,4.924597,0.865031,0.173881,-0.000626,0.003561,0.000723,0.000000,0.000000,0.000000
2.909000,2,7.908846,0.641889,0.000000,0.000000,-0.000000,0.000000,0.000000,0.000000,0.000000
2.909000,3,8.219311,2.153720,-0.001148,-0.007601,0.003458,-0.000309,0.000000,0.000000,0.000000
2.917000,1,4.924597,0.865031,0.173881,-0.000626,0.003561,0.000723,0.000000,0.000000,0.000000
2.917000,2,7.908846,0.641889,0.000000,0.000000,-0.000000,0.000000,0.000000,0.000000,0.000000
2.917000,3,8.219250,2.153708,-0.001151,-0.007601,0.003458,-0.000309,0.000000,0.000000,0.000000
2.926000,1,4.924597,0.865031,0.173881,-0.000626,0.003561,0.000723,0.000000,0.000000,0.000000
2.926000,2,7.908846,0.641889,0.000000,0.000000,-0.000000,0.000000,0.000000,0.000000,0.000000
2.926000,3,8.219181,2.153695,-0.001154,-0.007601,0.003459,-0.000309,0.000000,0.000000,0.000000
2.933000,1,4.924597,0.865031,0.173881,-0.000626,0.003562,0.000723,0.000000,0.000000,0.000000
2.933000,2,7.908846,0.641889,0.000000,0.000000,-0.000000,0.000000,0.000000,0.000000,0.000000
2.933000,3,8.219128,2.153685,-0.001156,-0.007601,0.003459,-0.000309,0.000000,0.000000,0.000000
2.942000,1,4.924597,0.865031,0.173881,-0.000626,0.003562,0.000723,0.000000,0.000000,0.000000
2.942000,2,7.908846,0.641889,0.000000,0.000000,-0.000000,0.000000,0.000000,0.000000,0.000000
2.942000,3,8.219059,2.153672,-0.001159,-0.007602,0.003459,-0.000309,0.000000,0.000000,0.000000
2.950000,1,4.924597,0.865031,0.173881,-0.000626,0.003562,0.000723,0.000000,0.000000,0.000000
2.950000,2,7.908846,0.641889,0.000000,0.000000,-0.000000,0.000000,0.000000,0.000000,0.000000
2.950000,3,8.218998,2.153661,-0.001161,-0.007602,0.003459,-0.000309,0.000000,0.000000,0.000000
2.958000,1,4.924597,0.865031,0.173881,-0.000626,0.003562,0.000723,0.000000,0.000000,0.000000
2.958000,2,7.908846,0.641889,0.000000,0.000000,-0.000000,0.000000,0.000000,0.000000,0.000000
2.958000,3,8.218937,2.153650,-0.001164,-0.007602,0.003459,-0.000309,0.000000,0.000000,0.000000
2.967000,1,4.924597,0.865031,0.173881,-0.000626,0.003562,0.000723,0.000000,0.000000,0.000000
2.967000,2,7.908846,0.641889,0.000000,0.000000,-0.000000,0.000000,0.000000,0.000000,0.000000
2.967000,3,8.218868,2.153637,-0.001166,-0.007602,0.003459,-0.000309,0.000000,0.000000,0.000000
2.975000,1,4.924597,0.865031,0.173881,-0.000626,0.003562,0.000723,0.000000,0.000000,0.000000
2.975000,2,7.908846,0.641889,0.000000,0.000000,-0.000000,0.000000,0.000000,0.000000,0.000000
2.975000,3,8.218807,2.153625,-0.001169,-0.007602,0.003459,-0.000309,0.000000,0.000000,0.000000
2.983000,1,4.924597,0.865031,0.173881,-0.000626,0.003562,0.000723,0.000000,0.000000,0.000000
2.983000,2,7.908846,0.641889,0.000000,0.000000,-0.000000,0.000000,0.000000,0.000000,0.000000
2.983000,3,8.218746,2.153614,-0.001171,-0.007602,0.003460,-0.000309,0.000000,0.000000,0.000000
2.992000,1,4.924597,0.865031,0.173881,-0.000626,0.003562,0.000723,0.000000,0.000000,0.000000
2.992000,2,7.908846,0.641889,0.000000,0.000000,-0.000000,0.000000,0.000000,0.000000,0.000000
2.992000,3,8.218678,2.153601,-0.001174,-0.007602,0.003460,-0.000309,0.000000,0.000000,0.000000
3.000000,1,4.924597,0.865031,0.173881,-0.000626,0.003562,0.000723,0.000000,0.000000,0.000000
3.000000,2,7.908846,0.641889,0.000000,0.000000,-0.000000,0.000000,0.000000,0.000000,0.000000
3.000000,3,8.218616,2.153589,-0.001177,-0.007602,0.003460,-0.000309,0.000000,0.000000,0.000000
3.009000,1,4.924597,0.865031,0.173881,-0.000626,0.003562,0.000723,0.000000,0.000000,0.000000
3.009000,2,7.908846,0.641889,0.000000,0.000000,-0.000000,0.000000,0.000000,0.000000,0.000000
3.009000,3,8.218548,2.153577,-0.001179,-0.007602,0.003460,-0.000309,0.000000,0.000000,0.000000
3.017000,1,4.924597,0.865031,0.173881,-0.000626,0.003562,0.000723,0.000000,0.000000,0.000000
3.017000,2,7.908846,0.641889,0.000000,0.000000,-0.000000,0.000000,0.000000,0.000000,0.000000
3.017000,3,8.218487,2.153565,-0.001182,-0.007602,0.003460,-0.000309,0.000000,0.000000,0.000000
3.025000,1,4.924597,0.865031,0.173881,-0.000626,0.003562,0.000723,0.000000,0.000000,0.000000
3.025000,2,7.908846,0.641889,0.000000,0.000000,-0.000000,0.000000,0.000000,0.000000,0.000000
3.025000,3,8.218426,2.153554,-0.001184,-0.007602,0.003460,-0.000309,0.000000,0.000000,0.000000
3.033000,1,4.924597,0.865031,0.173881,-0.000626,0.003562,0.000723,0.000000,0.000000,0.000000
3.033000,2,7.908846,0.641889,0.000000,0.000000,-0.000000,0.000000,0.000000,0.000000,0.000000
3.033000,3,8.218365,2.153542,-0.001187,-0.007602,0.003460,-0.000309,0.000000,0.000000,0.000000
3.042000,1,4.924597,0.865031,0.173881,-0.000626,0.003562,0.000723,0.000000,0.000000,0.000000
3.042000,2,7.908846,0.641889,0.000000,0.000000,-0.000000,0.000000,0.000000,0.000000,0.000000
3.042000,3,8.218296,2.153529,-0.001190,-0.007602,0.003461,-0.000309,0.000000,0.000000,0.000000
3.050000,1,4.924597,0.865031,0.173881,-0.000626,0.003562,0.000723,0.000000,0.000000,0.000000
3.050000,2,7.908846,0.641889,0.000000,0.000000,-0.000000,0.000000,0.000000,0.000000,0.000000
3.050000,3,8.218235,2.153518,-0.001192,-0.007602,0.003461,-0.000309,0.000000,0.000000,0.000000
3.058000,1,4.924597,0.865031,0.173881,-0.000626,0.003563,0.000723,0.000000,0.000000,0.000000
3.058000,2,7.908846,0.641889,0.000000,0.000000,-0.000000,0.000000,0.000000,0.000000,0.000000
3.058000,3,8.218174,2.153507,-0.001195,-0.007602,0.003461,-0.000309,0.000000,0.000000,0.000000
3.067000,1,4.924597,0.865031,0.173881,-0.000626,0.003563,0.000723,0.000000,0.000000,0.000000
3.067000,2,7.908846,0.641889,0.000000,0.000000,-0.000000,0.000000,0.000000,0.000000,0.000000
3.067000,3,8.218105,2.153494,-0.001197,-0.007602,0.003461,-0.000309,0.000000,0.000000,0.000000
3.075000,1,4.924597,0.865031,0.173881,-0.000626,0.003563,0.000723,0.000000,0.000000,0.000000
3.075000,2,7.908846,0.641889,0.000000,0.000000,-0.000000,0.000000,0.000000,0.000000,0.000000
3.075000,3,8.218044,2.153482,-0.001200,-0.007602,0.003461,-0.000309,0.000000,0.000000,0.000000
3.083000,1,4.924597,0.865031,0.173881,-0.000626,0.003563,0.000723,0.000000,0.000000,0.000000
3.083000,2,7.908846,0.641889,0.000000,0.000000,-0.000000,0.000000,0.000000,0.000000,0.000000
3.083000,3,8.217983,2.153471,-0.001202,-0.007602,0.003461,-0.000309,0.000000,0.000000,0.000000
3.092000,1,4.924597,0.865031,0.173881,-0.000626,0.003563,0.000723,0.000000,0.000000,0.000000
3.092000,2,7.908846,0.641889,0.000000,0.000000,-0.000000,0.000000,0.000000,0.000000,0.000000
3.092000,3,8.217915,2.153458,-0.001205,-0.007602,0.003462,-0.000309,0.000000,0.000000,0.000000
3.100000,1,4.924597,0.865031,0.173881,-0.000626,0.003563,0.000723,0.000000,0.000000,0.000000
3.100000,2,7.908846,0.641889,0.000000,0.000000,-0.000000,0.000000,0.000000,0.000000,0.000000
3.100000,3,8.217854,2.153446,-0.001207,-0.007602,0.003462,-0.000309,0.000000,0.000000,0.000000
3.108000,1,4.924597,0.865031,0.173881,-0.000626,0.003563,0.000723,0.000000,0.000000,0.000000
3.108000,2,7.908846,0.641889,0.000000,0.000000,-0.000000,0.000000,0.000000,0.000000,0.000000
3.108000,3,8.217793,2.153435,-0.001210,-0.007602,0.003462,-0.000309,0.000000,0.000000,0.000000
3.116000,1,4.924597,0.865031,0.173881,-0.000626,0.003563,0.000724,0.000000,0.000000,0.000000
3.116000,2,7.908846,0.641889,0.000000,0.000000,-0.000000,0.000000,0.000000,0.000000,0.000000
3.116000,3,8.217731,2.153424,-0.001212,-0.007602,0.003462,-0.000309,0.000000,0.000000,0.000000
3.125000,1,4.924597,0.865031,0.173881,-0.000626,0.003563,0.000724,0.000000,0.000000,0.000000
3.125000,2,7.908846,0.641889,0.000000,0.000000,-0.000000,0.000000,0.000000,0.000000,0.000000
3.125000,3,8.217663,2.153411,-0.001215,-0.007602,0.003462,-0.000309,0.000000,0.000000,0.000000
3.134000,1,4.924597,0.865031,0.173881,-0.000626,0.003563,0.000724,0.000000,0.000000,0.000000
3.134000,2,7.908846,0.641889,0.000000,0.000000,-0.000000,0.000000,0.000000,0.000000,0.000000
3.134000,3,8.217594,2.153398,-0.001218,-0.007602,0.003462,-0.000309,0.000000,0.000000,0.000000
3.142000,1,4.924597,0.865031,0.173881,-0.000626,0.003563,0.000724,0.000000,0.000000,0.000000
3.142000,2,7.908846,0.641889,0.000000,0.000000,-0.000000,0.000000,0.000000,0.000000,0.000000
3.142000,3,8.217533,2.153386,-0.001220,-0.007602,0.003462,-0.000309,0.000000,0.000000,0.000000
3.150000,1,4.924597,0.865031,0.173881,-0.000626,0.003563,0.000724,0.000000,0.000000,0.000000
3.150000,2,7.908846,0.641889,0.000000,0.000000,-0.000000,0.000000,0.000000,0.000000,0.000000
3.150000,3,8.217472,2.153375,-0.001223,-0.007603,0.003463,-0.000309,0.000000,0.000000,0.000000
3.159000,1,4.924597,0.865031,0.173881,-0.000626,0.003563,0.000724,0.000000,0.000000,0.000000
3.159000,2,7.908846,0.641889,0.000000,0.000000,-0.000000,0.000000,0.000000,0.000000,0.000000
3.159000,3,8.217403,2.153362,-0.001226,-0.007603,0.003463,-0.000309,0.000000,0.000000,0.000000
3.167000,1,4.924597,0.865031,0.173881,-0.000626,0.003563,0.000724,0.000000,0.000000,0.000000
3.167000,2,7.908846,0.641889,0.000000,0.000000,-0.000000,0.000000,0.000000,0.000000,0.000000
3.167000,3,8.217342,2.153351,-0.001228,-0.007603,0.003463,-0.000309,0.000000,0.000000,0.000000
3.175000,1,4.924597,0.865031,0.173881,-0.000626,0.003563,0.000724,0.000000,0.000000,0.000000
3.175000,2,7.908846,0.641889,0.000000,0.000000,-0.000000,0.000000,0.000000,0.000000,0.000000
3.175000,3,8.217281,2.153339,-0.001231,-0.007603,0.003463,-0.000309,0.000000,0.000000,0.000000
3.183000,1,4.924597,0.865031,0.173881,-0.000626,0.003564,0.000724,0.000000,0.000000,0.000000
3.183000,2,7.908846,0.641889,0.000000,0.000000,-0.000000,0.000000,0.000000,0.000000,0.000000
3.183000,3,8.217220,2.153328,-0.001233,-0.007603,0.003463,-0.000308,0.000000,0.000000,0.000000
3.192000,1,4.924597,0.865031,0.173881,-0.000626,0.003564,0.000724,0.000000,0.000000,0.000000
3.192000,2,7.908846,0.641889,0.000000,0.000000,-0.000000,0.000000,0.000000,0.000000,0.000000
3.192000,3,8.217152,2.153315,-0.001236,-0.007603,0.003463,-0.000308,0.000000,0.000000,0.000000
3.200000,1,4.924597,0.865031,0.173881,-0.000626,0.003564,0.000724,0.000000,0.000000,0.000000
3.200000,2,7.908846,0.641889,0.000000,0.000000,-0.000000,0.000000,0.000000,0.000000,0.000000
3.200000,3,8.217091,2.153303,-0.001238,-0.007603,0.003463,-0.000308,0.000000,0.000000,0.000000
3.208000,1,4.924597,0.865031,0.173881,-0.000626,0.003564,0.000724,0.000000,0.000000,0.000000
3.208000,2,7.908846,0.641889,0.000000,0.000000,-0.000000,0.000000,0.000000,0.000000,0.000000
3.208000,3,8.217030,2.153292,-0.001241,-0.007603,0.003464,-0.000308,0.000000,0.000000,0.000000
3.217000,1,4.924597,0.865031,0.173881,-0.000626,0.003564,0.000724,0.000000,0.000000,0.000000
3.217000,2,7.908846,0.641889,0.000000,0.000000,-0.000000,0.000000,0.000000,0.000000,0.000000
3.217000,3,8.216961,2.153279,-0.001244,-0.007603,0.003464,-0.000308,0.000000,0.000000,0.000000
3.225000,1,4.924597,0.865031,0.173881,-0.000626,0.003564,0.000724,0.000000,0.000000,0.000000
3.225000,2,7.908846,0.641889,0.000000,0.000000,-0.000000,0.000000,0.000000,0.000000,0.000000
3.225000,3,8.216900,2.153268,-0.001246,-0.007603,0.003464,-0.000308,0.000000,0.000000,0.000000
3.233000,1,4.924597,0.865031,0.173881,-0.000626,0.003564,0.000724,0.000000,0.000000,0.000000
3.233000,2,7.908846,0.641889,0.000000,0.000000,-0.000000,0.000000,0.000000,0.000000,0.000000
3.233000,3,8.216839,2.153256,-0.001249,-0.007603,0.003464,-0.000308,0.000000,0.000000,0.000000
3.242000,1,4.924597,0.865031,0.173881,-0.000626,0.003564,0.000724,0.000000,0.000000,0.000000
3.242000,2,7.908846,0.641889,0.000000,0.000000,-0.000000,0.000000,0.000000,0.000000,0.000000
3.242000,3,8.216770,2.153243,-0.001251,-0.007603,0.003464,-0.000308,0.000000,0.000000,0.000000
3.251000,1,4.924597,0.865031,0.173881,-0.000626,0.003564,0.000724,0.000000,0.000000,0.000000
3.251000,2,7.908846,0.641889,0.000000,0.000000,-0.000000,0.000000,0.000000,0.000000,0.000000
3.251000,3,8.216702,2.153230,-0.001254,-0.007603,0.003464,-0.000308,0.000000,0.000000,0.000000
3.259000,1,4.924597,0.865031,0.173881,-0.000626,0.003564,0.000724,0.000000,0.000000,0.000000
3.259000,2,7.908846,0.641889,0.000000,0.000000,-0.000000,0.000000,0.000000,0.000000,0.000000
3.259000,3,8.216640,2.153219,-0.001257,-0.007603,0.003465,-0.000308,0.000000,0.000000,0.000000
3.267000,1,4.924597,0.865031,0.173881,-0.000626,0.003564,0.000724,0.000000,0.000000,0.000000
3.267000,2,7.908846,0.641889,0.000000,0.000000,-0.000000,0.000000,0.000000,0.000000,0.000000
3.267000,3,8.216579,2.153208,-0.001259,-0.007603,0.003465,-0.000308,0.000000,0.000000,0.000000
3.275000,1,4.924597,0.865031,0.173881,-0.000626,0.003564,0.000724,0.000000,0.000000,0.000000
3.275000,2,7.908846,0.641889,0.000000,0.000000,-0.000000,0.000000,0.000000,0.000000,0.000000
3.275000,3,8.216518,2.153196,-0.001261,-0.007603,0.003465,-0.000308,0.000000,0.000000,0.000000
3.283000,1,4.924597,0.865031,0.173881,-0.000626,0.003564,0.000724,0.000000,0.000000,0.000000
3.283000,2,7.908846,0.641889,0.000000,0.000000,-0.000000,0.000000,0.000000,0.000000,0.000000
3.283000,3,8.216457,2.153185,-0.001264,-0.007603,0.003465,-0.000308,0.000000,0.000000,0.000000
3.292000,1,4.924597,0.865031,0.173881,-0.000626,0.003564,0.000724,0.000000,0.000000,0.000000
3.292000,2,7.908846,0.641889,0.000000,0.000000,-0.000000,0.000000,0.000000,0.000000,0.000000
3.292000,3,8.216389,2.153172,-0.001267,-0.007603,0.003465,-0.000308,0.000000,0.000000,0.000000
3.300000,1,4.924597,0.865031,0.173881,-0.000626,0.003564,0.000724,0.000000,0.000000,0.000000
3.300000,2,7.908846,0.641889,0.000000,0.000000,-0.000000,0.000000,0.000000,0.000000,0.000000
3.300000,3,8.216328,2.153160,-0.001269,-0.007603,0.003465,-0.000308,0.000000,0.000000,0.000000
3.308000,1,4.924597,0.865031,0.173881,-0.000626,0.003565,0.000724,0.000000,0.000000,0.000000
3.308000,2,7.908846,0.641889,0.000000,0.000000,-0.000000,0.000000,0.000000,0.000000,0.000000
3.308000,3,8.216267,2.153149,-0.001272,-0.007603,0.003465,-0.000308,0.000000,0.000000,0.000000
3.317000,1,4.924597,0.865031,0.173881,-0.000626,0.003565,0.000724,0.000000,0.000000,0.000000
3.317000,2,7.908846,0.641889,0.000000,0.000000,-0.000000,0.000000,0.000000,0.000000,0.000000
3.317000,3,8.216198,2.153136,-0.001274,-0.007603,0.003466,-0.000308,0.000000,0.000000,0.000000
3.325000,1,4.924597,0.865031,0.173881,-0.000626,0.003565,0.000724,0.000000,0.000000,0.000000
3.325000,2,7.908846,0.641889,0.000000,0.000000,-0.000000,0.000000,0.000000,0.000000,0.000000
3.325000,3,8.216137,2.153125,-0.001277,-0.007603,0.003466,-0.000308,0.000000,0.000000,0.000000
3.333000,1,4.924597,0.865031,0.173881,-0.000626,0.003563,0.000724,0.000000,0.000000,0.000000
3.333000,2,7.908846,0.641889,0.000000,0.000000,-0.000000,0.000000,0.000000,0.000000,0.000000
3.333000,3,8.216076,2.153113,-0.001279,-0.007603,0.003464,-0.000308,0.000000,0.000000,0.000000
3.342000,1,4.924597,0.865031,0.173881,-0.000626,0.003563,0.000723,0.000000,0.000000,0.000000
3.342000,2,7.908846,0.641889,0.000000,0.000000,-0.000000,0.000000,0.000000,0.000000,0.000000
3.342000,3,8.216007,2.153100,-0.001282,-0.007603,0.003463,-0.000308,0.000000,0.000000,0.000000
3.350000,1,4.924597,0.865031,0.173881,-0.000626,0.003563,0.000724,0.000000,0.000000,0.000000
3.350000,2,7.908846,0.641889,0.000000,0.000000,-0.000000,0.000000,0.000000,0.000000,0.000000
3.350000,3,8.215946,2.153089,-0.001285,-0.007603,0.003463,-0.000308,0.000000,0.000000,0.000000
3.358000,1,4.924597,0.865031,0.173881,-0.000626,0.003563,0.000724,0.000000,0.000000,0.000000
3.358000,2,7.908846,0.641889,0.000000,0.000000,-0.000000,0.000000,0.000000,0.000000,0.000000
3.358000,3,8.215885,2.153077,-0.001287,-0.007603,0.003463,-0.000308,0.000000,0.000000,0.000000
3.366000,1,4.924597,0.865031,0.173881,-0.000626,0.003563,0.000724,0.000000,0.000000,0.000000
3.366000,2,7.908846,0.641889,0.000000,0.000000,-0.000000,0.000000,0.000000,0.000000,0.000000
3.366000,3,8.215824,2.153066,-0.001290,-0.007603,0.003463,-0.000308,0.000000,0.000000,0.000000
3.375000,1,4.924597,0.865031,0.173881,-0.000626,0.003563,0.000724,0.000000,0.000000,0.000000
3.375000,2,7.908846,0.641889,0.000000,0.000000,-0.000000,0.000000,0.000000,0.000000,0.000000
3.375000,3,8.215755,2.153053,-0.001292,-0.007603,0.003463,-0.000308,0.000000,0.000000,0.000000
3.383000,1,4.924597,0.865031,0.173881,-0.000626,0.003563,0.000724,0.000000,0.000000,0.000000
3.383000,2,7.908846,0.641889,0.000000,0.000000,-0.000000,0.000000,0.000000,0.000000,0.000000
3.383000,3,8.215694,2.153042,-0.001295,-0.007603,0.003464,-0.000308,0.000000,0.000000,0.000000
3.392000,1,4.924597,0.865031,0.173881,-0.000626,0.003563,0.000724,0.000000,0.000000,0.000000
3.392000,2,7.908846,0.641889,0.000000,0.000000,-0.000000,0.000000,0.000000,0.000000,0.000000
3.392000,3,8.215626,2.153029,-0.001298,-0.007603,0.003464,-0.000308,0.000000,0.000000,0.000000
3.400000,1,4.924597,0.865031,0.173881,-0.000626,0.003563,0.000724,0.000000,0.000000,0.000000
3.400000,2,7.908846,0.641889,0.000000,0.000000,-0.000000,0.000000,0.000000,0.000000,0.000000
3.400000,3,8.215565,2.153017,-0.001300,-0.007603,0.003464,-0.000308,0.000000,0.000000,0.000000
3.409000,1,4.924597,0.865031,0.173881,-0.000626,0.003563,0.000724,0.000000,0.000000,0.000000
3.409000,2,7.908846,0.641889,0.000000,0.000000,-0.000000,0.000000,0.000000,0.000000,0.000000
3.409000,3,8.215496,2.153004,-0.001303,-0.007603,0.003464,-0.000308,0.000000,0.000000,0.000000
3.417000,1,4.924597,0.865031,0.173881,-0.000626,0.003563,0.000724,0.000000,0.000000,0.000000
3.417000,2,7.908846,0.641889,0.000000,0.000000,-0.000000,0.000000,0.000000,0.000000,0.000000
3.417000,3,8.215435,2.152993,-0.001305,-0.007603,0.003464,-0.000308,0.000000,0.000000,0.000000
3.425000,1,4.924597,0.865031,0.173881,-0.000626,0.003563,0.000724,0.000000,0.000000,0.000000
3.425000,2,7.908846,0.641889,0.000000,0.000000,-0.000000,0.000000,0.000000,0.000000,0.000000
3.425000,3,8.215374,2.152982,-0.001308,-0.007603,0.003464,-0.000308,0.000000,0.000000,0.000000
3.433000,1,4.924597,0.865031,0.173881,-0.000626,0.003564,0.000724,0.000000,0.000000,0.000000
3.433000,2,7.908846,0.641889,0.000000,0.000000,-0.000000,0.000000,0.000000,0.000000,0.000000
3.433000,3,8.215313,2.152970,-0.001310,-0.007603,0.003464,-0.000308,0.000000,0.000000,0.000000
3.442000,1,4.924597,0.865031,0.173881,-0.000626,0.003564,0.000724,0.000000,0.000000,0.000000
3.442000,2,7.908846,0.641889,0.000000,0.000000,-0.000000,0.000000,0.000000,0.000000,0.000000
3.442000,3,8.215244,2.152957,-0.001313,-0.007603,0.003465,-0.000308,0.000000,0.000000,0.000000
3.450000,1,4.924597,0.865031,0.173881,-0.000626,0.003564,0.000724,0.000000,0.000000,0.000000
3.450000,2,7.908846,0.641889,0.000000,0.000000,-0.000000,0.000000,0.000000,0.000000,0.000000
3.450000,3,8.215183,2.152946,-0.001315,-0.007603,0.003465,-0.000308,0.000000,0.000000,0.000000
3.459000,1,4.924597,0.865031,0.173881,-0.000626,0.003564,0.000724,0.000000,0.000000,0.000000
3.459000,2,7.908846,0.641889,0.000000,0.000000,-0.000000,0.000000,0.000000,0.000000,0.000000
3.459000,3,8.215115,2.152933,-0.001318,-0.007603,0.003465,-0.000308,0.000000,0.000000,0.000000
3.467000,1,4.924597,0.865031,0.173881,-0.000626,0.003564,0.000724,0.000000,0.000000,0.000000
3.467000,2,7.908846,0.641889,0.000000,0.000000,-0.000000,0.000000,0.000000,0.000000,0.000000
3.467000,3,8.215054,2.152921,-0.001321,-0.007603,0.003465,-0.000308,0.000000,0.000000,0.000000
3.476000,1,4.924597,0.865031,0.173881,-0.000626,0.003564,0.000724,0.000000,0.000000,0.000000
3.476000,2,7.908846,0.641889,0.000000,0.000000,-0.000000,0.000000,0.000000,0.000000,0.000000
3.476000,3,8.214985,2.152909,-0.001323,-0.007603,0.003465,-0.000308,0.000000,0.000000,0.000000
3.485000,1,4.924597,0.865031,0.173881,-0.000626,0.003564,0.000724,0.000000,0.000000,0.000000
3.485000,2,7.908846,0.641889,0.000000,0.000000,-0.000000,0.000000,0.000000,0.000000,0.000000
3.485000,3,8.214916,2.152896,-0.001326,-0.007603,0.003465,-0.000308,0.000000,0.000000,0.000000
3.496000,1,4.924597,0.865031,0.173881,-0.000626,0.003564,0.000724,0.000000,0.000000,0.000000
3.496000,2,7.908846,0.641889,0.000000,0.000000,-0.000000,0.000000,0.000000,0.000000,0.000000
3.496000,3,8.214832,2.152880,-0.001330,-0.007603,0.003466,-0.000308,0.000000,0.000000,0.000000
3.500000,1,4.924597,0.865031,0.173881,-0.000626,0.003564,0.000724,0.000000,0.000000,0.000000
3.500000,2,7.908846,0.641889,0.000000,0.000000,-0.000000,0.000000,0.000000,0.000000,0.000000
3.500000,3,8.214802,2.152874,-0.001331,-0.007603,0.003466,-0.000308,0.000000,0.000000,0.000000
3.509000,1,4.924597,0.865031,0.173881,-0.000626,0.003564,0.000724,0.000000,0.000000,0.000000
3.509000,2,7.908846,0.641889,0.000000,0.000000,-0.000000,0.000000,0.000000,0.000000,0.000000
3.509000,3,8.214733,2.152861,-0.001334,-0.007603,0.003466,-0.000308,0.000000,0.000000,0.000000
3.517000,1,4.924597,0.865031,0.173881,-0.000626,0.003564,0.000724,0.000000,0.000000,0.000000
3.517000,2,7.908846,0.641889,0.000000,0.000000,-0.000000,0.000000,0.000000,0.000000,0.000000
3.517000,3,8.214672,2.152850,-0.001336,-0.007603,0.003466,-0.000308,0.000000,0.000000,0.000000
3.526000,1,4.924597,0.865031,0.173881,-0.000626,0.003564,0.000724,0.000000,0.000000,0.000000
3.526000,2,7.908846,0.641889,0.000000,0.000000,-0.000000,0.000000,0.000000,0.000000,0.000000
3.526000,3,8.214603,2.152837,-0.001339,-0.007603,0.003466,-0.000308,0.000000,0.000000,0.000000
3.535000,1,4.924597,0.865031,0.173881,-0.000626,0.003564,0.000724,0.000000,0.000000,0.000000
3.535000,2,7.908846,0.641889,0.000000,0.000000,-0.000000,0.000000,0.000000,0.000000,0.000000
3.535000,3,8.214535,2.152824,-0.001342,-0.007603,0.003466,-0.000308,0.000000,0.000000,0.000000
3.542000,1,4.924597,0.865031,0.173881,-0.000626,0.003564,0.000724,0.000000,0.000000,0.000000
3.542000,2,7.908846,0.641889,0.000000,0.000000,-0.000000,0.000000,0.000000,0.000000,0.000000
3.542000,3,8.214481,2.152814,-0.001344,-0.007603,0.003466,-0.000308,0.000000,0.000000,0.000000
3.551000,1,4.924597,0.865031,0.173881,-0.000626,0.003564,0.000724,0.000000,0.000000,0.000000
3.551000,2,7.908846,0.641889,0.000000,0.000000,-0.000000,0.000000,0.000000,0.000000,0.000000
3.551000,3,8.214413,2.152801,-0.001346,-0.007604,0.003466,-0.000308,0.000000,0.000000,0.000000
3.559000,1,4.924597,0.865031,0.173881,-0.000626,0.003565,0.000724,0.000000,0.000000,0.000000
3.559000,2,7.908846,0.641889,0.000000,0.000000,-0.000000,0.000000,0.000000,0.000000,0.000000
3.559000,3,8.214352,2.152790,-0.001349,-0.007604,0.003467,-0.000308,0.000000,0.000000,0.000000
3.568000,1,4.924597,0.865031,0.173881,-0.000626,0.003565,0.000724,0.000000,0.000000,0.000000
3.568000,2,7.908846,0.641889,0.000000,0.000000,-0.000000,0.000000,0.000000,0.000000,0.000000
3.568000,3,8.214283,2.152777,-0.001352,-0.007604,0.003467,-0.000308,0.000000,0.000000,0.000000
3.576000,1,4.924597,0.865031,0.173881,-0.000626,0.003565,0.000724,0.000000,0.000000,0.000000
3.576000,2,7.908846,0.641889,0.000000,0.000000,-0.000000,0.000000,0.000000,0.000000,0.000000
3.576000,3,8.214222,2.152766,-0.001354,-0.007604,0.003467,-0.000308,0.000000,0.000000,0.000000
3.586000,1,4.924597,0.865031,0.173881,-0.000626,0.003565,0.000724,0.000000,0.000000,0.000000
3.586000,2,7.908846,0.641889,0.000000,0.000000,-0.000000,0.000000,0.000000,0.000000,0.000000
3.586000,3,8.214146,2.152751,-0.001357,-0.007604,0.003467,-0.000308,0.000000,0.000000,0.000000
3.593000,1,4.924597,0.865031,0.173881,-0.000626,0.003565,0.000724,0.000000,0.000000,0.000000
3.593000,2,7.908846,0.641889,0.000000,0.000000,-0.000000,0.000000,0.000000,0.000000,0.000000
3.593000,3,8.214092,2.152741,-0.001359,-0.007604,0.003467,-0.000308,0.000000,0.000000,0.000000
3.602000,1,4.924597,0.865031,0.173881,-0.000626,0.003565,0.000724,0.000000,0.000000,0.000000
3.602000,2,7.908846,0.641889,0.000000,0.000000,-0.000000,0.000000,0.000000,0.000000,0.000000
3.602000,3,8.214024,2.152728,-0.001362,-0.007604,0.003467,-0.000308,0.000000,0.000000,0.000000
3.609000,1,4.924597,0.865031,0.173881,-0.000626,0.003565,0.000724,0.000000,0.000000,0.000000
3.609000,2,7.908846,0.641889,0.000000,0.000000,-0.000000,0.000000,0.000000,0.000000,0.000000
3.609000,3,8.213970,2.152718,-0.001364,-0.007604,0.003468,-0.000308,0.000000,0.000000,0.000000
3.617000,1,4.924597,0.865031,0.173881,-0.000626,0.003565,0.000724,0.000000,0.000000,0.000000
3.617000,2,7.908846,0.641889,0.000000,0.000000,-0.000000,0.000000,0.000000,0.000000,0.000000
3.617000,3,8.213909,2.152707,-0.001367,-0.007604,0.003468,-0.000308,0.000000,0.000000,0.000000
3.626000,1,4.924597,0.865031,0.173881,-0.000626,0.003565,0.000724,0.000000,0.000000,0.000000
3.626000,2,7.908846,0.641889,0.000000,0.000000,-0.000000,0.000000,0.000000,0.000000,0.000000
3.626000,3,8.213840,2.152694,-0.001370,-0.007604,0.003468,-0.000308,0.000000,0.000000,0.000000
3.637000,1,4.924597,0.865031,0.173881,-0.000626,0.003565,0.000724,0.000000,0.000000,0.000000
3.637000,2,7.908846,0.641889,0.000000,0.000000,-0.000000,0.000000,0.000000,0.000000,0.000000
3.637000,3,8.213757,2.152678,-0.001373,-0.007604,0.003468,-0.000307,0.000000,0.000000,0.000000
3.642000,1,4.924597,0.865031,0.173881,-0.000626,0.003565,0.000724,0.000000,0.000000,0.000000
3.642000,2,7.908846,0.641889,0.000000,0.000000,-0.000000,0.000000,0.000000,0.000000,0.000000
3.642000,3,8.213718,2.152671,-0.001374,-0.007604,0.003468,-0.000307,0.000000,0.000000,0.000000
3.651000,1,4.924597,0.865031,0.173881,-0.000626,0.003565,0.000724,0.000000,0.000000,0.000000
3.651000,2,7.908846,0.641889,0.000000,0.000000,-0.000000,0.000000,0.000000,0.000000,0.000000
3.651000,3,8.213650,2.152658,-0.001377,-0.007604,0.003468,-0.000307,0.000000,0.000000,0.000000
3.659000,1,4.924597,0.865031,0.173881,-0.000626,0.003565,0.000724,0.000000,0.000000,0.000000
3.659000,2,7.908846,0.641889,0.000000,0.000000,-0.000000,0.000000,0.000000,0.000000,0.000000
3.659000,3,8.213589,2.152647,-0.001380,-0.007604,0.003468,-0.000307,0.000000,0.000000,0.000000
3.667000,1,4.924597,0.865031,0.173881,-0.000626,0.003565,0.000724,0.000000,0.000000,0.000000
3.667000,2,7.908846,0.641889,0.000000,0.000000,-0.000000,0.000000,0.000000,0.000000,0.000000
3.667000,3,8.213528,2.152635,-0.001382,-0.007604,0.003469,-0.000307,0.000000,0.000000,0.000000
3.675000,1,4.924597,0.865031,0.173881,-0.000626,0.003565,0.000724,0.000000,0.000000,0.000000
3.675000,2,7.908846,0.641889,0.000000,0.000000,-0.000000,0.000000,0.000000,0.000000,0.000000
3.675000,3,8.213467,2.152624,-0.001385,-0.007604,0.003469,-0.000307,0.000000,0.000000,0.000000
3.684000,1,4.924597,0.865031,0.173881,-0.000626,0.003566,0.000724,0.000000,0.000000,0.000000
3.684000,2,7.908846,0.641889,0.000000,0.000000,-0.000000,0.000000,0.000000,0.000000,0.000000
3.684000,3,8.213398,2.152611,-0.001387,-0.007604,0.003469,-0.000307,0.000000,0.000000,0.000000
3.692000,1,4.924597,0.865031,0.173881,-0.000626,0.003566,0.000724,0.000000,0.000000,0.000000
3.692000,2,7.908846,0.641889,0.000000,0.000000,-0.000000,0.000000,0.000000,0.000000,0.000000
3.692000,3,8.213337,2.152600,-0.001390,-0.007604,0.003469,-0.000307,0.000000,0.000000,0.000000
3.701000,1,4.924597,0.865031,0.173881,-0.000626,0.003566,0.000724,0.000000,0.000000,0.000000
3.701000,2,7.908846,0.641889,0.000000,0.000000,-0.000000,0.000000,0.000000,0.000000,0.000000
3.701000,3,8.213268,2.152587,-0.001393,-0.007604,0.003469,-0.000307,0.000000,0.000000,0.000000
3.708000,1,4.924597,0.865031,0.173881,-0.000626,0.003566,0.000724,0.000000,0.000000,0.000000
3.708000,2,7.908846,0.641889,0.000000,0.000000,-0.000000,0.000000,0.000000,0.000000,0.000000
3.708000,3,8.213215,2.152577,-0.001395,-0.007604,0.003469,-0.000307,0.000000,0.000000,0.000000
3.717000,1,4.924597,0.865031,0.173881,-0.000626,0.003566,0.000724,0.000000,0.000000,0.000000
3.717000,2,7.908846,0.641889,0.000000,0.000000,-0.000000,0.000000,0.000000,0.000000,0.000000
3.717000,3,8.213146,2.152564,-0.001398,-0.007604,0.003469,-0.000307,0.000000,0.000000,0.000000
3.726000,1,4.924597,0.865031,0.173881,-0.000626,0.003566,0.000724,0.000000,0.000000,0.000000
3.726000,2,7.908846,0.641889,0.000000,0.000000,-0.000000,0.000000,0.000000,0.000000,0.000000
3.726000,3,8.213078,2.152551,-0.001400,-0.007604,0.003470,-0.000307,0.000000,0.000000,0.000000
3.728000,1,4.924597,0.865031,0.173881,-0.000626,0.003566,0.000724,0.000000,0.000000,0.000000
3.728000,2,7.908846,0.641889,0.000000,0.000000,-0.000000,0.000000,0.000000,0.000000,0.000000
3.728000,3,8.213062,2.152548,-0.001401,-0.007604,0.003470,-0.000307,0.000000,0.000000,0.000000
3.734000,1,4.924597,0.865031,0.173881,-0.000626,0.003566,0.000724,0.000000,0.000000,0.000000
3.734000,2,7.908846,0.641889,0.000000,0.000000,-0.000000,0.000000,0.000000,0.000000,0.000000
3.734000,3,8.213017,2.152539,-0.001403,-0.007604,0.003470,-0.000307,0.000000,0.000000,0.000000
3.742000,1,4.924597,0.865031,0.173881,-0.000626,0.003566,0.000724,0.000000,0.000000,0.000000
3.742000,2,7.908846,0.641889,0.000000,0.000000,-0.000000,0.000000,0.000000,0.000000,0.000000
3.742000,3,8.212955,2.152528,-0.001405,-0.007604,0.003470,-0.000307,0.000000,0.000000,0.000000
3.750000,1,4.924597,0.865031,0.173881,-0.000626,0.003566,0.000724,0.000000,0.000000,0.000000
3.750000,2,7.908846,0.641889,0.000000,0.000000,-0.000000,0.000000,0.000000,0.000000,0.000000
3.750000,3,8.212894,2.152517,-0.001408,-0.007604,0.003470,-0.000307,0.000000,0.000000,0.000000
3.758000,1,4.924597,0.865031,0.173881,-0.000626,0.003566,0.000724,0.000000,0.000000,0.000000
3.758000,2,7.908846,0.641889,0.000000,0.000000,-0.000000,0.000000,0.000000,0.000000,0.000000
3.758000,3,8.212833,2.152505,-0.001410,-0.007605,0.003470,-0.000307,0.000000,0.000000,0.000000
3.767000,1,4.924597,0.865031,0.173881,-0.000626,0.003566,0.000724,0.000000,0.000000,0.000000
3.767000,2,7.908846,0.641889,0.000000,0.000000,-0.000000,0.000000,0.000000,0.000000,0.000000
3.767000,3,8.212765,2.152492,-0.001413,-0.007605,0.003470,-0.000307,0.000000,0.000000,0.000000
3.776000,1,4.924597,0.865031,0.173881,-0.000626,0.003566,0.000724,0.000000,0.000000,0.000000
3.776000,2,7.908846,0.641889,0.000000,0.000000,-0.000000,0.000000,0.000000,0.000000,0.000000
3.776000,3,8.212696,2.152479,-0.001416,-0.007605,0.003471,-0.000307,0.000000,0.000000,0.000000
3.784000,1,4.924597,0.865031,0.173881,-0.000626,0.003566,0.000724,0.000000,0.000000,0.000000
3.784000,2,7.908846,0.641889,0.000000,0.000000,-0.000000,0.000000,0.000000,0.000000,0.000000
3.784000,3,8.212635,2.152468,-0.001418,-0.007605,0.003471,-0.000307,0.000000,0.000000,0.000000
3.792000,1,4.924597,0.865031,0.173881,-0.000626,0.003566,0.000724,0.000000,0.000000,0.000000
3.792000,2,7.908846,0.641889,0.000000,0.000000,-0.000000,0.000000,0.000000,0.000000,0.000000
3.792000,3,8.212574,2.152457,-0.001421,-0.007605,0.003471,-0.000307,0.000000,0.000000,0.000000
3.800000,1,4.924597,0.865031,0.173881,-0.000626,0.003566,0.000724,0.000000,0.000000,0.000000
3.800000,2,7.908846,0.641889,0.000000,0.000000,-0.000000,0.000000,0.000000,0.000000,0.000000
3.800000,3,8.212513,2.152445,-0.001423,-0.007605,0.003471,-0.000307,0.000000,0.000000,0.000000
3.808000,1,4.924597,0.865031,0.173881,-0.000626,0.003567,0.000724,0.000000,0.000000,0.000000
3.808000,2,7.908846,0.641889,0.000000,0.000000,-0.000000,0.000000,0.000000,0.000000,0.000000
3.808000,3,8.212452,2.152434,-0.001425,-0.007605,0.003471,-0.000307,0.000000,0.000000,0.000000
3.817000,1,4.924597,0.865031,0.173881,-0.000626,0.003567,0.000724,0.000000,0.000000,0.000000
3.817000,2,7.908846,0.641889,0.000000,0.000000,-0.000000,0.000000,0.000000,0.000000,0.000000
3.817000,3,8.212383,2.152421,-0.001428,-0.007605,0.003471,-0.000307,0.000000,0.000000,0.000000
3.825000,1,4.924597,0.865031,0.173881,-0.000627,0.003567,0.000724,0.000000,0.000000,0.000000
3.825000,2,7.908846,0.641889,0.000000,0.000000,-0.000000,0.000000,0.000000,0.000000,0.000000
3.825000,3,8.212322,2.152409,-0.001431,-0.007605,0.003471,-0.000307,0.000000,0.000000,0.000000
3.833000,1,4.924597,0.865031,0.173881,-0.000627,0.003567,0.000724,0.000000,0.000000,0.000000
3.833000,2,7.908846,0.641889,0.000000,0.000000,-0.000000,0.000000,0.000000,0.000000,0.000000
3.833000,3,8.212261,2.152398,-0.001433,-0.007605,0.003472,-0.000307,0.000000,0.000000,0.000000
3.841000,1,4.924597,0.865031,0.173881,-0.000627,0.003567,0.000724,0.000000,0.000000,0.000000
3.841000,2,7.908846,0.641889,0.000000,0.000000,-0.000000,0.000000,0.000000,0.000000,0.000000
3.841000,3,8.212200,2.152386,-0.001436,-0.007605,0.003472,-0.000307,0.000000,0.000000,0.000000
3.850000,1,4.924597,0.865031,0.173881,-0.000627,0.003567,0.000724,0.000000,0.000000,0.000000
3.850000,2,7.908846,0.641889,0.000000,0.000000,-0.000000,0.000000,0.000000,0.000000,0.000000
3.850000,3,8.212132,2.152374,-0.001438,-0.007605,0.003472,-0.000307,0.000000,0.000000,0.000000
3.858000,1,4.924597,0.865031,0.173881,-0.000627,0.003567,0.000724,0.000000,0.000000,0.000000
3.858000,2,7.908846,0.641889,0.000000,0.000000,-0.000000,0.000000,0.000000,0.000000,0.000000
3.858000,3,8.212070,2.152362,-0.001441,-0.007605,0.003472,-0.000307,0.000000,0.000000,0.000000
3.867000,1,4.924597,0.865031,0.173881,-0.000627,0.003567,0.000724,0.000000,0.000000,0.000000
3.867000,2,7.908846,0.641889,0.000000,0.000000,-0.000000,0.000000,0.000000,0.000000,0.000000
3.867000,3,8.212002,2.152349,-0.001444,-0.007605,0.003472,-0.000307,0.000000,0.000000,0.000000
3.875000,1,4.924597,0.865031,0.173881,-0.000627,0.003567,0.000724,0.000000,0.000000,0.000000
3.875000,2,7.908846,0.641889,0.000000,0.000000,-0.000000,0.000000,0.000000,0.000000,0.000000
3.875000,3,8.211941,2.152338,-0.001446,-0.007605,0.003472,-0.000307,0.000000,0.000000,0.000000
3.883000,1,4.924597,0.865031,0.173881,-0.000627,0.003567,0.000724,0.000000,0.000000,0.000000
3.883000,2,7.908846,0.641889,0.000000,0.000000,-0.000000,0.000000,0.000000,0.000000,0.000000
3.883000,3,8.211880,2.152326,-0.001448,-0.007605,0.003472,-0.000307,0.000000,0.000000,0.000000
3.892000,1,4.924597,0.865031,0.173881,-0.000627,0.003567,0.000724,0.000000,0.000000,0.000000
3.892000,2,7.908846,0.641889,0.000000,0.000000,-0.000000,0.000000,0.000000,0.000000,0.000000
3.892000,3,8.211811,2.152313,-0.001451,-0.007605,0.003473,-0.000307,0.000000,0.000000,0.000000
3.900000,1,4.924597,0.865031,0.173881,-0.000627,0.003567,0.000724,0.000000,0.000000,0.000000
3.900000,2,7.908846,0.641889,0.000000,0.000000,-0.000000,0.000000,0.000000,0.000000,0.000000
3.900000,3,8.211750,2.152302,-0.001454,-0.007605,0.003473,-0.000307,0.000000,0.000000,0.000000
3.908000,1,4.924597,0.865031,0.173881,-0.000627,0.003567,0.000724,0.000000,0.000000,0.000000
3.908000,2,7.908846,0.641889,0.000000,0.000000,-0.000000,0.000000,0.000000,0.000000,0.000000
3.908000,3,8.211689,2.152291,-0.001456,-0.007605,0.003473,-0.000307,0.000000,0.000000,0.000000
3.918000,1,4.924597,0.865031,0.173881,-0.000627,0.003567,0.000724,0.000000,0.000000,0.000000
3.918000,2,7.908846,0.641889,0.000000,0.000000,-0.000000,0.000000,0.000000,0.000000,0.000000
3.918000,3,8.211613,2.152276,-0.001459,-0.007605,0.003473,-0.000307,0.000000,0.000000,0.000000
3.926000,1,4.924597,0.865031,0.173881,-0.000627,0.003567,0.000724,0.000000,0.000000,0.000000
3.926000,2,7.908846,0.641889,0.000000,0.000000,-0.000000,0.000000,0.000000,0.000000,0.000000
3.926000,3,8.211552,2.152265,-0.001462,-0.007605,0.003473,-0.000307,0.000000,0.000000,0.000000
3.934000,1,4.924597,0.865031,0.173881,-0.000627,0.003568,0.000724,0.000000,0.000000,0.000000
3.934000,2,7.908846,0.641889,0.000000,0.000000,-0.000000,0.000000,0.000000,0.000000,0.000000
3.934000,3,8.211491,2.152253,-0.001464,-0.007605,0.003473,-0.000307,0.000000,0.000000,0.000000
3.942000,1,4.924597,0.865031,0.173881,-0.000627,0.003568,0.000724,0.000000,0.000000,0.000000
3.942000,2,7.908846,0.641889,0.000000,0.000000,-0.000000,0.000000,0.000000,0.000000,0.000000
3.942000,3,8.211430,2.152242,-0.001467,-0.007605,0.003474,-0.000307,0.000000,0.000000,0.000000
3.950000,1,4.924597,0.865031,0.173881,-0.000627,0.003568,0.000724,0.000000,0.000000,0.000000
3.950000,2,7.908846,0.641889,0.000000,0.000000,-0.000000,0.000000,0.000000,0.000000,0.000000
3.950000,3,8.211369,2.152231,-0.001469,-0.007605,0.003474,-0.000306,0.000000,0.000000,0.000000
3.959000,1,4.924597,0.865031,0.173881,-0.000627,0.003568,0.000724,0.000000,0.000000,0.000000
3.959000,2,7.908846,0.641889,0.000000,0.000000,-0.000000,0.000000,0.000000,0.000000,0.000000
3.959000,3,8.211300,2.152218,-0.001472,-0.007605,0.003474,-0.000306,0.000000,0.000000,0.000000
3.967000,1,4.924597,0.865031,0.173881,-0.000627,0.003568,0.000724,0.000000,0.000000,0.000000
3.967000,2,7.908846,0.641889,0.000000,0.000000,-0.000000,0.000000,0.000000,0.000000,0.000000
3.967000,3,8.211239,2.152206,-0.001474,-0.007606,0.003474,-0.000306,0.000000,0.000000,0.000000
3.975000,1,4.924597,0.865031,0.173881,-0.000627,0.003568,0.000724,0.000000,0.000000,0.000000
3.975000,2,7.908846,0.641889,0.000000,0.000000,-0.000000,0.000000,0.000000,0.000000,0.000000
3.975000,3,8.211178,2.152195,-0.001477,-0.007606,0.003474,-0.000306,0.000000,0.000000,0.000000
3.984000,1,4.924597,0.865031,0.173881,-0.000627,0.003568,0.000725,0.000000,0.000000,0.000000
3.984000,2,7.908846,0.641889,0.000000,0.000000,-0.000000,0.000000,0.000000,0.000000,0.000000
3.984000,3,8.211109,2.152182,-0.001479,-0.007606,0.003474,-0.000306,0.000000,0.000000,0.000000
3.994000,1,4.924597,0.865031,0.173881,-0.000627,0.003568,0.000725,0.000000,0.000000,0.000000
3.994000,2,7.908846,0.641889,0.000000,0.000000,-0.000000,0.000000,0.000000,0.000000,0.000000
3.994000,3,8.211033,2.152168,-0.001482,-0.007606,0.003474,-0.000306,0.000000,0.000000,0.000000
4.000000,1,4.924597,0.865031,0.173881,-0.000627,0.003568,0.000725,0.000000,0.000000,0.000000
4.000000,2,7.908846,0.641889,0.000000,0.000000,-0.000000,0.000000,0.000000,0.000000,0.000000
4.000000,3,8.210987,2.152159,-0.001484,-0.007606,0.003475,-0.000306,0.000000,0.000000,0.000000
4.009000,1,4.924597,0.865031,0.173881,-0.000627,0.003568,0.000725,0.000000,0.000000,0.000000
4.009000,2,7.908846,0.641889,0.000000,0.000000,-0.000000,0.000000,0.000000,0.000000,0.000000
4.009000,3,8.210918,2.152146,-0.001487,-0.007606,0.003475,-0.000306,0.000000,0.000000,0.000000
4.017000,1,4.924597,0.865031,0.173881,-0.000627,0.003568,0.000725,0.000000,0.000000,0.000000
4.017000,2,7.908846,0.641889,0.000000,0.000000,-0.000000,0.000000,0.000000,0.000000,0.000000
4.017000,3,8.210857,2.152135,-0.001490,-0.007606,0.003475,-0.000306,0.000000,0.000000,0.000000
4.025000,1,4.924597,0.865031,0.173881,-0.000627,0.003568,0.000725,0.000000,0.000000,0.000000
4.025000,2,7.908846,0.641889,0.000000,0.000000,-0.000000,0.000000,0.000000,0.000000,0.000000
4.025000,3,8.210796,2.152123,-0.001492,-0.007606,0.003475,-0.000306,0.000000,0.000000,0.000000
4.035000,1,4.924597,0.865031,0.173881,-0.000627,0.003568,0.000725,0.000000,0.000000,0.000000
4.035000,2,7.908846,0.641889,0.000000,0.000000,-0.000000,0.000000,0.000000,0.000000,0.000000
4.035000,3,8.210720,2.152109,-0.001495,-0.007606,0.003475,-0.000306,0.000000,0.000000,0.000000
4.040000,1,4.924597,0.865031,0.173881,-0.000627,0.003568,0.000725,0.000000,0.000000,0.000000
4.040000,2,7.908846,0.641889,0.000000,0.000000,-0.000000,0.000000,0.000000,0.000000,0.000000
4.040000,3,8.210682,2.152102,-0.001497,-0.007606,0.003475,-0.000306,0.000000,0.000000,0.000000
4.050000,1,4.924597,0.865031,0.173881,-0.000627,0.003568,0.000725,0.000000,0.000000,0.000000
4.050000,2,7.908846,0.641889,0.000000,0.000000,-0.000000,0.000000,0.000000,0.000000,0.000000
4.050000,3,8.210606,2.152087,-0.001500,-0.007606,0.003475,-0.000306,0.000000,0.000000,0.000000
4.058000,1,4.924597,0.865031,0.173881,-0.000627,0.003569,0.000725,0.000000,0.000000,0.000000
4.058000,2,7.908846,0.641889,0.000000,0.000000,-0.000000,0.000000,0.000000,0.000000,0.000000
4.058000,3,8.210545,2.152076,-0.001502,-0.007606,0.003476,-0.000306,0.000000,0.000000,0.000000
4.066000,1,4.924597,0.865031,0.173881,-0.000627,0.003569,0.000725,0.000000,0.000000,0.000000
4.066000,2,7.908846,0.641889,0.000000,0.000000,-0.000000,0.000000,0.000000,0.000000,0.000000
4.066000,3,8.210484,2.152065,-0.001505,-0.007606,0.003476,-0.000306,0.000000,0.000000,0.000000
4.075000,1,4.924597,0.865031,0.173881,-0.000627,0.003569,0.000725,0.000000,0.000000,0.000000
4.075000,2,7.908846,0.641889,0.000000,0.000000,-0.000000,0.000000,0.000000,0.000000,0.000000
4.075000,3,8.210415,2.152052,-0.001507,-0.007606,0.003476,-0.000306,0.000000,0.000000,0.000000
4.083000,1,4.924597,0.865031,0.173881,-0.000627,0.003569,0.000725,0.000000,0.000000,0.000000
4.083000,2,7.908846,0.641889,0.000000,0.000000,-0.000000,0.000000,0.000000,0.000000,0.000000
4.083000,3,8.210354,2.152040,-0.001510,-0.007606,0.003476,-0.000306,0.000000,0.000000,0.000000
4.091000,1,4.924597,0.865031,0.173881,-0.000627,0.003569,0.000725,0.000000,0.000000,0.000000
4.091000,2,7.908846,0.641889,0.000000,0.000000,-0.000000,0.000000,0.000000,0.000000,0.000000
4.091000,3,8.210293,2.152029,-0.001512,-0.007606,0.003476,-0.000306,0.000000,0.000000,0.000000
4.101000,1,4.924597,0.865031,0.173881,-0.000627,0.003569,0.000725,0.000000,0.000000,0.000000
4.101000,2,7.908846,0.641889,0.000000,0.000000,-0.000000,0.000000,0.000000,0.000000,0.000000
4.101000,3,8.210217,2.152014,-0.001515,-0.007606,0.003476,-0.000306,0.000000,0.000000,0.000000
4.108000,1,4.924597,0.865031,0.173881,-0.000627,0.003569,0.000725,0.000000,0.000000,0.000000
4.108000,2,7.908846,0.641889,0.000000,0.000000,-0.000000,0.000000,0.000000,0.000000,0.000000
4.108000,3,8.210163,2.152004,-0.001517,-0.007606,0.003476,-0.000306,0.000000,0.000000,0.000000
4.112000,1,4.924597,0.865031,0.173881,-0.000627,0.003569,0.000725,0.000000,0.000000,0.000000
4.112000,2,7.908846,0.641889,0.000000,0.000000,-0.000000,0.000000,0.000000,0.000000,0.000000
4.112000,3,8.210133,2.151999,-0.001519,-0.007606,0.003477,-0.000306,0.000000,0.000000,0.000000
4.116000,1,4.924597,0.865031,0.173881,-0.000627,0.003569,0.000725,0.000000,0.000000,0.000000
4.116000,2,7.908846,0.641889,0.000000,0.000000,-0.000000,0.000000,0.000000,0.000000,0.000000
4.116000,3,8.210102,2.151993,-0.001520,-0.007606,0.003477,-0.000306,0.000000,0.000000,0.000000
4.125000,1,4.924597,0.865031,0.173881,-0.000627,0.003569,0.000725,0.000000,0.000000,0.000000
4.125000,2,7.908846,0.641889,0.000000,0.000000,-0.000000,0.000000,0.000000,0.000000,0.000000
4.125000,3,8.210033,2.151980,-0.001523,-0.007606,0.003477,-0.000306,0.000000,0.000000,0.000000
4.133000,1,4.924597,0.865031,0.173881,-0.000627,0.003569,0.000725,0.000000,0.000000,0.000000
4.133000,2,7.908846,0.641889,0.000000,0.000000,-0.000000,0.000000,0.000000,0.000000,0.000000
4.133000,3,8.209972,2.151969,-0.001525,-0.007606,0.003477,-0.000306,0.000000,0.000000,0.000000
4.142000,1,4.924597,0.865031,0.173881,-0.000627,0.003569,0.000725,0.000000,0.000000,0.000000
4.142000,2,7.908846,0.641889,0.000000,0.000000,-0.000000,0.000000,0.000000,0.000000,0.000000
4.142000,3,8.209904,2.151956,-0.001528,-0.007606,0.003477,-0.000306,0.000000,0.000000,0.000000
4.149000,1,4.924597,0.865031,0.173881,-0.000627,0.003569,0.000725,0.000000,0.000000,0.000000
4.149000,2,7.908846,0.641889,0.000000,0.000000,-0.000000,0.000000,0.000000,0.000000,0.000000
4.149000,3,8.209850,2.151946,-0.001530,-0.007606,0.003477,-0.000306,0.000000,0.000000,0.000000
4.158000,1,4.924597,0.865031,0.173881,-0.000627,0.003569,0.000725,0.000000,0.000000,0.000000
4.158000,2,7.908846,0.641889,0.000000,0.000000,-0.000000,0.000000,0.000000,0.000000,0.000000
4.158000,3,8.209782,2.151933,-0.001533,-0.007606,0.003477,-0.000306,0.000000,0.000000,0.000000
4.167000,1,4.924597,0.865031,0.173881,-0.000627,0.003569,0.000725,0.000000,0.000000,0.000000
4.167000,2,7.908846,0.641889,0.000000,0.000000,-0.000000,0.000000,0.000000,0.000000,0.000000
4.167000,3,8.209713,2.151920,-0.001535,-0.007606,0.003478,-0.000306,0.000000,0.000000,0.000000
4.176000,1,4.924597,0.865031,0.173881,-0.000627,0.003569,0.000725,0.000000,0.000000,0.000000
4.176000,2,7.908846,0.641889,0.000000,0.000000,-0.000000,0.000000,0.000000,0.000000,0.000000
4.176000,3,8.209644,2.151907,-0.001538,-0.007607,0.003478,-0.000306,0.000000,0.000000,0.000000
4.184000,1,4.924597,0.865031,0.173881,-0.000627,0.003570,0.000725,0.000000,0.000000,0.000000
4.184000,2,7.908846,0.641889,0.000000,0.000000,-0.000000,0.000000,0.000000,0.000000,0.000000
4.184000,3,8.209583,2.151896,-0.001541,-0.007607,0.003478,-0.000306,0.000000,0.000000,0.000000
4.192000,1,4.924597,0.865031,0.173881,-0.000627,0.003570,0.000725,0.000000,0.000000,0.000000
4.192000,2,7.908846,0.641889,0.000000,0.000000,-0.000000,0.000000,0.000000,0.000000,0.000000
4.192000,3,8.209522,2.151884,-0.001543,-0.007607,0.003478,-0.000306,0.000000,0.000000,0.000000
4.200000,1,4.924597,0.865031,0.173881,-0.000627,0.003570,0.000725,0.000000,0.000000,0.000000
4.200000,2,7.908846,0.641889,0.000000,0.000000,-0.000000,0.000000,0.000000,0.000000,0.000000
4.200000,3,8.209461,2.151873,-0.001546,-0.007607,0.003478,-0.000306,0.000000,0.000000,0.000000
4.208000,1,4.924597,0.865031,0.173881,-0.000627,0.003570,0.000725,0.000000,0.000000,0.000000
4.208000,2,7.908846,0.641889,0.000000,0.000000,-0.000000,0.000000,0.000000,0.000000,0.000000
4.208000,3,8.209400,2.151861,-0.001548,-0.007607,0.003478,-0.000306,0.000000,0.000000,0.000000
4.217000,1,4.924597,0.865031,0.173881,-0.000627,0.003570,0.000725,0.000000,0.000000,0.000000
4.217000,2,7.908846,0.641889,0.000000,0.000000,-0.000000,0.000000,0.000000,0.000000,0.000000
4.217000,3,8.209332,2.151849,-0.001551,-0.007607,0.003478,-0.000306,0.000000,0.000000,0.000000
4.225000,1,4.924597,0.865031,0.173881,-0.000627,0.003570,0.000725,0.000000,0.000000,0.000000
4.225000,2,7.908846,0.641889,0.000000,0.000000,-0.000000,0.000000,0.000000,0.000000,0.000000
4.225000,3,8.209270,2.151837,-0.001553,-0.007607,0.003479,-0.000306,0.000000,0.000000,0.000000
4.234000,1,4.924597,0.865031,0.173881,-0.000627,0.003570,0.000725,0.000000,0.000000,0.000000
4.234000,2,7.908846,0.641889,0.000000,0.000000,-0.000000,0.000000,0.000000,0.000000,0.000000
4.234000,3,8.209202,2.151824,-0.001556,-0.007607,0.003479,-0.000306,0.000000,0.000000,0.000000
4.242000,1,4.924597,0.865031,0.173881,-0.000627,0.003570,0.000725,0.000000,0.000000,0.000000
4.242000,2,7.908846,0.641889,0.000000,0.000000,-0.000000,0.000000,0.000000,0.000000,0.000000
4.242000,3,8.209141,2.151813,-0.001558,-0.007607,0.003479,-0.000306,0.000000,0.000000,0.000000
4.250000,1,4.924597,0.865031,0.173881,-0.000627,0.003570,0.000725,0.000000,0.000000,0.000000
4.250000,2,7.908846,0.641889,0.000000,0.000000,-0.000000,0.000000,0.000000,0.000000,0.000000
4.250000,3,8.209080,2.151801,-0.001561,-0.007607,0.003479,-0.000306,0.000000,0.000000,0.000000
4.258000,1,4.924597,0.865031,0.173881,-0.000627,0.003570,0.000725,0.000000,0.000000,0.000000
4.258000,2,7.908846,0.641889,0.000000,0.000000,-0.000000,0.000000,0.000000,0.000000,0.000000
4.258000,3,8.209019,2.151790,-0.001563,-0.007607,0.003479,-0.000306,0.000000,0.000000,0.000000
4.267000,1,4.924597,0.865031,0.173881,-0.000627,0.003570,0.000725,0.000000,0.000000,0.000000
4.267000,2,7.908846,0.641889,0.000000,0.000000,-0.000000,0.000000,0.000000,0.000000,0.000000
4.267000,3,8.208950,2.151777,-0.001566,-0.007607,0.003479,-0.000305,0.000000,0.000000,0.000000
4.275000,1,4.924597,0.865031,0.173881,-0.000627,0.003570,0.000725,0.000000,0.000000,0.000000
4.275000,2,7.908846,0.641889,0.000000,0.000000,-0.000000,0.000000,0.000000,0.000000,0.000000
4.275000,3,8.208889,2.151766,-0.001568,-0.007607,0.003479,-0.000305,0.000000,0.000000,0.000000
4.283000,1,4.924597,0.865031,0.173881,-0.000627,0.003570,0.000725,0.000000,0.000000,0.000000
4.283000,2,7.908846,0.641889,0.000000,0.000000,-0.000000,0.000000,0.000000,0.000000,0.000000
4.283000,3,8.208828,2.151754,-0.001571,-0.007607,0.003480,-0.000305,0.000000,0.000000,0.000000
4.292000,1,4.924597,0.865031,0.173881,-0.000627,0.003570,0.000725,0.000000,0.000000,0.000000
4.292000,2,7.908846,0.641889,0.000000,0.000000,-0.000000,0.000000,0.000000,0.000000,0.000000
4.292000,3,8.208759,2.151741,-0.001574,-0.007607,0.003480,-0.000305,0.000000,0.000000,0.000000
4.300000,1,4.924597,0.865031,0.173881,-0.000627,0.003570,0.000725,0.000000,0.000000,0.000000
4.300000,2,7.908846,0.641889,0.000000,0.000000,-0.000000,0.000000,0.000000,0.000000,0.000000
4.300000,3,8.208698,2.151730,-0.001576,-0.007607,0.003480,-0.000305,0.000000,0.000000,0.000000
4.308000,1,4.924597,0.865031,0.173881,-0.000627,0.003571,0.000725,0.000000,0.000000,0.000000
4.308000,2,7.908846,0.641889,0.000000,0.000000,-0.000000,0.000000,0.000000,0.000000,0.000000
4.308000,3,8.208637,2.151718,-0.001579,-0.007607,0.003480,-0.000305,0.000000,0.000000,0.000000
4.317000,1,4.924597,0.865031,0.173881,-0.000627,0.003571,0.000725,0.000000,0.000000,0.000000
4.317000,2,7.908846,0.641889,0.000000,0.000000,-0.000000,0.000000,0.000000,0.000000,0.000000
4.317000,3,8.208569,2.151706,-0.001581,-0.007607,0.003480,-0.000305,0.000000,0.000000,0.000000
4.325000,1,4.924597,0.865031,0.173881,-0.000627,0.003571,0.000725,0.000000,0.000000,0.000000
4.325000,2,7.908846,0.641889,0.000000,0.000000,-0.000000,0.000000,0.000000,0.000000,0.000000
4.325000,3,8.208508,2.151694,-0.001584,-0.007607,0.003480,-0.000305,0.000000,0.000000,0.000000
4.335000,1,4.924597,0.865031,0.173881,-0.000627,0.003571,0.000725,0.000000,0.000000,0.000000
4.335000,2,7.908846,0.641889,0.000000,0.000000,-0.000000,0.000000,0.000000,0.000000,0.000000
4.335000,3,8.208431,2.151680,-0.001587,-0.007607,0.003481,-0.000305,0.000000,0.000000,0.000000
4.342000,1,4.924597,0.865031,0.173881,-0.000627,0.003571,0.000725,0.000000,0.000000,0.000000
4.342000,2,7.908846,0.641889,0.000000,0.000000,-0.000000,0.000000,0.000000,0.000000,0.000000
4.342000,3,8.208378,2.151670,-0.001589,-0.007607,0.003481,-0.000305,0.000000,0.000000,0.000000
4.351000,1,4.924597,0.865031,0.173881,-0.000627,0.003571,0.000725,0.000000,0.000000,0.000000
4.351000,2,7.908846,0.641889,0.000000,0.000000,-0.000000,0.000000,0.000000,0.000000,0.000000
4.351000,3,8.208309,2.151657,-0.001592,-0.007607,0.003481,-0.000305,0.000000,0.000000,0.000000
4.359000,1,4.924597,0.865031,0.173881,-0.000627,0.003571,0.000725,0.000000,0.000000,0.000000
4.359000,2,7.908846,0.641889,0.000000,0.000000,-0.000000,0.000000,0.000000,0.000000,0.000000
4.359000,3,8.208248,2.151645,-0.001594,-0.007607,0.003481,-0.000305,0.000000,0.000000,0.000000
4.367000,1,4.924597,0.865031,0.173881,-0.000627,0.003571,0.000725,0.000000,0.000000,0.000000
4.367000,2,7.908846,0.641889,0.000000,0.000000,-0.000000,0.000000,0.000000,0.000000,0.000000
4.367000,3,8.208187,2.151634,-0.001597,-0.007607,0.003481,-0.000305,0.000000,0.000000,0.000000
4.375000,1,4.924597,0.865031,0.173881,-0.000627,0.003571,0.000725,0.000000,0.000000,0.000000
4.375000,2,7.908846,0.641889,0.000000,0.000000,-0.000000,0.000000,0.000000,0.000000,0.000000
4.375000,3,8.208126,2.151623,-0.001599,-0.007607,0.003481,-0.000305,0.000000,0.000000,0.000000
4.384000,1,4.924597,0.865031,0.173881,-0.000627,0.003571,0.000725,0.000000,0.000000,0.000000
4.384000,2,7.908846,0.641889,0.000000,0.000000,-0.000000,0.000000,0.000000,0.000000,0.000000
4.384000,3,8.208057,2.151610,-0.001602,-0.007607,0.003481,-0.000305,0.000000,0.000000,0.000000
4.391000,1,4.924597,0.865031,0.173881,-0.000627,0.003571,0.000725,0.000000,0.000000,0.000000
4.391000,2,7.908846,0.641889,0.000000,0.000000,-0.000000,0.000000,0.000000,0.000000,0.000000
4.391000,3,8.208004,2.151600,-0.001604,-0.007608,0.003482,-0.000305,0.000000,0.000000,0.000000
4.400000,1,4.924597,0.865031,0.173881,-0.000627,0.003571,0.000725,0.000000,0.000000,0.000000
4.400000,2,7.908846,0.641889,0.000000,0.000000,-0.000000,0.000000,0.000000,0.000000,0.000000
4.400000,3,8.207935,2.151587,-0.001607,-0.007608,0.003482,-0.000305,0.000000,0.000000,0.000000
4.408000,1,4.924597,0.865031,0.173881,-0.000627,0.003571,0.000725,0.000000,0.000000,0.000000
4.408000,2,7.908846,0.641889,0.000000,0.000000,-0.000000,0.000000,0.000000,0.000000,0.000000
4.408000,3,8.207874,2.151575,-0.001609,-0.007608,0.003482,-0.000305,0.000000,0.000000,0.000000
4.417000,1,4.924597,0.865031,0.173881,-0.000627,0.003571,0.000725,0.000000,0.000000,0.000000
4.417000,2,7.908846,0.641889,0.000000,0.000000,-0.000000,0.000000,0.000000,0.000000,0.000000
4.417000,3,8.207806,2.151562,-0.001612,-0.007608,0.003482,-0.000305,0.000000,0.000000,0.000000
4.425000,1,4.924597,0.865031,0.173881,-0.000627,0.003571,0.000725,0.000000,0.000000,0.000000
4.425000,2,7.908846,0.641889,0.000000,0.000000,-0.000000,0.000000,0.000000,0.000000,0.000000
4.425000,3,8.207745,2.151551,-0.001614,-0.007608,0.003482,-0.000305,0.000000,0.000000,0.000000
4.433000,1,4.924597,0.865031,0.173881,-0.000627,0.003571,0.000725,0.000000,0.000000,0.000000
4.433000,2,7.908846,0.641889,0.000000,0.000000,-0.000000,0.000000,0.000000,0.000000,0.000000
4.433000,3,8.207684,2.151540,-0.001617,-0.007608,0.003482,-0.000305,0.000000,0.000000,0.000000
4.442000,1,4.924597,0.865031,0.173881,-0.000627,0.003572,0.000725,0.000000,0.000000,0.000000
4.442000,2,7.908846,0.641889,0.000000,0.000000,-0.000000,0.000000,0.000000,0.000000,0.000000
4.442000,3,8.207615,2.151527,-0.001619,-0.007608,0.003482,-0.000305,0.000000,0.000000,0.000000
4.450000,1,4.924597,0.865031,0.173881,-0.000627,0.003572,0.000725,0.000000,0.000000,0.000000
4.450000,2,7.908846,0.641889,0.000000,0.000000,-0.000000,0.000000,0.000000,0.000000,0.000000
4.450000,3,8.207554,2.151515,-0.001622,-0.007608,0.003483,-0.000305,0.000000,0.000000,0.000000
4.458000,1,4.924597,0.865031,0.173881,-0.000627,0.003572,0.000725,0.000000,0.000000,0.000000
4.458000,2,7.908846,0.641889,0.000000,0.000000,-0.000000,0.000000,0.000000,0.000000,0.000000
4.458000,3,8.207493,2.151504,-0.001624,-0.007608,0.003483,-0.000305,0.000000,0.000000,0.000000
4.467000,1,4.924597,0.865031,0.173881,-0.000627,0.003572,0.000725,0.000000,0.000000,0.000000
4.467000,2,7.908846,0.641889,0.000000,0.000000,-0.000000,0.000000,0.000000,0.000000,0.000000
4.467000,3,8.207424,2.151491,-0.001627,-0.007608,0.003483,-0.000305,0.000000,0.000000,0.000000
4.475000,1,4.924597,0.865031,0.173881,-0.000627,0.003572,0.000725,0.000000,0.000000,0.000000
4.475000,2,7.908846,0.641889,0.000000,0.000000,-0.000000,0.000000,0.000000,0.000000,0.000000
4.475000,3,8.207363,2.151479,-0.001629,-0.007608,0.003483,-0.000305,0.000000,0.000000,0.000000
4.483000,1,4.924597,0.865031,0.173881,-0.000627,0.003572,0.000725,0.000000,0.000000,0.000000
4.483000,2,7.908846,0.641889,0.000000,0.000000,-0.000000,0.000000,0.000000,0.000000,0.000000
4.483000,3,8.207302,2.151468,-0.001632,-0.007608,0.003483,-0.000305,0.000000,0.000000,0.000000
4.492000,1,4.924597,0.865031,0.173881,-0.000627,0.003572,0.000725,0.000000,0.000000,0.000000
4.492000,2,7.908846,0.641889,0.000000,0.000000,-0.000000,0.000000,0.000000,0.000000,0.000000
4.492000,3,8.207233,2.151455,-0.001635,-0.007608,0.003483,-0.000305,0.000000,0.000000,0.000000
4.500000,1,4.924597,0.865031,0.173881,-0.000627,0.003572,0.000725,0.000000,0.000000,0.000000
4.500000,2,7.908846,0.641889,0.000000,0.000000,-0.000000,0.000000,0.000000,0.000000,0.000000
4.500000,3,8.207172,2.151444,-0.001637,-0.007608,0.003483,-0.000305,0.000000,0.000000,0.000000
4.508000,1,4.924597,0.865031,0.173881,-0.000627,0.003572,0.000725,0.000000,0.000000,0.000000
4.508000,2,7.908846,0.641889,0.000000,0.000000,-0.000000,0.000000,0.000000,0.000000,0.000000
4.508000,3,8.207111,2.151432,-0.001640,-0.007608,0.003484,-0.000305,0.000000,0.000000,0.000000
4.517000,1,4.924597,0.865031,0.173881,-0.000627,0.003572,0.000725,0.000000,0.000000,0.000000
4.517000,2,7.908846,0.641889,0.000000,0.000000,-0.000000,0.000000,0.000000,0.000000,0.000000
4.517000,3,8.207043,2.151419,-0.001642,-0.007608,0.003484,-0.000305,0.000000,0.000000,0.000000
4.525000,1,4.924597,0.865031,0.173881,-0.000627,0.003572,0.000725,0.000000,0.000000,0.000000
4.525000,2,7.908846,0.641889,0.000000,0.000000,-0.000000,0.000000,0.000000,0.000000,0.000000
4.525000,3,8.206982,2.151408,-0.001645,-0.007608,0.003484,-0.000305,0.000000,0.000000,0.000000
4.533000,1,4.924597,0.865031,0.173881,-0.000627,0.003572,0.000725,0.000000,0.000000,0.000000
4.533000,2,7.908846,0.641889,0.000000,0.000000,-0.000000,0.000000,0.000000,0.000000,0.000000
4.533000,3,8.206921,2.151397,-0.001647,-0.007608,0.003484,-0.000305,0.000000,0.000000,0.000000
4.542000,1,4.924597,0.865031,0.173881,-0.000628,0.003572,0.000725,0.000000,0.000000,0.000000
4.542000,2,7.908846,0.641889,0.000000,0.000000,-0.000000,0.000000,0.000000,0.000000,0.000000
4.542000,3,8.206852,2.151384,-0.001650,-0.007608,0.003484,-0.000305,0.000000,0.000000,0.000000
4.550000,1,4.924597,0.865031,0.173881,-0.000628,0.003572,0.000725,0.000000,0.000000,0.000000
4.550000,2,7.908846,0.641889,0.000000,0.000000,-0.000000,0.000000,0.000000,0.000000,0.000000
4.550000,3,8.206791,2.151372,-0.001652,-0.007608,0.003484,-0.000305,0.000000,0.000000,0.000000
4.558000,1,4.924597,0.865031,0.173881,-0.000628,0.003572,0.000725,0.000000,0.000000,0.000000
4.558000,2,7.908846,0.641889,0.000000,0.000000,-0.000000,0.000000,0.000000,0.000000,0.000000
4.558000,3,8.206730,2.151361,-0.001655,-0.007608,0.003484,-0.000305,0.000000,0.000000,0.000000
4.567000,1,4.924597,0.865031,0.173881,-0.000628,0.003573,0.000725,0.000000,0.000000,0.000000
4.567000,2,7.908846,0.641889,0.000000,0.000000,-0.000000,0.000000,0.000000,0.000000,0.000000
4.567000,3,8.206661,2.151348,-0.001657,-0.007608,0.003485,-0.000305,0.000000,0.000000,0.000000
4.575000,1,4.924597,0.865031,0.173881,-0.000628,0.003573,0.000725,0.000000,0.000000,0.000000
4.575000,2,7.908846,0.641889,0.000000,0.000000,-0.000000,0.000000,0.000000,0.000000,0.000000
4.575000,3,8.206600,2.151336,-0.001660,-0.007608,0.003485,-0.000305,0.000000,0.000000,0.000000
4.584000,1,4.924597,0.865031,0.173881,-0.000628,0.003573,0.000725,0.000000,0.000000,0.000000
4.584000,2,7.908846,0.641889,0.000000,0.000000,-0.000000,0.000000,0.000000,0.000000,0.000000
4.584000,3,8.206532,2.151324,-0.001663,-0.007608,0.003485,-0.000305,0.000000,0.000000,0.000000
4.592000,1,4.924597,0.865031,0.173881,-0.000628,0.003573,0.000725,0.000000,0.000000,0.000000
4.592000,2,7.908846,0.641889,0.000000,0.000000,-0.000000,0.000000,0.000000,0.000000,0.000000
4.592000,3,8.206470,2.151312,-0.001665,-0.007608,0.003485,-0.000304,0.000000,0.000000,0.000000
4.600000,1,4.924597,0.865031,0.173881,-0.000628,0.003573,0.000725,0.000000,0.000000,0.000000
4.600000,2,7.908846,0.641889,0.000000,0.000000,-0.000000,0.000000,0.000000,0.000000,0.000000
4.600000,3,8.206409,2.151301,-0.001668,-0.007609,0.003485,-0.000304,0.000000,0.000000,0.000000
4.608000,1,4.924597,0.865031,0.173881,-0.000628,0.003573,0.000726,0.000000,0.000000,0.000000
4.608000,2,7.908846,0.641889,0.000000,0.000000,-0.000000,0.000000,0.000000,0.000000,0.000000
4.608000,3,8.206348,2.151289,-0.001670,-0.007609,0.003485,-0.000304,0.000000,0.000000,0.000000
4.616000,1,4.924597,0.865031,0.173881,-0.000628,0.003573,0.000726,0.000000,0.000000,0.000000
4.616000,2,7.908846,0.641889,0.000000,0.000000,-0.000000,0.000000,0.000000,0.000000,0.000000
4.616000,3,8.206287,2.151278,-0.001672,-0.007609,0.003486,-0.000304,0.000000,0.000000,0.000000
4.626000,1,4.924597,0.865031,0.173881,-0.000628,0.003573,0.000726,0.000000,0.000000,0.000000
4.626000,2,7.908846,0.641889,0.000000,0.000000,-0.000000,0.000000,0.000000,0.000000,0.000000
4.626000,3,8.206211,2.151263,-0.001675,-0.007609,0.003486,-0.000304,0.000000,0.000000,0.000000
4.634000,1,4.924597,0.865031,0.173881,-0.000628,0.003573,0.000726,0.000000,0.000000,0.000000
4.634000,2,7.908846,0.641889,0.000000,0.000000,-0.000000,0.000000,0.000000,0.000000,0.000000
4.634000,3,8.206150,2.151252,-0.001678,-0.007609,0.003486,-0.000304,0.000000,0.000000,0.000000
4.642000,1,4.924597,0.865031,0.173881,-0.000628,0.003573,0.000726,0.000000,0.000000,0.000000
4.642000,2,7.908846,0.641889,0.000000,0.000000,-0.000000,0.000000,0.000000,0.000000,0.000000
4.642000,3,8.206089,2.151241,-0.001680,-0.007609,0.003486,-0.000304,0.000000,0.000000,0.000000
4.650000,1,4.924597,0.865031,0.173881,-0.000628,0.003573,0.000726,0.000000,0.000000,0.000000
4.650000,2,7.908846,0.641889,0.000000,0.000000,-0.000000,0.000000,0.000000,0.000000,0.000000
4.650000,3,8.206028,2.151229,-0.001683,-0.007609,0.003486,-0.000304,0.000000,0.000000,0.000000
4.659000,1,4.924597,0.865031,0.173881,-0.000628,0.003573,0.000726,0.000000,0.000000,0.000000
4.659000,2,7.908846,0.641889,0.000000,0.000000,-0.000000,0.000000,0.000000,0.000000,0.000000
4.659000,3,8.205959,2.151216,-0.001685,-0.007609,0.003486,-0.000304,0.000000,0.000000,0.000000
4.667000,1,4.924597,0.865031,0.173881,-0.000628,0.003573,0.000726,0.000000,0.000000,0.000000
4.667000,2,7.908846,0.641889,0.000000,0.000000,-0.000000,0.000000,0.000000,0.000000,0.000000
4.667000,3,8.205898,2.151205,-0.001688,-0.007609,0.003486,-0.000304,0.000000,0.000000,0.000000
4.675000,1,4.924597,0.865031,0.173881,-0.000628,0.003573,0.000726,0.000000,0.000000,0.000000
4.675000,2,7.908846,0.641889,0.000000,0.000000,-0.000000,0.000000,0.000000,0.000000,0.000000
4.675000,3,8.205837,2.151193,-0.001690,-0.007609,0.003487,-0.000304,0.000000,0.000000,0.000000
4.683000,1,4.924597,0.865031,0.173881,-0.000628,0.003573,0.000726,0.000000,0.000000,0.000000
4.683000,2,7.908846,0.641889,0.000000,0.000000,-0.000000,0.000000,0.000000,0.000000,0.000000
4.683000,3,8.205776,2.151182,-0.001693,-0.007609,0.003487,-0.000304,0.000000,0.000000,0.000000
4.693000,1,4.924597,0.865031,0.173881,-0.000628,0.003574,0.000726,0.000000,0.000000,0.000000
4.693000,2,7.908846,0.641889,0.000000,0.000000,-0.000000,0.000000,0.000000,0.000000,0.000000
4.693000,3,8.205700,2.151168,-0.001696,-0.007609,0.003487,-0.000304,0.000000,0.000000,0.000000
4.700000,1,4.924597,0.865031,0.173881,-0.000628,0.003574,0.000726,0.000000,0.000000,0.000000
4.700000,2,7.908846,0.641889,0.000000,0.000000,-0.000000,0.000000,0.000000,0.000000,0.000000
4.700000,3,8.205647,2.151158,-0.001698,-0.007609,0.003487,-0.000304,0.000000,0.000000,0.000000
4.708000,1,4.924597,0.865031,0.173881,-0.000628,0.003574,0.000726,0.000000,0.000000,0.000000
4.708000,2,7.908846,0.641889,0.000000,0.000000,-0.000000,0.000000,0.000000,0.000000,0.000000
4.708000,3,8.205585,2.151146,-0.001700,-0.007609,0.003487,-0.000304,0.000000,0.000000,0.000000
4.717000,1,4.924597,0.865031,0.173881,-0.000628,0.003574,0.000726,0.000000,0.000000,0.000000
4.717000,2,7.908846,0.641889,0.000000,0.000000,-0.000000,0.000000,0.000000,0.000000,0.000000
4.717000,3,8.205517,2.151133,-0.001703,-0.007609,0.003487,-0.000304,0.000000,0.000000,0.000000
4.725000,1,4.924597,0.865031,0.173881,-0.000628,0.003574,0.000726,0.000000,0.000000,0.000000
4.725000,2,7.908846,0.641889,0.000000,0.000000,-0.000000,0.000000,0.000000,0.000000,0.000000
4.725000,3,8.205456,2.151122,-0.001706,-0.007609,0.003487,-0.000304,0.000000,0.000000,0.000000
4.733000,1,4.924597,0.865031,0.173881,-0.000628,0.003574,0.000726,0.000000,0.000000,0.000000
4.733000,2,7.908846,0.641889,0.000000,0.000000,-0.000000,0.000000,0.000000,0.000000,0.000000
4.733000,3,8.205395,2.151110,-0.001708,-0.007609,0.003488,-0.000304,0.000000,0.000000,0.000000
4.742000,1,4.924597,0.865031,0.173881,-0.000628,0.003574,0.000726,0.000000,0.000000,0.000000
4.742000,2,7.908846,0.641889,0.000000,0.000000,-0.000000,0.000000,0.000000,0.000000,0.000000
4.742000,3,8.205326,2.151098,-0.001711,-0.007609,0.003488,-0.000304,0.000000,0.000000,0.000000
4.751000,1,4.924597,0.865031,0.173881,-0.000628,0.003574,0.000726,0.000000,0.000000,0.000000
4.751000,2,7.908846,0.641889,0.000000,0.000000,-0.000000,0.000000,0.000000,0.000000,0.000000
4.751000,3,8.205257,2.151085,-0.001713,-0.007609,0.003488,-0.000304,0.000000,0.000000,0.000000
4.759000,1,4.924597,0.865031,0.173881,-0.000628,0.003574,0.000726,0.000000,0.000000,0.000000
4.759000,2,7.908846,0.641889,0.000000,0.000000,-0.000000,0.000000,0.000000,0.000000,0.000000
4.759000,3,8.205196,2.151073,-0.001716,-0.007609,0.003488,-0.000304,0.000000,0.000000,0.000000
4.767000,1,4.924597,0.865031,0.173881,-0.000628,0.003574,0.000726,0.000000,0.000000,0.000000
4.767000,2,7.908846,0.641889,0.000000,0.000000,-0.000000,0.000000,0.000000,0.000000,0.000000
4.767000,3,8.205135,2.151062,-0.001718,-0.007609,0.003488,-0.000304,0.000000,0.000000,0.000000
4.775000,1,4.924597,0.865031,0.173881,-0.000628,0.003574,0.000726,0.000000,0.000000,0.000000
4.775000,2,7.908846,0.641889,0.000000,0.000000,-0.000000,0.000000,0.000000,0.000000,0.000000
4.775000,3,8.205074,2.151050,-0.001721,-0.007609,0.003488,-0.000304,0.000000,0.000000,0.000000
4.783000,1,4.924597,0.865031,0.173881,-0.000628,0.003574,0.000726,0.000000,0.000000,0.000000
4.783000,2,7.908846,0.641889,0.000000,0.000000,-0.000000,0.000000,0.000000,0.000000,0.000000
4.783000,3,8.205013,2.151039,-0.001723,-0.007609,0.003489,-0.000304,0.000000,0.000000,0.000000
4.792000,1,4.924597,0.865031,0.173881,-0.000628,0.003574,0.000726,0.000000,0.000000,0.000000
4.792000,2,7.908846,0.641889,0.000000,0.000000,-0.000000,0.000000,0.000000,0.000000,0.000000
4.792000,3,8.204945,2.151026,-0.001726,-0.007609,0.003489,-0.000304,0.000000,0.000000,0.000000
4.800000,1,4.924597,0.865031,0.173881,-0.000628,0.003574,0.000726,0.000000,0.000000,0.000000
4.800000,2,7.908846,0.641889,0.000000,0.000000,-0.000000,0.000000,0.000000,0.000000,0.000000
4.800000,3,8.204884,2.151015,-0.001728,-0.007609,0.003489,-0.000304,0.000000,0.000000,0.000000
4.809000,1,4.924597,0.865031,0.173881,-0.000628,0.003574,0.000726,0.000000,0.000000,0.000000
4.809000,2,7.908846,0.641889,0.000000,0.000000,-0.000000,0.000000,0.000000,0.000000,0.000000
4.809000,3,8.204815,2.151002,-0.001731,-0.007609,0.003489,-0.000304,0.000000,0.000000,0.000000
4.817000,1,4.924597,0.865031,0.173881,-0.000628,0.003575,0.000726,0.000000,0.000000,0.000000
4.817000,2,7.908846,0.641889,0.000000,0.000000,-0.000000,0.000000,0.000000,0.000000,0.000000
4.817000,3,8.204754,2.150990,-0.001734,-0.007610,0.003489,-0.000304,0.000000,0.000000,0.000000
4.825000,1,4.924597,0.865031,0.173881,-0.000628,0.003575,0.000726,0.000000,0.000000,0.000000
4.825000,2,7.908846,0.641889,0.000000,0.000000,-0.000000,0.000000,0.000000,0.000000,0.000000
4.825000,3,8.204693,2.150979,-0.001736,-0.007610,0.003489,-0.000304,0.000000,0.000000,0.000000
4.833000,1,4.924597,0.865031,0.173881,-0.000628,0.003575,0.000726,0.000000,0.000000,0.000000
4.833000,2,7.908846,0.641889,0.000000,0.000000,-0.000000,0.000000,0.000000,0.000000,0.000000
4.833000,3,8.204632,2.150967,-0.001738,-0.007610,0.003489,-0.000304,0.000000,0.000000,0.000000
4.842000,1,4.924597,0.865031,0.173881,-0.000628,0.003575,0.000726,0.000000,0.000000,0.000000
4.842000,2,7.908846,0.641889,0.000000,0.000000,-0.000000,0.000000,0.000000,0.000000,0.000000
4.842000,3,8.204563,2.150954,-0.001741,-0.007610,0.003490,-0.000304,0.000000,0.000000,0.000000
4.850000,1,4.924597,0.865031,0.173881,-0.000628,0.003575,0.000726,0.000000,0.000000,0.000000
4.850000,2,7.908846,0.641889,0.000000,0.000000,-0.000000,0.000000,0.000000,0.000000,0.000000
4.850000,3,8.204502,2.150943,-0.001744,-0.007610,0.003490,-0.000304,0.000000,0.000000,0.000000
4.858000,1,4.924597,0.865031,0.173881,-0.000628,0.003575,0.000726,0.000000,0.000000,0.000000
4.858000,2,7.908846,0.641889,0.000000,0.000000,-0.000000,0.000000,0.000000,0.000000,0.000000
4.858000,3,8.204441,2.150932,-0.001746,-0.007610,0.003490,-0.000304,0.000000,0.000000,0.000000
4.867000,1,4.924597,0.865031,0.173881,-0.000628,0.003575,0.000726,0.000000,0.000000,0.000000
4.867000,2,7.908846,0.641889,0.000000,0.000000,-0.000000,0.000000,0.000000,0.000000,0.000000
4.867000,3,8.204372,2.150919,-0.001749,-0.007610,0.003490,-0.000304,0.000000,0.000000,0.000000
4.875000,1,4.924597,0.865031,0.173881,-0.000628,0.003575,0.000726,0.000000,0.000000,0.000000
4.875000,2,7.908846,0.641889,0.000000,0.000000,-0.000000,0.000000,0.000000,0.000000,0.000000
4.875000,3,8.204311,2.150907,-0.001751,-0.007610,0.003490,-0.000304,0.000000,0.000000,0.000000
4.883000,1,4.924597,0.865031,0.173881,-0.000628,0.003575,0.000726,0.000000,0.000000,0.000000
4.883000,2,7.908846,0.641889,0.000000,0.000000,-0.000000,0.000000,0.000000,0.000000,0.000000
4.883000,3,8.204250,2.150896,-0.001754,-0.007610,0.003490,-0.000304,0.000000,0.000000,0.000000
4.892000,1,4.924597,0.865031,0.173881,-0.000628,0.003575,0.000726,0.000000,0.000000,0.000000
4.892000,2,7.908846,0.641889,0.000000,0.000000,-0.000000,0.000000,0.000000,0.000000,0.000000
4.892000,3,8.204182,2.150883,-0.001756,-0.007610,0.003490,-0.000304,0.000000,0.000000,0.000000
4.900000,1,4.924597,0.865031,0.173881,-0.000628,0.003575,0.000726,0.000000,0.000000,0.000000
4.900000,2,7.908846,0.641889,0.000000,0.000000,-0.000000,0.000000,0.000000,0.000000,0.000000
4.900000,3,8.204121,2.150872,-0.001759,-0.007610,0.003491,-0.000304,0.000000,0.000000,0.000000
4.909000,1,4.924597,0.865031,0.173881,-0.000628,0.003575,0.000726,0.000000,0.000000,0.000000
4.909000,2,7.908846,0.641889,0.000000,0.000000,-0.000000,0.000000,0.000000,0.000000,0.000000
4.909000,3,8.204052,2.150859,-0.001761,-0.007610,0.003491,-0.000303,0.000000,0.000000,0.000000
4.917000,1,4.924597,0.865031,0.173881,-0.000628,0.003575,0.000726,0.000000,0.000000,0.000000
4.917000,2,7.908846,0.641889,0.000000,0.000000,-0.000000,0.000000,0.000000,0.000000,0.000000
4.917000,3,8.203991,2.150847,-0.001764,-0.007610,0.003491,-0.000303,0.000000,0.000000,0.000000
4.925000,1,4.924597,0.865031,0.173881,-0.000628,0.003575,0.000726,0.000000,0.000000,0.000000
4.925000,2,7.908846,0.641889,0.000000,0.000000,-0.000000,0.000000,0.000000,0.000000,0.000000
4.925000,3,8.203930,2.150836,-0.001766,-0.007610,0.003491,-0.000303,0.000000,0.000000,0.000000
4.934000,1,4.924597,0.865031,0.173881,-0.000628,0.003575,0.000726,0.000000,0.000000,0.000000
4.934000,2,7.908846,0.641889,0.000000,0.000000,-0.000000,0.000000,0.000000,0.000000,0.000000
4.934000,3,8.203861,2.150823,-0.001769,-0.007610,0.003491,-0.000303,0.000000,0.000000,0.000000
4.942000,1,4.924597,0.865031,0.173881,-0.000628,0.003576,0.000726,0.000000,0.000000,0.000000
4.942000,2,7.908846,0.641889,0.000000,0.000000,-0.000000,0.000000,0.000000,0.000000,0.000000
4.942000,3,8.203800,2.150811,-0.001771,-0.007610,0.003491,-0.000303,0.000000,0.000000,0.000000
4.950000,1,4.924597,0.865031,0.173881,-0.000628,0.003576,0.000726,0.000000,0.000000,0.000000
4.950000,2,7.908846,0.641889,0.000000,0.000000,-0.000000,0.000000,0.000000,0.000000,0.000000
4.950000,3,8.203739,2.150800,-0.001774,-0.007610,0.003492,-0.000303,0.000000,0.000000,0.000000
4.959000,1,4.924597,0.865031,0.173881,-0.000628,0.003576,0.000726,0.000000,0.000000,0.000000
4.959000,2,7.908846,0.641889,0.000000,0.000000,-0.000000,0.000000,0.000000,0.000000,0.000000
4.959000,3,8.203671,2.150787,-0.001777,-0.007610,0.003492,-0.000303,0.000000,0.000000,0.000000
4.967000,1,4.924597,0.865031,0.173881,-0.000628,0.003576,0.000726,0.000000,0.000000,0.000000
4.967000,2,7.908846,0.641889,0.000000,0.000000,-0.000000,0.000000,0.000000,0.000000,0.000000
4.967000,3,8.203609,2.150776,-0.001779,-0.007610,0.003492,-0.000303,0.000000,0.000000,0.000000
4.975000,1,4.924597,0.865031,0.173881,-0.000628,0.003576,0.000726,0.000000,0.000000,0.000000
4.975000,2,7.908846,0.641889,0.000000,0.000000,-0.000000,0.000000,0.000000,0.000000,0.000000
4.975000,3,8.203548,2.150764,-0.001781,-0.007610,0.003492,-0.000303,0.000000,0.000000,0.000000
4.983000,1,4.924597,0.865031,0.173881,-0.000628,0.003576,0.000726,0.000000,0.000000,0.000000
4.983000,2,7.908846,0.641889,0.000000,0.000000,-0.000000,0.000000,0.000000,0.000000,0.000000
4.983000,3,8.203487,2.150753,-0.001784,-0.007610,0.003492,-0.000303,0.000000,0.000000,0.000000
4.992000,1,4.924597,0.865031,0.173881,-0.000628,0.003576,0.000726,0.000000,0.000000,0.000000
4.992000,2,7.908846,0.641889,0.000000,0.000000,-0.000000,0.000000,0.000000,0.000000,0.000000
4.992000,3,8.203419,2.150740,-0.001787,-0.007610,0.003492,-0.000303,0.000000,0.000000,0.000000
5.000000,1,4.924597,0.865031,0.173881,-0.000628,0.003576,0.000726,0.000000,0.000000,0.000000
5.000000,2,7.908846,0.641889,0.000000,0.000000,-0.000000,0.000000,0.000000,0.000000,0.000000
5.000000,3,8.203358,2.150728,-0.001789,-0.007610,0.003492,-0.000303,0.000000,0.000000,0.000000
5.008000,1,4.924597,0.865031,0.173881,-0.000628,0.003576,0.000726,0.000000,0.000000,0.000000
5.008000,2,7.908846,0.641889,0.000000,0.000000,-0.000000,0.000000,0.000000,0.000000,0.000000
5.008000,3,8.203297,2.150717,-0.001791,-0.007610,0.003493,-0.000303,0.000000,0.000000,0.000000
5.017000,1,4.924597,0.865031,0.173881,-0.000628,0.003576,0.000726,0.000000,0.000000,0.000000
5.017000,2,7.908846,0.641889,0.000000,0.000000,-0.000000,0.000000,0.000000,0.000000,0.000000
5.017000,3,8.203228,2.150704,-0.001794,-0.007610,0.003493,-0.000303,0.000000,0.000000,0.000000
5.025000,1,4.924597,0.865031,0.173881,-0.000628,0.003576,0.000726,0.000000,0.000000,0.000000
5.025000,2,7.908846,0.641889,0.000000,0.000000,-0.000000,0.000000,0.000000,0.000000,0.000000
5.025000,3,8.203167,2.150693,-0.001797,-0.007611,0.003493,-0.000303,0.000000,0.000000,0.000000
5.034000,1,4.924597,0.865031,0.173881,-0.000628,0.003576,0.000726,0.000000,0.000000,0.000000
5.034000,2,7.908846,0.641889,0.000000,0.000000,-0.000000,0.000000,0.000000,0.000000,0.000000
5.034000,3,8.203098,2.150680,-0.001799,-0.007611,0.003493,-0.000303,0.000000,0.000000,0.000000
5.042000,1,4.924597,0.865031,0.173881,-0.000628,0.003576,0.000726,0.000000,0.000000,0.000000
5.042000,2,7.908846,0.641889,0.000000,0.000000,-0.000000,0.000000,0.000000,0.000000,0.000000
5.042000,3,8.203037,2.150668,-0.001802,-0.007611,0.003493,-0.000303,0.000000,0.000000,0.000000
5.050000,1,4.924597,0.865031,0.173881,-0.000628,0.003576,0.000726,0.000000,0.000000,0.000000
5.050000,2,7.908846,0.641889,0.000000,0.000000,-0.000000,0.000000,0.000000,0.000000,0.000000
5.050000,3,8.202976,2.150657,-0.001804,-0.007611,0.003493,-0.000303,0.000000,0.000000,0.000000
5.059000,1,4.924597,0.865031,0.173881,-0.000628,0.003576,0.000726,0.000000,0.000000,0.000000
5.059000,2,7.908846,0.641889,0.000000,0.000000,-0.000000,0.000000,0.000000,0.000000,0.000000
5.059000,3,8.202908,2.150644,-0.001807,-0.007611,0.003493,-0.000303,0.000000,0.000000,0.000000
5.067000,1,4.924597,0.865031,0.173881,-0.000628,0.003576,0.000726,0.000000,0.000000,0.000000
5.067000,2,7.908846,0.641889,0.000000,0.000000,-0.000000,0.000000,0.000000,0.000000,0.000000
5.067000,3,8.202847,2.150633,-0.001809,-0.007611,0.003494,-0.000303,0.000000,0.000000,0.000000
5.075000,1,4.924597,0.865031,0.173881,-0.000628,0.003577,0.000726,0.000000,0.000000,0.000000
5.075000,2,7.908846,0.641889,0.000000,0.000000,-0.000000,0.000000,0.000000,0.000000,0.000000
5.075000,3,8.202785,2.150621,-0.001812,-0.007611,0.003494,-0.000303,0.000000,0.000000,0.000000
5.084000,1,4.924597,0.865031,0.173881,-0.000628,0.003577,0.000726,0.000000,0.000000,0.000000
5.084000,2,7.908846,0.641889,0.000000,0.000000,-0.000000,0.000000,0.000000,0.000000,0.000000
5.084000,3,8.202717,2.150608,-0.001815,-0.007611,0.003494,-0.000303,0.000000,0.000000,0.000000
5.092000,1,4.924597,0.865031,0.173881,-0.000628,0.003577,0.000726,0.000000,0.000000,0.000000
5.092000,2,7.908846,0.641889,0.000000,0.000000,-0.000000,0.000000,0.000000,0.000000,0.000000
5.092000,3,8.202656,2.150597,-0.001817,-0.007611,0.003494,-0.000303,0.000000,0.000000,0.000000
5.100000,1,4.924597,0.865031,0.173881,-0.000628,0.003577,0.000726,0.000000,0.000000,0.000000
5.100000,2,7.908846,0.641889,0.000000,0.000000,-0.000000,0.000000,0.000000,0.000000,0.000000
5.100000,3,8.202595,2.150585,-0.001819,-0.007611,0.003494,-0.000303,0.000000,0.000000,0.000000
5.109000,1,4.924597,0.865031,0.173881,-0.000628,0.003577,0.000726,0.000000,0.000000,0.000000
5.109000,2,7.908846,0.641889,0.000000,0.000000,-0.000000,0.000000,0.000000,0.000000,0.000000
5.109000,3,8.202526,2.150573,-0.001822,-0.007611,0.003494,-0.000303,0.000000,0.000000,0.000000
5.117000,1,4.924597,0.865031,0.173881,-0.000628,0.003577,0.000726,0.000000,0.000000,0.000000
5.117000,2,7.908846,0.641889,0.000000,0.000000,-0.000000,0.000000,0.000000,0.000000,0.000000
5.117000,3,8.202465,2.150561,-0.001824,-0.007611,0.003494,-0.000303,0.000000,0.000000,0.000000
5.125000,1,4.924597,0.865031,0.173881,-0.000628,0.003577,0.000726,0.000000,0.000000,0.000000
5.125000,2,7.908846,0.641889,0.000000,0.000000,-0.000000,0.000000,0.000000,0.000000,0.000000
5.125000,3,8.202404,2.150550,-0.001827,-0.007611,0.003495,-0.000303,0.000000,0.000000,0.000000
5.133000,1,4.924597,0.865031,0.173881,-0.000628,0.003577,0.000726,0.000000,0.000000,0.000000
5.133000,2,7.908846,0.641889,0.000000,0.000000,-0.000000,0.000000,0.000000,0.000000,0.000000
5.133000,3,8.202343,2.150538,-0.001829,-0.007611,0.003495,-0.000303,0.000000,0.000000,0.000000
5.142000,1,4.924597,0.865031,0.173881,-0.000628,0.003577,0.000726,0.000000,0.000000,0.000000
5.142000,2,7.908846,0.641889,0.000000,0.000000,-0.000000,0.000000,0.000000,0.000000,0.000000
5.142000,3,8.202274,2.150525,-0.001832,-0.007611,0.003495,-0.000303,0.000000,0.000000,0.000000
5.150000,1,4.924597,0.865031,0.173881,-0.000628,0.003577,0.000726,0.000000,0.000000,0.000000
5.150000,2,7.908846,0.641889,0.000000,0.000000,-0.000000,0.000000,0.000000,0.000000,0.000000
5.150000,3,8.202213,2.150514,-0.001834,-0.007611,0.003495,-0.000303,0.000000,0.000000,0.000000
5.158000,1,4.924597,0.865031,0.173881,-0.000628,0.003577,0.000726,0.000000,0.000000,0.000000
5.158000,2,7.908846,0.641889,0.000000,0.000000,-0.000000,0.000000,0.000000,0.000000,0.000000
5.158000,3,8.202152,2.150502,-0.001837,-0.007611,0.003495,-0.000303,0.000000,0.000000,0.000000
5.167000,1,4.924597,0.865031,0.173881,-0.000628,0.003577,0.000726,0.000000,0.000000,0.000000
5.167000,2,7.908846,0.641889,0.000000,0.000000,-0.000000,0.000000,0.000000,0.000000,0.000000
5.167000,3,8.202084,2.150490,-0.001840,-0.007611,0.003495,-0.000303,0.000000,0.000000,0.000000
5.175000,1,4.924597,0.865031,0.173881,-0.000628,0.003577,0.000726,0.000000,0.000000,0.000000
5.175000,2,7.908846,0.641889,0.000000,0.000000,-0.000000,0.000000,0.000000,0.000000,0.000000
5.175000,3,8.202023,2.150478,-0.001842,-0.007611,0.003495,-0.000303,0.000000,0.000000,0.000000
5.183000,1,4.924597,0.865031,0.173881,-0.000628,0.003577,0.000726,0.000000,0.000000,0.000000
5.183000,2,7.908846,0.641889,0.000000,0.000000,-0.000000,0.000000,0.000000,0.000000,0.000000
5.183000,3,8.201962,2.150467,-0.001844,-0.007611,0.003496,-0.000303,0.000000,0.000000,0.000000
5.192000,1,4.924597,0.865031,0.173881,-0.000628,0.003577,0.000726,0.000000,0.000000,0.000000
5.192000,2,7.908846,0.641889,0.000000,0.000000,-0.000000,0.000000,0.000000,0.000000,0.000000
5.192000,3,8.201893,2.150454,-0.001847,-0.007611,0.003496,-0.000303,0.000000,0.000000,0.000000
5.200000,1,4.924597,0.865031,0.173881,-0.000628,0.003578,0.000726,0.000000,0.000000,0.000000
5.200000,2,7.908846,0.641889,0.000000,0.000000,-0.000000,0.000000,0.000000,0.000000,0.000000
5.200000,3,8.201832,2.150442,-0.001850,-0.007611,0.003496,-0.000303,0.000000,0.000000,0.000000
5.208000,1,4.924597,0.865031,0.173881,-0.000628,0.003578,0.000726,0.000000,0.000000,0.000000
5.208000,2,7.908846,0.641889,0.000000,0.000000,-0.000000,0.000000,0.000000,0.000000,0.000000
5.208000,3,8.201771,2.150431,-0.001852,-0.007611,0.003496,-0.000303,0.000000,0.000000,0.000000
5.217000,1,4.924597,0.865031,0.173881,-0.000628,0.003578,0.000726,0.000000,0.000000,0.000000
5.217000,2,7.908846,0.641889,0.000000,0.000000,-0.000000,0.000000,0.000000,0.000000,0.000000
5.217000,3,8.201702,2.150418,-0.001855,-0.007611,0.003496,-0.000303,0.000000,0.000000,0.000000
5.226000,1,4.924597,0.865031,0.173881,-0.000628,0.003578,0.000726,0.000000,0.000000,0.000000
5.226000,2,7.908846,0.641889,0.000000,0.000000,-0.000000,0.000000,0.000000,0.000000,0.000000
5.226000,3,8.201633,2.150405,-0.001857,-0.007611,0.003496,-0.000303,0.000000,0.000000,0.000000
5.234000,1,4.924597,0.865031,0.173881,-0.000628,0.003578,0.000727,0.000000,0.000000,0.000000
5.234000,2,7.908846,0.641889,0.000000,0.000000,-0.000000,0.000000,0.000000,0.000000,0.000000
5.234000,3,8.201572,2.150394,-0.001860,-0.007611,0.003497,-0.000302,0.000000,0.000000,0.000000
5.242000,1,4.924597,0.865031,0.173881,-0.000628,0.003578,0.000727,0.000000,0.000000,0.000000
5.242000,2,7.908846,0.641889,0.000000,0.000000,-0.000000,0.000000,0.000000,0.000000,0.000000
5.242000,3,8.201511,2.150382,-0.001862,-0.007612,0.003497,-0.000302,0.000000,0.000000,0.000000
5.250000,1,4.924597,0.865031,0.173881,-0.000628,0.003578,0.000727,0.000000,0.000000,0.000000
5.250000,2,7.908846,0.641889,0.000000,0.000000,-0.000000,0.000000,0.000000,0.000000,0.000000
5.250000,3,8.201450,2.150371,-0.001865,-0.007612,0.003497,-0.000302,0.000000,0.000000,0.000000
5.259000,1,4.924597,0.865031,0.173881,-0.000628,0.003578,0.000727,0.000000,0.000000,0.000000
5.259000,2,7.908846,0.641889,0.000000,0.000000,-0.000000,0.000000,0.000000,0.000000,0.000000
5.259000,3,8.201382,2.150358,-0.001867,-0.007612,0.003497,-0.000302,0.000000,0.000000,0.000000
5.267000,1,4.924597,0.865031,0.173881,-0.000629,0.003578,0.000727,0.000000,0.000000,0.000000
5.267000,2,7.908846,0.641889,0.000000,0.000000,-0.000000,0.000000,0.000000,0.000000,0.000000
5.267000,3,8.201321,2.150347,-0.001870,-0.007612,0.003497,-0.000302,0.000000,0.000000,0.000000
5.275000,1,4.924597,0.865031,0.173881,-0.000629,0.003578,0.000727,0.000000,0.000000,0.000000
5.275000,2,7.908846,0.641889,0.000000,0.000000,-0.000000,0.000000,0.000000,0.000000,0.000000
5.275000,3,8.201260,2.150335,-0.001872,-0.007612,0.003497,-0.000302,0.000000,0.000000,0.000000
5.284000,1,4.924597,0.865031,0.173881,-0.000629,0.003578,0.000727,0.000000,0.000000,0.000000
5.284000,2,7.908846,0.641889,0.000000,0.000000,-0.000000,0.000000,0.000000,0.000000,0.000000
5.284000,3,8.201191,2.150322,-0.001875,-0.007612,0.003497,-0.000302,0.000000,0.000000,0.000000
5.292000,1,4.924597,0.865031,0.173881,-0.000629,0.003578,0.000727,0.000000,0.000000,0.000000
5.292000,2,7.908846,0.641889,0.000000,0.000000,-0.000000,0.000000,0.000000,0.000000,0.000000
5.292000,3,8.201130,2.150311,-0.001877,-0.007612,0.003498,-0.000302,0.000000,0.000000,0.000000
5.301000,1,4.924597,0.865031,0.173881,-0.000629,0.003578,0.000727,0.000000,0.000000,0.000000
5.301000,2,7.908846,0.641889,0.000000,0.000000,-0.000000,0.000000,0.000000,0.000000,0.000000
5.301000,3,8.201061,2.150298,-0.001880,-0.007612,0.003498,-0.000302,0.000000,0.000000,0.000000
5.308000,1,4.924597,0.865031,0.173881,-0.000629,0.003578,0.000727,0.000000,0.000000,0.000000
5.308000,2,7.908846,0.641889,0.000000,0.000000,-0.000000,0.000000,0.000000,0.000000,0.000000
5.308000,3,8.201008,2.150288,-0.001882,-0.007612,0.003498,-0.000302,0.000000,0.000000,0.000000
5.317000,1,4.924597,0.865031,0.173881,-0.000629,0.003578,0.000727,0.000000,0.000000,0.000000
5.317000,2,7.908846,0.641889,0.000000,0.000000,-0.000000,0.000000,0.000000,0.000000,0.000000
5.317000,3,8.200939,2.150275,-0.001885,-0.007612,0.003498,-0.000302,0.000000,0.000000,0.000000
5.326000,1,4.924597,0.865031,0.173881,-0.000629,0.003579,0.000727,0.000000,0.000000,0.000000
5.326000,2,7.908846,0.641889,0.000000,0.000000,-0.000000,0.000000,0.000000,0.000000,0.000000
5.326000,3,8.200871,2.150262,-0.001888,-0.007612,0.003498,-0.000302,0.000000,0.000000,0.000000
5.334000,1,4.924597,0.865031,0.173881,-0.000629,0.003579,0.000727,0.000000,0.000000,0.000000
5.334000,2,7.908846,0.641889,0.000000,0.000000,-0.000000,0.000000,0.000000,0.000000,0.000000
5.334000,3,8.200809,2.150251,-0.001890,-0.007612,0.003498,-0.000302,0.000000,0.000000,0.000000
5.342000,1,4.924597,0.865031,0.173881,-0.000629,0.003579,0.000727,0.000000,0.000000,0.000000
5.342000,2,7.908846,0.641889,0.000000,0.000000,-0.000000,0.000000,0.000000,0.000000,0.000000
5.342000,3,8.200748,2.150239,-0.001893,-0.007612,0.003498,-0.000302,0.000000,0.000000,0.000000
5.351000,1,4.924597,0.865031,0.173881,-0.000629,0.003579,0.000727,0.000000,0.000000,0.000000
5.351000,2,7.908846,0.641889,0.000000,0.000000,-0.000000,0.000000,0.000000,0.000000,0.000000
5.351000,3,8.200680,2.150226,-0.001895,-0.007612,0.003499,-0.000302,0.000000,0.000000,0.000000
5.359000,1,4.924597,0.865031,0.173881,-0.000629,0.003579,0.000727,0.000000,0.000000,0.000000
5.359000,2,7.908846,0.641889,0.000000,0.000000,-0.000000,0.000000,0.000000,0.000000,0.000000
5.359000,3,8.200619,2.150215,-0.001898,-0.007612,0.003499,-0.000302,0.000000,0.000000,0.000000
5.367000,1,4.924597,0.865031,0.173881,-0.000629,0.003579,0.000727,0.000000,0.000000,0.000000
5.367000,2,7.908846,0.641889,0.000000,0.000000,-0.000000,0.000000,0.000000,0.000000,0.000000
5.367000,3,8.200558,2.150203,-0.001900,-0.007612,0.003499,-0.000302,0.000000,0.000000,0.000000
5.375000,1,4.924597,0.865031,0.173881,-0.000629,0.003579,0.000727,0.000000,0.000000,0.000000
5.375000,2,7.908846,0.641889,0.000000,0.000000,-0.000000,0.000000,0.000000,0.000000,0.000000
5.375000,3,8.200497,2.150192,-0.001903,-0.007612,0.003499,-0.000302,0.000000,0.000000,0.000000
5.384000,1,4.924597,0.865031,0.173881,-0.000629,0.003579,0.000727,0.000000,0.000000,0.000000
5.384000,2,7.908846,0.641889,0.000000,0.000000,-0.000000,0.000000,0.000000,0.000000,0.000000
5.384000,3,8.200428,2.150179,-0.001905,-0.007612,0.003499,-0.000302,0.000000,0.000000,0.000000
5.393000,1,4.924597,0.865031,0.173881,-0.000629,0.003579,0.000727,0.000000,0.000000,0.000000
5.393000,2,7.908846,0.641889,0.000000,0.000000,-0.000000,0.000000,0.000000,0.000000,0.000000
5.393000,3,8.200359,2.150166,-0.001908,-0.007612,0.003499,-0.000302,0.000000,0.000000,0.000000
5.400000,1,4.924597,0.865031,0.173881,-0.000629,0.003579,0.000727,0.000000,0.000000,0.000000
5.400000,2,7.908846,0.641889,0.000000,0.000000,-0.000000,0.000000,0.000000,0.000000,0.000000
5.400000,3,8.200306,2.150156,-0.001910,-0.007612,0.003499,-0.000302,0.000000,0.000000,0.000000
5.409000,1,4.924597,0.865031,0.173881,-0.000629,0.003579,0.000727,0.000000,0.000000,0.000000
5.409000,2,7.908846,0.641889,0.000000,0.000000,-0.000000,0.000000,0.000000,0.000000,0.000000
5.409000,3,8.200237,2.150143,-0.001913,-0.007612,0.003500,-0.000302,0.000000,0.000000,0.000000
5.417000,1,4.924597,0.865031,0.173881,-0.000629,0.003579,0.000727,0.000000,0.000000,0.000000
5.417000,2,7.908846,0.641889,0.000000,0.000000,-0.000000,0.000000,0.000000,0.000000,0.000000
5.417000,3,8.200176,2.150132,-0.001915,-0.007612,0.003500,-0.000302,0.000000,0.000000,0.000000
5.425000,1,4.924597,0.865031,0.173881,-0.000629,0.003579,0.000727,0.000000,0.000000,0.000000
5.425000,2,7.908846,0.641889,0.000000,0.000000,-0.000000,0.000000,0.000000,0.000000,0.000000
5.425000,3,8.200115,2.150120,-0.001918,-0.007612,0.003500,-0.000302,0.000000,0.000000,0.000000
5.434000,1,4.924597,0.865031,0.173881,-0.000629,0.003579,0.000727,0.000000,0.000000,0.000000
5.434000,2,7.908846,0.641889,0.000000,0.000000,-0.000000,0.000000,0.000000,0.000000,0.000000
5.434000,3,8.200047,2.150108,-0.001920,-0.007612,0.003500,-0.000302,0.000000,0.000000,0.000000
5.442000,1,4.924597,0.865031,0.173881,-0.000629,0.003579,0.000727,0.000000,0.000000,0.000000
5.442000,2,7.908846,0.641889,0.000000,0.000000,-0.000000,0.000000,0.000000,0.000000,0.000000
5.442000,3,8.199986,2.150096,-0.001923,-0.007612,0.003500,-0.000302,0.000000,0.000000,0.000000
5.450000,1,4.924597,0.865031,0.173881,-0.000629,0.003579,0.000727,0.000000,0.000000,0.000000
5.450000,2,7.908846,0.641889,0.000000,0.000000,-0.000000,0.000000,0.000000,0.000000,0.000000
5.450000,3,8.199924,2.150085,-0.001925,-0.007613,0.003500,-0.000302,0.000000,0.000000,0.000000
5.459000,1,4.924597,0.865031,0.173881,-0.000629,0.003580,0.000727,0.000000,0.000000,0.000000
5.459000,2,7.908846,0.641889,0.000000,0.000000,-0.000000,0.000000,0.000000,0.000000,0.000000
5.459000,3,8.199856,2.150072,-0.001928,-0.007613,0.003501,-0.000302,0.000000,0.000000,0.000000
5.468000,1,4.924597,0.865031,0.173881,-0.000629,0.003580,0.000727,0.000000,0.000000,0.000000
5.468000,2,7.908846,0.641889,0.000000,0.000000,-0.000000,0.000000,0.000000,0.000000,0.000000
5.468000,3,8.199787,2.150059,-0.001931,-0.007613,0.003501,-0.000302,0.000000,0.000000,0.000000
5.475000,1,4.924597,0.865031,0.173881,-0.000629,0.003580,0.000727,0.000000,0.000000,0.000000
5.475000,2,7.908846,0.641889,0.000000,0.000000,-0.000000,0.000000,0.000000,0.000000,0.000000
5.475000,3,8.199734,2.150049,-0.001933,-0.007613,0.003501,-0.000302,0.000000,0.000000,0.000000
5.484000,1,4.924597,0.865031,0.173881,-0.000629,0.003580,0.000727,0.000000,0.000000,0.000000
5.484000,2,7.908846,0.641889,0.000000,0.000000,-0.000000,0.000000,0.000000,0.000000,0.000000
5.484000,3,8.199665,2.150036,-0.001935,-0.007613,0.003501,-0.000302,0.000000,0.000000,0.000000
5.492000,1,4.924597,0.865031,0.173881,-0.000629,0.003580,0.000727,0.000000,0.000000,0.000000
5.492000,2,7.908846,0.641889,0.000000,0.000000,-0.000000,0.000000,0.000000,0.000000,0.000000
5.492000,3,8.199604,2.150025,-0.001938,-0.007613,0.003501,-0.000302,0.000000,0.000000,0.000000
5.501000,1,4.924597,0.865031,0.173881,-0.000629,0.003580,0.000727,0.000000,0.000000,0.000000
5.501000,2,7.908846,0.641889,0.000000,0.000000,-0.000000,0.000000,0.000000,0.000000,0.000000
5.501000,3,8.199535,2.150012,-0.001941,-0.007613,0.003501,-0.000302,0.000000,0.000000,0.000000
5.509000,1,4.924597,0.865031,0.173881,-0.000629,0.003580,0.000727,0.000000,0.000000,0.000000
5.509000,2,7.908846,0.641889,0.000000,0.000000,-0.000000,0.000000,0.000000,0.000000,0.000000
5.509000,3,8.199474,2.150000,-0.001943,-0.007613,0.003501,-0.000302,0.000000,0.000000,0.000000
5.518000,1,4.924597,0.865031,0.173881,-0.000629,0.003580,0.000727,0.000000,0.000000,0.000000
5.518000,2,7.908846,0.641889,0.000000,0.000000,-0.000000,0.000000,0.000000,0.000000,0.000000
5.518000,3,8.199406,2.149987,-0.001946,-0.007613,0.003502,-0.000302,0.000000,0.000000,0.000000
5.526000,1,4.924597,0.865031,0.173881,-0.000629,0.003580,0.000727,0.000000,0.000000,0.000000
5.526000,2,7.908846,0.641889,0.000000,0.000000,-0.000000,0.000000,0.000000,0.000000,0.000000
5.526000,3,8.199345,2.149976,-0.001948,-0.007613,0.003502,-0.000302,0.000000,0.000000,0.000000
5.534000,1,4.924597,0.865031,0.173881,-0.000629,0.003580,0.000727,0.000000,0.000000,0.000000
5.534000,2,7.908846,0.641889,0.000000,0.000000,-0.000000,0.000000,0.000000,0.000000,0.000000
5.534000,3,8.199284,2.149965,-0.001950,-0.007613,0.003502,-0.000302,0.000000,0.000000,0.000000
5.542000,1,4.924597,0.865031,0.173881,-0.000629,0.003580,0.000727,0.000000,0.000000,0.000000
5.542000,2,7.908846,0.641889,0.000000,0.000000,-0.000000,0.000000,0.000000,0.000000,0.000000
5.542000,3,8.199223,2.149953,-0.001953,-0.007613,0.003502,-0.000302,0.000000,0.000000,0.000000
5.551000,1,4.924597,0.865031,0.173881,-0.000629,0.003580,0.000727,0.000000,0.000000,0.000000
5.551000,2,7.908846,0.641889,0.000000,0.000000,-0.000000,0.000000,0.000000,0.000000,0.000000
5.551000,3,8.199154,2.149940,-0.001956,-0.007613,0.003502,-0.000301,0.000000,0.000000,0.000000
5.559000,1,4.924597,0.865031,0.173881,-0.000629,0.003580,0.000727,0.000000,0.000000,0.000000
5.559000,2,7.908846,0.641889,0.000000,0.000000,-0.000000,0.000000,0.000000,0.000000,0.000000
5.559000,3,8.199093,2.149929,-0.001958,-0.007613,0.003502,-0.000301,0.000000,0.000000,0.000000
5.567000,1,4.924597,0.865031,0.173881,-0.000629,0.003580,0.000727,0.000000,0.000000,0.000000
5.567000,2,7.908846,0.641889,0.000000,0.000000,-0.000000,0.000000,0.000000,0.000000,0.000000
5.567000,3,8.199032,2.149917,-0.001960,-0.007613,0.003502,-0.000301,0.000000,0.000000,0.000000
5.576000,1,4.924597,0.865031,0.173881,-0.000629,0.003580,0.000727,0.000000,0.000000,0.000000
5.576000,2,7.908846,0.641889,0.000000,0.000000,-0.000000,0.000000,0.000000,0.000000,0.000000
5.576000,3,8.198963,2.149904,-0.001963,-0.007613,0.003503,-0.000301,0.000000,0.000000,0.000000
5.584000,1,4.924597,0.865031,0.173881,-0.000629,0.003581,0.000727,0.000000,0.000000,0.000000
5.584000,2,7.908846,0.641889,0.000000,0.000000,-0.000000,0.000000,0.000000,0.000000,0.000000
5.584000,3,8.198902,2.149893,-0.001966,-0.007613,0.003503,-0.000301,0.000000,0.000000,0.000000
5.592000,1,4.924597,0.865031,0.173881,-0.000629,0.003581,0.000727,0.000000,0.000000,0.000000
5.592000,2,7.908846,0.641889,0.000000,0.000000,-0.000000,0.000000,0.000000,0.000000,0.000000
5.592000,3,8.198841,2.149882,-0.001968,-0.007613,0.003503,-0.000301,0.000000,0.000000,0.000000
5.601000,1,4.924597,0.865031,0.173881,-0.000629,0.003581,0.000727,0.000000,0.000000,0.000000
5.601000,2,7.908846,0.641889,0.000000,0.000000,-0.000000,0.000000,0.000000,0.000000,0.000000
5.601000,3,8.198772,2.149869,-0.001971,-0.007613,0.003503,-0.000301,0.000000,0.000000,0.000000
5.609000,1,4.924597,0.865031,0.173881,-0.000629,0.003581,0.000727,0.000000,0.000000,0.000000
5.609000,2,7.908846,0.641889,0.000000,0.000000,-0.000000,0.000000,0.000000,0.000000,0.000000
5.609000,3,8.198711,2.149857,-0.001973,-0.007613,0.003503,-0.000301,0.000000,0.000000,0.000000
5.617000,1,4.924597,0.865031,0.173881,-0.000629,0.003581,0.000727,0.000000,0.000000,0.000000
5.617000,2,7.908846,0.641889,0.000000,0.000000,-0.000000,0.000000,0.000000,0.000000,0.000000
5.617000,3,8.198650,2.149846,-0.001976,-0.007613,0.003503,-0.000301,0.000000,0.000000,0.000000
5.626000,1,4.924597,0.865031,0.173881,-0.000629,0.003581,0.000727,0.000000,0.000000,0.000000
5.626000,2,7.908846,0.641889,0.000000,0.000000,-0.000000,0.000000,0.000000,0.000000,0.000000
5.626000,3,8.198582,2.149833,-0.001978,-0.007613,0.003504,-0.000301,0.000000,0.000000,0.000000
5.634000,1,4.924597,0.865031,0.173881,-0.000629,0.003581,0.000727,0.000000,0.000000,0.000000
5.634000,2,7.908846,0.641889,0.000000,0.000000,-0.000000,0.000000,0.000000,0.000000,0.000000
5.634000,3,8.198521,2.149822,-0.001981,-0.007613,0.003504,-0.000301,0.000000,0.000000,0.000000
5.642000,1,4.924597,0.865031,0.173881,-0.000629,0.003581,0.000727,0.000000,0.000000,0.000000
5.642000,2,7.908846,0.641889,0.000000,0.000000,-0.000000,0.000000,0.000000,0.000000,0.000000
5.642000,3,8.198460,2.149810,-0.001983,-0.007613,0.003504,-0.000301,0.000000,0.000000,0.000000
5.651000,1,4.924597,0.865031,0.173881,-0.000629,0.003581,0.000727,0.000000,0.000000,0.000000
5.651000,2,7.908846,0.641889,0.000000,0.000000,-0.000000,0.000000,0.000000,0.000000,0.000000
5.651000,3,8.198391,2.149797,-0.001986,-0.007613,0.003504,-0.000301,0.000000,0.000000,0.000000
5.660000,1,4.924597,0.865031,0.173881,-0.000629,0.003581,0.000727,0.000000,0.000000,0.000000
5.660000,2,7.908846,0.641889,0.000000,0.000000,-0.000000,0.000000,0.000000,0.000000,0.000000
5.660000,3,8.198322,2.149784,-0.001988,-0.007614,0.003504,-0.000301,0.000000,0.000000,0.000000
5.668000,1,4.924597,0.865031,0.173881,-0.000629,0.003581,0.000727,0.000000,0.000000,0.000000
5.668000,2,7.908846,0.641889,0.000000,0.000000,-0.000000,0.000000,0.000000,0.000000,0.000000
5.668000,3,8.198261,2.149773,-0.001991,-0.007614,0.003504,-0.000301,0.000000,0.000000,0.000000
5.676000,1,4.924597,0.865031,0.173881,-0.000629,0.003581,0.000727,0.000000,0.000000,0.000000
5.676000,2,7.908846,0.641889,0.000000,0.000000,-0.000000,0.000000,0.000000,0.000000,0.000000
5.676000,3,8.198200,2.149761,-0.001993,-0.007614,0.003504,-0.000301,0.000000,0.000000,0.000000
5.684000,1,4.924597,0.865031,0.173881,-0.000629,0.003581,0.000727,0.000000,0.000000,0.000000
5.684000,2,7.908846,0.641889,0.000000,0.000000,-0.000000,0.000000,0.000000,0.000000,0.000000
5.684000,3,8.198139,2.149750,-0.001996,-0.007614,0.003505,-0.000301,0.000000,0.000000,0.000000
5.692000,1,4.924597,0.865031,0.173881,-0.000629,0.003581,0.000727,0.000000,0.000000,0.000000
5.692000,2,7.908846,0.641889,0.000000,0.000000,-0.000000,0.000000,0.000000,0.000000,0.000000
5.692000,3,8.198078,2.149739,-0.001998,-0.007614,0.003505,-0.000301,0.000000,0.000000,0.000000
5.700000,1,4.924597,0.865031,0.173881,-0.000629,0.003581,0.000727,0.000000,0.000000,0.000000
5.700000,2,7.908846,0.641889,0.000000,0.000000,-0.000000,0.000000,0.000000,0.000000,0.000000
5.700000,3,8.198017,2.149727,-0.002001,-0.007614,0.003505,-0.000301,0.000000,0.000000,0.000000
5.709000,1,4.924597,0.865031,0.173881,-0.000629,0.003582,0.000727,0.000000,0.000000,0.000000
5.709000,2,7.908846,0.641889,0.000000,0.000000,-0.000000,0.000000,0.000000,0.000000,0.000000
5.709000,3,8.197948,2.149714,-0.002003,-0.007614,0.003505,-0.000301,0.000000,0.000000,0.000000
5.717000,1,4.924597,0.865031,0.173881,-0.000629,0.003582,0.000727,0.000000,0.000000,0.000000
5.717000,2,7.908846,0.641889,0.000000,0.000000,-0.000000,0.000000,0.000000,0.000000,0.000000
5.717000,3,8.197887,2.149703,-0.002006,-0.007614,0.003505,-0.000301,0.000000,0.000000,0.000000
5.725000,1,4.924597,0.865031,0.173881,-0.000629,0.003582,0.000727,0.000000,0.000000,0.000000
5.725000,2,7.908846,0.641889,0.000000,0.000000,-0.000000,0.000000,0.000000,0.000000,0.000000
5.725000,3,8.197826,2.149691,-0.002008,-0.007614,0.003505,-0.000301,0.000000,0.000000,0.000000
5.734000,1,4.924597,0.865031,0.173881,-0.000629,0.003582,0.000727,0.000000,0.000000,0.000000
5.734000,2,7.908846,0.641889,0.000000,0.000000,-0.000000,0.000000,0.000000,0.000000,0.000000
5.734000,3,8.197758,2.149678,-0.002011,-0.007614,0.003505,-0.000301,0.000000,0.000000,0.000000
5.742000,1,4.924597,0.865031,0.173881,-0.000629,0.003582,0.000727,0.000000,0.000000,0.000000
5.742000,2,7.908846,0.641889,0.000000,0.000000,-0.000000,0.000000,0.000000,0.000000,0.000000
5.742000,3,8.197697,2.149667,-0.002013,-0.007614,0.003506,-0.000301,0.000000,0.000000,0.000000
5.750000,1,4.924597,0.865031,0.173881,-0.000629,0.003582,0.000727,0.000000,0.000000,0.000000
5.750000,2,7.908846,0.641889,0.000000,0.000000,-0.000000,0.000000,0.000000,0.000000,0.000000
5.750000,3,8.197636,2.149656,-0.002016,-0.007614,0.003506,-0.000301,0.000000,0.000000,0.000000
5.759000,1,4.924597,0.865031,0.173881,-0.000629,0.003582,0.000727,0.000000,0.000000,0.000000
5.759000,2,7.908846,0.641889,0.000000,0.000000,-0.000000,0.000000,0.000000,0.000000,0.000000
5.759000,3,8.197567,2.149643,-0.002018,-0.007614,0.003506,-0.000301,0.000000,0.000000,0.000000
5.767000,1,4.924597,0.865031,0.173881,-0.000629,0.003582,0.000727,0.000000,0.000000,0.000000
5.767000,2,7.908846,0.641889,0.000000,0.000000,-0.000000,0.000000,0.000000,0.000000,0.000000
5.767000,3,8.197506,2.149631,-0.002021,-0.007614,0.003506,-0.000301,0.000000,0.000000,0.000000
5.775000,1,4.924597,0.865031,0.173881,-0.000629,0.003582,0.000727,0.000000,0.000000,0.000000
5.775000,2,7.908846,0.641889,0.000000,0.000000,-0.000000,0.000000,0.000000,0.000000,0.000000
5.775000,3,8.197445,2.149620,-0.002023,-0.007614,0.003506,-0.000301,0.000000,0.000000,0.000000
5.784000,1,4.924597,0.865031,0.173881,-0.000629,0.003582,0.000727,0.000000,0.000000,0.000000
5.784000,2,7.908846,0.641889,0.000000,0.000000,-0.000000,0.000000,0.000000,0.000000,0.000000
5.784000,3,8.197376,2.149607,-0.002026,-0.007614,0.003506,-0.000301,0.000000,0.000000,0.000000
5.792000,1,4.924597,0.865031,0.173881,-0.000629,0.003582,0.000727,0.000000,0.000000,0.000000
5.792000,2,7.908846,0.641889,0.000000,0.000000,-0.000000,0.000000,0.000000,0.000000,0.000000
5.792000,3,8.197315,2.149595,-0.002028,-0.007614,0.003506,-0.000301,0.000000,0.000000,0.000000
5.800000,1,4.924597,0.865031,0.173881,-0.000629,0.003582,0.000727,0.000000,0.000000,0.000000
5.800000,2,7.908846,0.641889,0.000000,0.000000,-0.000000,0.000000,0.000000,0.000000,0.000000
5.800000,3,8.197254,2.149584,-0.002031,-0.007614,0.003507,-0.000301,0.000000,0.000000,0.000000
5.809000,1,4.924597,0.865031,0.173881,-0.000629,0.003582,0.000727,0.000000,0.000000,0.000000
5.809000,2,7.908846,0.641889,0.000000,0.000000,-0.000000,0.000000,0.000000,0.000000,0.000000
5.809000,3,8.197186,2.149571,-0.002033,-0.007614,0.003507,-0.000301,0.000000,0.000000,0.000000
5.817000,1,4.924597,0.865031,0.173881,-0.000629,0.003582,0.000727,0.000000,0.000000,0.000000
5.817000,2,7.908846,0.641889,0.000000,0.000000,-0.000000,0.000000,0.000000,0.000000,0.000000
5.817000,3,8.197124,2.149560,-0.002036,-0.007614,0.003507,-0.000301,0.000000,0.000000,0.000000
5.825000,1,4.924597,0.865031,0.173881,-0.000629,0.003582,0.000727,0.000000,0.000000,0.000000
5.825000,2,7.908846,0.641889,0.000000,0.000000,-0.000000,0.000000,0.000000,0.000000,0.000000
5.825000,3,8.197063,2.149548,-0.002038,-0.007614,0.003507,-0.000301,0.000000,0.000000,0.000000
5.834000,1,4.924597,0.865031,0.173881,-0.000629,0.003583,0.000727,0.000000,0.000000,0.000000
5.834000,2,7.908846,0.641889,0.000000,0.000000,-0.000000,0.000000,0.000000,0.000000,0.000000
5.834000,3,8.196995,2.149535,-0.002041,-0.007614,0.003507,-0.000301,0.000000,0.000000,0.000000
5.842000,1,4.924597,0.865031,0.173881,-0.000629,0.003583,0.000727,0.000000,0.000000,0.000000
5.842000,2,7.908846,0.641889,0.000000,0.000000,-0.000000,0.000000,0.000000,0.000000,0.000000
5.842000,3,8.196934,2.149524,-0.002043,-0.007614,0.003507,-0.000301,0.000000,0.000000,0.000000
5.850000,1,4.924597,0.865031,0.173881,-0.000629,0.003583,0.000728,0.000000,0.000000,0.000000
5.850000,2,7.908846,0.641889,0.000000,0.000000,-0.000000,0.000000,0.000000,0.000000,0.000000
5.850000,3,8.196873,2.149513,-0.002046,-0.007614,0.003508,-0.000301,0.000000,0.000000,0.000000
5.859000,1,4.924597,0.865031,0.173881,-0.000629,0.003583,0.000728,0.000000,0.000000,0.000000
5.859000,2,7.908846,0.641889,0.000000,0.000000,-0.000000,0.000000,0.000000,0.000000,0.000000
5.859000,3,8.196804,2.149500,-0.002048,-0.007614,0.003508,-0.000301,0.000000,0.000000,0.000000
5.867000,1,4.924597,0.865031,0.173881,-0.000629,0.003583,0.000728,0.000000,0.000000,0.000000
5.867000,2,7.908846,0.641889,0.000000,0.000000,-0.000000,0.000000,0.000000,0.000000,0.000000
5.867000,3,8.196743,2.149488,-0.002051,-0.007614,0.003508,-0.000301,0.000000,0.000000,0.000000
5.876000,1,4.924597,0.865031,0.173881,-0.000629,0.003583,0.000728,0.000000,0.000000,0.000000
5.876000,2,7.908846,0.641889,0.000000,0.000000,-0.000000,0.000000,0.000000,0.000000,0.000000
5.876000,3,8.196674,2.149475,-0.002053,-0.007615,0.003508,-0.000300,0.000000,0.000000,0.000000
5.883000,1,4.924597,0.865031,0.173881,-0.000629,0.003583,0.000728,0.000000,0.000000,0.000000
5.883000,2,7.908846,0.641889,0.000000,0.000000,-0.000000,0.000000,0.000000,0.000000,0.000000
5.883000,3,8.196621,2.149465,-0.002056,-0.007615,0.003508,-0.000300,0.000000,0.000000,0.000000
5.891000,1,4.924597,0.865031,0.173881,-0.000629,0.003583,0.000728,0.000000,0.000000,0.000000
5.891000,2,7.908846,0.641889,0.000000,0.000000,-0.000000,0.000000,0.000000,0.000000,0.000000
5.891000,3,8.196560,2.149454,-0.002058,-0.007615,0.003508,-0.000300,0.000000,0.000000,0.000000
5.900000,1,4.924597,0.865031,0.173881,-0.000629,0.003583,0.000728,0.000000,0.000000,0.000000
5.900000,2,7.908846,0.641889,0.000000,0.000000,-0.000000,0.000000,0.000000,0.000000,0.000000
5.900000,3,8.196491,2.149441,-0.002061,-0.007615,0.003508,-0.000300,0.000000,0.000000,0.000000
5.908000,1,4.924597,0.865031,0.173881,-0.000629,0.003583,0.000728,0.000000,0.000000,0.000000
5.908000,2,7.908846,0.641889,0.000000,0.000000,-0.000000,0.000000,0.000000,0.000000,0.000000
5.908000,3,8.196430,2.149430,-0.002063,-0.007615,0.003508,-0.000300,0.000000,0.000000,0.000000
5.916000,1,4.924597,0.865031,0.173881,-0.000629,0.003583,0.000728,0.000000,0.000000,0.000000
5.916000,2,7.908846,0.641889,0.000000,0.000000,-0.000000,0.000000,0.000000,0.000000,0.000000
5.916000,3,8.196369,2.149418,-0.002065,-0.007615,0.003509,-0.000300,0.000000,0.000000,0.000000
5.925000,1,4.924597,0.865031,0.173881,-0.000629,0.003583,0.000728,0.000000,0.000000,0.000000
5.925000,2,7.908846,0.641889,0.000000,0.000000,-0.000000,0.000000,0.000000,0.000000,0.000000
5.925000,3,8.196301,2.149405,-0.002068,-0.007615,0.003509,-0.000300,0.000000,0.000000,0.000000
5.934000,1,4.924597,0.865031,0.173881,-0.000629,0.003583,0.000728,0.000000,0.000000,0.000000
5.934000,2,7.908846,0.641889,0.000000,0.000000,-0.000000,0.000000,0.000000,0.000000,0.000000
5.934000,3,8.196232,2.149392,-0.002071,-0.007615,0.003509,-0.000300,0.000000,0.000000,0.000000
5.941000,1,4.924597,0.865031,0.173881,-0.000629,0.003583,0.000728,0.000000,0.000000,0.000000
5.941000,2,7.908846,0.641889,0.000000,0.000000,-0.000000,0.000000,0.000000,0.000000,0.000000
5.941000,3,8.196178,2.149382,-0.002073,-0.007615,0.003509,-0.000300,0.000000,0.000000,0.000000
5.950000,1,4.924597,0.865031,0.173881,-0.000629,0.003583,0.000728,0.000000,0.000000,0.000000
5.950000,2,7.908846,0.641889,0.000000,0.000000,-0.000000,0.000000,0.000000,0.000000,0.000000
5.950000,3,8.196110,2.149369,-0.002076,-0.007615,0.003509,-0.000300,0.000000,0.000000,0.000000
5.958000,1,4.924597,0.865031,0.173881,-0.000629,0.003583,0.000728,0.000000,0.000000,0.000000
5.958000,2,7.908846,0.641889,0.000000,0.000000,-0.000000,0.000000,0.000000,0.000000,0.000000
5.958000,3,8.196049,2.149358,-0.002078,-0.007615,0.003509,-0.000300,0.000000,0.000000,0.000000
5.966000,1,4.924597,0.865031,0.173881,-0.000629,0.003584,0.000728,0.000000,0.000000,0.000000
5.966000,2,7.908846,0.641889,0.000000,0.000000,-0.000000,0.000000,0.000000,0.000000,0.000000
5.966000,3,8.195988,2.149347,-0.002080,-0.007615,0.003510,-0.000300,0.000000,0.000000,0.000000
5.975000,1,4.924597,0.865031,0.173881,-0.000629,0.003584,0.000728,0.000000,0.000000,0.000000
5.975000,2,7.908846,0.641889,0.000000,0.000000,-0.000000,0.000000,0.000000,0.000000,0.000000
5.975000,3,8.195919,2.149334,-0.002083,-0.007615,0.003510,-0.000300,0.000000,0.000000,0.000000
5.984000,1,4.924597,0.865031,0.173881,-0.000629,0.003584,0.000728,0.000000,0.000000,0.000000
5.984000,2,7.908846,0.641889,0.000000,0.000000,-0.000000,0.000000,0.000000,0.000000,0.000000
5.984000,3,8.195850,2.149321,-0.002086,-0.007615,0.003510,-0.000300,0.000000,0.000000,0.000000
5.992000,1,4.924597,0.865031,0.173881,-0.000630,0.003584,0.000728,0.000000,0.000000,0.000000
5.992000,2,7.908846,0.641889,0.000000,0.000000,-0.000000,0.000000,0.000000,0.000000,0.000000
5.992000,3,8.195789,2.149309,-0.002088,-0.007615,0.003510,-0.000300,0.000000,0.000000,0.000000
6.000000,1,4.924597,0.865031,0.173881,-0.000630,0.003584,0.000728,0.000000,0.000000,0.000000
6.000000,2,7.908846,0.641889,0.000000,0.000000,-0.000000,0.000000,0.000000,0.000000,0.000000
6.000000,3,8.195728,2.149298,-0.002091,-0.007615,0.003510,-0.000300,0.000000,0.000000,0.000000
6.009000,1,4.924597,0.865031,0.173881,-0.000630,0.003584,0.000728,0.000000,0.000000,0.000000
6.009000,2,7.908846,0.641889,0.000000,0.000000,-0.000000,0.000000,0.000000,0.000000,0.000000
6.009000,3,8.195660,2.149285,-0.002093,-0.007615,0.003510,-0.000300,0.000000,0.000000,0.000000
6.017000,1,4.924597,0.865031,0.173881,-0.000630,0.003584,0.000728,0.000000,0.000000,0.000000
6.017000,2,7.908846,0.641889,0.000000,0.000000,-0.000000,0.000000,0.000000,0.000000,0.000000
6.017000,3,8.195599,2.149274,-0.002096,-0.007615,0.003510,-0.000300,0.000000,0.000000,0.000000
6.025000,1,4.924597,0.865031,0.173881,-0.000630,0.003584,0.000728,0.000000,0.000000,0.000000
6.025000,2,7.908846,0.641889,0.000000,0.000000,-0.000000,0.000000,0.000000,0.000000,0.000000
6.025000,3,8.195538,2.149262,-0.002098,-0.007615,0.003511,-0.000300,0.000000,0.000000,0.000000
6.034000,1,4.924597,0.865031,0.173881,-0.000630,0.003584,0.000728,0.000000,0.000000,0.000000
6.034000,2,7.908846,0.641889,0.000000,0.000000,-0.000000,0.000000,0.000000,0.000000,0.000000
6.034000,3,8.195469,2.149249,-0.002101,-0.007615,0.003511,-0.000300,0.000000,0.000000,0.000000
6.042000,1,4.924597,0.865031,0.173881,-0.000630,0.003584,0.000728,0.000000,0.000000,0.000000
6.042000,2,7.908846,0.641889,0.000000,0.000000,-0.000000,0.000000,0.000000,0.000000,0.000000
6.042000,3,8.195408,2.149238,-0.002103,-0.007615,0.003511,-0.000300,0.000000,0.000000,0.000000
6.050000,1,4.924597,0.865031,0.173881,-0.000630,0.003584,0.000728,0.000000,0.000000,0.000000
6.050000,2,7.908846,0.641889,0.000000,0.000000,-0.000000,0.000000,0.000000,0.000000,0.000000
6.050000,3,8.195347,2.149226,-0.002106,-0.007615,0.003511,-0.000300,0.000000,0.000000,0.000000
6.059000,1,4.924597,0.865031,0.173881,-0.000630,0.003584,0.000728,0.000000,0.000000,0.000000
6.059000,2,7.908846,0.641889,0.000000,0.000000,-0.000000,0.000000,0.000000,0.000000,0.000000
6.059000,3,8.195278,2.149214,-0.002108,-0.007615,0.003511,-0.000300,0.000000,0.000000,0.000000
6.067000,1,4.924597,0.865031,0.173881,-0.000630,0.003584,0.000728,0.000000,0.000000,0.000000
6.067000,2,7.908846,0.641889,0.000000,0.000000,-0.000000,0.000000,0.000000,0.000000,0.000000
6.067000,3,8.195217,2.149202,-0.002111,-0.007615,0.003511,-0.000300,0.000000,0.000000,0.000000
6.075000,1,4.924597,0.865031,0.173881,-0.000630,0.003584,0.000728,0.000000,0.000000,0.000000
6.075000,2,7.908846,0.641889,0.000000,0.000000,-0.000000,0.000000,0.000000,0.000000,0.000000
6.075000,3,8.195156,2.149191,-0.002113,-0.007615,0.003511,-0.000300,0.000000,0.000000,0.000000
6.083000,1,4.924597,0.865031,0.173881,-0.000630,0.003584,0.000728,0.000000,0.000000,0.000000
6.083000,2,7.908846,0.641889,0.000000,0.000000,-0.000000,0.000000,0.000000,0.000000,0.000000
6.083000,3,8.195095,2.149179,-0.002116,-0.007615,0.003512,-0.000300,0.000000,0.000000,0.000000
6.092000,1,4.924597,0.865031,0.173881,-0.000630,0.003585,0.000728,0.000000,0.000000,0.000000
6.092000,2,7.908846,0.641889,0.000000,0.000000,-0.000000,0.000000,0.000000,0.000000,0.000000
6.092000,3,8.195026,2.149166,-0.002118,-0.007616,0.003512,-0.000300,0.000000,0.000000,0.000000
6.100000,1,4.924597,0.865031,0.173881,-0.000630,0.003585,0.000728,0.000000,0.000000,0.000000
6.100000,2,7.908846,0.641889,0.000000,0.000000,-0.000000,0.000000,0.000000,0.000000,0.000000
6.100000,3,8.194965,2.149155,-0.002121,-0.007616,0.003512,-0.000300,0.000000,0.000000,0.000000
6.109000,1,4.924597,0.865031,0.173881,-0.000630,0.003585,0.000728,0.000000,0.000000,0.000000
6.109000,2,7.908846,0.641889,0.000000,0.000000,-0.000000,0.000000,0.000000,0.000000,0.000000
6.109000,3,8.194897,2.149142,-0.002123,-0.007616,0.003512,-0.000300,0.000000,0.000000,0.000000
6.117000,1,4.924597,0.865031,0.173881,-0.000630,0.003585,0.000728,0.000000,0.000000,0.000000
6.117000,2,7.908846,0.641889,0.000000,0.000000,-0.000000,0.000000,0.000000,0.000000,0.000000
6.117000,3,8.194836,2.149131,-0.002126,-0.007616,0.003512,-0.000300,0.000000,0.000000,0.000000
6.125000,1,4.924597,0.865031,0.173881,-0.000630,0.003585,0.000728,0.000000,0.000000,0.000000
6.125000,2,7.908846,0.641889,0.000000,0.000000,-0.000000,0.000000,0.000000,0.000000,0.000000
6.125000,3,8.194775,2.149119,-0.002128,-0.007616,0.003512,-0.000300,0.000000,0.000000,0.000000
6.134000,1,4.924597,0.865031,0.173881,-0.000630,0.003585,0.000728,0.000000,0.000000,0.000000
6.134000,2,7.908846,0.641889,0.000000,0.000000,-0.000000,0.000000,0.000000,0.000000,0.000000
6.134000,3,8.194706,2.149106,-0.002131,-0.007616,0.003512,-0.000300,0.000000,0.000000,0.000000
6.142000,1,4.924597,0.865031,0.173881,-0.000630,0.003585,0.000728,0.000000,0.000000,0.000000
6.142000,2,7.908846,0.641889,0.000000,0.000000,-0.000000,0.000000,0.000000,0.000000,0.000000
6.142000,3,8.194645,2.149095,-0.002133,-0.007616,0.003513,-0.000300,0.000000,0.000000,0.000000
6.150000,1,4.924597,0.865031,0.173881,-0.000630,0.003585,0.000728,0.000000,0.000000,0.000000
6.150000,2,7.908846,0.641889,0.000000,0.000000,-0.000000,0.000000,0.000000,0.000000,0.000000
6.150000,3,8.194584,2.149083,-0.002136,-0.007616,0.003513,-0.000300,0.000000,0.000000,0.000000
6.158000,1,4.924597,0.865031,0.173881,-0.000630,0.003585,0.000728,0.000000,0.000000,0.000000
6.158000,2,7.908846,0.641889,0.000000,0.000000,-0.000000,0.000000,0.000000,0.000000,0.000000
6.158000,3,8.194523,2.149072,-0.002138,-0.007616,0.003513,-0.000300,0.000000,0.000000,0.000000
6.167000,1,4.924597,0.865031,0.173881,-0.000630,0.003585,0.000728,0.000000,0.000000,0.000000
6.167000,2,7.908846,0.641889,0.000000,0.000000,-0.000000,0.000000,0.000000,0.000000,0.000000
6.167000,3,8.194454,2.149059,-0.002141,-0.007616,0.003513,-0.000300,0.000000,0.000000,0.000000
6.176000,1,4.924597,0.865031,0.173881,-0.000630,0.003585,0.000728,0.000000,0.000000,0.000000
6.176000,2,7.908846,0.641889,0.000000,0.000000,-0.000000,0.000000,0.000000,0.000000,0.000000
6.176000,3,8.194386,2.149046,-0.002143,-0.007616,0.003513,-0.000300,0.000000,0.000000,0.000000
6.184000,1,4.924597,0.865031,0.173881,-0.000630,0.003585,0.000728,0.000000,0.000000,0.000000
6.184000,2,7.908846,0.641889,0.000000,0.000000,-0.000000,0.000000,0.000000,0.000000,0.000000
6.184000,3,8.194324,2.149035,-0.002146,-0.007616,0.003513,-0.000300,0.000000,0.000000,0.000000
6.192000,1,4.924597,0.865031,0.173881,-0.000630,0.003585,0.000728,0.000000,0.000000,0.000000
6.192000,2,7.908846,0.641889,0.000000,0.000000,-0.000000,0.000000,0.000000,0.000000,0.000000
6.192000,3,8.194263,2.149023,-0.002148,-0.007616,0.003514,-0.000300,0.000000,0.000000,0.000000
6.200000,1,4.924597,0.865031,0.173881,-0.000630,0.003585,0.000728,0.000000,0.000000,0.000000
6.200000,2,7.908846,0.641889,0.000000,0.000000,-0.000000,0.000000,0.000000,0.000000,0.000000
6.200000,3,8.194202,2.149012,-0.002151,-0.007616,0.003514,-0.000299,0.000000,0.000000,0.000000
6.208000,1,4.924597,0.865031,0.173881,-0.000630,0.003585,0.000728,0.000000,0.000000,0.000000
6.208000,2,7.908846,0.641889,0.000000,0.000000,-0.000000,0.000000,0.000000,0.000000,0.000000
6.208000,3,8.194141,2.149000,-0.002153,-0.007616,0.003514,-0.000299,0.000000,0.000000,0.000000
6.217000,1,4.924597,0.865031,0.173881,-0.000630,0.003586,0.000728,0.000000,0.000000,0.000000
6.217000,2,7.908846,0.641889,0.000000,0.000000,-0.000000,0.000000,0.000000,0.000000,0.000000
6.217000,3,8.194073,2.148988,-0.002156,-0.007616,0.003514,-0.000299,0.000000,0.000000,0.000000
6.225000,1,4.924597,0.865031,0.173881,-0.000630,0.003586,0.000728,0.000000,0.000000,0.000000
6.225000,2,7.908846,0.641889,0.000000,0.000000,-0.000000,0.000000,0.000000,0.000000,0.000000
6.225000,3,8.194012,2.148976,-0.002158,-0.007616,0.003514,-0.000299,0.000000,0.000000,0.000000
6.233000,1,4.924597,0.865031,0.173881,-0.000630,0.003586,0.000728,0.000000,0.000000,0.000000
6.233000,2,7.908846,0.641889,0.000000,0.000000,-0.000000,0.000000,0.000000,0.000000,0.000000
6.233000,3,8.193951,2.148965,-0.002160,-0.007616,0.003514,-0.000299,0.000000,0.000000,0.000000
6.242000,1,4.924597,0.865031,0.173881,-0.000630,0.003586,0.000728,0.000000,0.000000,0.000000
6.242000,2,7.908846,0.641889,0.000000,0.000000,-0.000000,0.000000,0.000000,0.000000,0.000000
6.242000,3,8.193882,2.148952,-0.002163,-0.007616,0.003514,-0.000299,0.000000,0.000000,0.000000
6.250000,1,4.924597,0.865031,0.173881,-0.000630,0.003586,0.000728,0.000000,0.000000,0.000000
6.250000,2,7.908846,0.641889,0.000000,0.000000,-0.000000,0.000000,0.000000,0.000000,0.000000
6.250000,3,8.193821,2.148940,-0.002166,-0.007616,0.003515,-0.000299,0.000000,0.000000,0.000000
6.259000,1,4.924597,0.865031,0.173881,-0.000630,0.003586,0.000728,0.000000,0.000000,0.000000
6.259000,2,7.908846,0.641889,0.000000,0.000000,-0.000000,0.000000,0.000000,0.000000,0.000000
6.259000,3,8.193752,2.148927,-0.002168,-0.007616,0.003515,-0.000299,0.000000,0.000000,0.000000
6.267000,1,4.924597,0.865031,0.173881,-0.000630,0.003586,0.000728,0.000000,0.000000,0.000000
6.267000,2,7.908846,0.641889,0.000000,0.000000,-0.000000,0.000000,0.000000,0.000000,0.000000
6.267000,3,8.193691,2.148916,-0.002171,-0.007616,0.003515,-0.000299,0.000000,0.000000,0.000000
6.275000,1,4.924597,0.865031,0.173881,-0.000630,0.003586,0.000728,0.000000,0.000000,0.000000
6.275000,2,7.908846,0.641889,0.000000,0.000000,-0.000000,0.000000,0.000000,0.000000,0.000000
6.275000,3,8.193630,2.148905,-0.002173,-0.007616,0.003515,-0.000299,0.000000,0.000000,0.000000
6.283000,1,4.924597,0.865031,0.173881,-0.000630,0.003586,0.000728,0.000000,0.000000,0.000000
6.283000,2,7.908846,0.641889,0.000000,0.000000,-0.000000,0.000000,0.000000,0.000000,0.000000
6.283000,3,8.193569,2.148893,-0.002175,-0.007616,0.003515,-0.000299,0.000000,0.000000,0.000000
6.292000,1,4.924597,0.865031,0.173881,-0.000630,0.003586,0.000728,0.000000,0.000000,0.000000
6.292000,2,7.908846,0.641889,0.000000,0.000000,-0.000000,0.000000,0.000000,0.000000,0.000000
6.292000,3,8.193501,2.148880,-0.002178,-0.007616,0.003515,-0.000299,0.000000,0.000000,0.000000
6.300000,1,4.924597,0.865031,0.173881,-0.000630,0.003586,0.000728,0.000000,0.000000,0.000000
6.300000,2,7.908846,0.641889,0.000000,0.000000,-0.000000,0.000000,0.000000,0.000000,0.000000
6.300000,3,8.193439,2.148869,-0.002181,-0.007617,0.003515,-0.000299,0.000000,0.000000,0.000000
6.308000,1,4.924597,0.865031,0.173881,-0.000630,0.003586,0.000728,0.000000,0.000000,0.000000
6.308000,2,7.908846,0.641889,0.000000,0.000000,-0.000000,0.000000,0.000000,0.000000,0.000000
6.308000,3,8.193378,2.148857,-0.002183,-0.007617,0.003516,-0.000299,0.000000,0.000000,0.000000
6.318000,1,4.924597,0.865031,0.173881,-0.000630,0.003586,0.000728,0.000000,0.000000,0.000000
6.318000,2,7.908846,0.641889,0.000000,0.000000,-0.000000,0.000000,0.000000,0.000000,0.000000
6.318000,3,8.193302,2.148843,-0.002186,-0.007617,0.003516,-0.000299,0.000000,0.000000,0.000000
6.325000,1,4.924597,0.865031,0.173881,-0.000630,0.003586,0.000728,0.000000,0.000000,0.000000
6.325000,2,7.908846,0.641889,0.000000,0.000000,-0.000000,0.000000,0.000000,0.000000,0.000000
6.325000,3,8.193249,2.148833,-0.002188,-0.007617,0.003516,-0.000299,0.000000,0.000000,0.000000
6.334000,1,4.924597,0.865031,0.173881,-0.000630,0.003586,0.000728,0.000000,0.000000,0.000000
6.334000,2,7.908846,0.641889,0.000000,0.000000,-0.000000,0.000000,0.000000,0.000000,0.000000
6.334000,3,8.193180,2.148820,-0.002191,-0.007617,0.003516,-0.000299,0.000000,0.000000,0.000000
6.342000,1,4.924597,0.865031,0.173881,-0.000630,0.003587,0.000728,0.000000,0.000000,0.000000
6.342000,2,7.908846,0.641889,0.000000,0.000000,-0.000000,0.000000,0.000000,0.000000,0.000000
6.342000,3,8.193119,2.148809,-0.002193,-0.007617,0.003516,-0.000299,0.000000,0.000000,0.000000
6.351000,1,4.924597,0.865031,0.173881,-0.000630,0.003587,0.000728,0.000000,0.000000,0.000000
6.351000,2,7.908846,0.641889,0.000000,0.000000,-0.000000,0.000000,0.000000,0.000000,0.000000
6.351000,3,8.193050,2.148796,-0.002196,-0.007617,0.003516,-0.000299,0.000000,0.000000,0.000000
6.359000,1,4.924597,0.865031,0.173881,-0.000630,0.003587,0.000728,0.000000,0.000000,0.000000
6.359000,2,7.908846,0.641889,0.000000,0.000000,-0.000000,0.000000,0.000000,0.000000,0.000000
6.359000,3,8.192989,2.148784,-0.002198,-0.007617,0.003517,-0.000299,0.000000,0.000000,0.000000
6.367000,1,4.924597,0.865031,0.173881,-0.000630,0.003587,0.000728,0.000000,0.000000,0.000000
6.367000,2,7.908846,0.641889,0.000000,0.000000,-0.000000,0.000000,0.000000,0.000000,0.000000
6.367000,3,8.192928,2.148773,-0.002201,-0.007617,0.003517,-0.000299,0.000000,0.000000,0.000000
6.375000,1,4.924597,0.865031,0.173881,-0.000630,0.003587,0.000728,0.000000,0.000000,0.000000
6.375000,2,7.908846,0.641889,0.000000,0.000000,-0.000000,0.000000,0.000000,0.000000,0.000000
6.375000,3,8.192867,2.148762,-0.002203,-0.007617,0.003517,-0.000299,0.000000,0.000000,0.000000
6.384000,1,4.924597,0.865031,0.173881,-0.000630,0.003587,0.000728,0.000000,0.000000,0.000000
6.384000,2,7.908846,0.641889,0.000000,0.000000,-0.000000,0.000000,0.000000,0.000000,0.000000
6.384000,3,8.192799,2.148749,-0.002206,-0.007617,0.003517,-0.000299,0.000000,0.000000,0.000000
6.392000,1,4.924597,0.865031,0.173881,-0.000630,0.003587,0.000728,0.000000,0.000000,0.000000
6.392000,2,7.908846,0.641889,0.000000,0.000000,-0.000000,0.000000,0.000000,0.000000,0.000000
6.392000,3,8.192738,2.148737,-0.002208,-0.007617,0.003517,-0.000299,0.000000,0.000000,0.000000
6.400000,1,4.924597,0.865031,0.173881,-0.000630,0.003587,0.000728,0.000000,0.000000,0.000000
6.400000,2,7.908846,0.641889,0.000000,0.000000,-0.000000,0.000000,0.000000,0.000000,0.000000
6.400000,3,8.192677,2.148726,-0.002210,-0.007617,0.003517,-0.000299,0.000000,0.000000,0.000000
6.409000,1,4.924597,0.865031,0.173881,-0.000630,0.003587,0.000728,0.000000,0.000000,0.000000
6.409000,2,7.908846,0.641889,0.000000,0.000000,-0.000000,0.000000,0.000000,0.000000,0.000000
6.409000,3,8.192608,2.148713,-0.002213,-0.007617,0.003517,-0.000299,0.000000,0.000000,0.000000
6.417000,1,4.924597,0.865031,0.173881,-0.000630,0.003587,0.000728,0.000000,0.000000,0.000000
6.417000,2,7.908846,0.641889,0.000000,0.000000,-0.000000,0.000000,0.000000,0.000000,0.000000
6.417000,3,8.192547,2.148701,-0.002216,-0.007617,0.003518,-0.000299,0.000000,0.000000,0.000000
6.425000,1,4.924597,0.865031,0.173881,-0.000630,0.003587,0.000728,0.000000,0.000000,0.000000
6.425000,2,7.908846,0.641889,0.000000,0.000000,-0.000000,0.000000,0.000000,0.000000,0.000000
6.425000,3,8.192486,2.148690,-0.002218,-0.007617,0.003518,-0.000299,0.000000,0.000000,0.000000
6.433000,1,4.924597,0.865031,0.173881,-0.000630,0.003587,0.000728,0.000000,0.000000,0.000000
6.433000,2,7.908846,0.641889,0.000000,0.000000,-0.000000,0.000000,0.000000,0.000000,0.000000
6.433000,3,8.192425,2.148679,-0.002220,-0.007617,0.003518,-0.000299,0.000000,0.000000,0.000000
6.442000,1,4.924597,0.865031,0.173881,-0.000630,0.003587,0.000728,0.000000,0.000000,0.000000
6.442000,2,7.908846,0.641889,0.000000,0.000000,-0.000000,0.000000,0.000000,0.000000,0.000000
6.442000,3,8.192356,2.148666,-0.002223,-0.007617,0.003518,-0.000299,0.000000,0.000000,0.000000
6.450000,1,4.924597,0.865031,0.173881,-0.000630,0.003587,0.000728,0.000000,0.000000,0.000000
6.450000,2,7.908846,0.641889,0.000000,0.000000,-0.000000,0.000000,0.000000,0.000000,0.000000
6.450000,3,8.192295,2.148654,-0.002225,-0.007617,0.003518,-0.000299,0.000000,0.000000,0.000000
6.458000,1,4.924597,0.865031,0.173881,-0.000630,0.003587,0.000728,0.000000,0.000000,0.000000
6.458000,2,7.908846,0.641889,0.000000,0.000000,-0.000000,0.000000,0.000000,0.000000,0.000000
6.458000,3,8.192234,2.148643,-0.002228,-0.007617,0.003518,-0.000299,0.000000,0.000000,0.000000
6.467000,1,4.924597,0.865031,0.173881,-0.000630,0.003588,0.000728,0.000000,0.000000,0.000000
6.467000,2,7.908846,0.641889,0.000000,0.000000,-0.000000,0.000000,0.000000,0.000000,0.000000
6.467000,3,8.192165,2.148630,-0.002230,-0.007617,0.003518,-0.000299,0.000000,0.000000,0.000000
6.476000,1,4.924597,0.865031,0.173881,-0.000630,0.003588,0.000729,0.000000,0.000000,0.000000
6.476000,2,7.908846,0.641889,0.000000,0.000000,-0.000000,0.000000,0.000000,0.000000,0.000000
6.476000,3,8.192097,2.148617,-0.002233,-0.007617,0.003519,-0.000299,0.000000,0.000000,0.000000
6.483000,1,4.924597,0.865031,0.173881,-0.000630,0.003588,0.000729,0.000000,0.000000,0.000000
6.483000,2,7.908846,0.641889,0.000000,0.000000,-0.000000,0.000000,0.000000,0.000000,0.000000
6.483000,3,8.192043,2.148607,-0.002235,-0.007617,0.003519,-0.000299,0.000000,0.000000,0.000000
6.492000,1,4.924597,0.865031,0.173881,-0.000630,0.003588,0.000729,0.000000,0.000000,0.000000
6.492000,2,7.908846,0.641889,0.000000,0.000000,-0.000000,0.000000,0.000000,0.000000,0.000000
6.492000,3,8.191975,2.148594,-0.002238,-0.007617,0.003519,-0.000299,0.000000,0.000000,0.000000
6.501000,1,4.924597,0.865031,0.173881,-0.000630,0.003588,0.000729,0.000000,0.000000,0.000000
6.501000,2,7.908846,0.641889,0.000000,0.000000,-0.000000,0.000000,0.000000,0.000000,0.000000
6.501000,3,8.191906,2.148581,-0.002241,-0.007617,0.003519,-0.000299,0.000000,0.000000,0.000000
6.509000,1,4.924597,0.865031,0.173881,-0.000630,0.003588,0.000729,0.000000,0.000000,0.000000
6.509000,2,7.908846,0.641889,0.000000,0.000000,-0.000000,0.000000,0.000000,0.000000,0.000000
6.509000,3,8.191845,2.148570,-0.002243,-0.007617,0.003519,-0.000299,0.000000,0.000000,0.000000
6.517000,1,4.924597,0.865031,0.173881,-0.000630,0.003588,0.000729,0.000000,0.000000,0.000000
6.517000,2,7.908846,0.641889,0.000000,0.000000,-0.000000,0.000000,0.000000,0.000000,0.000000
6.517000,3,8.191784,2.148558,-0.002245,-0.007618,0.003519,-0.000298,0.000000,0.000000,0.000000
6.525000,1,4.924597,0.865031,0.173881,-0.000630,0.003588,0.000729,0.000000,0.000000,0.000000
6.525000,2,7.908846,0.641889,0.000000,0.000000,-0.000000,0.000000,0.000000,0.000000,0.000000
6.525000,3,8.191723,2.148547,-0.002248,-0.007618,0.003519,-0.000298,0.000000,0.000000,0.000000
6.534000,1,4.924597,0.865031,0.173881,-0.000630,0.003588,0.000729,0.000000,0.000000,0.000000
6.534000,2,7.908846,0.641889,0.000000,0.000000,-0.000000,0.000000,0.000000,0.000000,0.000000
6.534000,3,8.191654,2.148534,-0.002250,-0.007618,0.003520,-0.000298,0.000000,0.000000,0.000000
6.542000,1,4.924597,0.865031,0.173881,-0.000630,0.003588,0.000729,0.000000,0.000000,0.000000
6.542000,2,7.908846,0.641889,0.000000,0.000000,-0.000000,0.000000,0.000000,0.000000,0.000000
6.542000,3,8.191593,2.148523,-0.002253,-0.007618,0.003520,-0.000298,0.000000,0.000000,0.000000
6.550000,1,4.924597,0.865031,0.173881,-0.000630,0.003588,0.000729,0.000000,0.000000,0.000000
6.550000,2,7.908846,0.641889,0.000000,0.000000,-0.000000,0.000000,0.000000,0.000000,0.000000
6.550000,3,8.191532,2.148511,-0.002255,-0.007618,0.003520,-0.000298,0.000000,0.000000,0.000000
6.559000,1,4.924597,0.865031,0.173881,-0.000630,0.003588,0.000729,0.000000,0.000000,0.000000
6.559000,2,7.908846,0.641889,0.000000,0.000000,-0.000000,0.000000,0.000000,0.000000,0.000000
6.559000,3,8.191463,2.148498,-0.002258,-0.007618,0.003520,-0.000298,0.000000,0.000000,0.000000
6.567000,1,4.924597,0.865031,0.173881,-0.000630,0.003588,0.000729,0.000000,0.000000,0.000000
6.567000,2,7.908846,0.641889,0.000000,0.000000,-0.000000,0.000000,0.000000,0.000000,0.000000
6.567000,3,8.191402,2.148487,-0.002260,-0.007618,0.003520,-0.000298,0.000000,0.000000,0.000000
6.575000,1,4.924597,0.865031,0.173881,-0.000630,0.003588,0.000729,0.000000,0.000000,0.000000
6.575000,2,7.908846,0.641889,0.000000,0.000000,-0.000000,0.000000,0.000000,0.000000,0.000000
6.575000,3,8.191341,2.148475,-0.002263,-0.007618,0.003520,-0.000298,0.000000,0.000000,0.000000
6.584000,1,4.924597,0.865031,0.173881,-0.000630,0.003588,0.000729,0.000000,0.000000,0.000000
6.584000,2,7.908846,0.641889,0.000000,0.000000,-0.000000,0.000000,0.000000,0.000000,0.000000
6.584000,3,8.191273,2.148463,-0.002265,-0.007618,0.003520,-0.000298,0.000000,0.000000,0.000000
6.593000,1,4.924597,0.865031,0.173881,-0.000630,0.003588,0.000729,0.000000,0.000000,0.000000
6.593000,2,7.908846,0.641889,0.000000,0.000000,-0.000000,0.000000,0.000000,0.000000,0.000000
6.593000,3,8.191204,2.148450,-0.002268,-0.007618,0.003521,-0.000298,0.000000,0.000000,0.000000
6.600000,1,4.924597,0.865031,0.173881,-0.000630,0.003589,0.000729,0.000000,0.000000,0.000000
6.600000,2,7.908846,0.641889,0.000000,0.000000,-0.000000,0.000000,0.000000,0.000000,0.000000
6.600000,3,8.191151,2.148440,-0.002270,-0.007618,0.003521,-0.000298,0.000000,0.000000,0.000000
6.609000,1,4.924597,0.865031,0.173881,-0.000630,0.003589,0.000729,0.000000,0.000000,0.000000
6.609000,2,7.908846,0.641889,0.000000,0.000000,-0.000000,0.000000,0.000000,0.000000,0.000000
6.609000,3,8.191082,2.148427,-0.002273,-0.007618,0.003521,-0.000298,0.000000,0.000000,0.000000
6.617000,1,4.924597,0.865031,0.173881,-0.000630,0.003589,0.000729,0.000000,0.000000,0.000000
6.617000,2,7.908846,0.641889,0.000000,0.000000,-0.000000,0.000000,0.000000,0.000000,0.000000
6.617000,3,8.191021,2.148415,-0.002275,-0.007618,0.003521,-0.000298,0.000000,0.000000,0.000000
6.625000,1,4.924597,0.865031,0.173881,-0.000630,0.003589,0.000729,0.000000,0.000000,0.000000
6.625000,2,7.908846,0.641889,0.000000,0.000000,-0.000000,0.000000,0.000000,0.000000,0.000000
6.625000,3,8.190960,2.148404,-0.002278,-0.007618,0.003521,-0.000298,0.000000,0.000000,0.000000
6.634000,1,4.924597,0.865031,0.173881,-0.000630,0.003589,0.000729,0.000000,0.000000,0.000000
6.634000,2,7.908846,0.641889,0.000000,0.000000,-0.000000,0.000000,0.000000,0.000000,0.000000
6.634000,3,8.190891,2.148391,-0.002280,-0.007618,0.003521,-0.000298,0.000000,0.000000,0.000000
6.642000,1,4.924597,0.865031,0.173881,-0.000630,0.003589,0.000729,0.000000,0.000000,0.000000
6.642000,2,7.908846,0.641889,0.000000,0.000000,-0.000000,0.000000,0.000000,0.000000,0.000000
6.642000,3,8.190830,2.148380,-0.002283,-0.007618,0.003521,-0.000298,0.000000,0.000000,0.000000
6.651000,1,4.924597,0.865031,0.173881,-0.000630,0.003589,0.000729,0.000000,0.000000,0.000000
6.651000,2,7.908846,0.641889,0.000000,0.000000,-0.000000,0.000000,0.000000,0.000000,0.000000
6.651000,3,8.190762,2.148367,-0.002285,-0.007618,0.003522,-0.000298,0.000000,0.000000,0.000000
6.659000,1,4.924597,0.865031,0.173881,-0.000630,0.003589,0.000729,0.000000,0.000000,0.000000
6.659000,2,7.908846,0.641889,0.000000,0.000000,-0.000000,0.000000,0.000000,0.000000,0.000000
6.659000,3,8.190701,2.148355,-0.002288,-0.007618,0.003522,-0.000298,0.000000,0.000000,0.000000
6.667000,1,4.924597,0.865031,0.173881,-0.000630,0.003589,0.000729,0.000000,0.000000,0.000000
6.667000,2,7.908846,0.641889,0.000000,0.000000,-0.000000,0.000000,0.000000,0.000000,0.000000
6.667000,3,8.190639,2.148344,-0.002290,-0.007618,0.003522,-0.000298,0.000000,0.000000,0.000000
6.675000,1,4.924597,0.865031,0.173881,-0.000630,0.003589,0.000729,0.000000,0.000000,0.000000
6.675000,2,7.908846,0.641889,0.000000,0.000000,-0.000000,0.000000,0.000000,0.000000,0.000000
6.675000,3,8.190578,2.148332,-0.002292,-0.007618,0.003522,-0.000298,0.000000,0.000000,0.000000
6.684000,1,4.924597,0.865031,0.173881,-0.000630,0.003589,0.000729,0.000000,0.000000,0.000000
6.684000,2,7.908846,0.641889,0.000000,0.000000,-0.000000,0.000000,0.000000,0.000000,0.000000
6.684000,3,8.190510,2.148319,-0.002295,-0.007618,0.003522,-0.000298,0.000000,0.000000,0.000000
6.692000,1,4.924597,0.865031,0.173881,-0.000630,0.003589,0.000729,0.000000,0.000000,0.000000
6.692000,2,7.908846,0.641889,0.000000,0.000000,-0.000000,0.000000,0.000000,0.000000,0.000000
6.692000,3,8.190449,2.148308,-0.002298,-0.007618,0.003522,-0.000298,0.000000,0.000000,0.000000
6.700000,1,4.924597,0.865031,0.173881,-0.000630,0.003589,0.000729,0.000000,0.000000,0.000000
6.700000,2,7.908846,0.641889,0.000000,0.000000,-0.000000,0.000000,0.000000,0.000000,0.000000
6.700000,3,8.190388,2.148297,-0.002300,-0.007618,0.003523,-0.000298,0.000000,0.000000,0.000000
6.709000,1,4.924597,0.865031,0.173881,-0.000630,0.003589,0.000729,0.000000,0.000000,0.000000
6.709000,2,7.908846,0.641889,0.000000,0.000000,-0.000000,0.000000,0.000000,0.000000,0.000000
6.709000,3,8.190319,2.148284,-0.002303,-0.007618,0.003523,-0.000298,0.000000,0.000000,0.000000
6.717000,1,4.924597,0.865031,0.173881,-0.000631,0.003589,0.000729,0.000000,0.000000,0.000000
6.717000,2,7.908846,0.641889,0.000000,0.000000,-0.000000,0.000000,0.000000,0.000000,0.000000
6.717000,3,8.190258,2.148272,-0.002305,-0.007618,0.003523,-0.000298,0.000000,0.000000,0.000000
6.725000,1,4.924597,0.865031,0.173881,-0.000631,0.003590,0.000729,0.000000,0.000000,0.000000
6.725000,2,7.908846,0.641889,0.000000,0.000000,-0.000000,0.000000,0.000000,0.000000,0.000000
6.725000,3,8.190197,2.148261,-0.002307,-0.007619,0.003523,-0.000298,0.000000,0.000000,0.000000
6.733000,1,4.924597,0.865031,0.173881,-0.000631,0.003590,0.000729,0.000000,0.000000,0.000000
6.733000,2,7.908846,0.641889,0.000000,0.000000,-0.000000,0.000000,0.000000,0.000000,0.000000
6.733000,3,8.190136,2.148249,-0.002310,-0.007619,0.003523,-0.000298,0.000000,0.000000,0.000000
6.742000,1,4.924597,0.865031,0.173881,-0.000631,0.003590,0.000729,0.000000,0.000000,0.000000
6.742000,2,7.908846,0.641889,0.000000,0.000000,-0.000000,0.000000,0.000000,0.000000,0.000000
6.742000,3,8.190067,2.148237,-0.002312,-0.007619,0.003523,-0.000298,0.000000,0.000000,0.000000
6.750000,1,4.924597,0.865031,0.173881,-0.000631,0.003590,0.000729,0.000000,0.000000,0.000000
6.750000,2,7.908846,0.641889,0.000000,0.000000,-0.000000,0.000000,0.000000,0.000000,0.000000
6.750000,3,8.190006,2.148225,-0.002315,-0.007619,0.003523,-0.000298,0.000000,0.000000,0.000000
6.759000,1,4.924597,0.865031,0.173881,-0.000631,0.003590,0.000729,0.000000,0.000000,0.000000
6.759000,2,7.908846,0.641889,0.000000,0.000000,-0.000000,0.000000,0.000000,0.000000,0.000000
6.759000,3,8.189938,2.148212,-0.002318,-0.007619,0.003524,-0.000298,0.000000,0.000000,0.000000
6.767000,1,4.924597,0.865031,0.173881,-0.000631,0.003590,0.000729,0.000000,0.000000,0.000000
6.767000,2,7.908846,0.641889,0.000000,0.000000,-0.000000,0.000000,0.000000,0.000000,0.000000
6.767000,3,8.189877,2.148201,-0.002320,-0.007619,0.003524,-0.000298,0.000000,0.000000,0.000000
6.776000,1,4.924597,0.865031,0.173881,-0.000631,0.003590,0.000729,0.000000,0.000000,0.000000
6.776000,2,7.908846,0.641889,0.000000,0.000000,-0.000000,0.000000,0.000000,0.000000,0.000000
6.776000,3,8.189808,2.148188,-0.002323,-0.007619,0.003524,-0.000298,0.000000,0.000000,0.000000
6.784000,1,4.924597,0.865031,0.173881,-0.000631,0.003590,0.000729,0.000000,0.000000,0.000000
6.784000,2,7.908846,0.641889,0.000000,0.000000,-0.000000,0.000000,0.000000,0.000000,0.000000
6.784000,3,8.189747,2.148176,-0.002325,-0.007619,0.003524,-0.000298,0.000000,0.000000,0.000000
6.793000,1,4.924597,0.865031,0.173881,-0.000631,0.003590,0.000729,0.000000,0.000000,0.000000
6.793000,2,7.908846,0.641889,0.000000,0.000000,-0.000000,0.000000,0.000000,0.000000,0.000000
6.793000,3,8.189678,2.148164,-0.002328,-0.007619,0.003524,-0.000298,0.000000,0.000000,0.000000
6.800000,1,4.924597,0.865031,0.173881,-0.000631,0.003590,0.000729,0.000000,0.000000,0.000000
6.800000,2,7.908846,0.641889,0.000000,0.000000,-0.000000,0.000000,0.000000,0.000000,0.000000
6.800000,3,8.189625,2.148154,-0.002330,-0.007619,0.003524,-0.000298,0.000000,0.000000,0.000000
6.810000,1,4.924597,0.865031,0.173881,-0.000631,0.003590,0.000729,0.000000,0.000000,0.000000
6.810000,2,7.908846,0.641889,0.000000,0.000000,-0.000000,0.000000,0.000000,0.000000,0.000000
6.810000,3,8.189548,2.148139,-0.002333,-0.007619,0.003524,-0.000298,0.000000,0.000000,0.000000
6.817000,1,4.924597,0.865031,0.173881,-0.000631,0.003590,0.000729,0.000000,0.000000,0.000000
6.817000,2,7.908846,0.641889,0.000000,0.000000,-0.000000,0.000000,0.000000,0.000000,0.000000
6.817000,3,8.189495,2.148129,-0.002335,-0.007619,0.003525,-0.000298,0.000000,0.000000,0.000000
6.826000,1,4.924597,0.865031,0.173881,-0.000631,0.003590,0.000729,0.000000,0.000000,0.000000
6.826000,2,7.908846,0.641889,0.000000,0.000000,-0.000000,0.000000,0.000000,0.000000,0.000000
6.826000,3,8.189426,2.148116,-0.002337,-0.007619,0.003525,-0.000298,0.000000,0.000000,0.000000
6.833000,1,4.924597,0.865031,0.173881,-0.000631,0.003590,0.000729,0.000000,0.000000,0.000000
6.833000,2,7.908846,0.641889,0.000000,0.000000,-0.000000,0.000000,0.000000,0.000000,0.000000
6.833000,3,8.189373,2.148106,-0.002340,-0.007619,0.003525,-0.000298,0.000000,0.000000,0.000000
6.842000,1,4.924597,0.865031,0.173881,-0.000631,0.003590,0.000729,0.000000,0.000000,0.000000
6.842000,2,7.908846,0.641889,0.000000,0.000000,-0.000000,0.000000,0.000000,0.000000,0.000000
6.842000,3,8.189304,2.148093,-0.002342,-0.007619,0.003525,-0.000297,0.000000,0.000000,0.000000
6.851000,1,4.924597,0.865031,0.173881,-0.000631,0.003591,0.000729,0.000000,0.000000,0.000000
6.851000,2,7.908846,0.641889,0.000000,0.000000,-0.000000,0.000000,0.000000,0.000000,0.000000
6.851000,3,8.189236,2.148081,-0.002345,-0.007619,0.003525,-0.000297,0.000000,0.000000,0.000000
6.859000,1,4.924597,0.865031,0.173881,-0.000631,0.003591,0.000729,0.000000,0.000000,0.000000
6.859000,2,7.908846,0.641889,0.000000,0.000000,-0.000000,0.000000,0.000000,0.000000,0.000000
6.859000,3,8.189175,2.148069,-0.002347,-0.007619,0.003525,-0.000297,0.000000,0.000000,0.000000
6.867000,1,4.924597,0.865031,0.173881,-0.000631,0.003591,0.000729,0.000000,0.000000,0.000000
6.867000,2,7.908846,0.641889,0.000000,0.000000,-0.000000,0.000000,0.000000,0.000000,0.000000
6.867000,3,8.189114,2.148058,-0.002350,-0.007619,0.003525,-0.000297,0.000000,0.000000,0.000000
6.875000,1,4.924597,0.865031,0.173881,-0.000631,0.003591,0.000729,0.000000,0.000000,0.000000
6.875000,2,7.908846,0.641889,0.000000,0.000000,-0.000000,0.000000,0.000000,0.000000,0.000000
6.875000,3,8.189053,2.148046,-0.002352,-0.007619,0.003526,-0.000297,0.000000,0.000000,0.000000
6.883000,1,4.924597,0.865031,0.173881,-0.000631,0.003591,0.000729,0.000000,0.000000,0.000000
6.883000,2,7.908846,0.641889,0.000000,0.000000,-0.000000,0.000000,0.000000,0.000000,0.000000
6.883000,3,8.188992,2.148035,-0.002354,-0.007619,0.003526,-0.000297,0.000000,0.000000,0.000000
6.892000,1,4.924597,0.865031,0.173881,-0.000631,0.003591,0.000729,0.000000,0.000000,0.000000
6.892000,2,7.908846,0.641889,0.000000,0.000000,-0.000000,0.000000,0.000000,0.000000,0.000000
6.892000,3,8.188923,2.148022,-0.002357,-0.007619,0.003526,-0.000297,0.000000,0.000000,0.000000
6.900000,1,4.924597,0.865031,0.173881,-0.000631,0.003591,0.000729,0.000000,0.000000,0.000000
6.900000,2,7.908846,0.641889,0.000000,0.000000,-0.000000,0.000000,0.000000,0.000000,0.000000
6.900000,3,8.188862,2.148010,-0.002359,-0.007619,0.003526,-0.000297,0.000000,0.000000,0.000000
6.908000,1,4.924597,0.865031,0.173881,-0.000631,0.003591,0.000729,0.000000,0.000000,0.000000
6.908000,2,7.908846,0.641889,0.000000,0.000000,-0.000000,0.000000,0.000000,0.000000,0.000000
6.908000,3,8.188801,2.147999,-0.002362,-0.007619,0.003526,-0.000297,0.000000,0.000000,0.000000
6.917000,1,4.924597,0.865031,0.173881,-0.000631,0.003591,0.000729,0.000000,0.000000,0.000000
6.917000,2,7.908846,0.641889,0.000000,0.000000,-0.000000,0.000000,0.000000,0.000000,0.000000
6.917000,3,8.188732,2.147986,-0.002364,-0.007619,0.003526,-0.000297,0.000000,0.000000,0.000000
6.926000,1,4.924597,0.865031,0.173881,-0.000631,0.003591,0.000729,0.000000,0.000000,0.000000
6.926000,2,7.908846,0.641889,0.000000,0.000000,-0.000000,0.000000,0.000000,0.000000,0.000000
6.926000,3,8.188663,2.147973,-0.002367,-0.007619,0.003527,-0.000297,0.000000,0.000000,0.000000
6.934000,1,4.924597,0.865031,0.173881,-0.000631,0.003591,0.000729,0.000000,0.000000,0.000000
6.934000,2,7.908846,0.641889,0.000000,0.000000,-0.000000,0.000000,0.000000,0.000000,0.000000
6.934000,3,8.188602,2.147962,-0.002370,-0.007620,0.003527,-0.000297,0.000000,0.000000,0.000000
6.942000,1,4.924597,0.865031,0.173881,-0.000631,0.003591,0.000729,0.000000,0.000000,0.000000
6.942000,2,7.908846,0.641889,0.000000,0.000000,-0.000000,0.000000,0.000000,0.000000,0.000000
6.942000,3,8.188541,2.147950,-0.002372,-0.007620,0.003527,-0.000297,0.000000,0.000000,0.000000
6.951000,1,4.924597,0.865031,0.173881,-0.000631,0.003591,0.000729,0.000000,0.000000,0.000000
6.951000,2,7.908846,0.641889,0.000000,0.000000,-0.000000,0.000000,0.000000,0.000000,0.000000
6.951000,3,8.188473,2.147938,-0.002375,-0.007620,0.003527,-0.000297,0.000000,0.000000,0.000000
6.959000,1,4.924597,0.865031,0.173881,-0.000631,0.003591,0.000729,0.000000,0.000000,0.000000
6.959000,2,7.908846,0.641889,0.000000,0.000000,-0.000000,0.000000,0.000000,0.000000,0.000000
6.959000,3,8.188412,2.147926,-0.002377,-0.007620,0.003527,-0.000297,0.000000,0.000000,0.000000
6.968000,1,4.924597,0.865031,0.173881,-0.000631,0.003593,0.000730,0.000000,0.000000,0.000000
6.968000,2,7.908846,0.641889,0.000000,0.000000,-0.000000,0.000000,0.000000,0.000000,0.000000
6.968000,3,8.188343,2.147913,-0.002380,-0.007620,0.003530,-0.000297,0.000000,0.000000,0.000000
6.975000,1,4.924597,0.865031,0.173881,-0.000631,0.003593,0.000730,0.000000,0.000000,0.000000
6.975000,2,7.908846,0.641889,0.000000,0.000000,-0.000000,0.000000,0.000000,0.000000,0.000000
6.975000,3,8.188290,2.147903,-0.002382,-0.007621,0.003530,-0.000297,0.000000,0.000000,0.000000
6.984000,1,4.924597,0.865031,0.173881,-0.000631,0.003593,0.000730,0.000000,0.000000,0.000000
6.984000,2,7.908846,0.641889,0.000000,0.000000,-0.000000,0.000000,0.000000,0.000000,0.000000
6.984000,3,8.188221,2.147890,-0.002384,-0.007621,0.003531,-0.000297,0.000000,0.000000,0.000000
6.992000,1,4.924597,0.865031,0.173881,-0.000631,0.003594,0.000730,0.000000,0.000000,0.000000
6.992000,2,7.908846,0.641889,0.000000,0.000000,-0.000000,0.000000,0.000000,0.000000,0.000000
6.992000,3,8.188160,2.147879,-0.002387,-0.007621,0.003531,-0.000297,0.000000,0.000000,0.000000
7.000000,1,4.924597,0.865031,0.173881,-0.000631,0.003594,0.000730,0.000000,0.000000,0.000000
7.000000,2,7.908846,0.641889,0.000000,0.000000,-0.000000,0.000000,0.000000,0.000000,0.000000
7.000000,3,8.188099,2.147867,-0.002389,-0.007621,0.003531,-0.000297,0.000000,0.000000,0.000000
7.009000,1,4.924597,0.865031,0.173881,-0.000631,0.003594,0.000730,0.000000,0.000000,0.000000
7.009000,2,7.908846,0.641889,0.000000,0.000000,-0.000000,0.000000,0.000000,0.000000,0.000000
7.009000,3,8.188030,2.147855,-0.002392,-0.007621,0.003531,-0.000297,0.000000,0.000000,0.000000
7.018000,1,4.924597,0.865031,0.173881,-0.000631,0.003594,0.000730,0.000000,0.000000,0.000000
7.018000,2,7.908846,0.641889,0.000000,0.000000,-0.000000,0.000000,0.000000,0.000000,0.000000
7.018000,3,8.187962,2.147842,-0.002394,-0.007621,0.003531,-0.000297,0.000000,0.000000,0.000000
7.025000,1,4.924597,0.865031,0.173881,-0.000631,0.003594,0.000730,0.000000,0.000000,0.000000
7.025000,2,7.908846,0.641889,0.000000,0.000000,-0.000000,0.000000,0.000000,0.000000,0.000000
7.025000,3,8.187908,2.147832,-0.002397,-0.007621,0.003531,-0.000297,0.000000,0.000000,0.000000
7.034000,1,4.924597,0.865031,0.173881,-0.000631,0.003594,0.000730,0.000000,0.000000,0.000000
7.034000,2,7.908846,0.641889,0.000000,0.000000,-0.000000,0.000000,0.000000,0.000000,0.000000
7.034000,3,8.187840,2.147819,-0.002399,-0.007621,0.003532,-0.000296,0.000000,0.000000,0.000000
7.042000,1,4.924597,0.865031,0.173881,-0.000631,0.003594,0.000730,0.000000,0.000000,0.000000
7.042000,2,7.908846,0.641889,0.000000,0.000000,-0.000000,0.000000,0.000000,0.000000,0.000000
7.042000,3,8.187778,2.147807,-0.002402,-0.007621,0.003532,-0.000296,0.000000,0.000000,0.000000
7.050000,1,4.924597,0.865031,0.173881,-0.000631,0.003594,0.000730,0.000000,0.000000,0.000000
7.050000,2,7.908846,0.641889,0.000000,0.000000,-0.000000,0.000000,0.000000,0.000000,0.000000
7.050000,3,8.187717,2.147796,-0.002404,-0.007621,0.003532,-0.000296,0.000000,0.000000,0.000000
7.058000,1,4.924597,0.865031,0.173881,-0.000631,0.003594,0.000730,0.000000,0.000000,0.000000
7.058000,2,7.908846,0.641889,0.000000,0.000000,-0.000000,0.000000,0.000000,0.000000,0.000000
7.058000,3,8.187656,2.147784,-0.002406,-0.007621,0.003532,-0.000296,0.000000,0.000000,0.000000
7.067000,1,4.924597,0.865031,0.173881,-0.000631,0.003594,0.000730,0.000000,0.000000,0.000000
7.067000,2,7.908846,0.641889,0.000000,0.000000,-0.000000,0.000000,0.000000,0.000000,0.000000
7.067000,3,8.187588,2.147772,-0.002409,-0.007621,0.003532,-0.000296,0.000000,0.000000,0.000000
7.076000,1,4.924597,0.865031,0.173881,-0.000631,0.003594,0.000730,0.000000,0.000000,0.000000
7.076000,2,7.908846,0.641889,0.000000,0.000000,-0.000000,0.000000,0.000000,0.000000,0.000000
7.076000,3,8.187519,2.147759,-0.002412,-0.007621,0.003532,-0.000296,0.000000,0.000000,0.000000
7.084000,1,4.924597,0.865031,0.173881,-0.000631,0.003594,0.000730,0.000000,0.000000,0.000000
7.084000,2,7.908846,0.641889,0.000000,0.000000,-0.000000,0.000000,0.000000,0.000000,0.000000
7.084000,3,8.187458,2.147747,-0.002414,-0.007621,0.003532,-0.000296,0.000000,0.000000,0.000000
7.092000,1,4.924597,0.865031,0.173881,-0.000631,0.003594,0.000730,0.000000,0.000000,0.000000
7.092000,2,7.908846,0.641889,0.000000,0.000000,-0.000000,0.000000,0.000000,0.000000,0.000000
7.092000,3,8.187397,2.147736,-0.002416,-0.007621,0.003533,-0.000296,0.000000,0.000000,0.000000
7.101000,1,4.924597,0.865031,0.173881,-0.000631,0.003594,0.000730,0.000000,0.000000,0.000000
7.101000,2,7.908846,0.641889,0.000000,0.000000,-0.000000,0.000000,0.000000,0.000000,0.000000
7.101000,3,8.187328,2.147723,-0.002419,-0.007621,0.003533,-0.000296,0.000000,0.000000,0.000000
7.109000,1,4.924597,0.865031,0.173881,-0.000631,0.003594,0.000730,0.000000,0.000000,0.000000
7.109000,2,7.908846,0.641889,0.000000,0.000000,-0.000000,0.000000,0.000000,0.000000,0.000000
7.109000,3,8.187267,2.147712,-0.002421,-0.007621,0.003533,-0.000296,0.000000,0.000000,0.000000
7.117000,1,4.924597,0.865031,0.173881,-0.000631,0.003595,0.000730,0.000000,0.000000,0.000000
7.117000,2,7.908846,0.641889,0.000000,0.000000,-0.000000,0.000000,0.000000,0.000000,0.000000
7.117000,3,8.187206,2.147700,-0.002424,-0.007621,0.003533,-0.000296,0.000000,0.000000,0.000000
7.126000,1,4.924597,0.865031,0.173881,-0.000631,0.003595,0.000730,0.000000,0.000000,0.000000
7.126000,2,7.908846,0.641889,0.000000,0.000000,-0.000000,0.000000,0.000000,0.000000,0.000000
7.126000,3,8.187138,2.147687,-0.002426,-0.007621,0.003533,-0.000296,0.000000,0.000000,0.000000
7.134000,1,4.924597,0.865031,0.173881,-0.000631,0.003595,0.000730,0.000000,0.000000,0.000000
7.134000,2,7.908846,0.641889,0.000000,0.000000,-0.000000,0.000000,0.000000,0.000000,0.000000
7.134000,3,8.187077,2.147676,-0.002429,-0.007621,0.003533,-0.000296,0.000000,0.000000,0.000000
7.142000,1,4.924597,0.865031,0.173881,-0.000631,0.003595,0.000730,0.000000,0.000000,0.000000
7.142000,2,7.908846,0.641889,0.000000,0.000000,-0.000000,0.000000,0.000000,0.000000,0.000000
7.142000,3,8.187016,2.147664,-0.002431,-0.007621,0.003533,-0.000296,0.000000,0.000000,0.000000
7.150000,1,4.924597,0.865031,0.173881,-0.000631,0.003595,0.000730,0.000000,0.000000,0.000000
7.150000,2,7.908846,0.641889,0.000000,0.000000,-0.000000,0.000000,0.000000,0.000000,0.000000
7.150000,3,8.186954,2.147653,-0.002434,-0.007621,0.003534,-0.000296,0.000000,0.000000,0.000000
7.159000,1,4.924597,0.865031,0.173881,-0.000631,0.003595,0.000730,0.000000,0.000000,0.000000
7.159000,2,7.908846,0.641889,0.000000,0.000000,-0.000000,0.000000,0.000000,0.000000,0.000000
7.159000,3,8.186886,2.147640,-0.002436,-0.007621,0.003534,-0.000296,0.000000,0.000000,0.000000
7.167000,1,4.924597,0.865031,0.173881,-0.000631,0.003595,0.000730,0.000000,0.000000,0.000000
7.167000,2,7.908846,0.641889,0.000000,0.000000,-0.000000,0.000000,0.000000,0.000000,0.000000
7.167000,3,8.186825,2.147629,-0.002439,-0.007621,0.003534,-0.000296,0.000000,0.000000,0.000000
7.175000,1,4.924597,0.865031,0.173881,-0.000631,0.003595,0.000730,0.000000,0.000000,0.000000
7.175000,2,7.908846,0.641889,0.000000,0.000000,-0.000000,0.000000,0.000000,0.000000,0.000000
7.175000,3,8.186764,2.147617,-0.002441,-0.007622,0.003534,-0.000296,0.000000,0.000000,0.000000
7.185000,1,4.924597,0.865031,0.173881,-0.000631,0.003595,0.000730,0.000000,0.000000,0.000000
7.185000,2,7.908846,0.641889,0.000000,0.000000,-0.000000,0.000000,0.000000,0.000000,0.000000
7.185000,3,8.186687,2.147603,-0.002444,-0.007622,0.003534,-0.000296,0.000000,0.000000,0.000000
7.192000,1,4.924597,0.865031,0.173881,-0.000632,0.003595,0.000730,0.000000,0.000000,0.000000
7.192000,2,7.908846,0.641889,0.000000,0.000000,-0.000000,0.000000,0.000000,0.000000,0.000000
7.192000,3,8.186634,2.147593,-0.002446,-0.007622,0.003534,-0.000296,0.000000,0.000000,0.000000
7.200000,1,4.924597,0.865031,0.173881,-0.000632,0.003595,0.000730,0.000000,0.000000,0.000000
7.200000,2,7.908846,0.641889,0.000000,0.000000,-0.000000,0.000000,0.000000,0.000000,0.000000
7.200000,3,8.186573,2.147581,-0.002448,-0.007622,0.003535,-0.000296,0.000000,0.000000,0.000000
7.208000,1,4.924597,0.865031,0.173881,-0.000632,0.003595,0.000730,0.000000,0.000000,0.000000
7.208000,2,7.908846,0.641889,0.000000,0.000000,-0.000000,0.000000,0.000000,0.000000,0.000000
7.208000,3,8.186512,2.147570,-0.002451,-0.007622,0.003535,-0.000296,0.000000,0.000000,0.000000
7.217000,1,4.924597,0.865031,0.173881,-0.000632,0.003595,0.000730,0.000000,0.000000,0.000000
7.217000,2,7.908846,0.641889,0.000000,0.000000,-0.000000,0.000000,0.000000,0.000000,0.000000
7.217000,3,8.186443,2.147557,-0.002453,-0.007622,0.003535,-0.000296,0.000000,0.000000,0.000000
7.225000,1,4.924597,0.865031,0.173881,-0.000632,0.003595,0.000730,0.000000,0.000000,0.000000
7.225000,2,7.908846,0.641889,0.000000,0.000000,-0.000000,0.000000,0.000000,0.000000,0.000000
7.225000,3,8.186382,2.147546,-0.002456,-0.007622,0.003535,-0.000296,0.000000,0.000000,0.000000
7.235000,1,4.924597,0.865031,0.173881,-0.000632,0.003595,0.000730,0.000000,0.000000,0.000000
7.235000,2,7.908846,0.641889,0.000000,0.000000,-0.000000,0.000000,0.000000,0.000000,0.000000
7.235000,3,8.186306,2.147531,-0.002459,-0.007622,0.003535,-0.000296,0.000000,0.000000,0.000000
7.242000,1,4.924597,0.865031,0.173881,-0.000632,0.003596,0.000730,0.000000,0.000000,0.000000
7.242000,2,7.908846,0.641889,0.000000,0.000000,-0.000000,0.000000,0.000000,0.000000,0.000000
7.242000,3,8.186253,2.147521,-0.002461,-0.007622,0.003535,-0.000296,0.000000,0.000000,0.000000
7.251000,1,4.924597,0.865031,0.173881,-0.000632,0.003596,0.000730,0.000000,0.000000,0.000000
7.251000,2,7.908846,0.641889,0.000000,0.000000,-0.000000,0.000000,0.000000,0.000000,0.000000
7.251000,3,8.186184,2.147508,-0.002463,-0.007622,0.003535,-0.000296,0.000000,0.000000,0.000000
7.259000,1,4.924597,0.865031,0.173881,-0.000632,0.003596,0.000730,0.000000,0.000000,0.000000
7.259000,2,7.908846,0.641889,0.000000,0.000000,-0.000000,0.000000,0.000000,0.000000,0.000000
7.259000,3,8.186123,2.147497,-0.002466,-0.007622,0.003536,-0.000296,0.000000,0.000000,0.000000
7.267000,1,4.924597,0.865031,0.173881,-0.000632,0.003596,0.000730,0.000000,0.000000,0.000000
7.267000,2,7.908846,0.641889,0.000000,0.000000,-0.000000,0.000000,0.000000,0.000000,0.000000
7.267000,3,8.186062,2.147485,-0.002468,-0.007622,0.003536,-0.000296,0.000000,0.000000,0.000000
7.276000,1,4.924597,0.865031,0.173881,-0.000632,0.003596,0.000730,0.000000,0.000000,0.000000
7.276000,2,7.908846,0.641889,0.000000,0.000000,-0.000000,0.000000,0.000000,0.000000,0.000000
7.276000,3,8.185993,2.147473,-0.002471,-0.007622,0.003536,-0.000296,0.000000,0.000000,0.000000
7.284000,1,4.924597,0.865031,0.173881,-0.000632,0.003596,0.000730,0.000000,0.000000,0.000000
7.284000,2,7.908846,0.641889,0.000000,0.000000,-0.000000,0.000000,0.000000,0.000000,0.000000
7.284000,3,8.185932,2.147461,-0.002473,-0.007622,0.003536,-0.000296,0.000000,0.000000,0.000000
7.292000,1,4.924597,0.865031,0.173881,-0.000632,0.003596,0.000730,0.000000,0.000000,0.000000
7.292000,2,7.908846,0.641889,0.000000,0.000000,-0.000000,0.000000,0.000000,0.000000,0.000000
7.292000,3,8.185871,2.147450,-0.002476,-0.007622,0.003536,-0.000296,0.000000,0.000000,0.000000
7.301000,1,4.924597,0.865031,0.173881,-0.000632,0.003596,0.000730,0.000000,0.000000,0.000000
7.301000,2,7.908846,0.641889,0.000000,0.000000,-0.000000,0.000000,0.000000,0.000000,0.000000
7.301000,3,8.185802,2.147437,-0.002478,-0.007622,0.003536,-0.000296,0.000000,0.000000,0.000000
7.309000,1,4.924597,0.865031,0.173881,-0.000632,0.003596,0.000730,0.000000,0.000000,0.000000
7.309000,2,7.908846,0.641889,0.000000,0.000000,-0.000000,0.000000,0.000000,0.000000,0.000000
7.309000,3,8.185741,2.147425,-0.002481,-0.007622,0.003536,-0.000296,0.000000,0.000000,0.000000
7.317000,1,4.924597,0.865031,0.173881,-0.000632,0.003596,0.000730,0.000000,0.000000,0.000000
7.317000,2,7.908846,0.641889,0.000000,0.000000,-0.000000,0.000000,0.000000,0.000000,0.000000
7.317000,3,8.185680,2.147414,-0.002483,-0.007622,0.003537,-0.000296,0.000000,0.000000,0.000000
7.325000,1,4.924597,0.865031,0.173881,-0.000632,0.003596,0.000730,0.000000,0.000000,0.000000
7.325000,2,7.908846,0.641889,0.000000,0.000000,-0.000000,0.000000,0.000000,0.000000,0.000000
7.325000,3,8.185619,2.147403,-0.002485,-0.007622,0.003537,-0.000296,0.000000,0.000000,0.000000
7.334000,1,4.924597,0.865031,0.173881,-0.000632,0.003596,0.000730,0.000000,0.000000,0.000000
7.334000,2,7.908846,0.641889,0.000000,0.000000,-0.000000,0.000000,0.000000,0.000000,0.000000
7.334000,3,8.185551,2.147390,-0.002488,-0.007622,0.003537,-0.000296,0.000000,0.000000,0.000000
7.342000,1,4.924597,0.865031,0.173881,-0.000632,0.003596,0.000730,0.000000,0.000000,0.000000
7.342000,2,7.908846,0.641889,0.000000,0.000000,-0.000000,0.000000,0.000000,0.000000,0.000000
7.342000,3,8.185490,2.147378,-0.002490,-0.007622,0.003537,-0.000296,0.000000,0.000000,0.000000
7.351000,1,4.924597,0.865031,0.173881,-0.000632,0.003596,0.000730,0.000000,0.000000,0.000000
7.351000,2,7.908846,0.641889,0.000000,0.000000,-0.000000,0.000000,0.000000,0.000000,0.000000
7.351000,3,8.185421,2.147365,-0.002493,-0.007622,0.003537,-0.000296,0.000000,0.000000,0.000000
7.359000,1,4.924597,0.865031,0.173881,-0.000632,0.003596,0.000730,0.000000,0.000000,0.000000
7.359000,2,7.908846,0.641889,0.000000,0.000000,-0.000000,0.000000,0.000000,0.000000,0.000000
7.359000,3,8.185360,2.147354,-0.002495,-0.007622,0.003537,-0.000295,0.000000,0.000000,0.000000
7.367000,1,4.924597,0.865031,0.173881,-0.000632,0.003596,0.000730,0.000000,0.000000,0.000000
7.367000,2,7.908846,0.641889,0.000000,0.000000,-0.000000,0.000000,0.000000,0.000000,0.000000
7.367000,3,8.185299,2.147342,-0.002498,-0.007622,0.003537,-0.000295,0.000000,0.000000,0.000000
7.376000,1,4.924597,0.865031,0.173881,-0.000632,0.003597,0.000730,0.000000,0.000000,0.000000
7.376000,2,7.908846,0.641889,0.000000,0.000000,-0.000000,0.000000,0.000000,0.000000,0.000000
7.376000,3,8.185230,2.147330,-0.002500,-0.007622,0.003538,-0.000295,0.000000,0.000000,0.000000
7.384000,1,4.924597,0.865031,0.173881,-0.000632,0.003597,0.000730,0.000000,0.000000,0.000000
7.384000,2,7.908846,0.641889,0.000000,0.000000,-0.000000,0.000000,0.000000,0.000000,0.000000
7.384000,3,8.185169,2.147318,-0.002503,-0.007622,0.003538,-0.000295,0.000000,0.000000,0.000000
7.392000,1,4.924597,0.865031,0.173881,-0.000632,0.003597,0.000730,0.000000,0.000000,0.000000
7.392000,2,7.908846,0.641889,0.000000,0.000000,-0.000000,0.000000,0.000000,0.000000,0.000000
7.392000,3,8.185108,2.147307,-0.002505,-0.007623,0.003538,-0.000295,0.000000,0.000000,0.000000
7.400000,1,4.924597,0.865031,0.173881,-0.000632,0.003597,0.000730,0.000000,0.000000,0.000000
7.400000,2,7.908846,0.641889,0.000000,0.000000,-0.000000,0.000000,0.000000,0.000000,0.000000
7.400000,3,8.185047,2.147295,-0.002508,-0.007623,0.003538,-0.000295,0.000000,0.000000,0.000000
7.409000,1,4.924597,0.865031,0.173881,-0.000632,0.003597,0.000730,0.000000,0.000000,0.000000
7.409000,2,7.908846,0.641889,0.000000,0.000000,-0.000000,0.000000,0.000000,0.000000,0.000000
7.409000,3,8.184978,2.147282,-0.002510,-0.007623,0.003538,-0.000295,0.000000,0.000000,0.000000
7.418000,1,4.924597,0.865031,0.173881,-0.000632,0.003597,0.000730,0.000000,0.000000,0.000000
7.418000,2,7.908846,0.641889,0.000000,0.000000,-0.000000,0.000000,0.000000,0.000000,0.000000
7.418000,3,8.184910,2.147269,-0.002513,-0.007623,0.003538,-0.000295,0.000000,0.000000,0.000000
7.425000,1,4.924597,0.865031,0.173881,-0.000632,0.003595,0.000730,0.000000,0.000000,0.000000
7.425000,2,7.908846,0.641889,0.000000,0.000000,-0.000000,0.000000,0.000000,0.000000,0.000000
7.425000,3,8.184856,2.147259,-0.002515,-0.007622,0.003536,-0.000296,0.000000,0.000000,0.000000
7.434000,1,4.924597,0.865031,0.173881,-0.000632,0.003595,0.000730,0.000000,0.000000,0.000000
7.434000,2,7.908846,0.641889,0.000000,0.000000,-0.000000,0.000000,0.000000,0.000000,0.000000
7.434000,3,8.184788,2.147247,-0.002518,-0.007622,0.003536,-0.000296,0.000000,0.000000,0.000000
7.442000,1,4.924597,0.865031,0.173881,-0.000632,0.003595,0.000730,0.000000,0.000000,0.000000
7.442000,2,7.908846,0.641889,0.000000,0.000000,-0.000000,0.000000,0.000000,0.000000,0.000000
7.442000,3,8.184727,2.147235,-0.002520,-0.007622,0.003536,-0.000296,0.000000,0.000000,0.000000
7.451000,1,4.924597,0.865031,0.173881,-0.000632,0.003595,0.000730,0.000000,0.000000,0.000000
7.451000,2,7.908846,0.641889,0.000000,0.000000,-0.000000,0.000000,0.000000,0.000000,0.000000
7.451000,3,8.184658,2.147222,-0.002523,-0.007622,0.003536,-0.000296,0.000000,0.000000,0.000000
7.459000,1,4.924597,0.865031,0.173881,-0.000632,0.003595,0.000730,0.000000,0.000000,0.000000
7.459000,2,7.908846,0.641889,0.000000,0.000000,-0.000000,0.000000,0.000000,0.000000,0.000000
7.459000,3,8.184597,2.147211,-0.002525,-0.007622,0.003536,-0.000296,0.000000,0.000000,0.000000
7.468000,1,4.924597,0.865031,0.173881,-0.000632,0.003595,0.000730,0.000000,0.000000,0.000000
7.468000,2,7.908846,0.641889,0.000000,0.000000,-0.000000,0.000000,0.000000,0.000000,0.000000
7.468000,3,8.184528,2.147198,-0.002528,-0.007622,0.003536,-0.000296,0.000000,0.000000,0.000000
7.476000,1,4.924597,0.865031,0.173881,-0.000632,0.003595,0.000730,0.000000,0.000000,0.000000
7.476000,2,7.908846,0.641889,0.000000,0.000000,-0.000000,0.000000,0.000000,0.000000,0.000000
7.476000,3,8.184467,2.147187,-0.002530,-0.007622,0.003536,-0.000295,0.000000,0.000000,0.000000
7.484000,1,4.924597,0.865031,0.173881,-0.000632,0.003596,0.000730,0.000000,0.000000,0.000000
7.484000,2,7.908846,0.641889,0.000000,0.000000,-0.000000,0.000000,0.000000,0.000000,0.000000
7.484000,3,8.184406,2.147175,-0.002532,-0.007622,0.003536,-0.000295,0.000000,0.000000,0.000000
7.492000,1,4.924597,0.865031,0.173881,-0.000632,0.003596,0.000730,0.000000,0.000000,0.000000
7.492000,2,7.908846,0.641889,0.000000,0.000000,-0.000000,0.000000,0.000000,0.000000,0.000000
7.492000,3,8.184345,2.147164,-0.002535,-0.007622,0.003537,-0.000295,0.000000,0.000000,0.000000
7.500000,1,4.924597,0.865031,0.173881,-0.000632,0.003596,0.000730,0.000000,0.000000,0.000000
7.500000,2,7.908846,0.641889,0.000000,0.000000,-0.000000,0.000000,0.000000,0.000000,0.000000
7.500000,3,8.184284,2.147152,-0.002537,-0.007622,0.003537,-0.000295,0.000000,0.000000,0.000000
7.509000,1,4.924597,0.865031,0.173881,-0.000632,0.003596,0.000730,0.000000,0.000000,0.000000
7.509000,2,7.908846,0.641889,0.000000,0.000000,-0.000000,0.000000,0.000000,0.000000,0.000000
7.509000,3,8.184216,2.147139,-0.002540,-0.007622,0.003537,-0.000295,0.000000,0.000000,0.000000
7.517000,1,4.924597,0.865031,0.173881,-0.000632,0.003596,0.000730,0.000000,0.000000,0.000000
7.517000,2,7.908846,0.641889,0.000000,0.000000,-0.000000,0.000000,0.000000,0.000000,0.000000
7.517000,3,8.184155,2.147128,-0.002542,-0.007622,0.003537,-0.000295,0.000000,0.000000,0.000000
7.526000,1,4.924597,0.865031,0.173881,-0.000632,0.003596,0.000730,0.000000,0.000000,0.000000
7.526000,2,7.908846,0.641889,0.000000,0.000000,-0.000000,0.000000,0.000000,0.000000,0.000000
7.526000,3,8.184086,2.147115,-0.002545,-0.007622,0.003537,-0.000295,0.000000,0.000000,0.000000
7.534000,1,4.924597,0.865031,0.173881,-0.000632,0.003596,0.000730,0.000000,0.000000,0.000000
7.534000,2,7.908846,0.641889,0.000000,0.000000,-0.000000,0.000000,0.000000,0.000000,0.000000
7.534000,3,8.184025,2.147104,-0.002547,-0.007622,0.003537,-0.000295,0.000000,0.000000,0.000000
7.542000,1,4.924597,0.865031,0.173881,-0.000632,0.003596,0.000730,0.000000,0.000000,0.000000
7.542000,2,7.908846,0.641889,0.000000,0.000000,-0.000000,0.000000,0.000000,0.000000,0.000000
7.542000,3,8.183964,2.147092,-0.002549,-0.007622,0.003537,-0.000295,0.000000,0.000000,0.000000
7.550000,1,4.924597,0.865031,0.173881,-0.000632,0.003596,0.000730,0.000000,0.000000,0.000000
7.550000,2,7.908846,0.641889,0.000000,0.000000,-0.000000,0.000000,0.000000,0.000000,0.000000
7.550000,3,8.183903,2.147081,-0.002552,-0.007622,0.003538,-0.000295,0.000000,0.000000,0.000000
7.558000,1,4.924597,0.865031,0.173881,-0.000632,0.003596,0.000730,0.000000,0.000000,0.000000
7.558000,2,7.908846,0.641889,0.000000,0.000000,-0.000000,0.000000,0.000000,0.000000,0.000000
7.558000,3,8.183842,2.147069,-0.002554,-0.007622,0.003538,-0.000295,0.000000,0.000000,0.000000
7.567000,1,4.924597,0.865031,0.173881,-0.000632,0.003596,0.000730,0.000000,0.000000,0.000000
7.567000,2,7.908846,0.641889,0.000000,0.000000,-0.000000,0.000000,0.000000,0.000000,0.000000
7.567000,3,8.183773,2.147056,-0.002557,-0.007622,0.003538,-0.000295,0.000000,0.000000,0.000000
7.576000,1,4.924597,0.865031,0.173881,-0.000632,0.003596,0.000730,0.000000,0.000000,0.000000
7.576000,2,7.908846,0.641889,0.000000,0.000000,-0.000000,0.000000,0.000000,0.000000,0.000000
7.576000,3,8.183704,2.147043,-0.002559,-0.007623,0.003538,-0.000295,0.000000,0.000000,0.000000
7.585000,1,4.924597,0.865031,0.173881,-0.000632,0.003596,0.000730,0.000000,0.000000,0.000000
7.585000,2,7.908846,0.641889,0.000000,0.000000,-0.000000,0.000000,0.000000,0.000000,0.000000
7.585000,3,8.183636,2.147031,-0.002562,-0.007623,0.003538,-0.000295,0.000000,0.000000,0.000000
7.592000,1,4.924597,0.865031,0.173881,-0.000632,0.003596,0.000730,0.000000,0.000000,0.000000
7.592000,2,7.908846,0.641889,0.000000,0.000000,-0.000000,0.000000,0.000000,0.000000,0.000000
7.592000,3,8.183582,2.147021,-0.002564,-0.007623,0.003538,-0.000295,0.000000,0.000000,0.000000
7.600000,1,4.924597,0.865031,0.173881,-0.000632,0.003596,0.000730,0.000000,0.000000,0.000000
7.600000,2,7.908846,0.641889,0.000000,0.000000,-0.000000,0.000000,0.000000,0.000000,0.000000
7.600000,3,8.183521,2.147009,-0.002567,-0.007623,0.003538,-0.000295,0.000000,0.000000,0.000000
7.609000,1,4.924597,0.865031,0.173881,-0.000632,0.003596,0.000730,0.000000,0.000000,0.000000
7.609000,2,7.908846,0.641889,0.000000,0.000000,-0.000000,0.000000,0.000000,0.000000,0.000000
7.609000,3,8.183453,2.146996,-0.002569,-0.007623,0.003539,-0.000295,0.000000,0.000000,0.000000
7.617000,1,4.924597,0.865031,0.173881,-0.000632,0.003597,0.000730,0.000000,0.000000,0.000000
7.617000,2,7.908846,0.641889,0.000000,0.000000,-0.000000,0.000000,0.000000,0.000000,0.000000
7.617000,3,8.183392,2.146985,-0.002572,-0.007623,0.003539,-0.000295,0.000000,0.000000,0.000000
7.625000,1,4.924597,0.865031,0.173881,-0.000632,0.003597,0.000730,0.000000,0.000000,0.000000
7.625000,2,7.908846,0.641889,0.000000,0.000000,-0.000000,0.000000,0.000000,0.000000,0.000000
7.625000,3,8.183331,2.146973,-0.002574,-0.007623,0.003539,-0.000295,0.000000,0.000000,0.000000
7.634000,1,4.924597,0.865031,0.173881,-0.000632,0.003597,0.000730,0.000000,0.000000,0.000000
7.634000,2,7.908846,0.641889,0.000000,0.000000,-0.000000,0.000000,0.000000,0.000000,0.000000
7.634000,3,8.183262,2.146960,-0.002577,-0.007623,0.003539,-0.000295,0.000000,0.000000,0.000000
7.643000,1,4.924597,0.865031,0.173881,-0.000632,0.003597,0.000730,0.000000,0.000000,0.000000
7.643000,2,7.908846,0.641889,0.000000,0.000000,-0.000000,0.000000,0.000000,0.000000,0.000000
7.643000,3,8.183193,2.146948,-0.002579,-0.007623,0.003539,-0.000295,0.000000,0.000000,0.000000
7.651000,1,4.924597,0.865031,0.173881,-0.000632,0.003597,0.000730,0.000000,0.000000,0.000000
7.651000,2,7.908846,0.641889,0.000000,0.000000,-0.000000,0.000000,0.000000,0.000000,0.000000
7.651000,3,8.183132,2.146936,-0.002582,-0.007623,0.003539,-0.000295,0.000000,0.000000,0.000000
7.659000,1,4.924597,0.865031,0.173881,-0.000632,0.003597,0.000730,0.000000,0.000000,0.000000
7.659000,2,7.908846,0.641889,0.000000,0.000000,-0.000000,0.000000,0.000000,0.000000,0.000000
7.659000,3,8.183071,2.146925,-0.002584,-0.007623,0.003539,-0.000295,0.000000,0.000000,0.000000
7.669000,1,4.924597,0.865031,0.173881,-0.000632,0.003595,0.000730,0.000000,0.000000,0.000000
7.669000,2,7.908846,0.641889,0.000000,0.000000,-0.000000,0.000000,0.000000,0.000000,0.000000
7.669000,3,8.182995,2.146910,-0.002587,-0.007622,0.003537,-0.000295,0.000000,0.000000,0.000000
7.675000,1,4.924597,0.865031,0.173881,-0.000632,0.003595,0.000730,0.000000,0.000000,0.000000
7.675000,2,7.908846,0.641889,0.000000,0.000000,-0.000000,0.000000,0.000000,0.000000,0.000000
7.675000,3,8.182949,2.146902,-0.002589,-0.007622,0.003537,-0.000295,0.000000,0.000000,0.000000
7.684000,1,4.924597,0.865031,0.173881,-0.000632,0.003595,0.000730,0.000000,0.000000,0.000000
7.684000,2,7.908846,0.641889,0.000000,0.000000,-0.000000,0.000000,0.000000,0.000000,0.000000
7.684000,3,8.182880,2.146889,-0.002591,-0.007622,0.003537,-0.000295,0.000000,0.000000,0.000000
7.692000,1,4.924597,0.865031,0.173881,-0.000632,0.003595,0.000730,0.000000,0.000000,0.000000
7.692000,2,7.908846,0.641889,0.000000,0.000000,-0.000000,0.000000,0.000000,0.000000,0.000000
7.692000,3,8.182819,2.146878,-0.002594,-0.007622,0.003537,-0.000295,0.000000,0.000000,0.000000
7.700000,1,4.924597,0.865031,0.173881,-0.000632,0.003595,0.000730,0.000000,0.000000,0.000000
7.700000,2,7.908846,0.641889,0.000000,0.000000,-0.000000,0.000000,0.000000,0.000000,0.000000
7.700000,3,8.182758,2.146866,-0.002596,-0.007622,0.003537,-0.000295,0.000000,0.000000,0.000000
7.710000,1,4.924597,0.865031,0.173881,-0.000632,0.003595,0.000730,0.000000,0.000000,0.000000
7.710000,2,7.908846,0.641889,0.000000,0.000000,-0.000000,0.000000,0.000000,0.000000,0.000000
7.710000,3,8.182682,2.146852,-0.002599,-0.007622,0.003537,-0.000295,0.000000,0.000000,0.000000
7.717000,1,4.924597,0.865031,0.173881,-0.000632,0.003595,0.000730,0.000000,0.000000,0.000000
7.717000,2,7.908846,0.641889,0.000000,0.000000,-0.000000,0.000000,0.000000,0.000000,0.000000
7.717000,3,8.182629,2.146842,-0.002601,-0.007622,0.003537,-0.000295,0.000000,0.000000,0.000000
7.726000,1,4.924597,0.865031,0.173881,-0.000632,0.003596,0.000730,0.000000,0.000000,0.000000
7.726000,2,7.908846,0.641889,0.000000,0.000000,-0.000000,0.000000,0.000000,0.000000,0.000000
7.726000,3,8.182560,2.146829,-0.002604,-0.007622,0.003538,-0.000295,0.000000,0.000000,0.000000
7.734000,1,4.924597,0.865031,0.173881,-0.000632,0.003596,0.000730,0.000000,0.000000,0.000000
7.734000,2,7.908846,0.641889,0.000000,0.000000,-0.000000,0.000000,0.000000,0.000000,0.000000
7.734000,3,8.182499,2.146817,-0.002606,-0.007622,0.003538,-0.000295,0.000000,0.000000,0.000000
7.742000,1,4.924597,0.865031,0.173881,-0.000632,0.003596,0.000730,0.000000,0.000000,0.000000
7.742000,2,7.908846,0.641889,0.000000,0.000000,-0.000000,0.000000,0.000000,0.000000,0.000000
7.742000,3,8.182438,2.146806,-0.002608,-0.007622,0.003538,-0.000295,0.000000,0.000000,0.000000
7.750000,1,4.924597,0.865031,0.173881,-0.000632,0.003596,0.000730,0.000000,0.000000,0.000000
7.750000,2,7.908846,0.641889,0.000000,0.000000,-0.000000,0.000000,0.000000,0.000000,0.000000
7.750000,3,8.182377,2.146795,-0.002611,-0.007623,0.003538,-0.000295,0.000000,0.000000,0.000000
7.759000,1,4.924597,0.865031,0.173881,-0.000632,0.003596,0.000730,0.000000,0.000000,0.000000
7.759000,2,7.908846,0.641889,0.000000,0.000000,-0.000000,0.000000,0.000000,0.000000,0.000000
7.759000,3,8.182308,2.146782,-0.002613,-0.007623,0.003538,-0.000295,0.000000,0.000000,0.000000
7.767000,1,4.924597,0.865031,0.173881,-0.000632,0.003596,0.000730,0.000000,0.000000,0.000000
7.767000,2,7.908846,0.641889,0.000000,0.000000,-0.000000,0.000000,0.000000,0.000000,0.000000
7.767000,3,8.182247,2.146770,-0.002616,-0.007623,0.003538,-0.000295,0.000000,0.000000,0.000000
7.775000,1,4.924597,0.865031,0.173881,-0.000632,0.003596,0.000730,0.000000,0.000000,0.000000
7.775000,2,7.908846,0.641889,0.000000,0.000000,-0.000000,0.000000,0.000000,0.000000,0.000000
7.775000,3,8.182186,2.146759,-0.002618,-0.007623,0.003538,-0.000295,0.000000,0.000000,0.000000
7.783000,1,4.924597,0.865031,0.173881,-0.000632,0.003596,0.000730,0.000000,0.000000,0.000000
7.783000,2,7.908846,0.641889,0.000000,0.000000,-0.000000,0.000000,0.000000,0.000000,0.000000
7.783000,3,8.182125,2.146747,-0.002621,-0.007623,0.003539,-0.000295,0.000000,0.000000,0.000000
7.792000,1,4.924597,0.865031,0.173881,-0.000632,0.003596,0.000730,0.000000,0.000000,0.000000
7.792000,2,7.908846,0.641889,0.000000,0.000000,-0.000000,0.000000,0.000000,0.000000,0.000000
7.792000,3,8.182056,2.146734,-0.002623,-0.007623,0.003539,-0.000295,0.000000,0.000000,0.000000
7.800000,1,4.924597,0.865031,0.173881,-0.000632,0.003596,0.000730,0.000000,0.000000,0.000000
7.800000,2,7.908846,0.641889,0.000000,0.000000,-0.000000,0.000000,0.000000,0.000000,0.000000
7.800000,3,8.181995,2.146723,-0.002626,-0.007623,0.003539,-0.000295,0.000000,0.000000,0.000000
7.808000,1,4.924597,0.865031,0.173881,-0.000632,0.003596,0.000730,0.000000,0.000000,0.000000
7.808000,2,7.908846,0.641889,0.000000,0.000000,-0.000000,0.000000,0.000000,0.000000,0.000000
7.808000,3,8.181934,2.146712,-0.002628,-0.007623,0.003539,-0.000295,0.000000,0.000000,0.000000
7.817000,1,4.924597,0.865031,0.173881,-0.000632,0.003596,0.000730,0.000000,0.000000,0.000000
7.817000,2,7.908846,0.641889,0.000000,0.000000,-0.000000,0.000000,0.000000,0.000000,0.000000
7.817000,3,8.181866,2.146699,-0.002631,-0.007623,0.003539,-0.000295,0.000000,0.000000,0.000000
7.825000,1,4.924597,0.865031,0.173881,-0.000632,0.003596,0.000730,0.000000,0.000000,0.000000
7.825000,2,7.908846,0.641889,0.000000,0.000000,-0.000000,0.000000,0.000000,0.000000,0.000000
7.825000,3,8.181805,2.146687,-0.002633,-0.007623,0.003539,-0.000295,0.000000,0.000000,0.000000
7.836000,1,4.924597,0.865031,0.173881,-0.000632,0.003596,0.000730,0.000000,0.000000,0.000000
7.836000,2,7.908846,0.641889,0.000000,0.000000,-0.000000,0.000000,0.000000,0.000000,0.000000
7.836000,3,8.181721,2.146672,-0.002636,-0.007623,0.003540,-0.000295,0.000000,0.000000,0.000000
7.842000,1,4.924597,0.865031,0.173881,-0.000632,0.003596,0.000730,0.000000,0.000000,0.000000
7.842000,2,7.908846,0.641889,0.000000,0.000000,-0.000000,0.000000,0.000000,0.000000,0.000000
7.842000,3,8.181675,2.146663,-0.002638,-0.007623,0.003540,-0.000295,0.000000,0.000000,0.000000
7.851000,1,4.924597,0.865031,0.173881,-0.000632,0.003597,0.000730,0.000000,0.000000,0.000000
7.851000,2,7.908846,0.641889,0.000000,0.000000,-0.000000,0.000000,0.000000,0.000000,0.000000
7.851000,3,8.181606,2.146650,-0.002641,-0.007623,0.003540,-0.000295,0.000000,0.000000,0.000000
7.859000,1,4.924597,0.865031,0.173881,-0.000632,0.003597,0.000730,0.000000,0.000000,0.000000
7.859000,2,7.908846,0.641889,0.000000,0.000000,-0.000000,0.000000,0.000000,0.000000,0.000000
7.859000,3,8.181545,2.146639,-0.002643,-0.007623,0.003540,-0.000295,0.000000,0.000000,0.000000
7.867000,1,4.924597,0.865031,0.173881,-0.000632,0.003597,0.000730,0.000000,0.000000,0.000000
7.867000,2,7.908846,0.641889,0.000000,0.000000,-0.000000,0.000000,0.000000,0.000000,0.000000
7.867000,3,8.181484,2.146627,-0.002645,-0.007623,0.003540,-0.000295,0.000000,0.000000,0.000000
7.875000,1,4.924597,0.865031,0.173881,-0.000632,0.003597,0.000730,0.000000,0.000000,0.000000
7.875000,2,7.908846,0.641889,0.000000,0.000000,-0.000000,0.000000,0.000000,0.000000,0.000000
7.875000,3,8.181423,2.146616,-0.002648,-0.007623,0.003540,-0.000295,0.000000,0.000000,0.000000
7.884000,1,4.924597,0.865031,0.173881,-0.000632,0.003597,0.000730,0.000000,0.000000,0.000000
7.884000,2,7.908846,0.641889,0.000000,0.000000,-0.000000,0.000000,0.000000,0.000000,0.000000
7.884000,3,8.181355,2.146603,-0.002650,-0.007623,0.003540,-0.000295,0.000000,0.000000,0.000000
7.893000,1,4.924597,0.865031,0.173881,-0.000632,0.003597,0.000730,0.000000,0.000000,0.000000
7.893000,2,7.908846,0.641889,0.000000,0.000000,-0.000000,0.000000,0.000000,0.000000,0.000000
7.893000,3,8.181286,2.146590,-0.002653,-0.007623,0.003541,-0.000295,0.000000,0.000000,0.000000
7.901000,1,4.924597,0.865031,0.173881,-0.000632,0.003597,0.000730,0.000000,0.000000,0.000000
7.901000,2,7.908846,0.641889,0.000000,0.000000,-0.000000,0.000000,0.000000,0.000000,0.000000
7.901000,3,8.181225,2.146579,-0.002655,-0.007623,0.003541,-0.000295,0.000000,0.000000,0.000000
7.909000,1,4.924597,0.865031,0.173881,-0.000632,0.003595,0.000730,0.000000,0.000000,0.000000
7.909000,2,7.908846,0.641889,0.000000,0.000000,-0.000000,0.000000,0.000000,0.000000,0.000000
7.909000,3,8.181164,2.146567,-0.002658,-0.007623,0.003538,-0.000295,0.000000,0.000000,0.000000
7.917000,1,4.924597,0.865031,0.173881,-0.000632,0.003595,0.000730,0.000000,0.000000,0.000000
7.917000,2,7.908846,0.641889,0.000000,0.000000,-0.000000,0.000000,0.000000,0.000000,0.000000
7.917000,3,8.181103,2.146556,-0.002660,-0.007622,0.003538,-0.000295,0.000000,0.000000,0.000000
7.925000,1,4.924597,0.865031,0.173881,-0.000632,0.003595,0.000730,0.000000,0.000000,0.000000
7.925000,2,7.908846,0.641889,0.000000,0.000000,-0.000000,0.000000,0.000000,0.000000,0.000000
7.925000,3,8.181042,2.146544,-0.002662,-0.007623,0.003538,-0.000295,0.000000,0.000000,0.000000
7.934000,1,4.924597,0.865031,0.173881,-0.000632,0.003595,0.000730,0.000000,0.000000,0.000000
7.934000,2,7.908846,0.641889,0.000000,0.000000,-0.000000,0.000000,0.000000,0.000000,0.000000
7.934000,3,8.180973,2.146531,-0.002665,-0.007623,0.003538,-0.000295,0.000000,0.000000,0.000000
7.942000,1,4.924597,0.865031,0.173881,-0.000632,0.003595,0.000730,0.000000,0.000000,0.000000
7.942000,2,7.908846,0.641889,0.000000,0.000000,-0.000000,0.000000,0.000000,0.000000,0.000000
7.942000,3,8.180912,2.146520,-0.002667,-0.007623,0.003538,-0.000295,0.000000,0.000000,0.000000
7.950000,1,4.924597,0.865031,0.173881,-0.000632,0.003595,0.000730,0.000000,0.000000,0.000000
7.950000,2,7.908846,0.641889,0.000000,0.000000,-0.000000,0.000000,0.000000,0.000000,0.000000
7.950000,3,8.180851,2.146508,-0.002670,-0.007623,0.003538,-0.000295,0.000000,0.000000,0.000000
7.959000,1,4.924597,0.865031,0.173881,-0.000632,0.003596,0.000730,0.000000,0.000000,0.000000
7.959000,2,7.908846,0.641889,0.000000,0.000000,-0.000000,0.000000,0.000000,0.000000,0.000000
7.959000,3,8.180782,2.146496,-0.002672,-0.007623,0.003539,-0.000295,0.000000,0.000000,0.000000
7.967000,1,4.924597,0.865031,0.173881,-0.000632,0.003596,0.000730,0.000000,0.000000,0.000000
7.967000,2,7.908846,0.641889,0.000000,0.000000,-0.000000,0.000000,0.000000,0.000000,0.000000
7.967000,3,8.180721,2.146484,-0.002675,-0.007623,0.003539,-0.000295,0.000000,0.000000,0.000000
7.976000,1,4.924597,0.865031,0.173881,-0.000632,0.003596,0.000730,0.000000,0.000000,0.000000
7.976000,2,7.908846,0.641889,0.000000,0.000000,-0.000000,0.000000,0.000000,0.000000,0.000000
7.976000,3,8.180653,2.146471,-0.002677,-0.007623,0.003539,-0.000295,0.000000,0.000000,0.000000
7.984000,1,4.924597,0.865031,0.173881,-0.000632,0.003596,0.000730,0.000000,0.000000,0.000000
7.984000,2,7.908846,0.641889,0.000000,0.000000,-0.000000,0.000000,0.000000,0.000000,0.000000
7.984000,3,8.180592,2.146460,-0.002680,-0.007623,0.003539,-0.000295,0.000000,0.000000,0.000000
7.992000,1,4.924597,0.865031,0.173881,-0.000632,0.003596,0.000730,0.000000,0.000000,0.000000
7.992000,2,7.908846,0.641889,0.000000,0.000000,-0.000000,0.000000,0.000000,0.000000,0.000000
7.992000,3,8.180531,2.146448,-0.002682,-0.007623,0.003539,-0.000295,0.000000,0.000000,0.000000
8.000000,1,4.924597,0.865031,0.173881,-0.000632,0.003596,0.000730,0.000000,0.000000,0.000000
8.000000,2,7.908846,0.641889,0.000000,0.000000,-0.000000,0.000000,0.000000,0.000000,0.000000
8.000000,3,8.180470,2.146437,-0.002685,-0.007623,0.003539,-0.000295,0.000000,0.000000,0.000000
8.009000,1,4.924597,0.865031,0.173881,-0.000632,0.003596,0.000730,0.000000,0.000000,0.000000
8.009000,2,7.908846,0.641889,0.000000,0.000000,-0.000000,0.000000,0.000000,0.000000,0.000000
8.009000,3,8.180401,2.146424,-0.002687,-0.007623,0.003539,-0.000295,0.000000,0.000000,0.000000
8.017000,1,4.924597,0.865031,0.173881,-0.000632,0.003596,0.000730,0.000000,0.000000,0.000000
8.017000,2,7.908846,0.641889,0.000000,0.000000,-0.000000,0.000000,0.000000,0.000000,0.000000
8.017000,3,8.180340,2.146413,-0.002690,-0.007623,0.003540,-0.000295,0.000000,0.000000,0.000000
8.025000,1,4.924597,0.865031,0.173881,-0.000632,0.003596,0.000730,0.000000,0.000000,0.000000
8.025000,2,7.908846,0.641889,0.000000,0.000000,-0.000000,0.000000,0.000000,0.000000,0.000000
8.025000,3,8.180279,2.146401,-0.002692,-0.007623,0.003540,-0.000295,0.000000,0.000000,0.000000
8.033000,1,4.924597,0.865031,0.173881,-0.000632,0.003596,0.000730,0.000000,0.000000,0.000000
8.033000,2,7.908846,0.641889,0.000000,0.000000,-0.000000,0.000000,0.000000,0.000000,0.000000
8.033000,3,8.180218,2.146390,-0.002694,-0.007623,0.003540,-0.000294,0.000000,0.000000,0.000000
8.042000,1,4.924597,0.865031,0.173881,-0.000632,0.003596,0.000730,0.000000,0.000000,0.000000
8.042000,2,7.908846,0.641889,0.000000,0.000000,-0.000000,0.000000,0.000000,0.000000,0.000000
8.042000,3,8.180149,2.146377,-0.002697,-0.007623,0.003540,-0.000294,0.000000,0.000000,0.000000
8.050000,1,4.924597,0.865031,0.173881,-0.000632,0.003596,0.000730,0.000000,0.000000,0.000000
8.050000,2,7.908846,0.641889,0.000000,0.000000,-0.000000,0.000000,0.000000,0.000000,0.000000
8.050000,3,8.180088,2.146365,-0.002699,-0.007623,0.003540,-0.000294,0.000000,0.000000,0.000000
8.058000,1,4.924597,0.865031,0.173881,-0.000632,0.003596,0.000730,0.000000,0.000000,0.000000
8.058000,2,7.908846,0.641889,0.000000,0.000000,-0.000000,0.000000,0.000000,0.000000,0.000000
8.058000,3,8.180027,2.146354,-0.002702,-0.007623,0.003540,-0.000294,0.000000,0.000000,0.000000
8.067000,1,4.924597,0.865031,0.173881,-0.000632,0.003596,0.000730,0.000000,0.000000,0.000000
8.067000,2,7.908846,0.641889,0.000000,0.000000,-0.000000,0.000000,0.000000,0.000000,0.000000
8.067000,3,8.179958,2.146341,-0.002704,-0.007623,0.003540,-0.000294,0.000000,0.000000,0.000000
8.075000,1,4.924597,0.865031,0.173881,-0.000632,0.003596,0.000730,0.000000,0.000000,0.000000
8.075000,2,7.908846,0.641889,0.000000,0.000000,-0.000000,0.000000,0.000000,0.000000,0.000000
8.075000,3,8.179897,2.146330,-0.002707,-0.007623,0.003541,-0.000294,0.000000,0.000000,0.000000
8.083000,1,4.924597,0.865031,0.173881,-0.000632,0.003596,0.000730,0.000000,0.000000,0.000000
8.083000,2,7.908846,0.641889,0.000000,0.000000,-0.000000,0.000000,0.000000,0.000000,0.000000
8.083000,3,8.179836,2.146318,-0.002709,-0.007623,0.003541,-0.000294,0.000000,0.000000,0.000000
8.092000,1,4.924597,0.865031,0.173881,-0.000632,0.003597,0.000730,0.000000,0.000000,0.000000
8.092000,2,7.908846,0.641889,0.000000,0.000000,-0.000000,0.000000,0.000000,0.000000,0.000000
8.092000,3,8.179768,2.146305,-0.002712,-0.007623,0.003541,-0.000294,0.000000,0.000000,0.000000
8.101000,1,4.924597,0.865031,0.173881,-0.000632,0.003597,0.000730,0.000000,0.000000,0.000000
8.101000,2,7.908846,0.641889,0.000000,0.000000,-0.000000,0.000000,0.000000,0.000000,0.000000
8.101000,3,8.179699,2.146292,-0.002714,-0.007623,0.003541,-0.000294,0.000000,0.000000,0.000000
8.108000,1,4.924597,0.865031,0.173881,-0.000632,0.003597,0.000730,0.000000,0.000000,0.000000
8.108000,2,7.908846,0.641889,0.000000,0.000000,-0.000000,0.000000,0.000000,0.000000,0.000000
8.108000,3,8.179646,2.146282,-0.002716,-0.007623,0.003541,-0.000294,0.000000,0.000000,0.000000
8.117000,1,4.924597,0.865031,0.173881,-0.000632,0.003597,0.000730,0.000000,0.000000,0.000000
8.117000,2,7.908846,0.641889,0.000000,0.000000,-0.000000,0.000000,0.000000,0.000000,0.000000
8.117000,3,8.179577,2.146270,-0.002719,-0.007623,0.003541,-0.000294,0.000000,0.000000,0.000000
8.125000,1,4.924597,0.865031,0.173881,-0.000632,0.003597,0.000730,0.000000,0.000000,0.000000
8.125000,2,7.908846,0.641889,0.000000,0.000000,-0.000000,0.000000,0.000000,0.000000,0.000000
8.125000,3,8.179516,2.146258,-0.002721,-0.007623,0.003541,-0.000294,0.000000,0.000000,0.000000
8.133000,1,4.924597,0.865031,0.173881,-0.000632,0.003597,0.000730,0.000000,0.000000,0.000000
8.133000,2,7.908846,0.641889,0.000000,0.000000,-0.000000,0.000000,0.000000,0.000000,0.000000
8.133000,3,8.179455,2.146247,-0.002724,-0.007623,0.003542,-0.000294,0.000000,0.000000,0.000000
8.142000,1,4.924597,0.865031,0.173881,-0.000632,0.003597,0.000730,0.000000,0.000000,0.000000
8.142000,2,7.908846,0.641889,0.000000,0.000000,-0.000000,0.000000,0.000000,0.000000,0.000000
8.142000,3,8.179386,2.146234,-0.002726,-0.007624,0.003542,-0.000294,0.000000,0.000000,0.000000
8.150000,1,4.924597,0.865031,0.173881,-0.000632,0.003596,0.000730,0.000000,0.000000,0.000000
8.150000,2,7.908846,0.641889,0.000000,0.000000,-0.000000,0.000000,0.000000,0.000000,0.000000
8.150000,3,8.179325,2.146222,-0.002729,-0.007623,0.003540,-0.000294,0.000000,0.000000,0.000000
8.159000,1,4.924597,0.865031,0.173881,-0.000632,0.003595,0.000730,0.000000,0.000000,0.000000
8.159000,2,7.908846,0.641889,0.000000,0.000000,-0.000000,0.000000,0.000000,0.000000,0.000000
8.159000,3,8.179256,2.146209,-0.002731,-0.007623,0.003539,-0.000294,0.000000,0.000000,0.000000
8.167000,1,4.924597,0.865031,0.173881,-0.000632,0.003595,0.000730,0.000000,0.000000,0.000000
8.167000,2,7.908846,0.641889,0.000000,0.000000,-0.000000,0.000000,0.000000,0.000000,0.000000
8.167000,3,8.179195,2.146198,-0.002734,-0.007623,0.003539,-0.000294,0.000000,0.000000,0.000000
8.176000,1,4.924597,0.865031,0.173881,-0.000632,0.003595,0.000730,0.000000,0.000000,0.000000
8.176000,2,7.908846,0.641889,0.000000,0.000000,-0.000000,0.000000,0.000000,0.000000,0.000000
8.176000,3,8.179127,2.146185,-0.002736,-0.007623,0.003539,-0.000294,0.000000,0.000000,0.000000
8.184000,1,4.924597,0.865031,0.173881,-0.000632,0.003595,0.000730,0.000000,0.000000,0.000000
8.184000,2,7.908846,0.641889,0.000000,0.000000,-0.000000,0.000000,0.000000,0.000000,0.000000
8.184000,3,8.179066,2.146174,-0.002739,-0.007623,0.003539,-0.000294,0.000000,0.000000,0.000000
8.192000,1,4.924597,0.865031,0.173881,-0.000632,0.003595,0.000730,0.000000,0.000000,0.000000
8.192000,2,7.908846,0.641889,0.000000,0.000000,-0.000000,0.000000,0.000000,0.000000,0.000000
8.192000,3,8.179005,2.146162,-0.002741,-0.007623,0.003540,-0.000294,0.000000,0.000000,0.000000
8.201000,1,4.924597,0.865031,0.173881,-0.000632,0.003596,0.000730,0.000000,0.000000,0.000000
8.201000,2,7.908846,0.641889,0.000000,0.000000,-0.000000,0.000000,0.000000,0.000000,0.000000
8.201000,3,8.178936,2.146149,-0.002744,-0.007623,0.003540,-0.000294,0.000000,0.000000,0.000000
8.209000,1,4.924597,0.865031,0.173881,-0.000632,0.003596,0.000730,0.000000,0.000000,0.000000
8.209000,2,7.908846,0.641889,0.000000,0.000000,-0.000000,0.000000,0.000000,0.000000,0.000000
8.209000,3,8.178875,2.146138,-0.002746,-0.007623,0.003540,-0.000294,0.000000,0.000000,0.000000
8.217000,1,4.924597,0.865031,0.173881,-0.000632,0.003596,0.000730,0.000000,0.000000,0.000000
8.217000,2,7.908846,0.641889,0.000000,0.000000,-0.000000,0.000000,0.000000,0.000000,0.000000
8.217000,3,8.178814,2.146127,-0.002748,-0.007623,0.003540,-0.000294,0.000000,0.000000,0.000000
8.226000,1,4.924597,0.865031,0.173881,-0.000632,0.003596,0.000730,0.000000,0.000000,0.000000
8.226000,2,7.908846,0.641889,0.000000,0.000000,-0.000000,0.000000,0.000000,0.000000,0.000000
8.226000,3,8.178745,2.146114,-0.002751,-0.007623,0.003540,-0.000294,0.000000,0.000000,0.000000
8.234000,1,4.924597,0.865031,0.173881,-0.000632,0.003596,0.000730,0.000000,0.000000,0.000000
8.234000,2,7.908846,0.641889,0.000000,0.000000,-0.000000,0.000000,0.000000,0.000000,0.000000
8.234000,3,8.178684,2.146102,-0.002753,-0.007623,0.003540,-0.000294,0.000000,0.000000,0.000000
8.242000,1,4.924597,0.865031,0.173881,-0.000632,0.003596,0.000730,0.000000,0.000000,0.000000
8.242000,2,7.908846,0.641889,0.000000,0.000000,-0.000000,0.000000,0.000000,0.000000,0.000000
8.242000,3,8.178623,2.146091,-0.002756,-0.007623,0.003540,-0.000294,0.000000,0.000000,0.000000
8.251000,1,4.924597,0.865031,0.173881,-0.000632,0.003596,0.000730,0.000000,0.000000,0.000000
8.251000,2,7.908846,0.641889,0.000000,0.000000,-0.000000,0.000000,0.000000,0.000000,0.000000
8.251000,3,8.178555,2.146078,-0.002758,-0.007623,0.003541,-0.000294,0.000000,0.000000,0.000000
8.259000,1,4.924597,0.865031,0.173881,-0.000632,0.003596,0.000730,0.000000,0.000000,0.000000
8.259000,2,7.908846,0.641889,0.000000,0.000000,-0.000000,0.000000,0.000000,0.000000,0.000000
8.259000,3,8.178493,2.146066,-0.002761,-0.007623,0.003541,-0.000294,0.000000,0.000000,0.000000
8.270000,1,4.924597,0.865031,0.173881,-0.000632,0.003596,0.000730,0.000000,0.000000,0.000000
8.270000,2,7.908846,0.641889,0.000000,0.000000,-0.000000,0.000000,0.000000,0.000000,0.000000
8.270000,3,8.178410,2.146051,-0.002764,-0.007623,0.003541,-0.000294,0.000000,0.000000,0.000000
8.276000,1,4.924597,0.865031,0.173881,-0.000632,0.003596,0.000730,0.000000,0.000000,0.000000
8.276000,2,7.908846,0.641889,0.000000,0.000000,-0.000000,0.000000,0.000000,0.000000,0.000000
8.276000,3,8.178364,2.146042,-0.002766,-0.007623,0.003541,-0.000294,0.000000,0.000000,0.000000
8.285000,1,4.924597,0.865031,0.173881,-0.000632,0.003596,0.000730,0.000000,0.000000,0.000000
8.285000,2,7.908846,0.641889,0.000000,0.000000,-0.000000,0.000000,0.000000,0.000000,0.000000
8.285000,3,8.178295,2.146029,-0.002768,-0.007623,0.003541,-0.000294,0.000000,0.000000,0.000000
8.293000,1,4.924597,0.865031,0.173881,-0.000632,0.003596,0.000730,0.000000,0.000000,0.000000
8.293000,2,7.908846,0.641889,0.000000,0.000000,-0.000000,0.000000,0.000000,0.000000,0.000000
8.293000,3,8.178234,2.146018,-0.002771,-0.007623,0.003541,-0.000294,0.000000,0.000000,0.000000
8.301000,1,4.924597,0.865031,0.173881,-0.000632,0.003596,0.000730,0.000000,0.000000,0.000000
8.301000,2,7.908846,0.641889,0.000000,0.000000,-0.000000,0.000000,0.000000,0.000000,0.000000
8.301000,3,8.178173,2.146006,-0.002773,-0.007623,0.003542,-0.000294,0.000000,0.000000,0.000000
8.309000,1,4.924597,0.865031,0.173881,-0.000632,0.003596,0.000730,0.000000,0.000000,0.000000
8.309000,2,7.908846,0.641889,0.000000,0.000000,-0.000000,0.000000,0.000000,0.000000,0.000000
8.309000,3,8.178112,2.145995,-0.002775,-0.007623,0.003542,-0.000294,0.000000,0.000000,0.000000
8.318000,1,4.924597,0.865031,0.173881,-0.000632,0.003596,0.000730,0.000000,0.000000,0.000000
8.318000,2,7.908846,0.641889,0.000000,0.000000,-0.000000,0.000000,0.000000,0.000000,0.000000
8.318000,3,8.178043,2.145982,-0.002778,-0.007624,0.003542,-0.000294,0.000000,0.000000,0.000000
8.326000,1,4.924597,0.865031,0.173881,-0.000632,0.003596,0.000730,0.000000,0.000000,0.000000
8.326000,2,7.908846,0.641889,0.000000,0.000000,-0.000000,0.000000,0.000000,0.000000,0.000000
8.326000,3,8.177982,2.145971,-0.002780,-0.007624,0.003542,-0.000294,0.000000,0.000000,0.000000
8.336000,1,4.924597,0.865031,0.173881,-0.000632,0.003597,0.000730,0.000000,0.000000,0.000000
8.336000,2,7.908846,0.641889,0.000000,0.000000,-0.000000,0.000000,0.000000,0.000000,0.000000
8.336000,3,8.177906,2.145956,-0.002783,-0.007624,0.003542,-0.000294,0.000000,0.000000,0.000000
8.343000,1,4.924597,0.865031,0.173881,-0.000632,0.003597,0.000730,0.000000,0.000000,0.000000
8.343000,2,7.908846,0.641889,0.000000,0.000000,-0.000000,0.000000,0.000000,0.000000,0.000000
8.343000,3,8.177853,2.145946,-0.002785,-0.007624,0.003542,-0.000294,0.000000,0.000000,0.000000
8.351000,1,4.924597,0.865031,0.173881,-0.000632,0.003597,0.000730,0.000000,0.000000,0.000000
8.351000,2,7.908846,0.641889,0.000000,0.000000,-0.000000,0.000000,0.000000,0.000000,0.000000
8.351000,3,8.177792,2.145935,-0.002788,-0.007624,0.003542,-0.000294,0.000000,0.000000,0.000000
8.360000,1,4.924597,0.865031,0.173881,-0.000632,0.003597,0.000730,0.000000,0.000000,0.000000
8.360000,2,7.908846,0.641889,0.000000,0.000000,-0.000000,0.000000,0.000000,0.000000,0.000000
8.360000,3,8.177723,2.145922,-0.002790,-0.007624,0.003543,-0.000294,0.000000,0.000000,0.000000
8.368000,1,4.924597,0.865031,0.173881,-0.000632,0.003597,0.000730,0.000000,0.000000,0.000000
8.368000,2,7.908846,0.641889,0.000000,0.000000,-0.000000,0.000000,0.000000,0.000000,0.000000
8.368000,3,8.177662,2.145911,-0.002793,-0.007624,0.003543,-0.000294,0.000000,0.000000,0.000000
8.376000,1,4.924597,0.865031,0.173881,-0.000632,0.003597,0.000730,0.000000,0.000000,0.000000
8.376000,2,7.908846,0.641889,0.000000,0.000000,-0.000000,0.000000,0.000000,0.000000,0.000000
8.376000,3,8.177601,2.145899,-0.002795,-0.007624,0.003543,-0.000294,0.000000,0.000000,0.000000
8.385000,1,4.924597,0.865031,0.173881,-0.000632,0.003597,0.000730,0.000000,0.000000,0.000000
8.385000,2,7.908846,0.641889,0.000000,0.000000,-0.000000,0.000000,0.000000,0.000000,0.000000
8.385000,3,8.177532,2.145886,-0.002798,-0.007624,0.003542,-0.000294,0.000000,0.000000,0.000000
8.395000,1,4.924597,0.865031,0.173881,-0.000632,0.003595,0.000730,0.000000,0.000000,0.000000
8.395000,2,7.908846,0.641889,0.000000,0.000000,-0.000000,0.000000,0.000000,0.000000,0.000000
8.395000,3,8.177456,2.145872,-0.002801,-0.007623,0.003540,-0.000294,0.000000,0.000000,0.000000
8.401000,1,4.924597,0.865031,0.173881,-0.000632,0.003595,0.000730,0.000000,0.000000,0.000000
8.401000,2,7.908846,0.641889,0.000000,0.000000,-0.000000,0.000000,0.000000,0.000000,0.000000
8.401000,3,8.177410,2.145863,-0.002802,-0.007623,0.003540,-0.000294,0.000000,0.000000,0.000000
8.409000,1,4.924597,0.865031,0.173881,-0.000632,0.003595,0.000730,0.000000,0.000000,0.000000
8.409000,2,7.908846,0.641889,0.000000,0.000000,-0.000000,0.000000,0.000000,0.000000,0.000000
8.409000,3,8.177349,2.145852,-0.002805,-0.007623,0.003540,-0.000294,0.000000,0.000000,0.000000
8.418000,1,4.924597,0.865031,0.173881,-0.000632,0.003595,0.000730,0.000000,0.000000,0.000000
8.418000,2,7.908846,0.641889,0.000000,0.000000,-0.000000,0.000000,0.000000,0.000000,0.000000
8.418000,3,8.177280,2.145839,-0.002807,-0.007623,0.003541,-0.000294,0.000000,0.000000,0.000000
8.426000,1,4.924597,0.865031,0.173881,-0.000632,0.003595,0.000730,0.000000,0.000000,0.000000
8.426000,2,7.908846,0.641889,0.000000,0.000000,-0.000000,0.000000,0.000000,0.000000,0.000000
8.426000,3,8.177219,2.145828,-0.002810,-0.007623,0.003541,-0.000294,0.000000,0.000000,0.000000
8.434000,1,4.924597,0.865031,0.173881,-0.000632,0.003595,0.000730,0.000000,0.000000,0.000000
8.434000,2,7.908846,0.641889,0.000000,0.000000,-0.000000,0.000000,0.000000,0.000000,0.000000
8.434000,3,8.177158,2.145816,-0.002812,-0.007623,0.003541,-0.000294,0.000000,0.000000,0.000000
8.443000,1,4.924597,0.865031,0.173881,-0.000632,0.003596,0.000730,0.000000,0.000000,0.000000
8.443000,2,7.908846,0.641889,0.000000,0.000000,-0.000000,0.000000,0.000000,0.000000,0.000000
8.443000,3,8.177090,2.145803,-0.002815,-0.007623,0.003541,-0.000294,0.000000,0.000000,0.000000
8.451000,1,4.924597,0.865031,0.173881,-0.000632,0.003596,0.000730,0.000000,0.000000,0.000000
8.451000,2,7.908846,0.641889,0.000000,0.000000,-0.000000,0.000000,0.000000,0.000000,0.000000
8.451000,3,8.177029,2.145792,-0.002817,-0.007623,0.003541,-0.000294,0.000000,0.000000,0.000000
8.459000,1,4.924597,0.865031,0.173881,-0.000632,0.003596,0.000730,0.000000,0.000000,0.000000
8.459000,2,7.908846,0.641889,0.000000,0.000000,-0.000000,0.000000,0.000000,0.000000,0.000000
8.459000,3,8.176968,2.145780,-0.002820,-0.007623,0.003541,-0.000294,0.000000,0.000000,0.000000
8.467000,1,4.924597,0.865031,0.173881,-0.000632,0.003596,0.000730,0.000000,0.000000,0.000000
8.467000,2,7.908846,0.641889,0.000000,0.000000,-0.000000,0.000000,0.000000,0.000000,0.000000
8.467000,3,8.176907,2.145769,-0.002822,-0.007623,0.003541,-0.000294,0.000000,0.000000,0.000000
8.476000,1,4.924597,0.865031,0.173881,-0.000632,0.003596,0.000730,0.000000,0.000000,0.000000
8.476000,2,7.908846,0.641889,0.000000,0.000000,-0.000000,0.000000,0.000000,0.000000,0.000000
8.476000,3,8.176838,2.145756,-0.002825,-0.007623,0.003542,-0.000294,0.000000,0.000000,0.000000
8.484000,1,4.924597,0.865031,0.173881,-0.000632,0.003596,0.000730,0.000000,0.000000,0.000000
8.484000,2,7.908846,0.641889,0.000000,0.000000,-0.000000,0.000000,0.000000,0.000000,0.000000
8.484000,3,8.176777,2.145745,-0.002827,-0.007623,0.003542,-0.000294,0.000000,0.000000,0.000000
8.492000,1,4.924597,0.865031,0.173881,-0.000632,0.003596,0.000730,0.000000,0.000000,0.000000
8.492000,2,7.908846,0.641889,0.000000,0.000000,-0.000000,0.000000,0.000000,0.000000,0.000000
8.492000,3,8.176716,2.145733,-0.002829,-0.007623,0.003542,-0.000294,0.000000,0.000000,0.000000
8.500000,1,4.924597,0.865031,0.173881,-0.000632,0.003596,0.000730,0.000000,0.000000,0.000000
8.500000,2,7.908846,0.641889,0.000000,0.000000,-0.000000,0.000000,0.000000,0.000000,0.000000
8.500000,3,8.176655,2.145722,-0.002832,-0.007624,0.003542,-0.000294,0.000000,0.000000,0.000000
8.509000,1,4.924597,0.865031,0.173881,-0.000632,0.003596,0.000730,0.000000,0.000000,0.000000
8.509000,2,7.908846,0.641889,0.000000,0.000000,-0.000000,0.000000,0.000000,0.000000,0.000000
8.509000,3,8.176586,2.145709,-0.002834,-0.007624,0.003542,-0.000294,0.000000,0.000000,0.000000
8.518000,1,4.924597,0.865031,0.173881,-0.000632,0.003596,0.000730,0.000000,0.000000,0.000000
8.518000,2,7.908846,0.641889,0.000000,0.000000,-0.000000,0.000000,0.000000,0.000000,0.000000
8.518000,3,8.176517,2.145696,-0.002837,-0.007624,0.003542,-0.000294,0.000000,0.000000,0.000000
8.526000,1,4.924597,0.865031,0.173881,-0.000632,0.003596,0.000730,0.000000,0.000000,0.000000
8.526000,2,7.908846,0.641889,0.000000,0.000000,-0.000000,0.000000,0.000000,0.000000,0.000000
8.526000,3,8.176456,2.145684,-0.002839,-0.007624,0.003542,-0.000294,0.000000,0.000000,0.000000
8.534000,1,4.924597,0.865031,0.173881,-0.000632,0.003596,0.000730,0.000000,0.000000,0.000000
8.534000,2,7.908846,0.641889,0.000000,0.000000,-0.000000,0.000000,0.000000,0.000000,0.000000
8.534000,3,8.176395,2.145673,-0.002842,-0.007624,0.003542,-0.000294,0.000000,0.000000,0.000000
8.543000,1,4.924597,0.865031,0.173881,-0.000632,0.003596,0.000730,0.000000,0.000000,0.000000
8.543000,2,7.908846,0.641889,0.000000,0.000000,-0.000000,0.000000,0.000000,0.000000,0.000000
8.543000,3,8.176327,2.145660,-0.002844,-0.007624,0.003543,-0.000294,0.000000,0.000000,0.000000
8.551000,1,4.924597,0.865031,0.173881,-0.000632,0.003596,0.000730,0.000000,0.000000,0.000000
8.551000,2,7.908846,0.641889,0.000000,0.000000,-0.000000,0.000000,0.000000,0.000000,0.000000
8.551000,3,8.176266,2.145649,-0.002847,-0.007624,0.003543,-0.000294,0.000000,0.000000,0.000000
8.559000,1,4.924597,0.865031,0.173881,-0.000632,0.003596,0.000730,0.000000,0.000000,0.000000
8.559000,2,7.908846,0.641889,0.000000,0.000000,-0.000000,0.000000,0.000000,0.000000,0.000000
8.559000,3,8.176205,2.145637,-0.002849,-0.007624,0.003543,-0.000294,0.000000,0.000000,0.000000
8.568000,1,4.924597,0.865031,0.173881,-0.000632,0.003596,0.000730,0.000000,0.000000,0.000000
8.568000,2,7.908846,0.641889,0.000000,0.000000,-0.000000,0.000000,0.000000,0.000000,0.000000
8.568000,3,8.176136,2.145624,-0.002852,-0.007624,0.003543,-0.000294,0.000000,0.000000,0.000000
8.576000,1,4.924597,0.865031,0.173881,-0.000632,0.003597,0.000730,0.000000,0.000000,0.000000
8.576000,2,7.908846,0.641889,0.000000,0.000000,-0.000000,0.000000,0.000000,0.000000,0.000000
8.576000,3,8.176075,2.145613,-0.002854,-0.007624,0.003543,-0.000294,0.000000,0.000000,0.000000
8.584000,1,4.924597,0.865031,0.173881,-0.000632,0.003597,0.000730,0.000000,0.000000,0.000000
8.584000,2,7.908846,0.641889,0.000000,0.000000,-0.000000,0.000000,0.000000,0.000000,0.000000
8.584000,3,8.176014,2.145602,-0.002856,-0.007624,0.003543,-0.000294,0.000000,0.000000,0.000000
8.592000,1,4.924597,0.865031,0.173881,-0.000632,0.003597,0.000730,0.000000,0.000000,0.000000
8.592000,2,7.908846,0.641889,0.000000,0.000000,-0.000000,0.000000,0.000000,0.000000,0.000000
8.592000,3,8.175953,2.145590,-0.002859,-0.007624,0.003544,-0.000293,0.000000,0.000000,0.000000
8.601000,1,4.924597,0.865031,0.173881,-0.000632,0.003597,0.000730,0.000000,0.000000,0.000000
8.601000,2,7.908846,0.641889,0.000000,0.000000,-0.000000,0.000000,0.000000,0.000000,0.000000
8.601000,3,8.175884,2.145577,-0.002861,-0.007624,0.003544,-0.000293,0.000000,0.000000,0.000000
8.609000,1,4.924597,0.865031,0.173881,-0.000632,0.003597,0.000730,0.000000,0.000000,0.000000
8.609000,2,7.908846,0.641889,0.000000,0.000000,-0.000000,0.000000,0.000000,0.000000,0.000000
8.609000,3,8.175823,2.145566,-0.002864,-0.007624,0.003544,-0.000293,0.000000,0.000000,0.000000
8.618000,1,4.924597,0.865031,0.173881,-0.000632,0.003597,0.000730,0.000000,0.000000,0.000000
8.618000,2,7.908846,0.641889,0.000000,0.000000,-0.000000,0.000000,0.000000,0.000000,0.000000
8.618000,3,8.175755,2.145553,-0.002866,-0.007624,0.003544,-0.000293,0.000000,0.000000,0.000000
8.626000,1,4.924597,0.865031,0.173881,-0.000632,0.003597,0.000730,0.000000,0.000000,0.000000
8.626000,2,7.908846,0.641889,0.000000,0.000000,-0.000000,0.000000,0.000000,0.000000,0.000000
8.626000,3,8.175694,2.145541,-0.002869,-0.007624,0.003544,-0.000293,0.000000,0.000000,0.000000
8.634000,1,4.924597,0.865031,0.173881,-0.000632,0.003596,0.000730,0.000000,0.000000,0.000000
8.634000,2,7.908846,0.641889,0.000000,0.000000,-0.000000,0.000000,0.000000,0.000000,0.000000
8.634000,3,8.175632,2.145530,-0.002871,-0.007624,0.003542,-0.000294,0.000000,0.000000,0.000000
8.642000,1,4.924597,0.865031,0.173881,-0.000632,0.003595,0.000730,0.000000,0.000000,0.000000
8.642000,2,7.908846,0.641889,0.000000,0.000000,-0.000000,0.000000,0.000000,0.000000,0.000000
8.642000,3,8.175571,2.145519,-0.002873,-0.007623,0.003541,-0.000294,0.000000,0.000000,0.000000
8.651000,1,4.924597,0.865031,0.173881,-0.000632,0.003595,0.000730,0.000000,0.000000,0.000000
8.651000,2,7.908846,0.641889,0.000000,0.000000,-0.000000,0.000000,0.000000,0.000000,0.000000
8.651000,3,8.175503,2.145506,-0.002876,-0.007623,0.003541,-0.000294,0.000000,0.000000,0.000000
8.659000,1,4.924597,0.865031,0.173881,-0.000632,0.003595,0.000730,0.000000,0.000000,0.000000
8.659000,2,7.908846,0.641889,0.000000,0.000000,-0.000000,0.000000,0.000000,0.000000,0.000000
8.659000,3,8.175442,2.145494,-0.002878,-0.007623,0.003542,-0.000294,0.000000,0.000000,0.000000
8.668000,1,4.924597,0.865031,0.173881,-0.000632,0.003595,0.000730,0.000000,0.000000,0.000000
8.668000,2,7.908846,0.641889,0.000000,0.000000,-0.000000,0.000000,0.000000,0.000000,0.000000
8.668000,3,8.175373,2.145481,-0.002881,-0.007623,0.003542,-0.000294,0.000000,0.000000,0.000000
8.676000,1,4.924597,0.865031,0.173881,-0.000632,0.003595,0.000730,0.000000,0.000000,0.000000
8.676000,2,7.908846,0.641889,0.000000,0.000000,-0.000000,0.000000,0.000000,0.000000,0.000000
8.676000,3,8.175312,2.145470,-0.002883,-0.007624,0.003542,-0.000294,0.000000,0.000000,0.000000
8.684000,1,4.924597,0.865031,0.173881,-0.000632,0.003596,0.000730,0.000000,0.000000,0.000000
8.684000,2,7.908846,0.641889,0.000000,0.000000,-0.000000,0.000000,0.000000,0.000000,0.000000
8.684000,3,8.175251,2.145458,-0.002886,-0.007624,0.003542,-0.000294,0.000000,0.000000,0.000000
8.692000,1,4.924597,0.865031,0.173881,-0.000632,0.003596,0.000730,0.000000,0.000000,0.000000
8.692000,2,7.908846,0.641889,0.000000,0.000000,-0.000000,0.000000,0.000000,0.000000,0.000000
8.692000,3,8.175190,2.145447,-0.002888,-0.007624,0.003542,-0.000294,0.000000,0.000000,0.000000
8.701000,1,4.924597,0.865031,0.173881,-0.000632,0.003596,0.000730,0.000000,0.000000,0.000000
8.701000,2,7.908846,0.641889,0.000000,0.000000,-0.000000,0.000000,0.000000,0.000000,0.000000
8.701000,3,8.175121,2.145434,-0.002891,-0.007624,0.003542,-0.000294,0.000000,0.000000,0.000000
8.709000,1,4.924597,0.865031,0.173881,-0.000632,0.003596,0.000730,0.000000,0.000000,0.000000
8.709000,2,7.908846,0.641889,0.000000,0.000000,-0.000000,0.000000,0.000000,0.000000,0.000000
8.709000,3,8.175060,2.145423,-0.002893,-0.007624,0.003542,-0.000293,0.000000,0.000000,0.000000
8.718000,1,4.924597,0.865031,0.173881,-0.000632,0.003596,0.000730,0.000000,0.000000,0.000000
8.718000,2,7.908846,0.641889,0.000000,0.000000,-0.000000,0.000000,0.000000,0.000000,0.000000
8.718000,3,8.174992,2.145410,-0.002896,-0.007624,0.003543,-0.000293,0.000000,0.000000,0.000000
8.726000,1,4.924597,0.865031,0.173881,-0.000632,0.003596,0.000730,0.000000,0.000000,0.000000
8.726000,2,7.908846,0.641889,0.000000,0.000000,-0.000000,0.000000,0.000000,0.000000,0.000000
8.726000,3,8.174931,2.145398,-0.002898,-0.007624,0.003543,-0.000293,0.000000,0.000000,0.000000
8.735000,1,4.924597,0.865031,0.173881,-0.000632,0.003596,0.000730,0.000000,0.000000,0.000000
8.735000,2,7.908846,0.641889,0.000000,0.000000,-0.000000,0.000000,0.000000,0.000000,0.000000
8.735000,3,8.174862,2.145386,-0.002901,-0.007624,0.003543,-0.000293,0.000000,0.000000,0.000000
8.743000,1,4.924597,0.865031,0.173881,-0.000632,0.003596,0.000730,0.000000,0.000000,0.000000
8.743000,2,7.908846,0.641889,0.000000,0.000000,-0.000000,0.000000,0.000000,0.000000,0.000000
8.743000,3,8.174801,2.145374,-0.002903,-0.007624,0.003543,-0.000293,0.000000,0.000000,0.000000
8.751000,1,4.924597,0.865031,0.173881,-0.000632,0.003596,0.000730,0.000000,0.000000,0.000000
8.751000,2,7.908846,0.641889,0.000000,0.000000,-0.000000,0.000000,0.000000,0.000000,0.000000
8.751000,3,8.174740,2.145363,-0.002905,-0.007624,0.003543,-0.000293,0.000000,0.000000,0.000000
8.759000,1,4.924597,0.865031,0.173881,-0.000632,0.003596,0.000730,0.000000,0.000000,0.000000
8.759000,2,7.908846,0.641889,0.000000,0.000000,-0.000000,0.000000,0.000000,0.000000,0.000000
8.759000,3,8.174679,2.145351,-0.002908,-0.007624,0.003543,-0.000293,0.000000,0.000000,0.000000
8.768000,1,4.924597,0.865031,0.173881,-0.000632,0.003596,0.000730,0.000000,0.000000,0.000000
8.768000,2,7.908846,0.641889,0.000000,0.000000,-0.000000,0.000000,0.000000,0.000000,0.000000
8.768000,3,8.174610,2.145338,-0.002910,-0.007624,0.003544,-0.000293,0.000000,0.000000,0.000000
8.776000,1,4.924597,0.865031,0.173881,-0.000632,0.003596,0.000730,0.000000,0.000000,0.000000
8.776000,2,7.908846,0.641889,0.000000,0.000000,-0.000000,0.000000,0.000000,0.000000,0.000000
8.776000,3,8.174549,2.145327,-0.002913,-0.007624,0.003544,-0.000293,0.000000,0.000000,0.000000
8.784000,1,4.924597,0.865031,0.173881,-0.000632,0.003596,0.000730,0.000000,0.000000,0.000000
8.784000,2,7.908846,0.641889,0.000000,0.000000,-0.000000,0.000000,0.000000,0.000000,0.000000
8.784000,3,8.174488,2.145315,-0.002915,-0.007624,0.003544,-0.000293,0.000000,0.000000,0.000000
8.792000,1,4.924597,0.865031,0.173881,-0.000632,0.003596,0.000730,0.000000,0.000000,0.000000
8.792000,2,7.908846,0.641889,0.000000,0.000000,-0.000000,0.000000,0.000000,0.000000,0.000000
8.792000,3,8.174427,2.145304,-0.002917,-0.007624,0.003544,-0.000293,0.000000,0.000000,0.000000
8.801000,1,4.924597,0.865031,0.173881,-0.000632,0.003596,0.000730,0.000000,0.000000,0.000000
8.801000,2,7.908846,0.641889,0.000000,0.000000,-0.000000,0.000000,0.000000,0.000000,0.000000
8.801000,3,8.174358,2.145291,-0.002920,-0.007624,0.003544,-0.000293,0.000000,0.000000,0.000000
8.809000,1,4.924597,0.865031,0.173881,-0.000632,0.003597,0.000730,0.000000,0.000000,0.000000
8.809000,2,7.908846,0.641889,0.000000,0.000000,-0.000000,0.000000,0.000000,0.000000,0.000000
8.809000,3,8.174297,2.145280,-0.002922,-0.007624,0.003544,-0.000293,0.000000,0.000000,0.000000
8.817000,1,4.924597,0.865031,0.173881,-0.000632,0.003597,0.000730,0.000000,0.000000,0.000000
8.817000,2,7.908846,0.641889,0.000000,0.000000,-0.000000,0.000000,0.000000,0.000000,0.000000
8.817000,3,8.174236,2.145268,-0.002925,-0.007624,0.003544,-0.000293,0.000000,0.000000,0.000000
8.826000,1,4.924597,0.865031,0.173881,-0.000632,0.003597,0.000730,0.000000,0.000000,0.000000
8.826000,2,7.908846,0.641889,0.000000,0.000000,-0.000000,0.000000,0.000000,0.000000,0.000000
8.826000,3,8.174168,2.145255,-0.002927,-0.007624,0.003545,-0.000293,0.000000,0.000000,0.000000
8.834000,1,4.924597,0.865031,0.173881,-0.000632,0.003597,0.000730,0.000000,0.000000,0.000000
8.834000,2,7.908846,0.641889,0.000000,0.000000,-0.000000,0.000000,0.000000,0.000000,0.000000
8.834000,3,8.174107,2.145244,-0.002930,-0.007624,0.003545,-0.000293,0.000000,0.000000,0.000000
8.842000,1,4.924597,0.865031,0.173881,-0.000632,0.003597,0.000730,0.000000,0.000000,0.000000
8.842000,2,7.908846,0.641889,0.000000,0.000000,-0.000000,0.000000,0.000000,0.000000,0.000000
8.842000,3,8.174046,2.145232,-0.002932,-0.007624,0.003545,-0.000293,0.000000,0.000000,0.000000
8.851000,1,4.924597,0.865031,0.173881,-0.000632,0.003597,0.000730,0.000000,0.000000,0.000000
8.851000,2,7.908846,0.641889,0.000000,0.000000,-0.000000,0.000000,0.000000,0.000000,0.000000
8.851000,3,8.173977,2.145220,-0.002935,-0.007624,0.003545,-0.000293,0.000000,0.000000,0.000000
8.859000,1,4.924597,0.865031,0.173881,-0.000632,0.003597,0.000730,0.000000,0.000000,0.000000
8.859000,2,7.908846,0.641889,0.000000,0.000000,-0.000000,0.000000,0.000000,0.000000,0.000000
8.859000,3,8.173916,2.145208,-0.002937,-0.007624,0.003545,-0.000293,0.000000,0.000000,0.000000
8.867000,1,4.924597,0.865031,0.173881,-0.000632,0.003597,0.000730,0.000000,0.000000,0.000000
8.867000,2,7.908846,0.641889,0.000000,0.000000,-0.000000,0.000000,0.000000,0.000000,0.000000
8.867000,3,8.173855,2.145197,-0.002939,-0.007624,0.003545,-0.000293,0.000000,0.000000,0.000000
8.876000,1,4.924597,0.865031,0.173881,-0.000632,0.003595,0.000730,0.000000,0.000000,0.000000
8.876000,2,7.908846,0.641889,0.000000,0.000000,-0.000000,0.000000,0.000000,0.000000,0.000000
8.876000,3,8.173786,2.145184,-0.002942,-0.007624,0.003543,-0.000293,0.000000,0.000000,0.000000
8.884000,1,4.924597,0.865031,0.173881,-0.000632,0.003595,0.000730,0.000000,0.000000,0.000000
8.884000,2,7.908846,0.641889,0.000000,0.000000,-0.000000,0.000000,0.000000,0.000000,0.000000
8.884000,3,8.173725,2.145172,-0.002944,-0.007624,0.003543,-0.000293,0.000000,0.000000,0.000000
8.892000,1,4.924597,0.865031,0.173881,-0.000632,0.003595,0.000730,0.000000,0.000000,0.000000
8.892000,2,7.908846,0.641889,0.000000,0.000000,-0.000000,0.000000,0.000000,0.000000,0.000000
8.892000,3,8.173664,2.145161,-0.002947,-0.007624,0.003543,-0.000293,0.000000,0.000000,0.000000
8.901000,1,4.924597,0.865031,0.173881,-0.000632,0.003595,0.000730,0.000000,0.000000,0.000000
8.901000,2,7.908846,0.641889,0.000000,0.000000,-0.000000,0.000000,0.000000,0.000000,0.000000
8.901000,3,8.173595,2.145148,-0.002949,-0.007624,0.003543,-0.000293,0.000000,0.000000,0.000000
8.909000,1,4.924597,0.865031,0.173881,-0.000632,0.003595,0.000730,0.000000,0.000000,0.000000
8.909000,2,7.908846,0.641889,0.000000,0.000000,-0.000000,0.000000,0.000000,0.000000,0.000000
8.909000,3,8.173534,2.145137,-0.002952,-0.007624,0.003543,-0.000293,0.000000,0.000000,0.000000
8.918000,1,4.924597,0.865031,0.173881,-0.000632,0.003596,0.000730,0.000000,0.000000,0.000000
8.918000,2,7.908846,0.641889,0.000000,0.000000,-0.000000,0.000000,0.000000,0.000000,0.000000
8.918000,3,8.173466,2.145124,-0.002954,-0.007624,0.003543,-0.000293,0.000000,0.000000,0.000000
8.926000,1,4.924597,0.865031,0.173881,-0.000632,0.003596,0.000730,0.000000,0.000000,0.000000
8.926000,2,7.908846,0.641889,0.000000,0.000000,-0.000000,0.000000,0.000000,0.000000,0.000000
8.926000,3,8.173405,2.145112,-0.002957,-0.007624,0.003543,-0.000293,0.000000,0.000000,0.000000
8.934000,1,4.924597,0.865031,0.173881,-0.000632,0.003596,0.000730,0.000000,0.000000,0.000000
8.934000,2,7.908846,0.641889,0.000000,0.000000,-0.000000,0.000000,0.000000,0.000000,0.000000
8.934000,3,8.173344,2.145101,-0.002959,-0.007624,0.003543,-0.000293,0.000000,0.000000,0.000000
8.942000,1,4.924597,0.865031,0.173881,-0.000632,0.003596,0.000730,0.000000,0.000000,0.000000
8.942000,2,7.908846,0.641889,0.000000,0.000000,-0.000000,0.000000,0.000000,0.000000,0.000000
8.942000,3,8.173283,2.145089,-0.002961,-0.007624,0.003544,-0.000293,0.000000,0.000000,0.000000
8.951000,1,4.924597,0.865031,0.173881,-0.000632,0.003596,0.000730,0.000000,0.000000,0.000000
8.951000,2,7.908846,0.641889,0.000000,0.000000,-0.000000,0.000000,0.000000,0.000000,0.000000
8.951000,3,8.173214,2.145077,-0.002964,-0.007624,0.003544,-0.000293,0.000000,0.000000,0.000000
8.959000,1,4.924597,0.865031,0.173881,-0.000632,0.003596,0.000730,0.000000,0.000000,0.000000
8.959000,2,7.908846,0.641889,0.000000,0.000000,-0.000000,0.000000,0.000000,0.000000,0.000000
8.959000,3,8.173153,2.145065,-0.002966,-0.007624,0.003544,-0.000293,0.000000,0.000000,0.000000
8.967000,1,4.924597,0.865031,0.173881,-0.000632,0.003596,0.000730,0.000000,0.000000,0.000000
8.967000,2,7.908846,0.641889,0.000000,0.000000,-0.000000,0.000000,0.000000,0.000000,0.000000
8.967000,3,8.173092,2.145054,-0.002969,-0.007624,0.003544,-0.000293,0.000000,0.000000,0.000000
8.976000,1,4.924597,0.865031,0.173881,-0.000632,0.003596,0.000730,0.000000,0.000000,0.000000
8.976000,2,7.908846,0.641889,0.000000,0.000000,-0.000000,0.000000,0.000000,0.000000,0.000000
8.976000,3,8.173023,2.145041,-0.002971,-0.007624,0.003544,-0.000293,0.000000,0.000000,0.000000
8.984000,1,4.924597,0.865031,0.173881,-0.000632,0.003596,0.000730,0.000000,0.000000,0.000000
8.984000,2,7.908846,0.641889,0.000000,0.000000,-0.000000,0.000000,0.000000,0.000000,0.000000
8.984000,3,8.172962,2.145029,-0.002974,-0.007624,0.003544,-0.000293,0.000000,0.000000,0.000000
8.992000,1,4.924597,0.865031,0.173881,-0.000632,0.003596,0.000730,0.000000,0.000000,0.000000
8.992000,2,7.908846,0.641889,0.000000,0.000000,-0.000000,0.000000,0.000000,0.000000,0.000000
8.992000,3,8.172901,2.145018,-0.002976,-0.007624,0.003544,-0.000293,0.000000,0.000000,0.000000
9.001000,1,4.924597,0.865031,0.173881,-0.000632,0.003596,0.000730,0.000000,0.000000,0.000000
9.001000,2,7.908846,0.641889,0.000000,0.000000,-0.000000,0.000000,0.000000,0.000000,0.000000
9.001000,3,8.172832,2.145005,-0.002979,-0.007624,0.003544,-0.000293,0.000000,0.000000,0.000000
9.009000,1,4.924597,0.865031,0.173881,-0.000632,0.003596,0.000730,0.000000,0.000000,0.000000
9.009000,2,7.908846,0.641889,0.000000,0.000000,-0.000000,0.000000,0.000000,0.000000,0.000000
9.009000,3,8.172771,2.144994,-0.002981,-0.007624,0.003545,-0.000293,0.000000,0.000000,0.000000
9.017000,1,4.924597,0.865031,0.173881,-0.000632,0.003596,0.000730,0.000000,0.000000,0.000000
9.017000,2,7.908846,0.641889,0.000000,0.000000,-0.000000,0.000000,0.000000,0.000000,0.000000
9.017000,3,8.172710,2.144982,-0.002983,-0.007624,0.003545,-0.000293,0.000000,0.000000,0.000000
9.026000,1,4.924597,0.865031,0.173881,-0.000632,0.003596,0.000730,0.000000,0.000000,0.000000
9.026000,2,7.908846,0.641889,0.000000,0.000000,-0.000000,0.000000,0.000000,0.000000,0.000000
9.026000,3,8.172642,2.144969,-0.002986,-0.007624,0.003545,-0.000293,0.000000,0.000000,0.000000
9.034000,1,4.924597,0.865031,0.173881,-0.000632,0.003596,0.000730,0.000000,0.000000,0.000000
9.034000,2,7.908846,0.641889,0.000000,0.000000,-0.000000,0.000000,0.000000,0.000000,0.000000
9.034000,3,8.172581,2.144958,-0.002988,-0.007624,0.003545,-0.000293,0.000000,0.000000,0.000000
9.042000,1,4.924597,0.865031,0.173881,-0.000632,0.003596,0.000730,0.000000,0.000000,0.000000
9.042000,2,7.908846,0.641889,0.000000,0.000000,-0.000000,0.000000,0.000000,0.000000,0.000000
9.042000,3,8.172520,2.144946,-0.002991,-0.007624,0.003545,-0.000293,0.000000,0.000000,0.000000
9.051000,1,4.924597,0.865031,0.173881,-0.000632,0.003597,0.000730,0.000000,0.000000,0.000000
9.051000,2,7.908846,0.641889,0.000000,0.000000,-0.000000,0.000000,0.000000,0.000000,0.000000
9.051000,3,8.172451,2.144933,-0.002993,-0.007624,0.003545,-0.000293,0.000000,0.000000,0.000000
9.059000,1,4.924597,0.865031,0.173881,-0.000632,0.003597,0.000730,0.000000,0.000000,0.000000
9.059000,2,7.908846,0.641889,0.000000,0.000000,-0.000000,0.000000,0.000000,0.000000,0.000000
9.059000,3,8.172390,2.144922,-0.002996,-0.007624,0.003546,-0.000293,0.000000,0.000000,0.000000
9.067000,1,4.924597,0.865031,0.173881,-0.000632,0.003597,0.000730,0.000000,0.000000,0.000000
9.067000,2,7.908846,0.641889,0.000000,0.000000,-0.000000,0.000000,0.000000,0.000000,0.000000
9.067000,3,8.172329,2.144911,-0.002998,-0.007624,0.003546,-0.000293,0.000000,0.000000,0.000000
9.076000,1,4.924597,0.865031,0.173881,-0.000632,0.003597,0.000730,0.000000,0.000000,0.000000
9.076000,2,7.908846,0.641889,0.000000,0.000000,-0.000000,0.000000,0.000000,0.000000,0.000000
9.076000,3,8.172260,2.144898,-0.003000,-0.007625,0.003546,-0.000293,0.000000,0.000000,0.000000
9.084000,1,4.924597,0.865031,0.173881,-0.000632,0.003597,0.000730,0.000000,0.000000,0.000000
9.084000,2,7.908846,0.641889,0.000000,0.000000,-0.000000,0.000000,0.000000,0.000000,0.000000
9.084000,3,8.172199,2.144886,-0.003003,-0.007625,0.003546,-0.000293,0.000000,0.000000,0.000000
9.092000,1,4.924597,0.865031,0.173881,-0.000632,0.003597,0.000730,0.000000,0.000000,0.000000
9.092000,2,7.908846,0.641889,0.000000,0.000000,-0.000000,0.000000,0.000000,0.000000,0.000000
9.092000,3,8.172138,2.144875,-0.003005,-0.007625,0.003546,-0.000293,0.000000,0.000000,0.000000
9.101000,1,4.924597,0.865031,0.173881,-0.000632,0.003597,0.000730,0.000000,0.000000,0.000000
9.101000,2,7.908846,0.641889,0.000000,0.000000,-0.000000,0.000000,0.000000,0.000000,0.000000
9.101000,3,8.172070,2.144862,-0.003008,-0.007625,0.003546,-0.000293,0.000000,0.000000,0.000000
9.109000,1,4.924597,0.865031,0.173881,-0.000632,0.003597,0.000730,0.000000,0.000000,0.000000
9.109000,2,7.908846,0.641889,0.000000,0.000000,-0.000000,0.000000,0.000000,0.000000,0.000000
9.109000,3,8.172009,2.144850,-0.003010,-0.007625,0.003546,-0.000293,0.000000,0.000000,0.000000
9.117000,1,4.924597,0.865032,0.173881,-0.000632,0.003596,0.000730,0.000000,0.000000,0.000000
9.117000,2,7.908846,0.641889,0.000000,0.000000,-0.000000,0.000000,0.000000,0.000000,0.000000
9.117000,3,8.171947,2.144839,-0.003012,-0.007624,0.003544,-0.000293,0.000000,0.000000,0.000000
9.126000,1,4.924597,0.865032,0.173881,-0.000632,0.003595,0.000730,0.000000,0.000000,0.000000
9.126000,2,7.908846,0.641889,0.000000,0.000000,-0.000000,0.000000,0.000000,0.000000,0.000000
9.126000,3,8.171879,2.144826,-0.003015,-0.007624,0.003544,-0.000293,0.000000,0.000000,0.000000
9.134000,1,4.924597,0.865032,0.173881,-0.000632,0.003595,0.000730,0.000000,0.000000,0.000000
9.134000,2,7.908846,0.641889,0.000000,0.000000,-0.000000,0.000000,0.000000,0.000000,0.000000
9.134000,3,8.171818,2.144815,-0.003017,-0.007624,0.003544,-0.000293,0.000000,0.000000,0.000000
9.143000,1,4.924597,0.865032,0.173881,-0.000632,0.003595,0.000730,0.000000,0.000000,0.000000
9.143000,2,7.908846,0.641889,0.000000,0.000000,-0.000000,0.000000,0.000000,0.000000,0.000000
9.143000,3,8.171749,2.144802,-0.003020,-0.007624,0.003544,-0.000293,0.000000,0.000000,0.000000
9.151000,1,4.924597,0.865032,0.173881,-0.000632,0.003595,0.000730,0.000000,0.000000,0.000000
9.151000,2,7.908846,0.641889,0.000000,0.000000,-0.000000,0.000000,0.000000,0.000000,0.000000
9.151000,3,8.171688,2.144790,-0.003022,-0.007624,0.003544,-0.000293,0.000000,0.000000,0.000000
9.159000,1,4.924597,0.865032,0.173881,-0.000632,0.003595,0.000730,0.000000,0.000000,0.000000
9.159000,2,7.908846,0.641889,0.000000,0.000000,-0.000000,0.000000,0.000000,0.000000,0.000000
9.159000,3,8.171627,2.144779,-0.003025,-0.007624,0.003544,-0.000293,0.000000,0.000000,0.000000
9.167000,1,4.924597,0.865032,0.173881,-0.000632,0.003596,0.000730,0.000000,0.000000,0.000000
9.167000,2,7.908846,0.641889,0.000000,0.000000,-0.000000,0.000000,0.000000,0.000000,0.000000
9.167000,3,8.171566,2.144768,-0.003027,-0.007624,0.003544,-0.000293,0.000000,0.000000,0.000000
9.176000,1,4.924597,0.865032,0.173881,-0.000632,0.003596,0.000730,0.000000,0.000000,0.000000
9.176000,2,7.908846,0.641889,0.000000,0.000000,-0.000000,0.000000,0.000000,0.000000,0.000000
9.176000,3,8.171497,2.144755,-0.003030,-0.007624,0.003545,-0.000293,0.000000,0.000000,0.000000
9.184000,1,4.924597,0.865032,0.173881,-0.000632,0.003596,0.000730,0.000000,0.000000,0.000000
9.184000,2,7.908846,0.641889,0.000000,0.000000,-0.000000,0.000000,0.000000,0.000000,0.000000
9.184000,3,8.171436,2.144743,-0.003032,-0.007624,0.003545,-0.000293,0.000000,0.000000,0.000000
9.192000,1,4.924597,0.865032,0.173881,-0.000632,0.003596,0.000730,0.000000,0.000000,0.000000
9.192000,2,7.908846,0.641889,0.000000,0.000000,-0.000000,0.000000,0.000000,0.000000,0.000000
9.192000,3,8.171375,2.144732,-0.003034,-0.007624,0.003545,-0.000293,0.000000,0.000000,0.000000
9.201000,1,4.924597,0.865032,0.173881,-0.000632,0.003596,0.000730,0.000000,0.000000,0.000000
9.201000,2,7.908846,0.641889,0.000000,0.000000,-0.000000,0.000000,0.000000,0.000000,0.000000
9.201000,3,8.171307,2.144719,-0.003037,-0.007624,0.003545,-0.000293,0.000000,0.000000,0.000000
9.209000,1,4.924597,0.865032,0.173881,-0.000632,0.003596,0.000730,0.000000,0.000000,0.000000
9.209000,2,7.908846,0.641889,0.000000,0.000000,-0.000000,0.000000,0.000000,0.000000,0.000000
9.209000,3,8.171246,2.144707,-0.003039,-0.007624,0.003545,-0.000293,0.000000,0.000000,0.000000
9.218000,1,4.924597,0.865032,0.173881,-0.000632,0.003596,0.000730,0.000000,0.000000,0.000000
9.218000,2,7.908846,0.641889,0.000000,0.000000,-0.000000,0.000000,0.000000,0.000000,0.000000
9.218000,3,8.171177,2.144695,-0.003042,-0.007624,0.003545,-0.000293,0.000000,0.000000,0.000000
9.226000,1,4.924597,0.865032,0.173881,-0.000632,0.003596,0.000730,0.000000,0.000000,0.000000
9.226000,2,7.908846,0.641889,0.000000,0.000000,-0.000000,0.000000,0.000000,0.000000,0.000000
9.226000,3,8.171116,2.144683,-0.003044,-0.007624,0.003545,-0.000293,0.000000,0.000000,0.000000
9.234000,1,4.924597,0.865032,0.173881,-0.000632,0.003596,0.000730,0.000000,0.000000,0.000000
9.234000,2,7.908846,0.641889,0.000000,0.000000,-0.000000,0.000000,0.000000,0.000000,0.000000
9.234000,3,8.171055,2.144672,-0.003047,-0.007624,0.003546,-0.000293,0.000000,0.000000,0.000000
9.243000,1,4.924597,0.865032,0.173881,-0.000632,0.003596,0.000730,0.000000,0.000000,0.000000
9.243000,2,7.908846,0.641889,0.000000,0.000000,-0.000000,0.000000,0.000000,0.000000,0.000000
9.243000,3,8.170986,2.144659,-0.003049,-0.007624,0.003546,-0.000293,0.000000,0.000000,0.000000
9.251000,1,4.924597,0.865032,0.173881,-0.000632,0.003596,0.000730,0.000000,0.000000,0.000000
9.251000,2,7.908846,0.641889,0.000000,0.000000,-0.000000,0.000000,0.000000,0.000000,0.000000
9.251000,3,8.170925,2.144647,-0.003052,-0.007625,0.003546,-0.000293,0.000000,0.000000,0.000000
9.259000,1,4.924597,0.865032,0.173881,-0.000632,0.003596,0.000730,0.000000,0.000000,0.000000
9.259000,2,7.908846,0.641889,0.000000,0.000000,-0.000000,0.000000,0.000000,0.000000,0.000000
9.259000,3,8.170864,2.144636,-0.003054,-0.007625,0.003546,-0.000293,0.000000,0.000000,0.000000
9.267000,1,4.924597,0.865032,0.173881,-0.000632,0.003596,0.000730,0.000000,0.000000,0.000000
9.267000,2,7.908846,0.641889,0.000000,0.000000,-0.000000,0.000000,0.000000,0.000000,0.000000
9.267000,3,8.170803,2.144624,-0.003056,-0.007625,0.003546,-0.000292,0.000000,0.000000,0.000000
9.276000,1,4.924597,0.865032,0.173881,-0.000632,0.003596,0.000730,0.000000,0.000000,0.000000
9.276000,2,7.908846,0.641889,0.000000,0.000000,-0.000000,0.000000,0.000000,0.000000,0.000000
9.276000,3,8.170734,2.144612,-0.003059,-0.007625,0.003546,-0.000292,0.000000,0.000000,0.000000
9.284000,1,4.924597,0.865032,0.173881,-0.000632,0.003596,0.000730,0.000000,0.000000,0.000000
9.284000,2,7.908846,0.641889,0.000000,0.000000,-0.000000,0.000000,0.000000,0.000000,0.000000
9.284000,3,8.170673,2.144600,-0.003061,-0.007625,0.003546,-0.000292,0.000000,0.000000,0.000000
9.293000,1,4.924597,0.865032,0.173881,-0.000632,0.003597,0.000730,0.000000,0.000000,0.000000
9.293000,2,7.908846,0.641889,0.000000,0.000000,-0.000000,0.000000,0.000000,0.000000,0.000000
9.293000,3,8.170605,2.144587,-0.003064,-0.007625,0.003547,-0.000292,0.000000,0.000000,0.000000
9.301000,1,4.924597,0.865032,0.173881,-0.000632,0.003597,0.000730,0.000000,0.000000,0.000000
9.301000,2,7.908846,0.641889,0.000000,0.000000,-0.000000,0.000000,0.000000,0.000000,0.000000
9.301000,3,8.170544,2.144576,-0.003066,-0.007625,0.003547,-0.000292,0.000000,0.000000,0.000000
9.310000,1,4.924597,0.865032,0.173881,-0.000632,0.003597,0.000730,0.000000,0.000000,0.000000
9.310000,2,7.908846,0.641889,0.000000,0.000000,-0.000000,0.000000,0.000000,0.000000,0.000000
9.310000,3,8.170475,2.144563,-0.003069,-0.007625,0.003547,-0.000292,0.000000,0.000000,0.000000
9.317000,1,4.924597,0.865032,0.173881,-0.000632,0.003597,0.000730,0.000000,0.000000,0.000000
9.317000,2,7.908846,0.641889,0.000000,0.000000,-0.000000,0.000000,0.000000,0.000000,0.000000
9.317000,3,8.170422,2.144553,-0.003071,-0.007625,0.003547,-0.000292,0.000000,0.000000,0.000000
9.326000,1,4.924597,0.865032,0.173881,-0.000632,0.003597,0.000730,0.000000,0.000000,0.000000
9.326000,2,7.908846,0.641889,0.000000,0.000000,-0.000000,0.000000,0.000000,0.000000,0.000000
9.326000,3,8.170353,2.144540,-0.003074,-0.007625,0.003547,-0.000292,0.000000,0.000000,0.000000
9.334000,1,4.924597,0.865032,0.173881,-0.000632,0.003597,0.000730,0.000000,0.000000,0.000000
9.334000,2,7.908846,0.641889,0.000000,0.000000,-0.000000,0.000000,0.000000,0.000000,0.000000
9.334000,3,8.170292,2.144529,-0.003076,-0.007625,0.003547,-0.000292,0.000000,0.000000,0.000000
9.343000,1,4.924597,0.865032,0.173881,-0.000632,0.003597,0.000730,0.000000,0.000000,0.000000
9.343000,2,7.908846,0.641889,0.000000,0.000000,-0.000000,0.000000,0.000000,0.000000,0.000000
9.343000,3,8.170223,2.144516,-0.003079,-0.007625,0.003547,-0.000292,0.000000,0.000000,0.000000
9.351000,1,4.924597,0.865032,0.173881,-0.000632,0.003597,0.000730,0.000000,0.000000,0.000000
9.351000,2,7.908846,0.641889,0.000000,0.000000,-0.000000,0.000000,0.000000,0.000000,0.000000
9.351000,3,8.170162,2.144504,-0.003081,-0.007625,0.003547,-0.000292,0.000000,0.000000,0.000000
9.359000,1,4.924597,0.865032,0.173881,-0.000632,0.003595,0.000730,0.000000,0.000000,0.000000
9.359000,2,7.908846,0.641889,0.000000,0.000000,-0.000000,0.000000,0.000000,0.000000,0.000000
9.359000,3,8.170101,2.144493,-0.003083,-0.007624,0.003545,-0.000293,0.000000,0.000000,0.000000
9.367000,1,4.924597,0.865032,0.173881,-0.000632,0.003595,0.000730,0.000000,0.000000,0.000000
9.367000,2,7.908846,0.641889,0.000000,0.000000,-0.000000,0.000000,0.000000,0.000000,0.000000
9.367000,3,8.170040,2.144481,-0.003086,-0.007624,0.003545,-0.000293,0.000000,0.000000,0.000000
9.376000,1,4.924597,0.865032,0.173881,-0.000632,0.003595,0.000730,0.000000,0.000000,0.000000
9.376000,2,7.908846,0.641889,0.000000,0.000000,-0.000000,0.000000,0.000000,0.000000,0.000000
9.376000,3,8.169971,2.144469,-0.003088,-0.007624,0.003545,-0.000293,0.000000,0.000000,0.000000
9.384000,1,4.924597,0.865032,0.173881,-0.000632,0.003595,0.000730,0.000000,0.000000,0.000000
9.384000,2,7.908846,0.641889,0.000000,0.000000,-0.000000,0.000000,0.000000,0.000000,0.000000
9.384000,3,8.169910,2.144457,-0.003091,-0.007624,0.003545,-0.000293,0.000000,0.000000,0.000000
9.393000,1,4.924597,0.865032,0.173881,-0.000632,0.003595,0.000730,0.000000,0.000000,0.000000
9.393000,2,7.908846,0.641889,0.000000,0.000000,-0.000000,0.000000,0.000000,0.000000,0.000000
9.393000,3,8.169842,2.144444,-0.003093,-0.007624,0.003545,-0.000292,0.000000,0.000000,0.000000
9.401000,1,4.924597,0.865032,0.173881,-0.000632,0.003595,0.000730,0.000000,0.000000,0.000000
9.401000,2,7.908846,0.641889,0.000000,0.000000,-0.000000,0.000000,0.000000,0.000000,0.000000
9.401000,3,8.169781,2.144433,-0.003096,-0.007624,0.003545,-0.000292,0.000000,0.000000,0.000000
9.409000,1,4.924597,0.865032,0.173881,-0.000632,0.003596,0.000730,0.000000,0.000000,0.000000
9.409000,2,7.908846,0.641889,0.000000,0.000000,-0.000000,0.000000,0.000000,0.000000,0.000000
9.409000,3,8.169720,2.144421,-0.003098,-0.007624,0.003545,-0.000292,0.000000,0.000000,0.000000
9.418000,1,4.924597,0.865032,0.173881,-0.000632,0.003596,0.000730,0.000000,0.000000,0.000000
9.418000,2,7.908846,0.641889,0.000000,0.000000,-0.000000,0.000000,0.000000,0.000000,0.000000
9.418000,3,8.169651,2.144408,-0.003101,-0.007624,0.003546,-0.000292,0.000000,0.000000,0.000000
9.426000,1,4.924597,0.865032,0.173881,-0.000632,0.003596,0.000730,0.000000,0.000000,0.000000
9.426000,2,7.908846,0.641889,0.000000,0.000000,-0.000000,0.000000,0.000000,0.000000,0.000000
9.426000,3,8.169590,2.144397,-0.003103,-0.007625,0.003546,-0.000292,0.000000,0.000000,0.000000
9.434000,1,4.924597,0.865032,0.173881,-0.000632,0.003596,0.000730,0.000000,0.000000,0.000000
9.434000,2,7.908846,0.641889,0.000000,0.000000,-0.000000,0.000000,0.000000,0.000000,0.000000
9.434000,3,8.169529,2.144386,-0.003105,-0.007625,0.003546,-0.000292,0.000000,0.000000,0.000000
9.443000,1,4.924597,0.865032,0.173881,-0.000632,0.003596,0.000730,0.000000,0.000000,0.000000
9.443000,2,7.908846,0.641889,0.000000,0.000000,-0.000000,0.000000,0.000000,0.000000,0.000000
9.443000,3,8.169460,2.144373,-0.003108,-0.007625,0.003546,-0.000292,0.000000,0.000000,0.000000
9.451000,1,4.924597,0.865032,0.173881,-0.000632,0.003596,0.000730,0.000000,0.000000,0.000000
9.451000,2,7.908846,0.641889,0.000000,0.000000,-0.000000,0.000000,0.000000,0.000000,0.000000
9.451000,3,8.169399,2.144361,-0.003110,-0.007625,0.003546,-0.000292,0.000000,0.000000,0.000000
9.459000,1,4.924597,0.865032,0.173881,-0.000632,0.003596,0.000730,0.000000,0.000000,0.000000
9.459000,2,7.908846,0.641889,0.000000,0.000000,-0.000000,0.000000,0.000000,0.000000,0.000000
9.459000,3,8.169338,2.144350,-0.003113,-0.007625,0.003546,-0.000292,0.000000,0.000000,0.000000
9.468000,1,4.924597,0.865032,0.173881,-0.000632,0.003596,0.000730,0.000000,0.000000,0.000000
9.468000,2,7.908846,0.641889,0.000000,0.000000,-0.000000,0.000000,0.000000,0.000000,0.000000
9.468000,3,8.169270,2.144337,-0.003115,-0.007625,0.003547,-0.000292,0.000000,0.000000,0.000000
9.476000,1,4.924597,0.865032,0.173881,-0.000632,0.003596,0.000730,0.000000,0.000000,0.000000
9.476000,2,7.908846,0.641889,0.000000,0.000000,-0.000000,0.000000,0.000000,0.000000,0.000000
9.476000,3,8.169209,2.144325,-0.003117,-0.007625,0.003547,-0.000292,0.000000,0.000000,0.000000
9.484000,1,4.924597,0.865032,0.173881,-0.000632,0.003596,0.000730,0.000000,0.000000,0.000000
9.484000,2,7.908846,0.641889,0.000000,0.000000,-0.000000,0.000000,0.000000,0.000000,0.000000
9.484000,3,8.169147,2.144314,-0.003120,-0.007625,0.003547,-0.000292,0.000000,0.000000,0.000000
9.493000,1,4.924597,0.865032,0.173881,-0.000632,0.003596,0.000730,0.000000,0.000000,0.000000
9.493000,2,7.908846,0.641889,0.000000,0.000000,-0.000000,0.000000,0.000000,0.000000,0.000000
9.493000,3,8.169079,2.144301,-0.003122,-0.007625,0.003547,-0.000292,0.000000,0.000000,0.000000
9.501000,1,4.924597,0.865032,0.173881,-0.000632,0.003596,0.000730,0.000000,0.000000,0.000000
9.501000,2,7.908846,0.641889,0.000000,0.000000,-0.000000,0.000000,0.000000,0.000000,0.000000
9.501000,3,8.169018,2.144290,-0.003125,-0.007625,0.003547,-0.000292,0.000000,0.000000,0.000000
9.509000,1,4.924597,0.865032,0.173881,-0.000632,0.003596,0.000730,0.000000,0.000000,0.000000
9.509000,2,7.908846,0.641889,0.000000,0.000000,-0.000000,0.000000,0.000000,0.000000,0.000000
9.509000,3,8.168957,2.144278,-0.003127,-0.007625,0.003547,-0.000292,0.000000,0.000000,0.000000
9.518000,1,4.924597,0.865032,0.173881,-0.000632,0.003596,0.000730,0.000000,0.000000,0.000000
9.518000,2,7.908846,0.641889,0.000000,0.000000,-0.000000,0.000000,0.000000,0.000000,0.000000
9.518000,3,8.168888,2.144265,-0.003130,-0.007625,0.003547,-0.000292,0.000000,0.000000,0.000000
9.526000,1,4.924597,0.865032,0.173881,-0.000632,0.003596,0.000730,0.000000,0.000000,0.000000
9.526000,2,7.908846,0.641889,0.000000,0.000000,-0.000000,0.000000,0.000000,0.000000,0.000000
9.526000,3,8.168827,2.144254,-0.003132,-0.007625,0.003548,-0.000292,0.000000,0.000000,0.000000
9.535000,1,4.924597,0.865032,0.173881,-0.000632,0.003597,0.000730,0.000000,0.000000,0.000000
9.535000,2,7.908846,0.641889,0.000000,0.000000,-0.000000,0.000000,0.000000,0.000000,0.000000
9.535000,3,8.168758,2.144241,-0.003135,-0.007625,0.003548,-0.000292,0.000000,0.000000,0.000000
9.543000,1,4.924597,0.865032,0.173881,-0.000632,0.003597,0.000730,0.000000,0.000000,0.000000
9.543000,2,7.908846,0.641889,0.000000,0.000000,-0.000000,0.000000,0.000000,0.000000,0.000000
9.543000,3,8.168697,2.144230,-0.003137,-0.007625,0.003548,-0.000292,0.000000,0.000000,0.000000
9.551000,1,4.924597,0.865032,0.173881,-0.000632,0.003597,0.000730,0.000000,0.000000,0.000000
9.551000,2,7.908846,0.641889,0.000000,0.000000,-0.000000,0.000000,0.000000,0.000000,0.000000
9.551000,3,8.168636,2.144218,-0.003139,-0.007625,0.003548,-0.000292,0.000000,0.000000,0.000000
9.559000,1,4.924597,0.865032,0.173881,-0.000632,0.003597,0.000730,0.000000,0.000000,0.000000
9.559000,2,7.908846,0.641889,0.000000,0.000000,-0.000000,0.000000,0.000000,0.000000,0.000000
9.559000,3,8.168575,2.144207,-0.003142,-0.007625,0.003548,-0.000292,0.000000,0.000000,0.000000
9.567000,1,4.924597,0.865032,0.173881,-0.000632,0.003597,0.000730,0.000000,0.000000,0.000000
9.567000,2,7.908846,0.641889,0.000000,0.000000,-0.000000,0.000000,0.000000,0.000000,0.000000
9.567000,3,8.168514,2.144195,-0.003144,-0.007625,0.003548,-0.000292,0.000000,0.000000,0.000000
9.576000,1,4.924597,0.865032,0.173881,-0.000632,0.003597,0.000730,0.000000,0.000000,0.000000
9.576000,2,7.908846,0.641889,0.000000,0.000000,-0.000000,0.000000,0.000000,0.000000,0.000000
9.576000,3,8.168446,2.144182,-0.003147,-0.007625,0.003548,-0.000292,0.000000,0.000000,0.000000
9.584000,1,4.924597,0.865032,0.173881,-0.000632,0.003597,0.000730,0.000000,0.000000,0.000000
9.584000,2,7.908846,0.641889,0.000000,0.000000,-0.000000,0.000000,0.000000,0.000000,0.000000
9.584000,3,8.168385,2.144171,-0.003149,-0.007625,0.003549,-0.000292,0.000000,0.000000,0.000000
9.593000,1,4.924597,0.865032,0.173881,-0.000632,0.003597,0.000730,0.000000,0.000000,0.000000
9.593000,2,7.908846,0.641889,0.000000,0.000000,-0.000000,0.000000,0.000000,0.000000,0.000000
9.593000,3,8.168316,2.144158,-0.003152,-0.007625,0.003549,-0.000292,0.000000,0.000000,0.000000
9.602000,1,4.924597,0.865032,0.173881,-0.000632,0.003596,0.000730,0.000000,0.000000,0.000000
9.602000,2,7.908846,0.641889,0.000000,0.000000,-0.000000,0.000000,0.000000,0.000000,0.000000
9.602000,3,8.168247,2.144145,-0.003154,-0.007625,0.003546,-0.000292,0.000000,0.000000,0.000000
9.610000,1,4.924597,0.865032,0.173881,-0.000632,0.003595,0.000730,0.000000,0.000000,0.000000
9.610000,2,7.908846,0.641889,0.000000,0.000000,-0.000000,0.000000,0.000000,0.000000,0.000000
9.610000,3,8.168186,2.144134,-0.003157,-0.007625,0.003546,-0.000292,0.000000,0.000000,0.000000
9.618000,1,4.924597,0.865032,0.173881,-0.000632,0.003595,0.000730,0.000000,0.000000,0.000000
9.618000,2,7.908846,0.641889,0.000000,0.000000,-0.000000,0.000000,0.000000,0.000000,0.000000
9.618000,3,8.168125,2.144122,-0.003159,-0.007625,0.003546,-0.000292,0.000000,0.000000,0.000000
9.626000,1,4.924597,0.865032,0.173881,-0.000632,0.003595,0.000730,0.000000,0.000000,0.000000
9.626000,2,7.908846,0.641889,0.000000,0.000000,-0.000000,0.000000,0.000000,0.000000,0.000000
9.626000,3,8.168064,2.144111,-0.003161,-0.007625,0.003546,-0.000292,0.000000,0.000000,0.000000
9.635000,1,4.924597,0.865032,0.173881,-0.000632,0.003595,0.000730,0.000000,0.000000,0.000000
9.635000,2,7.908846,0.641889,0.000000,0.000000,-0.000000,0.000000,0.000000,0.000000,0.000000
9.635000,3,8.167995,2.144098,-0.003164,-0.007625,0.003546,-0.000292,0.000000,0.000000,0.000000
9.643000,1,4.924597,0.865032,0.173881,-0.000632,0.003597,0.000730,0.000000,0.000000,0.000000
9.643000,2,7.908846,0.641889,0.000000,0.000000,-0.000000,0.000000,0.000000,0.000000,0.000000
9.643000,3,8.167934,2.144087,-0.003166,-0.007625,0.003549,-0.000292,0.000000,0.000000,0.000000
9.652000,1,4.924597,0.865032,0.173881,-0.000632,0.003596,0.000730,0.000000,0.000000,0.000000
9.652000,2,7.908846,0.641889,0.000000,0.000000,-0.000000,0.000000,0.000000,0.000000,0.000000
9.652000,3,8.167866,2.144074,-0.003169,-0.007625,0.003547,-0.000292,0.000000,0.000000,0.000000
9.659000,1,4.924597,0.865032,0.173881,-0.000632,0.003596,0.000730,0.000000,0.000000,0.000000
9.659000,2,7.908846,0.641889,0.000000,0.000000,-0.000000,0.000000,0.000000,0.000000,0.000000
9.659000,3,8.167812,2.144064,-0.003171,-0.007625,0.003547,-0.000292,0.000000,0.000000,0.000000
9.668000,1,4.924597,0.865032,0.173881,-0.000632,0.003596,0.000730,0.000000,0.000000,0.000000
9.668000,2,7.908846,0.641889,0.000000,0.000000,-0.000000,0.000000,0.000000,0.000000,0.000000
9.668000,3,8.167744,2.144051,-0.003174,-0.007625,0.003547,-0.000292,0.000000,0.000000,0.000000
9.676000,1,4.924597,0.865032,0.173881,-0.000632,0.003596,0.000730,0.000000,0.000000,0.000000
9.676000,2,7.908846,0.641889,0.000000,0.000000,-0.000000,0.000000,0.000000,0.000000,0.000000
9.676000,3,8.167683,2.144039,-0.003176,-0.007625,0.003547,-0.000292,0.000000,0.000000,0.000000
9.686000,1,4.924597,0.865032,0.173881,-0.000632,0.003596,0.000730,0.000000,0.000000,0.000000
9.686000,2,7.908846,0.641889,0.000000,0.000000,-0.000000,0.000000,0.000000,0.000000,0.000000
9.686000,3,8.167606,2.144025,-0.003179,-0.007625,0.003547,-0.000292,0.000000,0.000000,0.000000
9.693000,1,4.924597,0.865032,0.173881,-0.000632,0.003596,0.000730,0.000000,0.000000,0.000000
9.693000,2,7.908846,0.641889,0.000000,0.000000,-0.000000,0.000000,0.000000,0.000000,0.000000
9.693000,3,8.167553,2.144015,-0.003181,-0.007625,0.003547,-0.000292,0.000000,0.000000,0.000000
9.702000,1,4.924597,0.865032,0.173881,-0.000632,0.003596,0.000730,0.000000,0.000000,0.000000
9.702000,2,7.908846,0.641889,0.000000,0.000000,-0.000000,0.000000,0.000000,0.000000,0.000000
9.702000,3,8.167484,2.144002,-0.003183,-0.007625,0.003548,-0.000292,0.000000,0.000000,0.000000
9.710000,1,4.924597,0.865032,0.173881,-0.000632,0.003596,0.000730,0.000000,0.000000,0.000000
9.710000,2,7.908846,0.641889,0.000000,0.000000,-0.000000,0.000000,0.000000,0.000000,0.000000
9.710000,3,8.167423,2.143991,-0.003186,-0.007625,0.003548,-0.000292,0.000000,0.000000,0.000000
9.718000,1,4.924597,0.865032,0.173881,-0.000632,0.003596,0.000730,0.000000,0.000000,0.000000
9.718000,2,7.908846,0.641889,0.000000,0.000000,-0.000000,0.000000,0.000000,0.000000,0.000000
9.718000,3,8.167362,2.143979,-0.003188,-0.007625,0.003548,-0.000292,0.000000,0.000000,0.000000
9.726000,1,4.924597,0.865032,0.173881,-0.000632,0.003596,0.000730,0.000000,0.000000,0.000000
9.726000,2,7.908846,0.641889,0.000000,0.000000,-0.000000,0.000000,0.000000,0.000000,0.000000
9.726000,3,8.167301,2.143968,-0.003190,-0.007625,0.003548,-0.000292,0.000000,0.000000,0.000000
9.735000,1,4.924597,0.865032,0.173881,-0.000632,0.003596,0.000730,0.000000,0.000000,0.000000
9.735000,2,7.908846,0.641889,0.000000,0.000000,-0.000000,0.000000,0.000000,0.000000,0.000000
9.735000,3,8.167233,2.143955,-0.003193,-0.007625,0.003548,-0.000292,0.000000,0.000000,0.000000
9.742000,1,4.924597,0.865032,0.173881,-0.000632,0.003596,0.000730,0.000000,0.000000,0.000000
9.742000,2,7.908846,0.641889,0.000000,0.000000,-0.000000,0.000000,0.000000,0.000000,0.000000
9.742000,3,8.167179,2.143945,-0.003195,-0.007625,0.003548,-0.000292,0.000000,0.000000,0.000000
9.752000,1,4.924597,0.865032,0.173881,-0.000632,0.003596,0.000730,0.000000,0.000000,0.000000
9.752000,2,7.908846,0.641889,0.000000,0.000000,-0.000000,0.000000,0.000000,0.000000,0.000000
9.752000,3,8.167103,2.143931,-0.003198,-0.007625,0.003549,-0.000292,0.000000,0.000000,0.000000
9.760000,1,4.924597,0.865032,0.173881,-0.000632,0.003597,0.000730,0.000000,0.000000,0.000000
9.760000,2,7.908846,0.641889,0.000000,0.000000,-0.000000,0.000000,0.000000,0.000000,0.000000
9.760000,3,8.167042,2.143919,-0.003200,-0.007625,0.003549,-0.000292,0.000000,0.000000,0.000000
9.768000,1,4.924597,0.865032,0.173881,-0.000632,0.003597,0.000730,0.000000,0.000000,0.000000
9.768000,2,7.908846,0.641889,0.000000,0.000000,-0.000000,0.000000,0.000000,0.000000,0.000000
9.768000,3,8.166981,2.143908,-0.003203,-0.007625,0.003549,-0.000292,0.000000,0.000000,0.000000
9.776000,1,4.924597,0.865032,0.173881,-0.000632,0.003597,0.000730,0.000000,0.000000,0.000000
9.776000,2,7.908846,0.641889,0.000000,0.000000,-0.000000,0.000000,0.000000,0.000000,0.000000
9.776000,3,8.166920,2.143896,-0.003205,-0.007625,0.003549,-0.000292,0.000000,0.000000,0.000000
9.784000,1,4.924597,0.865032,0.173881,-0.000632,0.003597,0.000730,0.000000,0.000000,0.000000
9.784000,2,7.908846,0.641889,0.000000,0.000000,-0.000000,0.000000,0.000000,0.000000,0.000000
9.784000,3,8.166859,2.143885,-0.003207,-0.007625,0.003549,-0.000292,0.000000,0.000000,0.000000
9.792000,1,4.924597,0.865032,0.173881,-0.000632,0.003597,0.000730,0.000000,0.000000,0.000000
9.792000,2,7.908846,0.641889,0.000000,0.000000,-0.000000,0.000000,0.000000,0.000000,0.000000
9.792000,3,8.166798,2.143873,-0.003210,-0.007625,0.003549,-0.000292,0.000000,0.000000,0.000000
9.801000,1,4.924597,0.865032,0.173881,-0.000632,0.003597,0.000730,0.000000,0.000000,0.000000
9.801000,2,7.908846,0.641889,0.000000,0.000000,-0.000000,0.000000,0.000000,0.000000,0.000000
9.801000,3,8.166729,2.143861,-0.003212,-0.007625,0.003549,-0.000292,0.000000,0.000000,0.000000
9.809000,1,4.924597,0.865032,0.173881,-0.000632,0.003597,0.000730,0.000000,0.000000,0.000000
9.809000,2,7.908846,0.641889,0.000000,0.000000,-0.000000,0.000000,0.000000,0.000000,0.000000
9.809000,3,8.166668,2.143849,-0.003215,-0.007625,0.003549,-0.000292,0.000000,0.000000,0.000000
9.817000,1,4.924597,0.865032,0.173881,-0.000632,0.003597,0.000730,0.000000,0.000000,0.000000
9.817000,2,7.908846,0.641889,0.000000,0.000000,-0.000000,0.000000,0.000000,0.000000,0.000000
9.817000,3,8.166607,2.143838,-0.003217,-0.007626,0.003550,-0.000292,0.000000,0.000000,0.000000
9.826000,1,4.924597,0.865032,0.173881,-0.000632,0.003597,0.000730,0.000000,0.000000,0.000000
9.826000,2,7.908846,0.641889,0.000000,0.000000,-0.000000,0.000000,0.000000,0.000000,0.000000
9.826000,3,8.166538,2.143825,-0.003220,-0.007626,0.003550,-0.000291,0.000000,0.000000,0.000000
9.834000,1,4.924597,0.865032,0.173881,-0.000632,0.003597,0.000730,0.000000,0.000000,0.000000
9.834000,2,7.908846,0.641889,0.000000,0.000000,-0.000000,0.000000,0.000000,0.000000,0.000000
9.834000,3,8.166477,2.143813,-0.003222,-0.007625,0.003549,-0.000291,0.000000,0.000000,0.000000
9.842000,1,4.924597,0.865032,0.173881,-0.000632,0.003595,0.000730,0.000000,0.000000,0.000000
9.842000,2,7.908846,0.641889,0.000000,0.000000,-0.000000,0.000000,0.000000,0.000000,0.000000
9.842000,3,8.166416,2.143802,-0.003224,-0.007625,0.003547,-0.000292,0.000000,0.000000,0.000000
9.851000,1,4.924597,0.865032,0.173881,-0.000632,0.003595,0.000730,0.000000,0.000000,0.000000
9.851000,2,7.908846,0.641889,0.000000,0.000000,-0.000000,0.000000,0.000000,0.000000,0.000000
9.851000,3,8.166348,2.143789,-0.003227,-0.007625,0.003547,-0.000292,0.000000,0.000000,0.000000
9.859000,1,4.924597,0.865032,0.173881,-0.000632,0.003595,0.000730,0.000000,0.000000,0.000000
9.859000,2,7.908846,0.641889,0.000000,0.000000,-0.000000,0.000000,0.000000,0.000000,0.000000
9.859000,3,8.166286,2.143778,-0.003229,-0.007625,0.003547,-0.000292,0.000000,0.000000,0.000000
9.867000,1,4.924597,0.865032,0.173881,-0.000632,0.003595,0.000730,0.000000,0.000000,0.000000
9.867000,2,7.908846,0.641889,0.000000,0.000000,-0.000000,0.000000,0.000000,0.000000,0.000000
9.867000,3,8.166225,2.143766,-0.003232,-0.007625,0.003547,-0.000292,0.000000,0.000000,0.000000
9.876000,1,4.924597,0.865032,0.173881,-0.000632,0.003596,0.000730,0.000000,0.000000,0.000000
9.876000,2,7.908846,0.641889,0.000000,0.000000,-0.000000,0.000000,0.000000,0.000000,0.000000
9.876000,3,8.166157,2.143753,-0.003234,-0.007625,0.003548,-0.000292,0.000000,0.000000,0.000000
9.884000,1,4.924597,0.865032,0.173881,-0.000632,0.003596,0.000730,0.000000,0.000000,0.000000
9.884000,2,7.908846,0.641889,0.000000,0.000000,-0.000000,0.000000,0.000000,0.000000,0.000000
9.884000,3,8.166096,2.143742,-0.003237,-0.007625,0.003548,-0.000292,0.000000,0.000000,0.000000
9.892000,1,4.924597,0.865032,0.173881,-0.000632,0.003596,0.000730,0.000000,0.000000,0.000000
9.892000,2,7.908846,0.641889,0.000000,0.000000,-0.000000,0.000000,0.000000,0.000000,0.000000
9.892000,3,8.166035,2.143730,-0.003239,-0.007625,0.003548,-0.000292,0.000000,0.000000,0.000000
9.901000,1,4.924597,0.865032,0.173881,-0.000632,0.003596,0.000730,0.000000,0.000000,0.000000
9.901000,2,7.908846,0.641889,0.000000,0.000000,-0.000000,0.000000,0.000000,0.000000,0.000000
9.901000,3,8.165966,2.143718,-0.003242,-0.007625,0.003548,-0.000292,0.000000,0.000000,0.000000
9.909000,1,4.924597,0.865032,0.173881,-0.000632,0.003596,0.000730,0.000000,0.000000,0.000000
9.909000,2,7.908846,0.641889,0.000000,0.000000,-0.000000,0.000000,0.000000,0.000000,0.000000
9.909000,3,8.165905,2.143706,-0.003244,-0.007625,0.003548,-0.000292,0.000000,0.000000,0.000000
9.917000,1,4.924597,0.865032,0.173881,-0.000632,0.003596,0.000730,0.000000,0.000000,0.000000
9.917000,2,7.908846,0.641889,0.000000,0.000000,-0.000000,0.000000,0.000000,0.000000,0.000000
9.917000,3,8.165844,2.143695,-0.003246,-0.007625,0.003548,-0.000292,0.000000,0.000000,0.000000
9.926000,1,4.924597,0.865032,0.173881,-0.000632,0.003596,0.000730,0.000000,0.000000,0.000000
9.926000,2,7.908846,0.641889,0.000000,0.000000,-0.000000,0.000000,0.000000,0.000000,0.000000
9.926000,3,8.165775,2.143682,-0.003249,-0.007625,0.003548,-0.000292,0.000000,0.000000,0.000000
9.934000,1,4.924597,0.865032,0.173881,-0.000632,0.003596,0.000730,0.000000,0.000000,0.000000
9.934000,2,7.908846,0.641889,0.000000,0.000000,-0.000000,0.000000,0.000000,0.000000,0.000000
9.934000,3,8.165714,2.143670,-0.003251,-0.007625,0.003549,-0.000292,0.000000,0.000000,0.000000
9.942000,1,4.924597,0.865032,0.173881,-0.000632,0.003596,0.000730,0.000000,0.000000,0.000000
9.942000,2,7.908846,0.641889,0.000000,0.000000,-0.000000,0.000000,0.000000,0.000000,0.000000
9.942000,3,8.165653,2.143659,-0.003253,-0.007625,0.003549,-0.000291,0.000000,0.000000,0.000000
9.952000,1,4.924597,0.865032,0.173881,-0.000632,0.003596,0.000730,0.000000,0.000000,0.000000
9.952000,2,7.908846,0.641889,0.000000,0.000000,-0.000000,0.000000,0.000000,0.000000,0.000000
9.952000,3,8.165577,2.143645,-0.003256,-0.007625,0.003549,-0.000291,0.000000,0.000000,0.000000
9.960000,1,4.924597,0.865032,0.173881,-0.000632,0.003596,0.000730,0.000000,0.000000,0.000000
9.960000,2,7.908846,0.641889,0.000000,0.000000,-0.000000,0.000000,0.000000,0.000000,0.000000
9.960000,3,8.165516,2.143633,-0.003259,-0.007625,0.003549,-0.000291,0.000000,0.000000,0.000000
9.967000,1,4.924597,0.865032,0.173881,-0.000632,0.003596,0.000730,0.000000,0.000000,0.000000
9.967000,2,7.908846,0.641889,0.000000,0.000000,-0.000000,0.000000,0.000000,0.000000,0.000000
9.967000,3,8.165462,2.143623,-0.003261,-0.007625,0.003549,-0.000291,0.000000,0.000000,0.000000
9.976000,1,4.924597,0.865032,0.173881,-0.000632,0.003596,0.000730,0.000000,0.000000,0.000000
9.976000,2,7.908846,0.641889,0.000000,0.000000,-0.000000,0.000000,0.000000,0.000000,0.000000
9.976000,3,8.165394,2.143610,-0.003263,-0.007625,0.003549,-0.000291,0.000000,0.000000,0.000000
9.985000,1,4.924597,0.865032,0.173881,-0.000632,0.003596,0.000730,0.000000,0.000000,0.000000
9.985000,2,7.908846,0.641889,0.000000,0.000000,-0.000000,0.000000,0.000000,0.000000,0.000000
9.985000,3,8.165325,2.143597,-0.003266,-0.007625,0.003549,-0.000291,0.000000,0.000000,0.000000
9.993000,1,4.924597,0.865032,0.173881,-0.000632,0.003596,0.000730,0.000000,0.000000,0.000000
9.993000,2,7.908846,0.641889,0.000000,0.000000,-0.000000,0.000000,0.000000,0.000000,0.000000
9.993000,3,8.165264,2.143586,-0.003268,-0.007626,0.003550,-0.000291,0.000000,0.000000,0.000000
10.001000,1,4.924597,0.865032,0.173881,-0.000632,0.003596,0.000730,0.000000,0.000000,0.000000
10.001000,2,7.908846,0.641889,0.000000,0.000000,-0.000000,0.000000,0.000000,0.000000,0.000000
10.001000,3,8.165203,2.143574,-0.003271,-0.007626,0.003550,-0.000291,0.000000,0.000000,0.000000
10.010000,1,4.924597,0.865032,0.173881,-0.000632,0.003597,0.000730,0.000000,0.000000,0.000000
10.010000,2,7.908846,0.641889,0.000000,0.000000,-0.000000,0.000000,0.000000,0.000000,0.000000
10.010000,3,8.165134,2.143562,-0.003273,-0.007626,0.003550,-0.000291,0.000000,0.000000,0.000000
10.018000,1,4.924597,0.865032,0.173881,-0.000632,0.003597,0.000730,0.000000,0.000000,0.000000
10.018000,2,7.908846,0.641889,0.000000,0.000000,-0.000000,0.000000,0.000000,0.000000,0.000000
10.018000,3,8.165073,2.143550,-0.003276,-0.007626,0.003550,-0.000291,0.000000,0.000000,0.000000
10.026000,1,4.924597,0.865032,0.173881,-0.000632,0.003597,0.000730,0.000000,0.000000,0.000000
10.026000,2,7.908846,0.641889,0.000000,0.000000,-0.000000,0.000000,0.000000,0.000000,0.000000
10.026000,3,8.165012,2.143539,-0.003278,-0.007626,0.003550,-0.000291,0.000000,0.000000,0.000000
10.035000,1,4.924597,0.865032,0.173881,-0.000632,0.003597,0.000730,0.000000,0.000000,0.000000
10.035000,2,7.908846,0.641889,0.000000,0.000000,-0.000000,0.000000,0.000000,0.000000,0.000000
10.035000,3,8.164944,2.143526,-0.003281,-0.007626,0.003550,-0.000291,0.000000,0.000000,0.000000
10.043000,1,4.924597,0.865032,0.173881,-0.000632,0.003597,0.000730,0.000000,0.000000,0.000000
10.043000,2,7.908846,0.641889,0.000000,0.000000,-0.000000,0.000000,0.000000,0.000000,0.000000
10.043000,3,8.164883,2.143514,-0.003283,-0.007626,0.003550,-0.000291,0.000000,0.000000,0.000000
10.052000,1,4.924597,0.865032,0.173881,-0.000632,0.003597,0.000730,0.000000,0.000000,0.000000
10.052000,2,7.908846,0.641889,0.000000,0.000000,-0.000000,0.000000,0.000000,0.000000,0.000000
10.052000,3,8.164814,2.143502,-0.003285,-0.007626,0.003551,-0.000291,0.000000,0.000000,0.000000
10.060000,1,4.924597,0.865032,0.173881,-0.000632,0.003597,0.000730,0.000000,0.000000,0.000000
10.060000,2,7.908846,0.641889,0.000000,0.000000,-0.000000,0.000000,0.000000,0.000000,0.000000
10.060000,3,8.164753,2.143490,-0.003288,-0.007626,0.003551,-0.000291,0.000000,0.000000,0.000000
10.068000,1,4.924597,0.865032,0.173881,-0.000632,0.003597,0.000730,0.000000,0.000000,0.000000
10.068000,2,7.908846,0.641889,0.000000,0.000000,-0.000000,0.000000,0.000000,0.000000,0.000000
10.068000,3,8.164692,2.143479,-0.003290,-0.007626,0.003551,-0.000291,0.000000,0.000000,0.000000
10.076000,1,4.924597,0.865032,0.173881,-0.000632,0.003596,0.000730,0.000000,0.000000,0.000000
10.076000,2,7.908846,0.641889,0.000000,0.000000,-0.000000,0.000000,0.000000,0.000000,0.000000
10.076000,3,8.164631,2.143467,-0.003292,-0.007625,0.003549,-0.000291,0.000000,0.000000,0.000000
10.085000,1,4.924597,0.865032,0.173881,-0.000632,0.003595,0.000730,0.000000,0.000000,0.000000
10.085000,2,7.908846,0.641889,0.000000,0.000000,-0.000000,0.000000,0.000000,0.000000,0.000000
10.085000,3,8.164562,2.143454,-0.003295,-0.007625,0.003548,-0.000291,0.000000,0.000000,0.000000
10.093000,1,4.924597,0.865032,0.173881,-0.000632,0.003595,0.000730,0.000000,0.000000,0.000000
10.093000,2,7.908846,0.641889,0.000000,0.000000,-0.000000,0.000000,0.000000,0.000000,0.000000
10.093000,3,8.164501,2.143443,-0.003297,-0.007625,0.003548,-0.000291,0.000000,0.000000,0.000000
10.101000,1,4.924597,0.865032,0.173881,-0.000632,0.003595,0.000730,0.000000,0.000000,0.000000
10.101000,2,7.908846,0.641889,0.000000,0.000000,-0.000000,0.000000,0.000000,0.000000,0.000000
10.101000,3,8.164440,2.143431,-0.003300,-0.007625,0.003548,-0.000291,0.000000,0.000000,0.000000
10.110000,1,4.924597,0.865032,0.173881,-0.000632,0.003595,0.000730,0.000000,0.000000,0.000000
10.110000,2,7.908846,0.641889,0.000000,0.000000,-0.000000,0.000000,0.000000,0.000000,0.000000
10.110000,3,8.164371,2.143419,-0.003302,-0.007625,0.003549,-0.000291,0.000000,0.000000,0.000000
10.118000,1,4.924597,0.865032,0.173881,-0.000632,0.003596,0.000730,0.000000,0.000000,0.000000
10.118000,2,7.908846,0.641889,0.000000,0.000000,-0.000000,0.000000,0.000000,0.000000,0.000000
10.118000,3,8.164310,2.143407,-0.003305,-0.007625,0.003549,-0.000291,0.000000,0.000000,0.000000
10.126000,1,4.924597,0.865032,0.173881,-0.000632,0.003596,0.000730,0.000000,0.000000,0.000000
10.126000,2,7.908846,0.641889,0.000000,0.000000,-0.000000,0.000000,0.000000,0.000000,0.000000
10.126000,3,8.164249,2.143396,-0.003307,-0.007625,0.003549,-0.000291,0.000000,0.000000,0.000000
10.135000,1,4.924597,0.865032,0.173881,-0.000632,0.003596,0.000730,0.000000,0.000000,0.000000
10.135000,2,7.908846,0.641889,0.000000,0.000000,-0.000000,0.000000,0.000000,0.000000,0.000000
10.135000,3,8.164181,2.143383,-0.003310,-0.007625,0.003549,-0.000291,0.000000,0.000000,0.000000
10.142000,1,4.924597,0.865032,0.173881,-0.000632,0.003596,0.000730,0.000000,0.000000,0.000000
10.142000,2,7.908846,0.641889,0.000000,0.000000,-0.000000,0.000000,0.000000,0.000000,0.000000
10.142000,3,8.164127,2.143373,-0.003312,-0.007625,0.003549,-0.000291,0.000000,0.000000,0.000000
10.151000,1,4.924597,0.865032,0.173881,-0.000632,0.003596,0.000730,0.000000,0.000000,0.000000
10.151000,2,7.908846,0.641889,0.000000,0.000000,-0.000000,0.000000,0.000000,0.000000,0.000000
10.151000,3,8.164059,2.143360,-0.003314,-0.007625,0.003549,-0.000291,0.000000,0.000000,0.000000
10.159000,1,4.924597,0.865032,0.173881,-0.000632,0.003596,0.000730,0.000000,0.000000,0.000000
10.159000,2,7.908846,0.641889,0.000000,0.000000,-0.000000,0.000000,0.000000,0.000000,0.000000
10.159000,3,8.163998,2.143348,-0.003317,-0.007625,0.003549,-0.000291,0.000000,0.000000,0.000000
10.168000,1,4.924597,0.865032,0.173881,-0.000632,0.003596,0.000730,0.000000,0.000000,0.000000
10.168000,2,7.908846,0.641889,0.000000,0.000000,-0.000000,0.000000,0.000000,0.000000,0.000000
10.168000,3,8.163929,2.143336,-0.003319,-0.007625,0.003550,-0.000291,0.000000,0.000000,0.000000
10.176000,1,4.924597,0.865032,0.173881,-0.000632,0.003596,0.000730,0.000000,0.000000,0.000000
10.176000,2,7.908846,0.641889,0.000000,0.000000,-0.000000,0.000000,0.000000,0.000000,0.000000
10.176000,3,8.163868,2.143324,-0.003322,-0.007626,0.003550,-0.000291,0.000000,0.000000,0.000000
10.185000,1,4.924597,0.865032,0.173881,-0.000632,0.003596,0.000730,0.000000,0.000000,0.000000
10.185000,2,7.908846,0.641889,0.000000,0.000000,-0.000000,0.000000,0.000000,0.000000,0.000000
10.185000,3,8.163799,2.143311,-0.003324,-0.007626,0.003550,-0.000291,0.000000,0.000000,0.000000
10.193000,1,4.924597,0.865032,0.173881,-0.000632,0.003596,0.000730,0.000000,0.000000,0.000000
10.193000,2,7.908846,0.641889,0.000000,0.000000,-0.000000,0.000000,0.000000,0.000000,0.000000
10.193000,3,8.163738,2.143300,-0.003327,-0.007626,0.003550,-0.000291,0.000000,0.000000,0.000000
10.201000,1,4.924597,0.865032,0.173881,-0.000632,0.003596,0.000730,0.000000,0.000000,0.000000
10.201000,2,7.908846,0.641889,0.000000,0.000000,-0.000000,0.000000,0.000000,0.000000,0.000000
10.201000,3,8.163677,2.143288,-0.003329,-0.007626,0.003550,-0.000291,0.000000,0.000000,0.000000
10.209000,1,4.924597,0.865032,0.173881,-0.000632,0.003596,0.000730,0.000000,0.000000,0.000000
10.209000,2,7.908846,0.641889,0.000000,0.000000,-0.000000,0.000000,0.000000,0.000000,0.000000
10.209000,3,8.163616,2.143277,-0.003331,-0.007626,0.003550,-0.000291,0.000000,0.000000,0.000000
10.218000,1,4.924597,0.865032,0.173881,-0.000632,0.003596,0.000730,0.000000,0.000000,0.000000
10.218000,2,7.908846,0.641889,0.000000,0.000000,-0.000000,0.000000,0.000000,0.000000,0.000000
10.218000,3,8.163548,2.143264,-0.003334,-0.007626,0.003550,-0.000291,0.000000,0.000000,0.000000
10.227000,1,4.924597,0.865032,0.173881,-0.000632,0.003596,0.000730,0.000000,0.000000,0.000000
10.227000,2,7.908846,0.641889,0.000000,0.000000,-0.000000,0.000000,0.000000,0.000000,0.000000
10.227000,3,8.163479,2.143251,-0.003336,-0.007626,0.003551,-0.000291,0.000000,0.000000,0.000000
10.235000,1,4.924597,0.865032,0.173881,-0.000632,0.003596,0.000730,0.000000,0.000000,0.000000
10.235000,2,7.908846,0.641889,0.000000,0.000000,-0.000000,0.000000,0.000000,0.000000,0.000000
10.235000,3,8.163418,2.143240,-0.003339,-0.007626,0.003551,-0.000291,0.000000,0.000000,0.000000
10.243000,1,4.924597,0.865032,0.173881,-0.000632,0.003596,0.000730,0.000000,0.000000,0.000000
10.243000,2,7.908846,0.641889,0.000000,0.000000,-0.000000,0.000000,0.000000,0.000000,0.000000
10.243000,3,8.163357,2.143228,-0.003341,-0.007626,0.003551,-0.000291,0.000000,0.000000,0.000000
10.249000,1,4.924597,0.865032,0.173881,-0.000632,0.003597,0.000730,0.000000,0.000000,0.000000
10.249000,2,7.908846,0.641889,0.000000,0.000000,-0.000000,0.000000,0.000000,0.000000,0.000000
10.249000,3,8.163311,2.143220,-0.003343,-0.007626,0.003551,-0.000291,0.000000,0.000000,0.000000
10.260000,1,4.924597,0.865032,0.173881,-0.000632,0.003597,0.000730,0.000000,0.000000,0.000000
10.260000,2,7.908846,0.641889,0.000000,0.000000,-0.000000,0.000000,0.000000,0.000000,0.000000
10.260000,3,8.163227,2.143204,-0.003346,-0.007626,0.003551,-0.000291,0.000000,0.000000,0.000000
10.268000,1,4.924597,0.865032,0.173881,-0.000632,0.003597,0.000730,0.000000,0.000000,0.000000
10.268000,2,7.908846,0.641889,0.000000,0.000000,-0.000000,0.000000,0.000000,0.000000,0.000000
10.268000,3,8.163166,2.143193,-0.003348,-0.007626,0.003551,-0.000291,0.000000,0.000000,0.000000
10.276000,1,4.924597,0.865032,0.173881,-0.000632,0.003597,0.000730,0.000000,0.000000,0.000000
10.276000,2,7.908846,0.641889,0.000000,0.000000,-0.000000,0.000000,0.000000,0.000000,0.000000
10.276000,3,8.163105,2.143181,-0.003351,-0.007626,0.003551,-0.000291,0.000000,0.000000,0.000000
10.285000,1,4.924597,0.865032,0.173881,-0.000632,0.003597,0.000730,0.000000,0.000000,0.000000
10.285000,2,7.908846,0.641889,0.000000,0.000000,-0.000000,0.000000,0.000000,0.000000,0.000000
10.285000,3,8.163036,2.143168,-0.003353,-0.007626,0.003552,-0.000291,0.000000,0.000000,0.000000
10.293000,1,4.924597,0.865032,0.173881,-0.000632,0.003597,0.000730,0.000000,0.000000,0.000000
10.293000,2,7.908846,0.641889,0.000000,0.000000,-0.000000,0.000000,0.000000,0.000000,0.000000
10.293000,3,8.162975,2.143157,-0.003356,-0.007626,0.003552,-0.000291,0.000000,0.000000,0.000000
10.301000,1,4.924597,0.865032,0.173881,-0.000632,0.003597,0.000730,0.000000,0.000000,0.000000
10.301000,2,7.908846,0.641889,0.000000,0.000000,-0.000000,0.000000,0.000000,0.000000,0.000000
10.301000,3,8.162914,2.143145,-0.003358,-0.007626,0.003552,-0.000291,0.000000,0.000000,0.000000
10.310000,1,4.924597,0.865032,0.173881,-0.000632,0.003597,0.000730,0.000000,0.000000,0.000000
10.310000,2,7.908846,0.641889,0.000000,0.000000,-0.000000,0.000000,0.000000,0.000000,0.000000
10.310000,3,8.162846,2.143132,-0.003361,-0.007626,0.003552,-0.000291,0.000000,0.000000,0.000000
10.318000,1,4.924597,0.865032,0.173881,-0.000632,0.003596,0.000730,0.000000,0.000000,0.000000
10.318000,2,7.908846,0.641889,0.000000,0.000000,-0.000000,0.000000,0.000000,0.000000,0.000000
10.318000,3,8.162785,2.143121,-0.003363,-0.007626,0.003551,-0.000291,0.000000,0.000000,0.000000
10.326000,1,4.924597,0.865032,0.173881,-0.000632,0.003595,0.000730,0.000000,0.000000,0.000000
10.326000,2,7.908846,0.641889,0.000000,0.000000,-0.000000,0.000000,0.000000,0.000000,0.000000
10.326000,3,8.162724,2.143110,-0.003365,-0.007626,0.003550,-0.000291,0.000000,0.000000,0.000000
10.335000,1,4.924597,0.865032,0.173881,-0.000632,0.003595,0.000730,0.000000,0.000000,0.000000
10.335000,2,7.908846,0.641889,0.000000,0.000000,-0.000000,0.000000,0.000000,0.000000,0.000000
10.335000,3,8.162655,2.143097,-0.003368,-0.007625,0.003549,-0.000291,0.000000,0.000000,0.000000
10.344000,1,4.924597,0.865032,0.173881,-0.000632,0.003595,0.000730,0.000000,0.000000,0.000000
10.344000,2,7.908846,0.641889,0.000000,0.000000,-0.000000,0.000000,0.000000,0.000000,0.000000
10.344000,3,8.162586,2.143084,-0.003370,-0.007625,0.003550,-0.000291,0.000000,0.000000,0.000000
10.351000,1,4.924597,0.865032,0.173881,-0.000632,0.003595,0.000730,0.000000,0.000000,0.000000
10.351000,2,7.908846,0.641889,0.000000,0.000000,-0.000000,0.000000,0.000000,0.000000,0.000000
10.351000,3,8.162533,2.143074,-0.003373,-0.007626,0.003550,-0.000291,0.000000,0.000000,0.000000
10.360000,1,4.924597,0.865032,0.173881,-0.000632,0.003596,0.000730,0.000000,0.000000,0.000000
10.360000,2,7.908846,0.641889,0.000000,0.000000,-0.000000,0.000000,0.000000,0.000000,0.000000
10.360000,3,8.162464,2.143061,-0.003375,-0.007626,0.003550,-0.000291,0.000000,0.000000,0.000000
10.368000,1,4.924597,0.865032,0.173881,-0.000632,0.003596,0.000730,0.000000,0.000000,0.000000
10.368000,2,7.908846,0.641889,0.000000,0.000000,-0.000000,0.000000,0.000000,0.000000,0.000000
10.368000,3,8.162403,2.143049,-0.003377,-0.007626,0.003550,-0.000291,0.000000,0.000000,0.000000
10.377000,1,4.924597,0.865032,0.173881,-0.000632,0.003596,0.000730,0.000000,0.000000,0.000000
10.377000,2,7.908846,0.641889,0.000000,0.000000,-0.000000,0.000000,0.000000,0.000000,0.000000
10.377000,3,8.162334,2.143037,-0.003380,-0.007626,0.003550,-0.000291,0.000000,0.000000,0.000000
10.385000,1,4.924597,0.865032,0.173881,-0.000632,0.003596,0.000730,0.000000,0.000000,0.000000
10.385000,2,7.908846,0.641889,0.000000,0.000000,-0.000000,0.000000,0.000000,0.000000,0.000000
10.385000,3,8.162273,2.143025,-0.003382,-0.007626,0.003550,-0.000291,0.000000,0.000000,0.000000
10.394000,1,4.924597,0.865032,0.173881,-0.000632,0.003596,0.000730,0.000000,0.000000,0.000000
10.394000,2,7.908846,0.641889,0.000000,0.000000,-0.000000,0.000000,0.000000,0.000000,0.000000
10.394000,3,8.162205,2.143012,-0.003385,-0.007626,0.003550,-0.000291,0.000000,0.000000,0.000000
10.489000,1,4.924597,0.865032,0.173881,-0.000632,0.003597,0.000730,0.000000,0.000000,0.000000
10.489000,2,7.908846,0.641889,0.000000,0.000000,-0.000000,0.000000,0.000000,0.000000,0.000000
10.489000,3,8.161480,2.142876,-0.003413,-0.007626,0.003552,-0.000291,0.000000,0.000000,0.000000
10.536001,1,4.924597,0.865032,0.173881,-0.000632,0.003597,0.000730,0.000000,0.000000,0.000000
10.536001,2,7.908846,0.641889,0.000000,0.000000,-0.000000,0.000000,0.000000,0.000000,0.000000
10.536001,3,8.161121,2.142809,-0.003426,-0.007626,0.003553,-0.000290,0.000000,0.000000,0.000000
10.546001,1,4.924597,0.865032,0.173881,-0.000632,0.003597,0.000730,0.000000,0.000000,0.000000
10.546001,2,7.908846,0.641889,0.000000,0.000000,-0.000000,0.000000,0.000000,0.000000,0.000000
10.546001,3,8.161045,2.142795,-0.003429,-0.007626,0.003553,-0.000290,0.000000,0.000000,0.000000
10.552001,1,4.924597,0.865032,0.173881,-0.000632,0.003597,0.000730,0.000000,0.000000,0.000000
10.552001,2,7.908846,0.641889,0.000000,0.000000,-0.000000,0.000000,0.000000,0.000000,0.000000
10.552001,3,8.160999,2.142786,-0.003431,-0.007626,0.003553,-0.000290,0.000000,0.000000,0.000000
10.560001,1,4.924597,0.865032,0.173881,-0.000632,0.003597,0.000730,0.000000,0.000000,0.000000
10.560001,2,7.908846,0.641889,0.000000,0.000000,-0.000000,0.000000,0.000000,0.000000,0.000000
10.560001,3,8.160938,2.142775,-0.003433,-0.007626,0.003553,-0.000290,0.000000,0.000000,0.000000
10.570001,1,4.924597,0.865032,0.173881,-0.000632,0.003595,0.000730,0.000000,0.000000,0.000000
10.570001,2,7.908846,0.641889,0.000000,0.000000,-0.000000,0.000000,0.000000,0.000000,0.000000
10.570001,3,8.160862,2.142761,-0.003436,-0.007626,0.003551,-0.000291,0.000000,0.000000,0.000000
10.581001,1,4.924597,0.865032,0.173881,-0.000632,0.003595,0.000730,0.000000,0.000000,0.000000
10.581001,2,7.908846,0.641889,0.000000,0.000000,-0.000000,0.000000,0.000000,0.000000,0.000000
10.581001,3,8.160778,2.142745,-0.003439,-0.007626,0.003551,-0.000291,0.000000,0.000000,0.000000
10.587001,1,4.924597,0.865032,0.173881,-0.000632,0.003595,0.000730,0.000000,0.000000,0.000000
10.587001,2,7.908846,0.641889,0.000000,0.000000,-0.000000,0.000000,0.000000,0.000000,0.000000
10.587001,3,8.160732,2.142736,-0.003441,-0.007626,0.003551,-0.000291,0.000000,0.000000,0.000000
10.594001,1,4.924597,0.865032,0.173881,-0.000632,0.003595,0.000730,0.000000,0.000000,0.000000
10.594001,2,7.908846,0.641889,0.000000,0.000000,-0.000000,0.000000,0.000000,0.000000,0.000000
10.594001,3,8.160679,2.142726,-0.003443,-0.007626,0.003551,-0.000291,0.000000,0.000000,0.000000
10.602001,1,4.924597,0.865032,0.173881,-0.000632,0.003596,0.000730,0.000000,0.000000,0.000000
10.602001,2,7.908846,0.641889,0.000000,0.000000,-0.000000,0.000000,0.000000,0.000000,0.000000
10.602001,3,8.160618,2.142715,-0.003445,-0.007626,0.003551,-0.000291,0.000000,0.000000,0.000000
10.612001,1,4.924597,0.865032,0.173881,-0.000632,0.003596,0.000730,0.000000,0.000000,0.000000
10.612001,2,7.908846,0.641889,0.000000,0.000000,-0.000000,0.000000,0.000000,0.000000,0.000000
10.612001,3,8.160542,2.142700,-0.003448,-0.007626,0.003551,-0.000291,0.000000,0.000000,0.000000
10.620001,1,4.924597,0.865032,0.173881,-0.000632,0.003596,0.000730,0.000000,0.000000,0.000000
10.620001,2,7.908846,0.641889,0.000000,0.000000,-0.000000,0.000000,0.000000,0.000000,0.000000
10.620001,3,8.160480,2.142689,-0.003451,-0.007626,0.003551,-0.000290,0.000000,0.000000,0.000000
10.628001,1,4.924597,0.865032,0.173881,-0.000632,0.003596,0.000730,0.000000,0.000000,0.000000
10.628001,2,7.908846,0.641889,0.000000,0.000000,-0.000000,0.000000,0.000000,0.000000,0.000000
10.628001,3,8.160419,2.142678,-0.003453,-0.007626,0.003551,-0.000290,0.000000,0.000000,0.000000
10.635001,1,4.924597,0.865032,0.173881,-0.000632,0.003596,0.000730,0.000000,0.000000,0.000000
10.635001,2,7.908846,0.641889,0.000000,0.000000,-0.000000,0.000000,0.000000,0.000000,0.000000
10.635001,3,8.160366,2.142668,-0.003455,-0.007626,0.003552,-0.000290,0.000000,0.000000,0.000000
10.644001,1,4.924597,0.865032,0.173881,-0.000632,0.003596,0.000730,0.000000,0.000000,0.000000
10.644001,2,7.908846,0.641889,0.000000,0.000000,-0.000000,0.000000,0.000000,0.000000,0.000000
10.644001,3,8.160297,2.142655,-0.003458,-0.007626,0.003552,-0.000290,0.000000,0.000000,0.000000
10.652001,1,4.924597,0.865032,0.173881,-0.000632,0.003596,0.000730,0.000000,0.000000,0.000000
10.652001,2,7.908846,0.641889,0.000000,0.000000,-0.000000,0.000000,0.000000,0.000000,0.000000
10.652001,3,8.160236,2.142643,-0.003460,-0.007626,0.003552,-0.000290,0.000000,0.000000,0.000000
10.660001,1,4.924597,0.865032,0.173881,-0.000632,0.003596,0.000730,0.000000,0.000000,0.000000
10.660001,2,7.908846,0.641889,0.000000,0.000000,-0.000000,0.000000,0.000000,0.000000,0.000000
10.660001,3,8.160175,2.142632,-0.003462,-0.007626,0.003552,-0.000290,0.000000,0.000000,0.000000
10.670001,1,4.924597,0.865032,0.173881,-0.000632,0.003596,0.000730,0.000000,0.000000,0.000000
10.670001,2,7.908846,0.641889,0.000000,0.000000,-0.000000,0.000000,0.000000,0.000000,0.000000
10.670001,3,8.160099,2.142617,-0.003465,-0.007626,0.003552,-0.000290,0.000000,0.000000,0.000000
10.678001,1,4.924597,0.865032,0.173881,-0.000632,0.003596,0.000730,0.000000,0.000000,0.000000
10.678001,2,7.908846,0.641889,0.000000,0.000000,-0.000000,0.000000,0.000000,0.000000,0.000000
10.678001,3,8.160038,2.142606,-0.003468,-0.007626,0.003552,-0.000290,0.000000,0.000000,0.000000
10.687001,1,4.924597,0.865032,0.173881,-0.000632,0.003596,0.000730,0.000000,0.000000,0.000000
10.687001,2,7.908846,0.641889,0.000000,0.000000,-0.000000,0.000000,0.000000,0.000000,0.000000
10.687001,3,8.159969,2.142593,-0.003470,-0.007626,0.003552,-0.000290,0.000000,0.000000,0.000000
10.694001,1,4.924597,0.865032,0.173881,-0.000632,0.003596,0.000730,0.000000,0.000000,0.000000
10.694001,2,7.908846,0.641889,0.000000,0.000000,-0.000000,0.000000,0.000000,0.000000,0.000000
10.694001,3,8.159916,2.142583,-0.003472,-0.007626,0.003553,-0.000290,0.000000,0.000000,0.000000
10.703001,1,4.924597,0.865032,0.173881,-0.000632,0.003596,0.000730,0.000000,0.000000,0.000000
10.703001,2,7.908846,0.641889,0.000000,0.000000,-0.000000,0.000000,0.000000,0.000000,0.000000
10.703001,3,8.159847,2.142570,-0.003475,-0.007626,0.003553,-0.000290,0.000000,0.000000,0.000000
10.711001,1,4.924597,0.865032,0.173881,-0.000632,0.003596,0.000730,0.000000,0.000000,0.000000
10.711001,2,7.908846,0.641889,0.000000,0.000000,-0.000000,0.000000,0.000000,0.000000,0.000000
10.711001,3,8.159786,2.142559,-0.003477,-0.007626,0.003553,-0.000290,0.000000,0.000000,0.000000
10.719001,1,4.924597,0.865032,0.173881,-0.000632,0.003596,0.000730,0.000000,0.000000,0.000000
10.719001,2,7.908846,0.641889,0.000000,0.000000,-0.000000,0.000000,0.000000,0.000000,0.000000
10.719001,3,8.159725,2.142547,-0.003479,-0.007626,0.003553,-0.000290,0.000000,0.000000,0.000000
10.727001,1,4.924597,0.865032,0.173881,-0.000632,0.003597,0.000730,0.000000,0.000000,0.000000
10.727001,2,7.908846,0.641889,0.000000,0.000000,-0.000000,0.000000,0.000000,0.000000,0.000000
10.727001,3,8.159664,2.142536,-0.003482,-0.007626,0.003553,-0.000290,0.000000,0.000000,0.000000
10.735001,1,4.924597,0.865032,0.173881,-0.000632,0.003597,0.000730,0.000000,0.000000,0.000000
10.735001,2,7.908846,0.641889,0.000000,0.000000,-0.000000,0.000000,0.000000,0.000000,0.000000
10.735001,3,8.159603,2.142524,-0.003484,-0.007626,0.003553,-0.000290,0.000000,0.000000,0.000000
10.743001,1,4.924597,0.865032,0.173881,-0.000632,0.003597,0.000730,0.000000,0.000000,0.000000
10.743001,2,7.908846,0.641889,0.000000,0.000000,-0.000000,0.000000,0.000000,0.000000,0.000000
10.743001,3,8.159542,2.142513,-0.003486,-0.007627,0.003553,-0.000290,0.000000,0.000000,0.000000
10.752001,1,4.924597,0.865032,0.173881,-0.000632,0.003597,0.000730,0.000000,0.000000,0.000000
10.752001,2,7.908846,0.641889,0.000000,0.000000,-0.000000,0.000000,0.000000,0.000000,0.000000
10.752001,3,8.159473,2.142500,-0.003489,-0.007627,0.003554,-0.000290,0.000000,0.000000,0.000000
10.760001,1,4.924597,0.865032,0.173881,-0.000632,0.003597,0.000730,0.000000,0.000000,0.000000
10.760001,2,7.908846,0.641889,0.000000,0.000000,-0.000000,0.000000,0.000000,0.000000,0.000000
10.760001,3,8.159412,2.142489,-0.003491,-0.007627,0.003554,-0.000290,0.000000,0.000000,0.000000
10.769001,1,4.924597,0.865032,0.173881,-0.000632,0.003597,0.000730,0.000000,0.000000,0.000000
10.769001,2,7.908846,0.641889,0.000000,0.000000,-0.000000,0.000000,0.000000,0.000000,0.000000
10.769001,3,8.159344,2.142476,-0.003494,-0.007627,0.003554,-0.000290,0.000000,0.000000,0.000000
10.777001,1,4.924597,0.865032,0.173881,-0.000632,0.003597,0.000730,0.000000,0.000000,0.000000
10.777001,2,7.908846,0.641889,0.000000,0.000000,-0.000000,0.000000,0.000000,0.000000,0.000000
10.777001,3,8.159283,2.142464,-0.003496,-0.007627,0.003554,-0.000290,0.000000,0.000000,0.000000
10.785001,1,4.924597,0.865032,0.173881,-0.000632,0.003597,0.000730,0.000000,0.000000,0.000000
10.785001,2,7.908846,0.641889,0.000000,0.000000,-0.000000,0.000000,0.000000,0.000000,0.000000
10.785001,3,8.159222,2.142453,-0.003499,-0.007627,0.003554,-0.000290,0.000000,0.000000,0.000000
10.793001,1,4.924597,0.865032,0.173881,-0.000632,0.003597,0.000730,0.000000,0.000000,0.000000
10.793001,2,7.908846,0.641889,0.000000,0.000000,-0.000000,0.000000,0.000000,0.000000,0.000000
10.793001,3,8.159161,2.142442,-0.003501,-0.007627,0.003554,-0.000290,0.000000,0.000000,0.000000
10.802001,1,4.924597,0.865032,0.173881,-0.000632,0.003596,0.000730,0.000000,0.000000,0.000000
10.802001,2,7.908846,0.641889,0.000000,0.000000,-0.000000,0.000000,0.000000,0.000000,0.000000
10.802001,3,8.159092,2.142429,-0.003503,-0.007626,0.003553,-0.000290,0.000000,0.000000,0.000000
10.809001,1,4.924597,0.865032,0.173881,-0.000632,0.003596,0.000730,0.000000,0.000000,0.000000
10.809001,2,7.908846,0.641889,0.000000,0.000000,-0.000000,0.000000,0.000000,0.000000,0.000000
10.809001,3,8.159039,2.142419,-0.003506,-0.007626,0.003552,-0.000290,0.000000,0.000000,0.000000
10.817001,1,4.924597,0.865032,0.173881,-0.000632,0.003595,0.000730,0.000000,0.000000,0.000000
10.817001,2,7.908846,0.641889,0.000000,0.000000,-0.000000,0.000000,0.000000,0.000000,0.000000
10.817001,3,8.158978,2.142407,-0.003508,-0.007626,0.003552,-0.000290,0.000000,0.000000,0.000000
10.835001,1,4.924597,0.865032,0.173881,-0.000632,0.003596,0.000730,0.000000,0.000000,0.000000
10.835001,2,7.908846,0.641889,0.000000,0.000000,-0.000000,0.000000,0.000000,0.000000,0.000000
10.835001,3,8.158840,2.142381,-0.003513,-0.007626,0.003552,-0.000290,0.000000,0.000000,0.000000
10.844001,1,4.924597,0.865032,0.173881,-0.000632,0.003596,0.000730,0.000000,0.000000,0.000000
10.844001,2,7.908846,0.641889,0.000000,0.000000,-0.000000,0.000000,0.000000,0.000000,0.000000
10.844001,3,8.158772,2.142369,-0.003516,-0.007626,0.003552,-0.000290,0.000000,0.000000,0.000000
10.852001,1,4.924597,0.865032,0.173881,-0.000632,0.003596,0.000730,0.000000,0.000000,0.000000
10.852001,2,7.908846,0.641889,0.000000,0.000000,-0.000000,0.000000,0.000000,0.000000,0.000000
10.852001,3,8.158710,2.142357,-0.003518,-0.007626,0.003552,-0.000290,0.000000,0.000000,0.000000
10.860001,1,4.924597,0.865032,0.173881,-0.000632,0.003596,0.000730,0.000000,0.000000,0.000000
10.860001,2,7.908846,0.641889,0.000000,0.000000,-0.000000,0.000000,0.000000,0.000000,0.000000
10.860001,3,8.158649,2.142346,-0.003520,-0.007626,0.003552,-0.000290,0.000000,0.000000,0.000000
10.868001,1,4.924597,0.865032,0.173881,-0.000632,0.003596,0.000730,0.000000,0.000000,0.000000
10.868001,2,7.908846,0.641889,0.000000,0.000000,-0.000000,0.000000,0.000000,0.000000,0.000000
10.868001,3,8.158588,2.142334,-0.003523,-0.007626,0.003553,-0.000290,0.000000,0.000000,0.000000
10.876001,1,4.924597,0.865032,0.173881,-0.000632,0.003596,0.000730,0.000000,0.000000,0.000000
10.876001,2,7.908846,0.641889,0.000000,0.000000,-0.000000,0.000000,0.000000,0.000000,0.000000
10.876001,3,8.158527,2.142323,-0.003525,-0.007626,0.003553,-0.000290,0.000000,0.000000,0.000000
10.885001,1,4.924597,0.865032,0.173881,-0.000632,0.003596,0.000730,0.000000,0.000000,0.000000
10.885001,2,7.908846,0.641889,0.000000,0.000000,-0.000000,0.000000,0.000000,0.000000,0.000000
10.885001,3,8.158459,2.142310,-0.003528,-0.007626,0.003553,-0.000290,0.000000,0.000000,0.000000
10.893001,1,4.924597,0.865032,0.173881,-0.000632,0.003596,0.000730,0.000000,0.000000,0.000000
10.893001,2,7.908846,0.641889,0.000000,0.000000,-0.000000,0.000000,0.000000,0.000000,0.000000
10.893001,3,8.158398,2.142298,-0.003530,-0.007626,0.003553,-0.000290,0.000000,0.000000,0.000000
10.901001,1,4.924597,0.865032,0.173881,-0.000632,0.003596,0.000730,0.000000,0.000000,0.000000
10.901001,2,7.908846,0.641889,0.000000,0.000000,-0.000000,0.000000,0.000000,0.000000,0.000000
10.901001,3,8.158337,2.142287,-0.003532,-0.007626,0.003553,-0.000290,0.000000,0.000000,0.000000
10.910001,1,4.924597,0.865032,0.173881,-0.000632,0.003596,0.000730,0.000000,0.000000,0.000000
10.910001,2,7.908846,0.641889,0.000000,0.000000,-0.000000,0.000000,0.000000,0.000000,0.000000
10.910001,3,8.158268,2.142274,-0.003535,-0.007626,0.003553,-0.000290,0.000000,0.000000,0.000000
10.918001,1,4.924597,0.865032,0.173881,-0.000632,0.003596,0.000730,0.000000,0.000000,0.000000
10.918001,2,7.908846,0.641889,0.000000,0.000000,-0.000000,0.000000,0.000000,0.000000,0.000000
10.918001,3,8.158207,2.142263,-0.003537,-0.007626,0.003553,-0.000290,0.000000,0.000000,0.000000
10.927001,1,4.924597,0.865032,0.173881,-0.000632,0.003596,0.000730,0.000000,0.000000,0.000000
10.927001,2,7.908846,0.641889,0.000000,0.000000,-0.000000,0.000000,0.000000,0.000000,0.000000
10.927001,3,8.158138,2.142250,-0.003540,-0.007627,0.003554,-0.000290,0.000000,0.000000,0.000000
10.935001,1,4.924597,0.865032,0.173881,-0.000632,0.003596,0.000730,0.000000,0.000000,0.000000
10.935001,2,7.908846,0.641889,0.000000,0.000000,-0.000000,0.000000,0.000000,0.000000,0.000000
10.935001,3,8.158077,2.142238,-0.003542,-0.007627,0.003554,-0.000290,0.000000,0.000000,0.000000
10.942001,1,4.924597,0.865032,0.173881,-0.000632,0.003596,0.000730,0.000000,0.000000,0.000000
10.942001,2,7.908846,0.641889,0.000000,0.000000,-0.000000,0.000000,0.000000,0.000000,0.000000
10.942001,3,8.158024,2.142228,-0.003544,-0.007627,0.003554,-0.000290,0.000000,0.000000,0.000000
10.952001,1,4.924597,0.865032,0.173881,-0.000632,0.003596,0.000730,0.000000,0.000000,0.000000
10.952001,2,7.908846,0.641889,0.000000,0.000000,-0.000000,0.000000,0.000000,0.000000,0.000000
10.952001,3,8.157948,2.142214,-0.003547,-0.007627,0.003554,-0.000290,0.000000,0.000000,0.000000
10.961001,1,4.924597,0.865032,0.173881,-0.000632,0.003596,0.000730,0.000000,0.000000,0.000000
10.961001,2,7.908846,0.641889,0.000000,0.000000,-0.000000,0.000000,0.000000,0.000000,0.000000
10.961001,3,8.157879,2.142201,-0.003550,-0.007627,0.003554,-0.000290,0.000000,0.000000,0.000000
10.968001,1,4.924597,0.865032,0.173881,-0.000632,0.003597,0.000730,0.000000,0.000000,0.000000
10.968001,2,7.908846,0.641889,0.000000,0.000000,-0.000000,0.000000,0.000000,0.000000,0.000000
10.968001,3,8.157825,2.142191,-0.003552,-0.007627,0.003554,-0.000290,0.000000,0.000000,0.000000
10.976001,1,4.924597,0.865032,0.173881,-0.000632,0.003597,0.000730,0.000000,0.000000,0.000000
10.976001,2,7.908846,0.641889,0.000000,0.000000,-0.000000,0.000000,0.000000,0.000000,0.000000
10.976001,3,8.157764,2.142180,-0.003554,-0.007627,0.003554,-0.000290,0.000000,0.000000,0.000000
10.985001,1,4.924597,0.865032,0.173881,-0.000632,0.003597,0.000730,0.000000,0.000000,0.000000
10.985001,2,7.908846,0.641889,0.000000,0.000000,-0.000000,0.000000,0.000000,0.000000,0.000000
10.985001,3,8.157696,2.142167,-0.003557,-0.007627,0.003555,-0.000290,0.000000,0.000000,0.000000
10.993001,1,4.924597,0.865032,0.173881,-0.000632,0.003597,0.000730,0.000000,0.000000,0.000000
10.993001,2,7.908846,0.641889,0.000000,0.000000,-0.000000,0.000000,0.000000,0.000000,0.000000
10.993001,3,8.157635,2.142155,-0.003559,-0.007627,0.003555,-0.000290,0.000000,0.000000,0.000000
11.002001,1,4.924597,0.865032,0.173881,-0.000632,0.003597,0.000730,0.000000,0.000000,0.000000
11.002001,2,7.908846,0.641889,0.000000,0.000000,-0.000000,0.000000,0.000000,0.000000,0.000000
11.002001,3,8.157566,2.142143,-0.003561,-0.007627,0.003555,-0.000290,0.000000,0.000000,0.000000
11.010001,1,4.924597,0.865032,0.173881,-0.000632,0.003597,0.000730,0.000000,0.000000,0.000000
11.010001,2,7.908846,0.641889,0.000000,0.000000,-0.000000,0.000000,0.000000,0.000000,0.000000
11.010001,3,8.157505,2.142131,-0.003564,-0.007627,0.003555,-0.000290,0.000000,0.000000,0.000000
11.018001,1,4.924597,0.865032,0.173881,-0.000632,0.003597,0.000730,0.000000,0.000000,0.000000
11.018001,2,7.908846,0.641889,0.000000,0.000000,-0.000000,0.000000,0.000000,0.000000,0.000000
11.018001,3,8.157444,2.142120,-0.003566,-0.007627,0.003555,-0.000290,0.000000,0.000000,0.000000
11.027001,1,4.924597,0.865032,0.173881,-0.000632,0.003597,0.000730,0.000000,0.000000,0.000000
11.027001,2,7.908846,0.641889,0.000000,0.000000,-0.000000,0.000000,0.000000,0.000000,0.000000
11.027001,3,8.157375,2.142107,-0.003569,-0.007627,0.003555,-0.000290,0.000000,0.000000,0.000000
11.035001,1,4.924597,0.865032,0.173881,-0.000632,0.003597,0.000730,0.000000,0.000000,0.000000
11.035001,2,7.908846,0.641889,0.000000,0.000000,-0.000000,0.000000,0.000000,0.000000,0.000000
11.035001,3,8.157314,2.142095,-0.003571,-0.007627,0.003555,-0.000290,0.000000,0.000000,0.000000
11.043001,1,4.924597,0.865032,0.173881,-0.000632,0.003597,0.000730,0.000000,0.000000,0.000000
11.043001,2,7.908846,0.641889,0.000000,0.000000,-0.000000,0.000000,0.000000,0.000000,0.000000
11.043001,3,8.157253,2.142084,-0.003573,-0.007627,0.003556,-0.000290,0.000000,0.000000,0.000000
11.051001,1,4.924597,0.865033,0.173881,-0.000632,0.003596,0.000730,0.000000,0.000000,0.000000
11.051001,2,7.908846,0.641889,0.000000,0.000000,-0.000000,0.000000,0.000000,0.000000,0.000000
11.051001,3,8.157192,2.142072,-0.003576,-0.007626,0.003553,-0.000290,0.000000,0.000000,0.000000
11.060001,1,4.924597,0.865033,0.173881,-0.000632,0.003595,0.000730,0.000000,0.000000,0.000000
11.060001,2,7.908846,0.641889,0.000000,0.000000,-0.000000,0.000000,0.000000,0.000000,0.000000
11.060001,3,8.157124,2.142060,-0.003578,-0.007626,0.003553,-0.000290,0.000000,0.000000,0.000000
11.068001,1,4.924597,0.865033,0.173881,-0.000632,0.003595,0.000730,0.000000,0.000000,0.000000
11.068001,2,7.908846,0.641889,0.000000,0.000000,-0.000000,0.000000,0.000000,0.000000,0.000000
11.068001,3,8.157063,2.142048,-0.003581,-0.007626,0.003553,-0.000290,0.000000,0.000000,0.000000
11.076001,1,4.924597,0.865033,0.173881,-0.000632,0.003595,0.000730,0.000000,0.000000,0.000000
11.076001,2,7.908846,0.641889,0.000000,0.000000,-0.000000,0.000000,0.000000,0.000000,0.000000
11.076001,3,8.157001,2.142037,-0.003583,-0.007626,0.003553,-0.000290,0.000000,0.000000,0.000000
11.085001,1,4.924597,0.865033,0.173881,-0.000632,0.003596,0.000730,0.000000,0.000000,0.000000
11.085001,2,7.908846,0.641889,0.000000,0.000000,-0.000000,0.000000,0.000000,0.000000,0.000000
11.085001,3,8.156933,2.142024,-0.003586,-0.007626,0.003553,-0.000290,0.000000,0.000000,0.000000
11.093001,1,4.924597,0.865033,0.173881,-0.000632,0.003596,0.000730,0.000000,0.000000,0.000000
11.093001,2,7.908846,0.641889,0.000000,0.000000,-0.000000,0.000000,0.000000,0.000000,0.000000
11.093001,3,8.156872,2.142012,-0.003588,-0.007626,0.003553,-0.000290,0.000000,0.000000,0.000000
11.101001,1,4.924597,0.865033,0.173881,-0.000632,0.003596,0.000730,0.000000,0.000000,0.000000
11.101001,2,7.908846,0.641889,0.000000,0.000000,-0.000000,0.000000,0.000000,0.000000,0.000000
11.101001,3,8.156811,2.142001,-0.003590,-0.007627,0.003554,-0.000290,0.000000,0.000000,0.000000
11.110001,1,4.924597,0.865033,0.173881,-0.000632,0.003596,0.000730,0.000000,0.000000,0.000000
11.110001,2,7.908846,0.641889,0.000000,0.000000,-0.000000,0.000000,0.000000,0.000000,0.000000
11.110001,3,8.156742,2.141988,-0.003593,-0.007627,0.003554,-0.000290,0.000000,0.000000,0.000000
11.118001,1,4.924597,0.865033,0.173881,-0.000632,0.003596,0.000730,0.000000,0.000000,0.000000
11.118001,2,7.908846,0.641889,0.000000,0.000000,-0.000000,0.000000,0.000000,0.000000,0.000000
11.118001,3,8.156681,2.141977,-0.003595,-0.007627,0.003554,-0.000290,0.000000,0.000000,0.000000
11.126001,1,4.924597,0.865033,0.173881,-0.000632,0.003596,0.000730,0.000000,0.000000,0.000000
11.126001,2,7.908846,0.641889,0.000000,0.000000,-0.000000,0.000000,0.000000,0.000000,0.000000
11.126001,3,8.156620,2.141965,-0.003597,-0.007627,0.003554,-0.000290,0.000000,0.000000,0.000000
11.135001,1,4.924597,0.865033,0.173881,-0.000632,0.003596,0.000730,0.000000,0.000000,0.000000
11.135001,2,7.908846,0.641889,0.000000,0.000000,-0.000000,0.000000,0.000000,0.000000,0.000000
11.135001,3,8.156551,2.141952,-0.003600,-0.007627,0.003554,-0.000290,0.000000,0.000000,0.000000
11.143001,1,4.924597,0.865033,0.173881,-0.000632,0.003596,0.000730,0.000000,0.000000,0.000000
11.143001,2,7.908846,0.641889,0.000000,0.000000,-0.000000,0.000000,0.000000,0.000000,0.000000
11.143001,3,8.156490,2.141941,-0.003602,-0.007627,0.003554,-0.000290,0.000000,0.000000,0.000000
11.151001,1,4.924597,0.865033,0.173881,-0.000632,0.003596,0.000730,0.000000,0.000000,0.000000
11.151001,2,7.908846,0.641889,0.000000,0.000000,-0.000000,0.000000,0.000000,0.000000,0.000000
11.151001,3,8.156429,2.141929,-0.003605,-0.007627,0.003554,-0.000290,0.000000,0.000000,0.000000
11.160001,1,4.924597,0.865033,0.173881,-0.000632,0.003596,0.000730,0.000000,0.000000,0.000000
11.160001,2,7.908846,0.641889,0.000000,0.000000,-0.000000,0.000000,0.000000,0.000000,0.000000
11.160001,3,8.156361,2.141917,-0.003607,-0.007627,0.003555,-0.000290,0.000000,0.000000,0.000000
11.168001,1,4.924597,0.865033,0.173881,-0.000632,0.003596,0.000730,0.000000,0.000000,0.000000
11.168001,2,7.908846,0.641889,0.000000,0.000000,-0.000000,0.000000,0.000000,0.000000,0.000000
11.168001,3,8.156300,2.141905,-0.003610,-0.007627,0.003555,-0.000290,0.000000,0.000000,0.000000
11.176001,1,4.924597,0.865033,0.173881,-0.000632,0.003596,0.000730,0.000000,0.000000,0.000000
11.176001,2,7.908846,0.641889,0.000000,0.000000,-0.000000,0.000000,0.000000,0.000000,0.000000
11.176001,3,8.156239,2.141894,-0.003612,-0.007627,0.003555,-0.000289,0.000000,0.000000,0.000000
11.185001,1,4.924597,0.865033,0.173881,-0.000632,0.003596,0.000730,0.000000,0.000000,0.000000
11.185001,2,7.908846,0.641889,0.000000,0.000000,-0.000000,0.000000,0.000000,0.000000,0.000000
11.185001,3,8.156170,2.141881,-0.003614,-0.007627,0.003555,-0.000289,0.000000,0.000000,0.000000
11.193001,1,4.924597,0.865033,0.173881,-0.000632,0.003596,0.000730,0.000000,0.000000,0.000000
11.193001,2,7.908846,0.641889,0.000000,0.000000,-0.000000,0.000000,0.000000,0.000000,0.000000
11.193001,3,8.156109,2.141869,-0.003617,-0.007627,0.003555,-0.000289,0.000000,0.000000,0.000000
11.201001,1,4.924597,0.865033,0.173881,-0.000632,0.003596,0.000730,0.000000,0.000000,0.000000
11.201001,2,7.908846,0.641889,0.000000,0.000000,-0.000000,0.000000,0.000000,0.000000,0.000000
11.201001,3,8.156048,2.141858,-0.003619,-0.007627,0.003555,-0.000289,0.000000,0.000000,0.000000
11.209001,1,4.924597,0.865033,0.173881,-0.000632,0.003597,0.000730,0.000000,0.000000,0.000000
11.209001,2,7.908846,0.641889,0.000000,0.000000,-0.000000,0.000000,0.000000,0.000000,0.000000
11.209001,3,8.155987,2.141846,-0.003621,-0.007627,0.003555,-0.000289,0.000000,0.000000,0.000000
11.218001,1,4.924597,0.865033,0.173881,-0.000632,0.003597,0.000730,0.000000,0.000000,0.000000
11.218001,2,7.908846,0.641889,0.000000,0.000000,-0.000000,0.000000,0.000000,0.000000,0.000000
11.218001,3,8.155918,2.141834,-0.003624,-0.007627,0.003556,-0.000289,0.000000,0.000000,0.000000
11.226001,1,4.924597,0.865033,0.173881,-0.000632,0.003597,0.000730,0.000000,0.000000,0.000000
11.226001,2,7.908846,0.641889,0.000000,0.000000,-0.000000,0.000000,0.000000,0.000000,0.000000
11.226001,3,8.155857,2.141822,-0.003626,-0.007627,0.003556,-0.000289,0.000000,0.000000,0.000000
11.234001,1,4.924597,0.865033,0.173881,-0.000632,0.003597,0.000730,0.000000,0.000000,0.000000
11.234001,2,7.908846,0.641889,0.000000,0.000000,-0.000000,0.000000,0.000000,0.000000,0.000000
11.234001,3,8.155796,2.141811,-0.003629,-0.007627,0.003556,-0.000289,0.000000,0.000000,0.000000
11.242001,1,4.924597,0.865033,0.173881,-0.000632,0.003597,0.000730,0.000000,0.000000,0.000000
11.242001,2,7.908846,0.641889,0.000000,0.000000,-0.000000,0.000000,0.000000,0.000000,0.000000
11.242001,3,8.155735,2.141799,-0.003631,-0.007627,0.003556,-0.000289,0.000000,0.000000,0.000000
11.251001,1,4.924597,0.865033,0.173881,-0.000632,0.003597,0.000730,0.000000,0.000000,0.000000
11.251001,2,7.908846,0.641889,0.000000,0.000000,-0.000000,0.000000,0.000000,0.000000,0.000000
11.251001,3,8.155666,2.141786,-0.003634,-0.007627,0.003556,-0.000289,0.000000,0.000000,0.000000
11.259001,1,4.924597,0.865033,0.173881,-0.000632,0.003597,0.000730,0.000000,0.000000,0.000000
11.259001,2,7.908846,0.641889,0.000000,0.000000,-0.000000,0.000000,0.000000,0.000000,0.000000
11.259001,3,8.155605,2.141775,-0.003636,-0.007627,0.003556,-0.000289,0.000000,0.000000,0.000000
11.267001,1,4.924597,0.865033,0.173881,-0.000632,0.003597,0.000730,0.000000,0.000000,0.000000
11.267001,2,7.908846,0.641889,0.000000,0.000000,-0.000000,0.000000,0.000000,0.000000,0.000000
11.267001,3,8.155544,2.141763,-0.003638,-0.007627,0.003556,-0.000289,0.000000,0.000000,0.000000
11.276001,1,4.924597,0.865033,0.173881,-0.000632,0.003597,0.000730,0.000000,0.000000,0.000000
11.276001,2,7.908846,0.641889,0.000000,0.000000,-0.000000,0.000000,0.000000,0.000000,0.000000
11.276001,3,8.155476,2.141751,-0.003641,-0.007627,0.003557,-0.000289,0.000000,0.000000,0.000000
11.284001,1,4.924597,0.865033,0.173881,-0.000632,0.003597,0.000730,0.000000,0.000000,0.000000
11.284001,2,7.908846,0.641889,0.000000,0.000000,-0.000000,0.000000,0.000000,0.000000,0.000000
11.284001,3,8.155415,2.141739,-0.003643,-0.007627,0.003557,-0.000289,0.000000,0.000000,0.000000
11.293001,1,4.924597,0.865033,0.173881,-0.000632,0.003596,0.000730,0.000000,0.000000,0.000000
11.293001,2,7.908846,0.641889,0.000000,0.000000,-0.000000,0.000000,0.000000,0.000000,0.000000
11.293001,3,8.155346,2.141726,-0.003646,-0.007627,0.003555,-0.000289,0.000000,0.000000,0.000000
11.301001,1,4.924597,0.865033,0.173881,-0.000632,0.003595,0.000730,0.000000,0.000000,0.000000
11.301001,2,7.908846,0.641889,0.000000,0.000000,-0.000000,0.000000,0.000000,0.000000,0.000000
11.301001,3,8.155285,2.141715,-0.003648,-0.007627,0.003554,-0.000289,0.000000,0.000000,0.000000
11.309001,1,4.924597,0.865033,0.173881,-0.000632,0.003595,0.000730,0.000000,0.000000,0.000000
11.309001,2,7.908846,0.641889,0.000000,0.000000,-0.000000,0.000000,0.000000,0.000000,0.000000
11.309001,3,8.155224,2.141703,-0.003650,-0.007627,0.003554,-0.000289,0.000000,0.000000,0.000000
11.319001,1,4.924597,0.865033,0.173881,-0.000632,0.003595,0.000730,0.000000,0.000000,0.000000
11.319001,2,7.908846,0.641889,0.000000,0.000000,-0.000000,0.000000,0.000000,0.000000,0.000000
11.319001,3,8.155148,2.141689,-0.003653,-0.007627,0.003554,-0.000289,0.000000,0.000000,0.000000
11.326001,1,4.924597,0.865033,0.173881,-0.000632,0.003596,0.000730,0.000000,0.000000,0.000000
11.326001,2,7.908846,0.641889,0.000000,0.000000,-0.000000,0.000000,0.000000,0.000000,0.000000
11.326001,3,8.155094,2.141679,-0.003655,-0.007627,0.003554,-0.000289,0.000000,0.000000,0.000000
11.334001,1,4.924597,0.865033,0.173881,-0.000632,0.003596,0.000730,0.000000,0.000000,0.000000
11.334001,2,7.908846,0.641889,0.000000,0.000000,-0.000000,0.000000,0.000000,0.000000,0.000000
11.334001,3,8.155033,2.141668,-0.003658,-0.007627,0.003554,-0.000289,0.000000,0.000000,0.000000
11.343001,1,4.924597,0.865033,0.173881,-0.000632,0.003596,0.000730,0.000000,0.000000,0.000000
11.343001,2,7.908846,0.641889,0.000000,0.000000,-0.000000,0.000000,0.000000,0.000000,0.000000
11.343001,3,8.154964,2.141655,-0.003660,-0.007627,0.003555,-0.000289,0.000000,0.000000,0.000000
11.351001,1,4.924597,0.865033,0.173881,-0.000632,0.003596,0.000730,0.000000,0.000000,0.000000
11.351001,2,7.908846,0.641889,0.000000,0.000000,-0.000000,0.000000,0.000000,0.000000,0.000000
11.351001,3,8.154903,2.141643,-0.003662,-0.007627,0.003555,-0.000289,0.000000,0.000000,0.000000
11.359001,1,4.924597,0.865033,0.173881,-0.000632,0.003596,0.000730,0.000000,0.000000,0.000000
11.359001,2,7.908846,0.641889,0.000000,0.000000,-0.000000,0.000000,0.000000,0.000000,0.000000
11.359001,3,8.154842,2.141632,-0.003665,-0.007627,0.003555,-0.000289,0.000000,0.000000,0.000000
11.368001,1,4.924597,0.865033,0.173881,-0.000632,0.003596,0.000730,0.000000,0.000000,0.000000
11.368001,2,7.908846,0.641889,0.000000,0.000000,-0.000000,0.000000,0.000000,0.000000,0.000000
11.368001,3,8.154774,2.141619,-0.003667,-0.007627,0.003555,-0.000289,0.000000,0.000000,0.000000
11.376001,1,4.924597,0.865033,0.173881,-0.000632,0.003596,0.000730,0.000000,0.000000,0.000000
11.376001,2,7.908846,0.641889,0.000000,0.000000,-0.000000,0.000000,0.000000,0.000000,0.000000
11.376001,3,8.154713,2.141608,-0.003670,-0.007627,0.003555,-0.000289,0.000000,0.000000,0.000000
11.385001,1,4.924597,0.865033,0.173881,-0.000632,0.003596,0.000730,0.000000,0.000000,0.000000
11.385001,2,7.908846,0.641889,0.000000,0.000000,-0.000000,0.000000,0.000000,0.000000,0.000000
11.385001,3,8.154644,2.141595,-0.003672,-0.007627,0.003555,-0.000289,0.000000,0.000000,0.000000
11.393001,1,4.924597,0.865033,0.173881,-0.000632,0.003596,0.000730,0.000000,0.000000,0.000000
11.393001,2,7.908846,0.641889,0.000000,0.000000,-0.000000,0.000000,0.000000,0.000000,0.000000
11.393001,3,8.154583,2.141583,-0.003675,-0.007627,0.003556,-0.000289,0.000000,0.000000,0.000000
11.401001,1,4.924597,0.865033,0.173881,-0.000632,0.003596,0.000730,0.000000,0.000000,0.000000
11.401001,2,7.908846,0.641889,0.000000,0.000000,-0.000000,0.000000,0.000000,0.000000,0.000000
11.401001,3,8.154522,2.141572,-0.003677,-0.007627,0.003556,-0.000289,0.000000,0.000000,0.000000
11.409001,1,4.924597,0.865033,0.173881,-0.000632,0.003596,0.000730,0.000000,0.000000,0.000000
11.409001,2,7.908846,0.641889,0.000000,0.000000,-0.000000,0.000000,0.000000,0.000000,0.000000
11.409001,3,8.154461,2.141560,-0.003679,-0.007627,0.003556,-0.000289,0.000000,0.000000,0.000000
11.418001,1,4.924597,0.865033,0.173881,-0.000632,0.003596,0.000730,0.000000,0.000000,0.000000
11.418001,2,7.908846,0.641889,0.000000,0.000000,-0.000000,0.000000,0.000000,0.000000,0.000000
11.418001,3,8.154392,2.141547,-0.003682,-0.007627,0.003556,-0.000289,0.000000,0.000000,0.000000
11.426001,1,4.924597,0.865033,0.173881,-0.000632,0.003596,0.000730,0.000000,0.000000,0.000000
11.426001,2,7.908846,0.641889,0.000000,0.000000,-0.000000,0.000000,0.000000,0.000000,0.000000
11.426001,3,8.154331,2.141536,-0.003684,-0.007627,0.003556,-0.000289,0.000000,0.000000,0.000000
11.435001,1,4.924597,0.865033,0.173881,-0.000632,0.003596,0.000730,0.000000,0.000000,0.000000
11.435001,2,7.908846,0.641889,0.000000,0.000000,-0.000000,0.000000,0.000000,0.000000,0.000000
11.435001,3,8.154263,2.141523,-0.003687,-0.007627,0.003556,-0.000289,0.000000,0.000000,0.000000
11.443001,1,4.924597,0.865033,0.173881,-0.000632,0.003596,0.000730,0.000000,0.000000,0.000000
11.443001,2,7.908846,0.641889,0.000000,0.000000,-0.000000,0.000000,0.000000,0.000000,0.000000
11.443001,3,8.154202,2.141512,-0.003689,-0.007627,0.003556,-0.000289,0.000000,0.000000,0.000000
11.452001,1,4.924597,0.865033,0.173881,-0.000632,0.003597,0.000730,0.000000,0.000000,0.000000
11.452001,2,7.908846,0.641889,0.000000,0.000000,-0.000000,0.000000,0.000000,0.000000,0.000000
11.452001,3,8.154133,2.141499,-0.003692,-0.007627,0.003557,-0.000289,0.000000,0.000000,0.000000
11.460001,1,4.924597,0.865033,0.173881,-0.000632,0.003597,0.000730,0.000000,0.000000,0.000000
11.460001,2,7.908846,0.641889,0.000000,0.000000,-0.000000,0.000000,0.000000,0.000000,0.000000
11.460001,3,8.154072,2.141487,-0.003694,-0.007627,0.003557,-0.000289,0.000000,0.000000,0.000000
11.469001,1,4.924597,0.865033,0.173881,-0.000632,0.003597,0.000730,0.000000,0.000000,0.000000
11.469001,2,7.908846,0.641889,0.000000,0.000000,-0.000000,0.000000,0.000000,0.000000,0.000000
11.469001,3,8.154003,2.141474,-0.003697,-0.007627,0.003557,-0.000289,0.000000,0.000000,0.000000
11.477001,1,4.924597,0.865033,0.173881,-0.000632,0.003597,0.000730,0.000000,0.000000,0.000000
11.477001,2,7.908846,0.641889,0.000000,0.000000,-0.000000,0.000000,0.000000,0.000000,0.000000
11.477001,3,8.153942,2.141463,-0.003699,-0.007627,0.003557,-0.000289,0.000000,0.000000,0.000000
11.485001,1,4.924597,0.865033,0.173881,-0.000632,0.003597,0.000730,0.000000,0.000000,0.000000
11.485001,2,7.908846,0.641889,0.000000,0.000000,-0.000000,0.000000,0.000000,0.000000,0.000000
11.485001,3,8.153881,2.141452,-0.003701,-0.007628,0.003558,-0.000289,0.000000,0.000000,0.000000
11.493001,1,4.924597,0.865033,0.173881,-0.000632,0.003597,0.000730,0.000000,0.000000,0.000000
11.493001,2,7.908846,0.641889,0.000000,0.000000,-0.000000,0.000000,0.000000,0.000000,0.000000
11.493001,3,8.153820,2.141440,-0.003704,-0.007628,0.003557,-0.000289,0.000000,0.000000,0.000000
11.501001,1,4.924597,0.865033,0.173881,-0.000632,0.003597,0.000730,0.000000,0.000000,0.000000
11.501001,2,7.908846,0.641889,0.000000,0.000000,-0.000000,0.000000,0.000000,0.000000,0.000000
11.501001,3,8.153759,2.141429,-0.003706,-0.007628,0.003558,-0.000289,0.000000,0.000000,0.000000
11.509001,1,4.924597,0.865033,0.173881,-0.000632,0.003597,0.000730,0.000000,0.000000,0.000000
11.509001,2,7.908846,0.641889,0.000000,0.000000,-0.000000,0.000000,0.000000,0.000000,0.000000
11.509001,3,8.153698,2.141417,-0.003708,-0.007628,0.003558,-0.000289,0.000000,0.000000,0.000000
11.518001,1,4.924597,0.865033,0.173881,-0.000632,0.003597,0.000730,0.000000,0.000000,0.000000
11.518001,2,7.908846,0.641889,0.000000,0.000000,-0.000000,0.000000,0.000000,0.000000,0.000000
11.518001,3,8.153629,2.141404,-0.003711,-0.007628,0.003558,-0.000289,0.000000,0.000000,0.000000
11.526001,1,4.924597,0.865033,0.173881,-0.000632,0.003596,0.000730,0.000000,0.000000,0.000000
11.526001,2,7.908846,0.641889,0.000000,0.000000,-0.000000,0.000000,0.000000,0.000000,0.000000
11.526001,3,8.153568,2.141393,-0.003713,-0.007627,0.003556,-0.000289,0.000000,0.000000,0.000000
11.535001,1,4.924597,0.865033,0.173881,-0.000632,0.003595,0.000730,0.000000,0.000000,0.000000
11.535001,2,7.908846,0.641889,0.000000,0.000000,-0.000000,0.000000,0.000000,0.000000,0.000000
11.535001,3,8.153500,2.141380,-0.003716,-0.007627,0.003555,-0.000289,0.000000,0.000000,0.000000
11.544001,1,4.924597,0.865033,0.173881,-0.000632,0.003595,0.000730,0.000000,0.000000,0.000000
11.544001,2,7.908846,0.641889,0.000000,0.000000,-0.000000,0.000000,0.000000,0.000000,0.000000
11.544001,3,8.153431,2.141367,-0.003718,-0.007627,0.003555,-0.000289,0.000000,0.000000,0.000000
11.551001,1,4.924597,0.865033,0.173881,-0.000632,0.003595,0.000730,0.000000,0.000000,0.000000
11.551001,2,7.908846,0.641889,0.000000,0.000000,-0.000000,0.000000,0.000000,0.000000,0.000000
11.551001,3,8.153378,2.141357,-0.003720,-0.007627,0.003555,-0.000289,0.000000,0.000000,0.000000
11.559001,1,4.924597,0.865033,0.173881,-0.000632,0.003596,0.000730,0.000000,0.000000,0.000000
11.559001,2,7.908846,0.641889,0.000000,0.000000,-0.000000,0.000000,0.000000,0.000000,0.000000
11.559001,3,8.153316,2.141346,-0.003723,-0.007627,0.003555,-0.000289,0.000000,0.000000,0.000000
11.567001,1,4.924597,0.865033,0.173881,-0.000632,0.003596,0.000730,0.000000,0.000000,0.000000
11.567001,2,7.908846,0.641889,0.000000,0.000000,-0.000000,0.000000,0.000000,0.000000,0.000000
11.567001,3,8.153255,2.141334,-0.003725,-0.007627,0.003556,-0.000289,0.000000,0.000000,0.000000
11.576001,1,4.924597,0.865033,0.173881,-0.000632,0.003596,0.000730,0.000000,0.000000,0.000000
11.576001,2,7.908846,0.641889,0.000000,0.000000,-0.000000,0.000000,0.000000,0.000000,0.000000
11.576001,3,8.153187,2.141321,-0.003728,-0.007627,0.003556,-0.000289,0.000000,0.000000,0.000000
11.584001,1,4.924597,0.865033,0.173881,-0.000632,0.003596,0.000730,0.000000,0.000000,0.000000
11.584001,2,7.908846,0.641889,0.000000,0.000000,-0.000000,0.000000,0.000000,0.000000,0.000000
11.584001,3,8.153126,2.141310,-0.003730,-0.007627,0.003556,-0.000289,0.000000,0.000000,0.000000
11.593001,1,4.924597,0.865033,0.173881,-0.000632,0.003596,0.000730,0.000000,0.000000,0.000000
11.593001,2,7.908846,0.641889,0.000000,0.000000,-0.000000,0.000000,0.000000,0.000000,0.000000
11.593001,3,8.153057,2.141297,-0.003732,-0.007627,0.003556,-0.000289,0.000000,0.000000,0.000000
11.601001,1,4.924597,0.865033,0.173881,-0.000632,0.003596,0.000730,0.000000,0.000000,0.000000
11.601001,2,7.908846,0.641889,0.000000,0.000000,-0.000000,0.000000,0.000000,0.000000,0.000000
11.601001,3,8.152996,2.141286,-0.003735,-0.007627,0.003556,-0.000289,0.000000,0.000000,0.000000
11.609001,1,4.924597,0.865033,0.173881,-0.000632,0.003596,0.000730,0.000000,0.000000,0.000000
11.609001,2,7.908846,0.641889,0.000000,0.000000,-0.000000,0.000000,0.000000,0.000000,0.000000
11.609001,3,8.152935,2.141274,-0.003737,-0.007627,0.003556,-0.000289,0.000000,0.000000,0.000000
11.618001,1,4.924597,0.865033,0.173881,-0.000632,0.003596,0.000730,0.000000,0.000000,0.000000
11.618001,2,7.908846,0.641889,0.000000,0.000000,-0.000000,0.000000,0.000000,0.000000,0.000000
11.618001,3,8.152866,2.141261,-0.003740,-0.007627,0.003556,-0.000289,0.000000,0.000000,0.000000
11.626001,1,4.924597,0.865033,0.173881,-0.000632,0.003596,0.000730,0.000000,0.000000,0.000000
11.626001,2,7.908846,0.641889,0.000000,0.000000,-0.000000,0.000000,0.000000,0.000000,0.000000
11.626001,3,8.152805,2.141250,-0.003742,-0.007627,0.003557,-0.000289,0.000000,0.000000,0.000000
11.634001,1,4.924597,0.865033,0.173881,-0.000632,0.003596,0.000730,0.000000,0.000000,0.000000
11.634001,2,7.908846,0.641889,0.000000,0.000000,-0.000000,0.000000,0.000000,0.000000,0.000000
11.634001,3,8.152744,2.141238,-0.003744,-0.007627,0.003557,-0.000289,0.000000,0.000000,0.000000
11.642001,1,4.924597,0.865033,0.173881,-0.000632,0.003596,0.000730,0.000000,0.000000,0.000000
11.642001,2,7.908846,0.641889,0.000000,0.000000,-0.000000,0.000000,0.000000,0.000000,0.000000
11.642001,3,8.152683,2.141227,-0.003747,-0.007627,0.003557,-0.000289,0.000000,0.000000,0.000000
11.651001,1,4.924597,0.865033,0.173881,-0.000632,0.003596,0.000730,0.000000,0.000000,0.000000
11.651001,2,7.908846,0.641889,0.000000,0.000000,-0.000000,0.000000,0.000000,0.000000,0.000000
11.651001,3,8.152615,2.141214,-0.003749,-0.007627,0.003557,-0.000289,0.000000,0.000000,0.000000
11.659001,1,4.924597,0.865033,0.173881,-0.000632,0.003596,0.000730,0.000000,0.000000,0.000000
11.659001,2,7.908846,0.641889,0.000000,0.000000,-0.000000,0.000000,0.000000,0.000000,0.000000
11.659001,3,8.152554,2.141203,-0.003751,-0.007627,0.003557,-0.000289,0.000000,0.000000,0.000000
11.668001,1,4.924597,0.865033,0.173881,-0.000632,0.003596,0.000730,0.000000,0.000000,0.000000
11.668001,2,7.908846,0.641889,0.000000,0.000000,-0.000000,0.000000,0.000000,0.000000,0.000000
11.668001,3,8.152485,2.141190,-0.003754,-0.007628,0.003557,-0.000289,0.000000,0.000000,0.000000
11.676001,1,4.924597,0.865033,0.173881,-0.000632,0.003596,0.000730,0.000000,0.000000,0.000000
11.676001,2,7.908846,0.641889,0.000000,0.000000,-0.000000,0.000000,0.000000,0.000000,0.000000
11.676001,3,8.152424,2.141178,-0.003756,-0.007628,0.003557,-0.000289,0.000000,0.000000,0.000000
11.685001,1,4.924597,0.865033,0.173881,-0.000632,0.003597,0.000730,0.000000,0.000000,0.000000
11.685001,2,7.908846,0.641889,0.000000,0.000000,-0.000000,0.000000,0.000000,0.000000,0.000000
11.685001,3,8.152355,2.141165,-0.003759,-0.007628,0.003558,-0.000289,0.000000,0.000000,0.000000
11.693001,1,4.924597,0.865033,0.173881,-0.000632,0.003597,0.000730,0.000000,0.000000,0.000000
11.693001,2,7.908846,0.641889,0.000000,0.000000,-0.000000,0.000000,0.000000,0.000000,0.000000
11.693001,3,8.152294,2.141154,-0.003761,-0.007628,0.003558,-0.000289,0.000000,0.000000,0.000000
11.702001,1,4.924597,0.865033,0.173881,-0.000632,0.003597,0.000730,0.000000,0.000000,0.000000
11.702001,2,7.908846,0.641889,0.000000,0.000000,-0.000000,0.000000,0.000000,0.000000,0.000000
11.702001,3,8.152225,2.141141,-0.003764,-0.007628,0.003558,-0.000289,0.000000,0.000000,0.000000
11.710001,1,4.924597,0.865033,0.173881,-0.000632,0.003597,0.000730,0.000000,0.000000,0.000000
11.710001,2,7.908846,0.641889,0.000000,0.000000,-0.000000,0.000000,0.000000,0.000000,0.000000
11.710001,3,8.152164,2.141130,-0.003766,-0.007628,0.003558,-0.000289,0.000000,0.000000,0.000000
11.717001,1,4.924597,0.865033,0.173881,-0.000632,0.003597,0.000730,0.000000,0.000000,0.000000
11.717001,2,7.908846,0.641889,0.000000,0.000000,-0.000000,0.000000,0.000000,0.000000,0.000000
11.717001,3,8.152111,2.141120,-0.003768,-0.007628,0.003558,-0.000289,0.000000,0.000000,0.000000
11.726001,1,4.924597,0.865033,0.173881,-0.000632,0.003597,0.000730,0.000000,0.000000,0.000000
11.726001,2,7.908846,0.641889,0.000000,0.000000,-0.000000,0.000000,0.000000,0.000000,0.000000
11.726001,3,8.152042,2.141107,-0.003771,-0.007628,0.003558,-0.000289,0.000000,0.000000,0.000000
11.734001,1,4.924597,0.865033,0.173881,-0.000632,0.003597,0.000730,0.000000,0.000000,0.000000
11.734001,2,7.908846,0.641889,0.000000,0.000000,-0.000000,0.000000,0.000000,0.000000,0.000000
11.734001,3,8.151981,2.141095,-0.003773,-0.007628,0.003558,-0.000288,0.000000,0.000000,0.000000
11.743001,1,4.924597,0.865033,0.173881,-0.000632,0.003597,0.000730,0.000000,0.000000,0.000000
11.743001,2,7.908846,0.641889,0.000000,0.000000,-0.000000,0.000000,0.000000,0.000000,0.000000
11.743001,3,8.151913,2.141083,-0.003776,-0.007628,0.003559,-0.000288,0.000000,0.000000,0.000000
11.751001,1,4.924597,0.865033,0.173881,-0.000632,0.003597,0.000730,0.000000,0.000000,0.000000
11.751001,2,7.908846,0.641889,0.000000,0.000000,-0.000000,0.000000,0.000000,0.000000,0.000000
11.751001,3,8.151852,2.141071,-0.003778,-0.007628,0.003559,-0.000288,0.000000,0.000000,0.000000
11.760001,1,4.924597,0.865033,0.173881,-0.000632,0.003597,0.000730,0.000000,0.000000,0.000000
11.760001,2,7.908846,0.641889,0.000000,0.000000,-0.000000,0.000000,0.000000,0.000000,0.000000
11.760001,3,8.151783,2.141058,-0.003781,-0.007628,0.003559,-0.000288,0.000000,0.000000,0.000000
11.768001,1,4.924597,0.865033,0.173881,-0.000632,0.003596,0.000730,0.000000,0.000000,0.000000
11.768001,2,7.908846,0.641889,0.000000,0.000000,-0.000000,0.000000,0.000000,0.000000,0.000000
11.768001,3,8.151722,2.141047,-0.003783,-0.007628,0.003558,-0.000288,0.000000,0.000000,0.000000
11.776001,1,4.924597,0.865033,0.173881,-0.000632,0.003596,0.000730,0.000000,0.000000,0.000000
11.776001,2,7.908846,0.641889,0.000000,0.000000,-0.000000,0.000000,0.000000,0.000000,0.000000
11.776001,3,8.151661,2.141035,-0.003785,-0.007627,0.003556,-0.000289,0.000000,0.000000,0.000000
11.785001,1,4.924597,0.865033,0.173881,-0.000632,0.003595,0.000730,0.000000,0.000000,0.000000
11.785001,2,7.908846,0.641889,0.000000,0.000000,-0.000000,0.000000,0.000000,0.000000,0.000000
11.785001,3,8.151592,2.141022,-0.003788,-0.007627,0.003556,-0.000289,0.000000,0.000000,0.000000
11.793001,1,4.924597,0.865033,0.173881,-0.000632,0.003596,0.000730,0.000000,0.000000,0.000000
11.793001,2,7.908846,0.641889,0.000000,0.000000,-0.000000,0.000000,0.000000,0.000000,0.000000
11.793001,3,8.151531,2.141011,-0.003790,-0.007627,0.003556,-0.000289,0.000000,0.000000,0.000000
11.801001,1,4.924597,0.865033,0.173881,-0.000632,0.003596,0.000730,0.000000,0.000000,0.000000
11.801001,2,7.908846,0.641889,0.000000,0.000000,-0.000000,0.000000,0.000000,0.000000,0.000000
11.801001,3,8.151470,2.141000,-0.003792,-0.007627,0.003557,-0.000289,0.000000,0.000000,0.000000
11.810001,1,4.924597,0.865033,0.173881,-0.000632,0.003596,0.000730,0.000000,0.000000,0.000000
11.810001,2,7.908846,0.641889,0.000000,0.000000,-0.000000,0.000000,0.000000,0.000000,0.000000
11.810001,3,8.151402,2.140987,-0.003795,-0.007627,0.003557,-0.000289,0.000000,0.000000,0.000000
11.818001,1,4.924597,0.865033,0.173881,-0.000632,0.003596,0.000730,0.000000,0.000000,0.000000
11.818001,2,7.908846,0.641889,0.000000,0.000000,-0.000000,0.000000,0.000000,0.000000,0.000000
11.818001,3,8.151340,2.140975,-0.003797,-0.007627,0.003557,-0.000289,0.000000,0.000000,0.000000
11.827001,1,4.924597,0.865033,0.173881,-0.000632,0.003596,0.000730,0.000000,0.000000,0.000000
11.827001,2,7.908846,0.641889,0.000000,0.000000,-0.000000,0.000000,0.000000,0.000000,0.000000
11.827001,3,8.151272,2.140962,-0.003800,-0.007627,0.003557,-0.000289,0.000000,0.000000,0.000000
11.835001,1,4.924597,0.865033,0.173881,-0.000632,0.003596,0.000730,0.000000,0.000000,0.000000
11.835001,2,7.908846,0.641889,0.000000,0.000000,-0.000000,0.000000,0.000000,0.000000,0.000000
11.835001,3,8.151211,2.140951,-0.003802,-0.007627,0.003557,-0.000289,0.000000,0.000000,0.000000
11.843001,1,4.924597,0.865033,0.173881,-0.000632,0.003596,0.000730,0.000000,0.000000,0.000000
11.843001,2,7.908846,0.641889,0.000000,0.000000,-0.000000,0.000000,0.000000,0.000000,0.000000
11.843001,3,8.151150,2.140939,-0.003805,-0.007627,0.003557,-0.000289,0.000000,0.000000,0.000000
11.851001,1,4.924597,0.865033,0.173881,-0.000632,0.003596,0.000730,0.000000,0.000000,0.000000
11.851001,2,7.908846,0.641889,0.000000,0.000000,-0.000000,0.000000,0.000000,0.000000,0.000000
11.851001,3,8.151089,2.140928,-0.003807,-0.007628,0.003557,-0.000288,0.000000,0.000000,0.000000
11.860001,1,4.924597,0.865033,0.173881,-0.000632,0.003596,0.000730,0.000000,0.000000,0.000000
11.860001,2,7.908846,0.641889,0.000000,0.000000,-0.000000,0.000000,0.000000,0.000000,0.000000
11.860001,3,8.151020,2.140915,-0.003809,-0.007628,0.003558,-0.000288,0.000000,0.000000,0.000000
11.868001,1,4.924597,0.865033,0.173881,-0.000632,0.003596,0.000730,0.000000,0.000000,0.000000
11.868001,2,7.908846,0.641889,0.000000,0.000000,-0.000000,0.000000,0.000000,0.000000,0.000000
11.868001,3,8.150959,2.140904,-0.003812,-0.007628,0.003558,-0.000288,0.000000,0.000000,0.000000
11.876001,1,4.924597,0.865033,0.173881,-0.000632,0.003596,0.000730,0.000000,0.000000,0.000000
11.876001,2,7.908846,0.641889,0.000000,0.000000,-0.000000,0.000000,0.000000,0.000000,0.000000
11.876001,3,8.150898,2.140892,-0.003814,-0.007628,0.003558,-0.000288,0.000000,0.000000,0.000000
11.885001,1,4.924597,0.865033,0.173881,-0.000632,0.003596,0.000730,0.000000,0.000000,0.000000
11.885001,2,7.908846,0.641889,0.000000,0.000000,-0.000000,0.000000,0.000000,0.000000,0.000000
11.885001,3,8.150829,2.140879,-0.003817,-0.007628,0.003558,-0.000288,0.000000,0.000000,0.000000
11.893001,1,4.924597,0.865033,0.173881,-0.000632,0.003596,0.000730,0.000000,0.000000,0.000000
11.893001,2,7.908846,0.641889,0.000000,0.000000,-0.000000,0.000000,0.000000,0.000000,0.000000
11.893001,3,8.150768,2.140868,-0.003819,-0.007628,0.003558,-0.000288,0.000000,0.000000,0.000000
11.902001,1,4.924597,0.865033,0.173881,-0.000632,0.003596,0.000730,0.000000,0.000000,0.000000
11.902001,2,7.908846,0.641889,0.000000,0.000000,-0.000000,0.000000,0.000000,0.000000,0.000000
11.902001,3,8.150700,2.140855,-0.003822,-0.007628,0.003558,-0.000288,0.000000,0.000000,0.000000
11.910001,1,4.924597,0.865033,0.173881,-0.000632,0.003596,0.000730,0.000000,0.000000,0.000000
11.910001,2,7.908846,0.641889,0.000000,0.000000,-0.000000,0.000000,0.000000,0.000000,0.000000
11.910001,3,8.150639,2.140844,-0.003824,-0.007628,0.003558,-0.000288,0.000000,0.000000,0.000000
11.918001,1,4.924597,0.865033,0.173881,-0.000632,0.003596,0.000730,0.000000,0.000000,0.000000
11.918001,2,7.908846,0.641889,0.000000,0.000000,-0.000000,0.000000,0.000000,0.000000,0.000000
11.918001,3,8.150578,2.140832,-0.003826,-0.007628,0.003559,-0.000288,0.000000,0.000000,0.000000
11.926001,1,4.924597,0.865033,0.173881,-0.000632,0.003597,0.000730,0.000000,0.000000,0.000000
11.926001,2,7.908846,0.641889,0.000000,0.000000,-0.000000,0.000000,0.000000,0.000000,0.000000
11.926001,3,8.150517,2.140821,-0.003829,-0.007628,0.003559,-0.000288,0.000000,0.000000,0.000000
11.934001,1,4.924597,0.865033,0.173881,-0.000632,0.003597,0.000730,0.000000,0.000000,0.000000
11.934001,2,7.908846,0.641889,0.000000,0.000000,-0.000000,0.000000,0.000000,0.000000,0.000000
11.934001,3,8.150455,2.140809,-0.003831,-0.007628,0.003559,-0.000288,0.000000,0.000000,0.000000
11.943001,1,4.924597,0.865033,0.173881,-0.000632,0.003597,0.000730,0.000000,0.000000,0.000000
11.943001,2,7.908846,0.641889,0.000000,0.000000,-0.000000,0.000000,0.000000,0.000000,0.000000
11.943001,3,8.150387,2.140796,-0.003833,-0.007628,0.003559,-0.000288,0.000000,0.000000,0.000000
11.951001,1,4.924597,0.865033,0.173881,-0.000632,0.003597,0.000730,0.000000,0.000000,0.000000
11.951001,2,7.908846,0.641889,0.000000,0.000000,-0.000000,0.000000,0.000000,0.000000,0.000000
11.951001,3,8.150326,2.140785,-0.003836,-0.007628,0.003559,-0.000288,0.000000,0.000000,0.000000
11.959001,1,4.924597,0.865033,0.173881,-0.000632,0.003597,0.000730,0.000000,0.000000,0.000000
11.959001,2,7.908846,0.641889,0.000000,0.000000,-0.000000,0.000000,0.000000,0.000000,0.000000
11.959001,3,8.150265,2.140774,-0.003838,-0.007628,0.003559,-0.000288,0.000000,0.000000,0.000000
11.968001,1,4.924597,0.865033,0.173881,-0.000632,0.003597,0.000730,0.000000,0.000000,0.000000
11.968001,2,7.908846,0.641889,0.000000,0.000000,-0.000000,0.000000,0.000000,0.000000,0.000000
11.968001,3,8.150196,2.140761,-0.003841,-0.007628,0.003559,-0.000288,0.000000,0.000000,0.000000
11.976001,1,4.924597,0.865033,0.173881,-0.000632,0.003597,0.000730,0.000000,0.000000,0.000000
11.976001,2,7.908846,0.641889,0.000000,0.000000,-0.000000,0.000000,0.000000,0.000000,0.000000
11.976001,3,8.150135,2.140749,-0.003843,-0.007628,0.003560,-0.000288,0.000000,0.000000,0.000000
11.985001,1,4.924597,0.865033,0.173881,-0.000632,0.003597,0.000730,0.000000,0.000000,0.000000
11.985001,2,7.908846,0.641889,0.000000,0.000000,-0.000000,0.000000,0.000000,0.000000,0.000000
11.985001,3,8.150066,2.140736,-0.003846,-0.007628,0.003560,-0.000288,0.000000,0.000000,0.000000
11.994001,1,4.924597,0.865033,0.173881,-0.000632,0.003597,0.000730,0.000000,0.000000,0.000000
11.994001,2,7.908846,0.641889,0.000000,0.000000,-0.000000,0.000000,0.000000,0.000000,0.000000
11.994001,3,8.149998,2.140723,-0.003848,-0.007628,0.003560,-0.000288,0.000000,0.000000,0.000000
12.002001,1,4.924597,0.865033,0.173881,-0.000632,0.003597,0.000730,0.000000,0.000000,0.000000
12.002001,2,7.908846,0.641889,0.000000,0.000000,-0.000000,0.000000,0.000000,0.000000,0.000000
12.002001,3,8.149937,2.140712,-0.003850,-0.007628,0.003560,-0.000288,0.000000,0.000000,0.000000
12.010001,1,4.924597,0.865033,0.173881,-0.000632,0.003597,0.000730,0.000000,0.000000,0.000000
12.010001,2,7.908846,0.641889,0.000000,0.000000,-0.000000,0.000000,0.000000,0.000000,0.000000
12.010001,3,8.149876,2.140701,-0.003853,-0.007628,0.003560,-0.000288,0.000000,0.000000,0.000000
12.018001,1,4.924597,0.865033,0.173881,-0.000632,0.003596,0.000730,0.000000,0.000000,0.000000
12.018001,2,7.908846,0.641889,0.000000,0.000000,-0.000000,0.000000,0.000000,0.000000,0.000000
12.018001,3,8.149815,2.140689,-0.003855,-0.007628,0.003558,-0.000288,0.000000,0.000000,0.000000
12.027001,1,4.924597,0.865033,0.173881,-0.000632,0.003595,0.000730,0.000000,0.000000,0.000000
12.027001,2,7.908846,0.641889,0.000000,0.000000,-0.000000,0.000000,0.000000,0.000000,0.000000
12.027001,3,8.149746,2.140676,-0.003858,-0.007628,0.003557,-0.000288,0.000000,0.000000,0.000000
12.035001,1,4.924597,0.865033,0.173881,-0.000632,0.003596,0.000730,0.000000,0.000000,0.000000
12.035001,2,7.908846,0.641889,0.000000,0.000000,-0.000000,0.000000,0.000000,0.000000,0.000000
12.035001,3,8.149685,2.140665,-0.003860,-0.007628,0.003558,-0.000288,0.000000,0.000000,0.000000
12.044001,1,4.924597,0.865033,0.173881,-0.000632,0.003596,0.000730,0.000000,0.000000,0.000000
12.044001,2,7.908846,0.641889,0.000000,0.000000,-0.000000,0.000000,0.000000,0.000000,0.000000
12.044001,3,8.149616,2.140652,-0.003863,-0.007628,0.003558,-0.000288,0.000000,0.000000,0.000000
12.051001,1,4.924597,0.865033,0.173881,-0.000632,0.003596,0.000730,0.000000,0.000000,0.000000
12.051001,2,7.908846,0.641889,0.000000,0.000000,-0.000000,0.000000,0.000000,0.000000,0.000000
12.051001,3,8.149563,2.140642,-0.003865,-0.007628,0.003558,-0.000288,0.000000,0.000000,0.000000
12.060001,1,4.924597,0.865033,0.173881,-0.000632,0.003596,0.000730,0.000000,0.000000,0.000000
12.060001,2,7.908846,0.641889,0.000000,0.000000,-0.000000,0.000000,0.000000,0.000000,0.000000
12.060001,3,8.149494,2.140629,-0.003867,-0.007628,0.003558,-0.000288,0.000000,0.000000,0.000000
12.069001,1,4.924597,0.865033,0.173881,-0.000632,0.003596,0.000730,0.000000,0.000000,0.000000
12.069001,2,7.908846,0.641889,0.000000,0.000000,-0.000000,0.000000,0.000000,0.000000,0.000000
12.069001,3,8.149426,2.140616,-0.003870,-0.007628,0.003558,-0.000288,0.000000,0.000000,0.000000
12.077001,1,4.924597,0.865033,0.173881,-0.000632,0.003596,0.000730,0.000000,0.000000,0.000000
12.077001,2,7.908846,0.641889,0.000000,0.000000,-0.000000,0.000000,0.000000,0.000000,0.000000
12.077001,3,8.149364,2.140605,-0.003872,-0.007628,0.003558,-0.000288,0.000000,0.000000,0.000000
12.085001,1,4.924597,0.865033,0.173881,-0.000632,0.003596,0.000730,0.000000,0.000000,0.000000
12.085001,2,7.908846,0.641889,0.000000,0.000000,-0.000000,0.000000,0.000000,0.000000,0.000000
12.085001,3,8.149303,2.140593,-0.003874,-0.007628,0.003558,-0.000288,0.000000,0.000000,0.000000
12.093001,1,4.924597,0.865033,0.173881,-0.000632,0.003596,0.000730,0.000000,0.000000,0.000000
12.093001,2,7.908846,0.641889,0.000000,0.000000,-0.000000,0.000000,0.000000,0.000000,0.000000
12.093001,3,8.149242,2.140582,-0.003877,-0.007628,0.003559,-0.000288,0.000000,0.000000,0.000000
12.101001,1,4.924597,0.865033,0.173881,-0.000632,0.003596,0.000730,0.000000,0.000000,0.000000
12.101001,2,7.908846,0.641889,0.000000,0.000000,-0.000000,0.000000,0.000000,0.000000,0.000000
12.101001,3,8.149181,2.140570,-0.003879,-0.007628,0.003559,-0.000288,0.000000,0.000000,0.000000
12.109001,1,4.924597,0.865033,0.173881,-0.000632,0.003596,0.000730,0.000000,0.000000,0.000000
12.109001,2,7.908846,0.641889,0.000000,0.000000,-0.000000,0.000000,0.000000,0.000000,0.000000
12.109001,3,8.149120,2.140559,-0.003881,-0.007628,0.003559,-0.000288,0.000000,0.000000,0.000000
12.118001,1,4.924597,0.865033,0.173881,-0.000632,0.003596,0.000730,0.000000,0.000000,0.000000
12.118001,2,7.908846,0.641889,0.000000,0.000000,-0.000000,0.000000,0.000000,0.000000,0.000000
12.118001,3,8.149052,2.140546,-0.003884,-0.007628,0.003559,-0.000288,0.000000,0.000000,0.000000
12.126001,1,4.924597,0.865033,0.173881,-0.000632,0.003596,0.000730,0.000000,0.000000,0.000000
12.126001,2,7.908846,0.641889,0.000000,0.000000,-0.000000,0.000000,0.000000,0.000000,0.000000
12.126001,3,8.148991,2.140535,-0.003886,-0.007628,0.003559,-0.000288,0.000000,0.000000,0.000000
12.134001,1,4.924597,0.865033,0.173881,-0.000632,0.003596,0.000730,0.000000,0.000000,0.000000
12.134001,2,7.908846,0.641889,0.000000,0.000000,-0.000000,0.000000,0.000000,0.000000,0.000000
12.134001,3,8.148930,2.140523,-0.003888,-0.007628,0.003559,-0.000288,0.000000,0.000000,0.000000
12.143001,1,4.924597,0.865033,0.173881,-0.000632,0.003596,0.000730,0.000000,0.000000,0.000000
12.143001,2,7.908846,0.641889,0.000000,0.000000,-0.000000,0.000000,0.000000,0.000000,0.000000
12.143001,3,8.148861,2.140510,-0.003891,-0.007628,0.003559,-0.000288,0.000000,0.000000,0.000000
12.151001,1,4.924597,0.865033,0.173881,-0.000632,0.003596,0.000730,0.000000,0.000000,0.000000
12.151001,2,7.908846,0.641889,0.000000,0.000000,-0.000000,0.000000,0.000000,0.000000,0.000000
12.151001,3,8.148800,2.140499,-0.003893,-0.007628,0.003560,-0.000288,0.000000,0.000000,0.000000
12.159001,1,4.924597,0.865033,0.173881,-0.000632,0.003596,0.000730,0.000000,0.000000,0.000000
12.159001,2,7.908846,0.641889,0.000000,0.000000,-0.000000,0.000000,0.000000,0.000000,0.000000
12.159001,3,8.148739,2.140487,-0.003896,-0.007628,0.003560,-0.000288,0.000000,0.000000,0.000000
12.168001,1,4.924597,0.865033,0.173881,-0.000632,0.003597,0.000730,0.000000,0.000000,0.000000
12.168001,2,7.908846,0.641889,0.000000,0.000000,-0.000000,0.000000,0.000000,0.000000,0.000000
12.168001,3,8.148670,2.140475,-0.003898,-0.007628,0.003560,-0.000288,0.000000,0.000000,0.000000
12.176001,1,4.924597,0.865033,0.173881,-0.000632,0.003597,0.000730,0.000000,0.000000,0.000000
12.176001,2,7.908846,0.641889,0.000000,0.000000,-0.000000,0.000000,0.000000,0.000000,0.000000
12.176001,3,8.148609,2.140463,-0.003901,-0.007628,0.003560,-0.000288,0.000000,0.000000,0.000000
12.185001,1,4.924597,0.865033,0.173881,-0.000632,0.003597,0.000730,0.000000,0.000000,0.000000
12.185001,2,7.908846,0.641889,0.000000,0.000000,-0.000000,0.000000,0.000000,0.000000,0.000000
12.185001,3,8.148540,2.140450,-0.003903,-0.007628,0.003560,-0.000288,0.000000,0.000000,0.000000
12.193001,1,4.924597,0.865033,0.173881,-0.000632,0.003597,0.000730,0.000000,0.000000,0.000000
12.193001,2,7.908846,0.641889,0.000000,0.000000,-0.000000,0.000000,0.000000,0.000000,0.000000
12.193001,3,8.148479,2.140439,-0.003905,-0.007628,0.003560,-0.000288,0.000000,0.000000,0.000000
12.201001,1,4.924597,0.865033,0.173881,-0.000632,0.003597,0.000730,0.000000,0.000000,0.000000
12.201001,2,7.908846,0.641889,0.000000,0.000000,-0.000000,0.000000,0.000000,0.000000,0.000000
12.201001,3,8.148418,2.140427,-0.003908,-0.007628,0.003560,-0.000288,0.000000,0.000000,0.000000
12.209001,1,4.924597,0.865033,0.173881,-0.000632,0.003597,0.000730,0.000000,0.000000,0.000000
12.209001,2,7.908846,0.641889,0.000000,0.000000,-0.000000,0.000000,0.000000,0.000000,0.000000
12.209001,3,8.148357,2.140416,-0.003910,-0.007628,0.003561,-0.000288,0.000000,0.000000,0.000000
12.218001,1,4.924597,0.865033,0.173881,-0.000632,0.003597,0.000730,0.000000,0.000000,0.000000
12.218001,2,7.908846,0.641889,0.000000,0.000000,-0.000000,0.000000,0.000000,0.000000,0.000000
12.218001,3,8.148289,2.140403,-0.003913,-0.007628,0.003561,-0.000288,0.000000,0.000000,0.000000
12.226001,1,4.924597,0.865033,0.173881,-0.000632,0.003597,0.000730,0.000000,0.000000,0.000000
12.226001,2,7.908846,0.641889,0.000000,0.000000,-0.000000,0.000000,0.000000,0.000000,0.000000
12.226001,3,8.148228,2.140392,-0.003915,-0.007628,0.003561,-0.000288,0.000000,0.000000,0.000000
12.234001,1,4.924597,0.865033,0.173881,-0.000632,0.003597,0.000730,0.000000,0.000000,0.000000
12.234001,2,7.908846,0.641889,0.000000,0.000000,-0.000000,0.000000,0.000000,0.000000,0.000000
12.234001,3,8.148167,2.140380,-0.003917,-0.007628,0.003561,-0.000288,0.000000,0.000000,0.000000
12.243001,1,4.924597,0.865033,0.173881,-0.000632,0.003597,0.000730,0.000000,0.000000,0.000000
12.243001,2,7.908846,0.641889,0.000000,0.000000,-0.000000,0.000000,0.000000,0.000000,0.000000
12.243001,3,8.148098,2.140367,-0.003920,-0.007629,0.003561,-0.000288,0.000000,0.000000,0.000000
12.251001,1,4.924597,0.865033,0.173881,-0.000632,0.003597,0.000730,0.000000,0.000000,0.000000
12.251001,2,7.908846,0.641889,0.000000,0.000000,-0.000000,0.000000,0.000000,0.000000,0.000000
12.251001,3,8.148037,2.140356,-0.003922,-0.007629,0.003561,-0.000288,0.000000,0.000000,0.000000
12.259001,1,4.924597,0.865033,0.173881,-0.000632,0.003596,0.000730,0.000000,0.000000,0.000000
12.259001,2,7.908846,0.641889,0.000000,0.000000,-0.000000,0.000000,0.000000,0.000000,0.000000
12.259001,3,8.147976,2.140344,-0.003924,-0.007628,0.003559,-0.000288,0.000000,0.000000,0.000000
12.268001,1,4.924597,0.865033,0.173881,-0.000632,0.003596,0.000730,0.000000,0.000000,0.000000
12.268001,2,7.908846,0.641889,0.000000,0.000000,-0.000000,0.000000,0.000000,0.000000,0.000000
12.268001,3,8.147907,2.140332,-0.003927,-0.007628,0.003559,-0.000288,0.000000,0.000000,0.000000
12.276001,1,4.924597,0.865033,0.173881,-0.000632,0.003595,0.000730,0.000000,0.000000,0.000000
12.276001,2,7.908846,0.641889,0.000000,0.000000,-0.000000,0.000000,0.000000,0.000000,0.000000
12.276001,3,8.147846,2.140320,-0.003929,-0.007628,0.003559,-0.000288,0.000000,0.000000,0.000000
12.285001,1,4.924597,0.865033,0.173881,-0.000632,0.003596,0.000730,0.000000,0.000000,0.000000
12.285001,2,7.908846,0.641889,0.000000,0.000000,-0.000000,0.000000,0.000000,0.000000,0.000000
12.285001,3,8.147778,2.140307,-0.003932,-0.007628,0.003559,-0.000288,0.000000,0.000000,0.000000
12.293001,1,4.924597,0.865033,0.173881,-0.000632,0.003596,0.000730,0.000000,0.000000,0.000000
12.293001,2,7.908846,0.641889,0.000000,0.000000,-0.000000,0.000000,0.000000,0.000000,0.000000
12.293001,3,8.147717,2.140296,-0.003934,-0.007628,0.003559,-0.000288,0.000000,0.000000,0.000000
12.301001,1,4.924597,0.865033,0.173881,-0.000632,0.003596,0.000730,0.000000,0.000000,0.000000
12.301001,2,7.908846,0.641889,0.000000,0.000000,-0.000000,0.000000,0.000000,0.000000,0.000000
12.301001,3,8.147655,2.140284,-0.003936,-0.007628,0.003559,-0.000288,0.000000,0.000000,0.000000
12.309001,1,4.924597,0.865033,0.173881,-0.000632,0.003596,0.000730,0.000000,0.000000,0.000000
12.309001,2,7.908846,0.641889,0.000000,0.000000,-0.000000,0.000000,0.000000,0.000000,0.000000
12.309001,3,8.147594,2.140273,-0.003939,-0.007628,0.003559,-0.000288,0.000000,0.000000,0.000000
12.318001,1,4.924597,0.865033,0.173881,-0.000632,0.003596,0.000730,0.000000,0.000000,0.000000
12.318001,2,7.908846,0.641889,0.000000,0.000000,-0.000000,0.000000,0.000000,0.000000,0.000000
12.318001,3,8.147526,2.140260,-0.003941,-0.007628,0.003559,-0.000288,0.000000,0.000000,0.000000
12.326001,1,4.924597,0.865033,0.173881,-0.000632,0.003596,0.000730,0.000000,0.000000,0.000000
12.326001,2,7.908846,0.641889,0.000000,0.000000,-0.000000,0.000000,0.000000,0.000000,0.000000
12.326001,3,8.147465,2.140249,-0.003944,-0.007628,0.003559,-0.000288,0.000000,0.000000,0.000000
12.335001,1,4.924597,0.865033,0.173881,-0.000632,0.003596,0.000730,0.000000,0.000000,0.000000
12.335001,2,7.908846,0.641889,0.000000,0.000000,-0.000000,0.000000,0.000000,0.000000,0.000000
12.335001,3,8.147396,2.140236,-0.003946,-0.007628,0.003560,-0.000288,0.000000,0.000000,0.000000
12.343001,1,4.924597,0.865033,0.173881,-0.000632,0.003596,0.000730,0.000000,0.000000,0.000000
12.343001,2,7.908846,0.641889,0.000000,0.000000,-0.000000,0.000000,0.000000,0.000000,0.000000
12.343001,3,8.147335,2.140224,-0.003949,-0.007628,0.003560,-0.000288,0.000000,0.000000,0.000000
12.351001,1,4.924597,0.865033,0.173881,-0.000632,0.003596,0.000730,0.000000,0.000000,0.000000
12.351001,2,7.908846,0.641889,0.000000,0.000000,-0.000000,0.000000,0.000000,0.000000,0.000000
12.351001,3,8.147274,2.140213,-0.003951,-0.007628,0.003560,-0.000288,0.000000,0.000000,0.000000
12.359001,1,4.924597,0.865033,0.173881,-0.000632,0.003596,0.000730,0.000000,0.000000,0.000000
12.359001,2,7.908846,0.641889,0.000000,0.000000,-0.000000,0.000000,0.000000,0.000000,0.000000
12.359001,3,8.147213,2.140201,-0.003953,-0.007628,0.003560,-0.000288,0.000000,0.000000,0.000000
12.367001,1,4.924597,0.865033,0.173881,-0.000632,0.003596,0.000730,0.000000,0.000000,0.000000
12.367001,2,7.908846,0.641889,0.000000,0.000000,-0.000000,0.000000,0.000000,0.000000,0.000000
12.367001,3,8.147152,2.140190,-0.003955,-0.007628,0.003560,-0.000288,0.000000,0.000000,0.000000
12.376001,1,4.924597,0.865033,0.173881,-0.000632,0.003596,0.000730,0.000000,0.000000,0.000000
12.376001,2,7.908846,0.641889,0.000000,0.000000,-0.000000,0.000000,0.000000,0.000000,0.000000
12.376001,3,8.147083,2.140177,-0.003958,-0.007628,0.003560,-0.000288,0.000000,0.000000,0.000000
12.384001,1,4.924597,0.865033,0.173881,-0.000632,0.003596,0.000730,0.000000,0.000000,0.000000
12.384001,2,7.908846,0.641889,0.000000,0.000000,-0.000000,0.000000,0.000000,0.000000,0.000000
12.384001,3,8.147022,2.140166,-0.003960,-0.007628,0.003560,-0.000288,0.000000,0.000000,0.000000
12.393001,1,4.924597,0.865033,0.173881,-0.000632,0.003596,0.000730,0.000000,0.000000,0.000000
12.393001,2,7.908846,0.641889,0.000000,0.000000,-0.000000,0.000000,0.000000,0.000000,0.000000
12.393001,3,8.146954,2.140153,-0.003963,-0.007628,0.003561,-0.000288,0.000000,0.000000,0.000000
12.401001,1,4.924597,0.865033,0.173881,-0.000632,0.003596,0.000730,0.000000,0.000000,0.000000
12.401001,2,7.908846,0.641889,0.000000,0.000000,-0.000000,0.000000,0.000000,0.000000,0.000000
12.401001,3,8.146893,2.140141,-0.003965,-0.007628,0.003561,-0.000288,0.000000,0.000000,0.000000
12.409001,1,4.924597,0.865033,0.173881,-0.000632,0.003597,0.000730,0.000000,0.000000,0.000000
12.409001,2,7.908846,0.641889,0.000000,0.000000,-0.000000,0.000000,0.000000,0.000000,0.000000
12.409001,3,8.146832,2.140130,-0.003968,-0.007628,0.003561,-0.000287,0.000000,0.000000,0.000000
12.418001,1,4.924597,0.865033,0.173881,-0.000632,0.003597,0.000730,0.000000,0.000000,0.000000
12.418001,2,7.908846,0.641889,0.000000,0.000000,-0.000000,0.000000,0.000000,0.000000,0.000000
12.418001,3,8.146763,2.140117,-0.003970,-0.007628,0.003561,-0.000287,0.000000,0.000000,0.000000
12.426001,1,4.924597,0.865033,0.173881,-0.000632,0.003597,0.000730,0.000000,0.000000,0.000000
12.426001,2,7.908846,0.641889,0.000000,0.000000,-0.000000,0.000000,0.000000,0.000000,0.000000
12.426001,3,8.146702,2.140105,-0.003972,-0.007629,0.003561,-0.000287,0.000000,0.000000,0.000000
12.434001,1,4.924597,0.865033,0.173881,-0.000632,0.003597,0.000730,0.000000,0.000000,0.000000
12.434001,2,7.908846,0.641889,0.000000,0.000000,-0.000000,0.000000,0.000000,0.000000,0.000000
12.434001,3,8.146641,2.140094,-0.003975,-0.007629,0.003561,-0.000287,0.000000,0.000000,0.000000
12.442001,1,4.924597,0.865033,0.173881,-0.000632,0.003597,0.000730,0.000000,0.000000,0.000000
12.442001,2,7.908846,0.641889,0.000000,0.000000,-0.000000,0.000000,0.000000,0.000000,0.000000
12.442001,3,8.146580,2.140083,-0.003977,-0.007629,0.003562,-0.000287,0.000000,0.000000,0.000000
12.451001,1,4.924597,0.865033,0.173881,-0.000632,0.003597,0.000730,0.000000,0.000000,0.000000
12.451001,2,7.908846,0.641889,0.000000,0.000000,-0.000000,0.000000,0.000000,0.000000,0.000000
12.451001,3,8.146511,2.140070,-0.003980,-0.007629,0.003562,-0.000287,0.000000,0.000000,0.000000
12.459001,1,4.924597,0.865033,0.173881,-0.000632,0.003597,0.000730,0.000000,0.000000,0.000000
12.459001,2,7.908846,0.641889,0.000000,0.000000,-0.000000,0.000000,0.000000,0.000000,0.000000
12.459001,3,8.146450,2.140058,-0.003982,-0.007629,0.003562,-0.000287,0.000000,0.000000,0.000000
12.468001,1,4.924597,0.865033,0.173881,-0.000632,0.003597,0.000730,0.000000,0.000000,0.000000
12.468001,2,7.908846,0.641889,0.000000,0.000000,-0.000000,0.000000,0.000000,0.000000,0.000000
12.468001,3,8.146381,2.140045,-0.003985,-0.007629,0.003562,-0.000287,0.000000,0.000000,0.000000
12.476001,1,4.924597,0.865033,0.173881,-0.000632,0.003597,0.000730,0.000000,0.000000,0.000000
12.476001,2,7.908846,0.641889,0.000000,0.000000,-0.000000,0.000000,0.000000,0.000000,0.000000
12.476001,3,8.146320,2.140034,-0.003987,-0.007629,0.003562,-0.000287,0.000000,0.000000,0.000000
12.485001,1,4.924597,0.865033,0.173881,-0.000632,0.003597,0.000730,0.000000,0.000000,0.000000
12.485001,2,7.908846,0.641889,0.000000,0.000000,-0.000000,0.000000,0.000000,0.000000,0.000000
12.485001,3,8.146252,2.140021,-0.003989,-0.007629,0.003562,-0.000287,0.000000,0.000000,0.000000
12.493001,1,4.924597,0.865033,0.173881,-0.000632,0.003597,0.000730,0.000000,0.000000,0.000000
12.493001,2,7.908846,0.641889,0.000000,0.000000,-0.000000,0.000000,0.000000,0.000000,0.000000
12.493001,3,8.146191,2.140010,-0.003992,-0.007629,0.003562,-0.000287,0.000000,0.000000,0.000000
12.501001,1,4.924597,0.865033,0.173881,-0.000632,0.003596,0.000730,0.000000,0.000000,0.000000
12.501001,2,7.908846,0.641889,0.000000,0.000000,-0.000000,0.000000,0.000000,0.000000,0.000000
12.501001,3,8.146130,2.139998,-0.003994,-0.007628,0.003560,-0.000287,0.000000,0.000000,0.000000
12.509001,1,4.924597,0.865033,0.173881,-0.000632,0.003596,0.000730,0.000000,0.000000,0.000000
12.509001,2,7.908846,0.641889,0.000000,0.000000,-0.000000,0.000000,0.000000,0.000000,0.000000
12.509001,3,8.146069,2.139987,-0.003996,-0.007628,0.003560,-0.000288,0.000000,0.000000,0.000000
12.518001,1,4.924597,0.865033,0.173881,-0.000632,0.003595,0.000730,0.000000,0.000000,0.000000
12.518001,2,7.908846,0.641889,0.000000,0.000000,-0.000000,0.000000,0.000000,0.000000,0.000000
12.518001,3,8.146000,2.139974,-0.003999,-0.007628,0.003560,-0.000288,0.000000,0.000000,0.000000
12.527001,1,4.924597,0.865033,0.173881,-0.000632,0.003596,0.000730,0.000000,0.000000,0.000000
12.527001,2,7.908846,0.641889,0.000000,0.000000,-0.000000,0.000000,0.000000,0.000000,0.000000
12.527001,3,8.145931,2.139961,-0.004001,-0.007628,0.003560,-0.000287,0.000000,0.000000,0.000000
12.534001,1,4.924597,0.865033,0.173881,-0.000632,0.003596,0.000730,0.000000,0.000000,0.000000
12.534001,2,7.908846,0.641889,0.000000,0.000000,-0.000000,0.000000,0.000000,0.000000,0.000000
12.534001,3,8.145878,2.139951,-0.004003,-0.007628,0.003560,-0.000287,0.000000,0.000000,0.000000
12.543001,1,4.924597,0.865033,0.173881,-0.000632,0.003596,0.000730,0.000000,0.000000,0.000000
12.543001,2,7.908846,0.641889,0.000000,0.000000,-0.000000,0.000000,0.000000,0.000000,0.000000
12.543001,3,8.145809,2.139938,-0.004006,-0.007628,0.003560,-0.000287,0.000000,0.000000,0.000000
12.551001,1,4.924597,0.865033,0.173881,-0.000632,0.003596,0.000730,0.000000,0.000000,0.000000
12.551001,2,7.908846,0.641889,0.000000,0.000000,-0.000000,0.000000,0.000000,0.000000,0.000000
12.551001,3,8.145748,2.139927,-0.004008,-0.007628,0.003560,-0.000287,0.000000,0.000000,0.000000
12.559001,1,4.924597,0.865033,0.173881,-0.000632,0.003596,0.000730,0.000000,0.000000,0.000000
12.559001,2,7.908846,0.641889,0.000000,0.000000,-0.000000,0.000000,0.000000,0.000000,0.000000
12.559001,3,8.145687,2.139915,-0.004011,-0.007628,0.003560,-0.000287,0.000000,0.000000,0.000000
12.567001,1,4.924597,0.865033,0.173881,-0.000632,0.003596,0.000730,0.000000,0.000000,0.000000
12.567001,2,7.908846,0.641889,0.000000,0.000000,-0.000000,0.000000,0.000000,0.000000,0.000000
12.567001,3,8.145626,2.139904,-0.004013,-0.007628,0.003561,-0.000287,0.000000,0.000000,0.000000
12.576001,1,4.924597,0.865033,0.173881,-0.000632,0.003596,0.000730,0.000000,0.000000,0.000000
12.576001,2,7.908846,0.641889,0.000000,0.000000,-0.000000,0.000000,0.000000,0.000000,0.000000
12.576001,3,8.145557,2.139891,-0.004016,-0.007628,0.003561,-0.000287,0.000000,0.000000,0.000000
12.584001,1,4.924597,0.865033,0.173881,-0.000632,0.003596,0.000730,0.000000,0.000000,0.000000
12.584001,2,7.908846,0.641889,0.000000,0.000000,-0.000000,0.000000,0.000000,0.000000,0.000000
12.584001,3,8.145496,2.139879,-0.004018,-0.007628,0.003561,-0.000287,0.000000,0.000000,0.000000
12.593001,1,4.924597,0.865033,0.173881,-0.000632,0.003596,0.000730,0.000000,0.000000,0.000000
12.593001,2,7.908846,0.641889,0.000000,0.000000,-0.000000,0.000000,0.000000,0.000000,0.000000
12.593001,3,8.145428,2.139867,-0.004020,-0.007628,0.003561,-0.000287,0.000000,0.000000,0.000000
12.601001,1,4.924597,0.865033,0.173881,-0.000632,0.003596,0.000730,0.000000,0.000000,0.000000
12.601001,2,7.908846,0.641889,0.000000,0.000000,-0.000000,0.000000,0.000000,0.000000,0.000000
12.601001,3,8.145367,2.139855,-0.004023,-0.007629,0.003561,-0.000287,0.000000,0.000000,0.000000
12.609001,1,4.924597,0.865033,0.173881,-0.000632,0.003596,0.000730,0.000000,0.000000,0.000000
12.609001,2,7.908846,0.641889,0.000000,0.000000,-0.000000,0.000000,0.000000,0.000000,0.000000
12.609001,3,8.145306,2.139844,-0.004025,-0.007629,0.003561,-0.000287,0.000000,0.000000,0.000000
12.618001,1,4.924597,0.865033,0.173881,-0.000632,0.003596,0.000730,0.000000,0.000000,0.000000
12.618001,2,7.908846,0.641889,0.000000,0.000000,-0.000000,0.000000,0.000000,0.000000,0.000000
12.618001,3,8.145237,2.139831,-0.004028,-0.007629,0.003561,-0.000287,0.000000,0.000000,0.000000
12.626001,1,4.924597,0.865033,0.173881,-0.000632,0.003596,0.000730,0.000000,0.000000,0.000000
12.626001,2,7.908846,0.641889,0.000000,0.000000,-0.000000,0.000000,0.000000,0.000000,0.000000
12.626001,3,8.145176,2.139819,-0.004030,-0.007629,0.003562,-0.000287,0.000000,0.000000,0.000000
12.634001,1,4.924597,0.865033,0.173881,-0.000632,0.003596,0.000730,0.000000,0.000000,0.000000
12.634001,2,7.908846,0.641889,0.000000,0.000000,-0.000000,0.000000,0.000000,0.000000,0.000000
12.634001,3,8.145115,2.139808,-0.004032,-0.007629,0.003562,-0.000287,0.000000,0.000000,0.000000
12.642001,1,4.924597,0.865033,0.173881,-0.000632,0.003596,0.000730,0.000000,0.000000,0.000000
12.642001,2,7.908846,0.641889,0.000000,0.000000,-0.000000,0.000000,0.000000,0.000000,0.000000
12.642001,3,8.145054,2.139796,-0.004035,-0.007629,0.003562,-0.000287,0.000000,0.000000,0.000000
12.651001,1,4.924597,0.865033,0.173881,-0.000632,0.003597,0.000730,0.000000,0.000000,0.000000
12.651001,2,7.908846,0.641889,0.000000,0.000000,-0.000000,0.000000,0.000000,0.000000,0.000000
12.651001,3,8.144985,2.139784,-0.004037,-0.007629,0.003562,-0.000287,0.000000,0.000000,0.000000
12.659001,1,4.924597,0.865033,0.173881,-0.000632,0.003597,0.000730,0.000000,0.000000,0.000000
12.659001,2,7.908846,0.641889,0.000000,0.000000,-0.000000,0.000000,0.000000,0.000000,0.000000
12.659001,3,8.144924,2.139772,-0.004039,-0.007629,0.003562,-0.000287,0.000000,0.000000,0.000000
12.668001,1,4.924597,0.865033,0.173881,-0.000632,0.003597,0.000730,0.000000,0.000000,0.000000
12.668001,2,7.908846,0.641889,0.000000,0.000000,-0.000000,0.000000,0.000000,0.000000,0.000000
12.668001,3,8.144855,2.139759,-0.004042,-0.007629,0.003562,-0.000287,0.000000,0.000000,0.000000
12.676001,1,4.924597,0.865033,0.173881,-0.000632,0.003597,0.000730,0.000000,0.000000,0.000000
12.676001,2,7.908846,0.641889,0.000000,0.000000,-0.000000,0.000000,0.000000,0.000000,0.000000
12.676001,3,8.144794,2.139748,-0.004044,-0.007629,0.003562,-0.000287,0.000000,0.000000,0.000000
12.684001,1,4.924597,0.865033,0.173881,-0.000632,0.003597,0.000730,0.000000,0.000000,0.000000
12.684001,2,7.908846,0.641889,0.000000,0.000000,-0.000000,0.000000,0.000000,0.000000,0.000000
12.684001,3,8.144733,2.139736,-0.004047,-0.007629,0.003563,-0.000287,0.000000,0.000000,0.000000
12.693001,1,4.924597,0.865033,0.173881,-0.000632,0.003597,0.000730,0.000000,0.000000,0.000000
12.693001,2,7.908846,0.641889,0.000000,0.000000,-0.000000,0.000000,0.000000,0.000000,0.000000
12.693001,3,8.144665,2.139724,-0.004049,-0.007629,0.003563,-0.000287,0.000000,0.000000,0.000000
12.701001,1,4.924597,0.865033,0.173881,-0.000632,0.003597,0.000730,0.000000,0.000000,0.000000
12.701001,2,7.908846,0.641889,0.000000,0.000000,-0.000000,0.000000,0.000000,0.000000,0.000000
12.701001,3,8.144604,2.139712,-0.004051,-0.007629,0.003563,-0.000287,0.000000,0.000000,0.000000
12.709001,1,4.924597,0.865033,0.173881,-0.000632,0.003597,0.000730,0.000000,0.000000,0.000000
12.709001,2,7.908846,0.641889,0.000000,0.000000,-0.000000,0.000000,0.000000,0.000000,0.000000
12.709001,3,8.144543,2.139701,-0.004054,-0.007629,0.003563,-0.000287,0.000000,0.000000,0.000000
12.718001,1,4.924597,0.865033,0.173881,-0.000632,0.003597,0.000730,0.000000,0.000000,0.000000
12.718001,2,7.908846,0.641889,0.000000,0.000000,-0.000000,0.000000,0.000000,0.000000,0.000000
12.718001,3,8.144474,2.139688,-0.004056,-0.007629,0.003563,-0.000287,0.000000,0.000000,0.000000
12.726001,1,4.924597,0.865033,0.173881,-0.000632,0.003597,0.000730,0.000000,0.000000,0.000000
12.726001,2,7.908846,0.641889,0.000000,0.000000,-0.000000,0.000000,0.000000,0.000000,0.000000
12.726001,3,8.144413,2.139676,-0.004059,-0.007629,0.003563,-0.000287,0.000000,0.000000,0.000000
12.733001,1,4.924597,0.865033,0.173881,-0.000632,0.003597,0.000730,0.000000,0.000000,0.000000
12.733001,2,7.908846,0.641889,0.000000,0.000000,-0.000000,0.000000,0.000000,0.000000,0.000000
12.733001,3,8.144360,2.139666,-0.004061,-0.007629,0.003563,-0.000287,0.000000,0.000000,0.000000
12.743001,1,4.924597,0.865034,0.173881,-0.000632,0.003596,0.000730,0.000000,0.000000,0.000000
12.743001,2,7.908846,0.641889,0.000000,0.000000,-0.000000,0.000000,0.000000,0.000000,0.000000
12.743001,3,8.144283,2.139652,-0.004063,-0.007629,0.003561,-0.000287,0.000000,0.000000,0.000000
12.751001,1,4.924597,0.865034,0.173881,-0.000632,0.003596,0.000730,0.000000,0.000000,0.000000
12.751001,2,7.908846,0.641889,0.000000,0.000000,-0.000000,0.000000,0.000000,0.000000,0.000000
12.751001,3,8.144222,2.139641,-0.004066,-0.007628,0.003561,-0.000287,0.000000,0.000000,0.000000
12.759001,1,4.924597,0.865034,0.173881,-0.000632,0.003596,0.000730,0.000000,0.000000,0.000000
12.759001,2,7.908846,0.641889,0.000000,0.000000,-0.000000,0.000000,0.000000,0.000000,0.000000
12.759001,3,8.144161,2.139629,-0.004068,-0.007628,0.003561,-0.000287,0.000000,0.000000,0.000000
12.767001,1,4.924597,0.865034,0.173881,-0.000632,0.003596,0.000730,0.000000,0.000000,0.000000
12.767001,2,7.908846,0.641889,0.000000,0.000000,-0.000000,0.000000,0.000000,0.000000,0.000000
12.767001,3,8.144100,2.139618,-0.004070,-0.007628,0.003561,-0.000287,0.000000,0.000000,0.000000
12.776001,1,4.924597,0.865034,0.173881,-0.000632,0.003596,0.000730,0.000000,0.000000,0.000000
12.776001,2,7.908846,0.641889,0.000000,0.000000,-0.000000,0.000000,0.000000,0.000000,0.000000
12.776001,3,8.144032,2.139605,-0.004073,-0.007628,0.003561,-0.000287,0.000000,0.000000,0.000000
12.785001,1,4.924597,0.865034,0.173881,-0.000632,0.003596,0.000730,0.000000,0.000000,0.000000
12.785001,2,7.908846,0.641889,0.000000,0.000000,-0.000000,0.000000,0.000000,0.000000,0.000000
12.785001,3,8.143963,2.139592,-0.004076,-0.007629,0.003561,-0.000287,0.000000,0.000000,0.000000
12.793001,1,4.924597,0.865034,0.173881,-0.000632,0.003596,0.000730,0.000000,0.000000,0.000000
12.793001,2,7.908846,0.641889,0.000000,0.000000,-0.000000,0.000000,0.000000,0.000000,0.000000
12.793001,3,8.143902,2.139580,-0.004078,-0.007629,0.003561,-0.000287,0.000000,0.000000,0.000000
12.801001,1,4.924597,0.865034,0.173881,-0.000632,0.003596,0.000730,0.000000,0.000000,0.000000
12.801001,2,7.908846,0.641889,0.000000,0.000000,-0.000000,0.000000,0.000000,0.000000,0.000000
12.801001,3,8.143841,2.139569,-0.004080,-0.007629,0.003562,-0.000287,0.000000,0.000000,0.000000
12.810001,1,4.924597,0.865034,0.173881,-0.000632,0.003596,0.000730,0.000000,0.000000,0.000000
12.810001,2,7.908846,0.641889,0.000000,0.000000,-0.000000,0.000000,0.000000,0.000000,0.000000
12.810001,3,8.143772,2.139556,-0.004083,-0.007629,0.003562,-0.000287,0.000000,0.000000,0.000000
12.818001,1,4.924597,0.865034,0.173881,-0.000632,0.003596,0.000730,0.000000,0.000000,0.000000
12.818001,2,7.908846,0.641889,0.000000,0.000000,-0.000000,0.000000,0.000000,0.000000,0.000000
12.818001,3,8.143711,2.139545,-0.004085,-0.007629,0.003562,-0.000287,0.000000,0.000000,0.000000
12.826001,1,4.924597,0.865034,0.173881,-0.000632,0.003596,0.000730,0.000000,0.000000,0.000000
12.826001,2,7.908846,0.641889,0.000000,0.000000,-0.000000,0.000000,0.000000,0.000000,0.000000
12.826001,3,8.143650,2.139533,-0.004087,-0.007629,0.003562,-0.000287,0.000000,0.000000,0.000000
12.834001,1,4.924597,0.865034,0.173881,-0.000632,0.003596,0.000730,0.000000,0.000000,0.000000
12.834001,2,7.908846,0.641889,0.000000,0.000000,-0.000000,0.000000,0.000000,0.000000,0.000000
12.834001,3,8.143589,2.139522,-0.004090,-0.007629,0.003562,-0.000287,0.000000,0.000000,0.000000
12.842001,1,4.924597,0.865034,0.173881,-0.000632,0.003596,0.000730,0.000000,0.000000,0.000000
12.842001,2,7.908846,0.641889,0.000000,0.000000,-0.000000,0.000000,0.000000,0.000000,0.000000
12.842001,3,8.143528,2.139510,-0.004092,-0.007629,0.003562,-0.000287,0.000000,0.000000,0.000000
12.851001,1,4.924597,0.865034,0.173881,-0.000632,0.003596,0.000730,0.000000,0.000000,0.000000
12.851001,2,7.908846,0.641889,0.000000,0.000000,-0.000000,0.000000,0.000000,0.000000,0.000000
12.851001,3,8.143459,2.139498,-0.004094,-0.007629,0.003562,-0.000287,0.000000,0.000000,0.000000
12.859001,1,4.924597,0.865034,0.173881,-0.000632,0.003596,0.000730,0.000000,0.000000,0.000000
12.859001,2,7.908846,0.641889,0.000000,0.000000,-0.000000,0.000000,0.000000,0.000000,0.000000
12.859001,3,8.143398,2.139486,-0.004097,-0.007629,0.003563,-0.000287,0.000000,0.000000,0.000000
12.868001,1,4.924597,0.865034,0.173881,-0.000632,0.003596,0.000730,0.000000,0.000000,0.000000
12.868001,2,7.908846,0.641889,0.000000,0.000000,-0.000000,0.000000,0.000000,0.000000,0.000000
12.868001,3,8.143330,2.139473,-0.004099,-0.007629,0.003563,-0.000287,0.000000,0.000000,0.000000
12.876001,1,4.924597,0.865034,0.173881,-0.000632,0.003596,0.000730,0.000000,0.000000,0.000000
12.876001,2,7.908846,0.641889,0.000000,0.000000,-0.000000,0.000000,0.000000,0.000000,0.000000
12.876001,3,8.143269,2.139462,-0.004102,-0.007629,0.003563,-0.000287,0.000000,0.000000,0.000000
12.885001,1,4.924597,0.865034,0.173881,-0.000632,0.003596,0.000730,0.000000,0.000000,0.000000
12.885001,2,7.908846,0.641889,0.000000,0.000000,-0.000000,0.000000,0.000000,0.000000,0.000000
12.885001,3,8.143200,2.139449,-0.004104,-0.007629,0.003563,-0.000287,0.000000,0.000000,0.000000
12.893001,1,4.924597,0.865034,0.173881,-0.000632,0.003597,0.000730,0.000000,0.000000,0.000000
12.893001,2,7.908846,0.641889,0.000000,0.000000,-0.000000,0.000000,0.000000,0.000000,0.000000
12.893001,3,8.143139,2.139437,-0.004107,-0.007629,0.003563,-0.000287,0.000000,0.000000,0.000000
12.901001,1,4.924597,0.865034,0.173881,-0.000632,0.003597,0.000730,0.000000,0.000000,0.000000
12.901001,2,7.908846,0.641889,0.000000,0.000000,-0.000000,0.000000,0.000000,0.000000,0.000000
12.901001,3,8.143078,2.139426,-0.004109,-0.007629,0.003563,-0.000287,0.000000,0.000000,0.000000
12.909001,1,4.924597,0.865034,0.173881,-0.000632,0.003597,0.000730,0.000000,0.000000,0.000000
12.909001,2,7.908846,0.641889,0.000000,0.000000,-0.000000,0.000000,0.000000,0.000000,0.000000
12.909001,3,8.143017,2.139415,-0.004111,-0.007629,0.003563,-0.000287,0.000000,0.000000,0.000000
12.918001,1,4.924597,0.865034,0.173881,-0.000632,0.003597,0.000730,0.000000,0.000000,0.000000
12.918001,2,7.908846,0.641889,0.000000,0.000000,-0.000000,0.000000,0.000000,0.000000,0.000000
12.918001,3,8.142948,2.139402,-0.004114,-0.007629,0.003564,-0.000287,0.000000,0.000000,0.000000
12.926001,1,4.924597,0.865034,0.173881,-0.000632,0.003597,0.000730,0.000000,0.000000,0.000000
12.926001,2,7.908846,0.641889,0.000000,0.000000,-0.000000,0.000000,0.000000,0.000000,0.000000
12.926001,3,8.142887,2.139390,-0.004116,-0.007629,0.003564,-0.000287,0.000000,0.000000,0.000000
12.934001,1,4.924597,0.865034,0.173881,-0.000632,0.003597,0.000730,0.000000,0.000000,0.000000
12.934001,2,7.908846,0.641889,0.000000,0.000000,-0.000000,0.000000,0.000000,0.000000,0.000000
12.934001,3,8.142826,2.139379,-0.004118,-0.007629,0.003564,-0.000287,0.000000,0.000000,0.000000
12.943001,1,4.924597,0.865034,0.173881,-0.000632,0.003597,0.000730,0.000000,0.000000,0.000000
12.943001,2,7.908846,0.641889,0.000000,0.000000,-0.000000,0.000000,0.000000,0.000000,0.000000
12.943001,3,8.142757,2.139366,-0.004121,-0.007629,0.003564,-0.000287,0.000000,0.000000,0.000000
12.951001,1,4.924597,0.865034,0.173881,-0.000632,0.003597,0.000730,0.000000,0.000000,0.000000
12.951001,2,7.908846,0.641889,0.000000,0.000000,-0.000000,0.000000,0.000000,0.000000,0.000000
12.951001,3,8.142696,2.139354,-0.004123,-0.007629,0.003564,-0.000287,0.000000,0.000000,0.000000
12.960001,1,4.924597,0.865034,0.173881,-0.000632,0.003597,0.000730,0.000000,0.000000,0.000000
12.960001,2,7.908846,0.641889,0.000000,0.000000,-0.000000,0.000000,0.000000,0.000000,0.000000
12.960001,3,8.142628,2.139342,-0.004126,-0.007629,0.003564,-0.000287,0.000000,0.000000,0.000000
12.968001,1,4.924597,0.865034,0.173881,-0.000632,0.003597,0.000730,0.000000,0.000000,0.000000
12.968001,2,7.908846,0.641889,0.000000,0.000000,-0.000000,0.000000,0.000000,0.000000,0.000000
12.968001,3,8.142567,2.139330,-0.004128,-0.007629,0.003564,-0.000286,0.000000,0.000000,0.000000
12.976001,1,4.924597,0.865034,0.173881,-0.000632,0.003597,0.000730,0.000000,0.000000,0.000000
12.976001,2,7.908846,0.641889,0.000000,0.000000,-0.000000,0.000000,0.000000,0.000000,0.000000
12.976001,3,8.142506,2.139319,-0.004130,-0.007629,0.003565,-0.000286,0.000000,0.000000,0.000000
12.985001,1,4.924597,0.865034,0.173881,-0.000632,0.003596,0.000730,0.000000,0.000000,0.000000
12.985001,2,7.908846,0.641889,0.000000,0.000000,-0.000000,0.000000,0.000000,0.000000,0.000000
12.985001,3,8.142437,2.139306,-0.004133,-0.007629,0.003563,-0.000287,0.000000,0.000000,0.000000
12.993001,1,4.924597,0.865034,0.173881,-0.000632,0.003596,0.000730,0.000000,0.000000,0.000000
12.993001,2,7.908846,0.641889,0.000000,0.000000,-0.000000,0.000000,0.000000,0.000000,0.000000
12.993001,3,8.142376,2.139294,-0.004135,-0.007629,0.003562,-0.000287,0.000000,0.000000,0.000000
13.000001,1,4.924597,0.865034,0.173881,-0.000632,0.003596,0.000730,0.000000,0.000000,0.000000
13.000001,2,7.908846,0.641889,0.000000,0.000000,-0.000000,0.000000,0.000000,0.000000,0.000000
13.000001,3,8.142323,2.139284,-0.004137,-0.007629,0.003562,-0.000287,0.000000,0.000000,0.000000
13.010001,1,4.924597,0.865034,0.173881,-0.000632,0.003596,0.000730,0.000000,0.000000,0.000000
13.010001,2,7.908846,0.641889,0.000000,0.000000,-0.000000,0.000000,0.000000,0.000000,0.000000
13.010001,3,8.142246,2.139270,-0.004140,-0.007629,0.003562,-0.000287,0.000000,0.000000,0.000000
13.018001,1,4.924597,0.865034,0.173881,-0.000632,0.003596,0.000730,0.000000,0.000000,0.000000
13.018001,2,7.908846,0.641889,0.000000,0.000000,-0.000000,0.000000,0.000000,0.000000,0.000000
13.018001,3,8.142185,2.139259,-0.004142,-0.007629,0.003562,-0.000287,0.000000,0.000000,0.000000
13.026001,1,4.924597,0.865034,0.173881,-0.000632,0.003596,0.000730,0.000000,0.000000,0.000000
13.026001,2,7.908846,0.641889,0.000000,0.000000,-0.000000,0.000000,0.000000,0.000000,0.000000
13.026001,3,8.142124,2.139247,-0.004145,-0.007629,0.003562,-0.000287,0.000000,0.000000,0.000000
13.034001,1,4.924597,0.865034,0.173881,-0.000632,0.003596,0.000730,0.000000,0.000000,0.000000
13.034001,2,7.908846,0.641889,0.000000,0.000000,-0.000000,0.000000,0.000000,0.000000,0.000000
13.034001,3,8.142063,2.139236,-0.004147,-0.007629,0.003563,-0.000287,0.000000,0.000000,0.000000
13.042001,1,4.924597,0.865034,0.173881,-0.000632,0.003596,0.000730,0.000000,0.000000,0.000000
13.042001,2,7.908846,0.641889,0.000000,0.000000,-0.000000,0.000000,0.000000,0.000000,0.000000
13.042001,3,8.142002,2.139224,-0.004149,-0.007629,0.003563,-0.000287,0.000000,0.000000,0.000000
13.051001,1,4.924597,0.865034,0.173881,-0.000632,0.003596,0.000730,0.000000,0.000000,0.000000
13.051001,2,7.908846,0.641889,0.000000,0.000000,-0.000000,0.000000,0.000000,0.000000,0.000000
13.051001,3,8.141933,2.139211,-0.004152,-0.007629,0.003563,-0.000287,0.000000,0.000000,0.000000
13.059001,1,4.924597,0.865034,0.173881,-0.000632,0.003596,0.000730,0.000000,0.000000,0.000000
13.059001,2,7.908846,0.641889,0.000000,0.000000,-0.000000,0.000000,0.000000,0.000000,0.000000
13.059001,3,8.141872,2.139200,-0.004154,-0.007629,0.003563,-0.000287,0.000000,0.000000,0.000000
13.067001,1,4.924597,0.865034,0.173881,-0.000632,0.003596,0.000730,0.000000,0.000000,0.000000
13.067001,2,7.908846,0.641889,0.000000,0.000000,-0.000000,0.000000,0.000000,0.000000,0.000000
13.067001,3,8.141811,2.139189,-0.004156,-0.007629,0.003563,-0.000287,0.000000,0.000000,0.000000
13.076001,1,4.924597,0.865034,0.173881,-0.000632,0.003596,0.000730,0.000000,0.000000,0.000000
13.076001,2,7.908846,0.641889,0.000000,0.000000,-0.000000,0.000000,0.000000,0.000000,0.000000
13.076001,3,8.141743,2.139176,-0.004159,-0.007629,0.003563,-0.000287,0.000000,0.000000,0.000000
13.084001,1,4.924597,0.865034,0.173881,-0.000632,0.003597,0.000730,0.000000,0.000000,0.000000
13.084001,2,7.908846,0.641889,0.000000,0.000000,-0.000000,0.000000,0.000000,0.000000,0.000000
13.084001,3,8.141682,2.139164,-0.004161,-0.007629,0.003564,-0.000286,0.000000,0.000000,0.000000
13.093001,1,4.924597,0.865034,0.173881,-0.000632,0.003597,0.000730,0.000000,0.000000,0.000000
13.093001,2,7.908846,0.641889,0.000000,0.000000,-0.000000,0.000000,0.000000,0.000000,0.000000
13.093001,3,8.141613,2.139151,-0.004164,-0.007629,0.003564,-0.000286,0.000000,0.000000,0.000000
13.101001,1,4.924597,0.865034,0.173881,-0.000632,0.003596,0.000730,0.000000,0.000000,0.000000
13.101001,2,7.908846,0.641889,0.000000,0.000000,-0.000000,0.000000,0.000000,0.000000,0.000000
13.101001,3,8.141552,2.139140,-0.004166,-0.007629,0.003564,-0.000286,0.000000,0.000000,0.000000
13.109001,1,4.924597,0.865034,0.173881,-0.000632,0.003596,0.000730,0.000000,0.000000,0.000000
13.109001,2,7.908846,0.641889,0.000000,0.000000,-0.000000,0.000000,0.000000,0.000000,0.000000
13.109001,3,8.141491,2.139128,-0.004168,-0.007629,0.003564,-0.000286,0.000000,0.000000,0.000000
13.118001,1,4.924597,0.865034,0.173881,-0.000632,0.003596,0.000730,0.000000,0.000000,0.000000
13.118001,2,7.908846,0.641889,0.000000,0.000000,-0.000000,0.000000,0.000000,0.000000,0.000000
13.118001,3,8.141422,2.139116,-0.004171,-0.007629,0.003564,-0.000286,0.000000,0.000000,0.000000
13.126001,1,4.924597,0.865034,0.173881,-0.000632,0.003597,0.000730,0.000000,0.000000,0.000000
13.126001,2,7.908846,0.641889,0.000000,0.000000,-0.000000,0.000000,0.000000,0.000000,0.000000
13.126001,3,8.141361,2.139104,-0.004173,-0.007629,0.003564,-0.000286,0.000000,0.000000,0.000000
13.134001,1,4.924597,0.865034,0.173881,-0.000632,0.003597,0.000730,0.000000,0.000000,0.000000
13.134001,2,7.908846,0.641889,0.000000,0.000000,-0.000000,0.000000,0.000000,0.000000,0.000000
13.134001,3,8.141300,2.139093,-0.004176,-0.007629,0.003564,-0.000286,0.000000,0.000000,0.000000
13.143001,1,4.924597,0.865034,0.173881,-0.000632,0.003597,0.000730,0.000000,0.000000,0.000000
13.143001,2,7.908846,0.641889,0.000000,0.000000,-0.000000,0.000000,0.000000,0.000000,0.000000
13.143001,3,8.141232,2.139080,-0.004178,-0.007629,0.003564,-0.000286,0.000000,0.000000,0.000000
13.151001,1,4.924597,0.865034,0.173881,-0.000632,0.003597,0.000730,0.000000,0.000000,0.000000
13.151001,2,7.908846,0.641889,0.000000,0.000000,-0.000000,0.000000,0.000000,0.000000,0.000000
13.151001,3,8.141171,2.139068,-0.004180,-0.007629,0.003565,-0.000286,0.000000,0.000000,0.000000
13.160001,1,4.924597,0.865034,0.173881,-0.000632,0.003597,0.000730,0.000000,0.000000,0.000000
13.160001,2,7.908846,0.641889,0.000000,0.000000,-0.000000,0.000000,0.000000,0.000000,0.000000
13.160001,3,8.141102,2.139055,-0.004183,-0.007629,0.003565,-0.000286,0.000000,0.000000,0.000000
13.168001,1,4.924597,0.865034,0.173881,-0.000632,0.003597,0.000730,0.000000,0.000000,0.000000
13.168001,2,7.908846,0.641889,0.000000,0.000000,-0.000000,0.000000,0.000000,0.000000,0.000000
13.168001,3,8.141041,2.139044,-0.004185,-0.007629,0.003565,-0.000286,0.000000,0.000000,0.000000
13.176001,1,4.924597,0.865034,0.173881,-0.000632,0.003597,0.000730,0.000000,0.000000,0.000000
13.176001,2,7.908846,0.641889,0.000000,0.000000,-0.000000,0.000000,0.000000,0.000000,0.000000
13.176001,3,8.140980,2.139033,-0.004188,-0.007630,0.003565,-0.000286,0.000000,0.000000,0.000000
13.185001,1,4.924597,0.865034,0.173881,-0.000632,0.003597,0.000730,0.000000,0.000000,0.000000
13.185001,2,7.908846,0.641889,0.000000,0.000000,-0.000000,0.000000,0.000000,0.000000,0.000000
13.185001,3,8.140911,2.139020,-0.004190,-0.007630,0.003565,-0.000286,0.000000,0.000000,0.000000
13.193001,1,4.924597,0.865034,0.173881,-0.000632,0.003597,0.000730,0.000000,0.000000,0.000000
13.193001,2,7.908846,0.641889,0.000000,0.000000,-0.000000,0.000000,0.000000,0.000000,0.000000
13.193001,3,8.140850,2.139008,-0.004192,-0.007630,0.003565,-0.000286,0.000000,0.000000,0.000000
13.201001,1,4.924597,0.865034,0.173881,-0.000632,0.003597,0.000730,0.000000,0.000000,0.000000
13.201001,2,7.908846,0.641889,0.000000,0.000000,-0.000000,0.000000,0.000000,0.000000,0.000000
13.201001,3,8.140789,2.138997,-0.004195,-0.007630,0.003565,-0.000286,0.000000,0.000000,0.000000
13.209001,1,4.924597,0.865034,0.173881,-0.000632,0.003597,0.000730,0.000000,0.000000,0.000000
13.209001,2,7.908846,0.641889,0.000000,0.000000,-0.000000,0.000000,0.000000,0.000000,0.000000
13.209001,3,8.140728,2.138985,-0.004197,-0.007630,0.003566,-0.000286,0.000000,0.000000,0.000000
13.218001,1,4.924597,0.865034,0.173881,-0.000632,0.003597,0.000730,0.000000,0.000000,0.000000
13.218001,2,7.908846,0.641889,0.000000,0.000000,-0.000000,0.000000,0.000000,0.000000,0.000000
13.218001,3,8.140659,2.138973,-0.004200,-0.007630,0.003566,-0.000286,0.000000,0.000000,0.000000
13.226001,1,4.924597,0.865034,0.173881,-0.000632,0.003596,0.000730,0.000000,0.000000,0.000000
13.226001,2,7.908846,0.641889,0.000000,0.000000,-0.000000,0.000000,0.000000,0.000000,0.000000
13.226001,3,8.140598,2.138961,-0.004202,-0.007629,0.003564,-0.000286,0.000000,0.000000,0.000000
13.235001,1,4.924597,0.865034,0.173881,-0.000632,0.003596,0.000730,0.000000,0.000000,0.000000
13.235001,2,7.908846,0.641889,0.000000,0.000000,-0.000000,0.000000,0.000000,0.000000,0.000000
13.235001,3,8.140530,2.138948,-0.004204,-0.007629,0.003563,-0.000286,0.000000,0.000000,0.000000
13.243001,1,4.924597,0.865034,0.173881,-0.000632,0.003596,0.000730,0.000000,0.000000,0.000000
13.243001,2,7.908846,0.641889,0.000000,0.000000,-0.000000,0.000000,0.000000,0.000000,0.000000
13.243001,3,8.140469,2.138937,-0.004207,-0.007629,0.003563,-0.000286,0.000000,0.000000,0.000000
13.251001,1,4.924597,0.865034,0.173881,-0.000632,0.003596,0.000730,0.000000,0.000000,0.000000
13.251001,2,7.908846,0.641889,0.000000,0.000000,-0.000000,0.000000,0.000000,0.000000,0.000000
13.251001,3,8.140408,2.138925,-0.004209,-0.007629,0.003563,-0.000286,0.000000,0.000000,0.000000
13.260001,1,4.924597,0.865034,0.173881,-0.000632,0.003596,0.000730,0.000000,0.000000,0.000000
13.260001,2,7.908846,0.641889,0.000000,0.000000,-0.000000,0.000000,0.000000,0.000000,0.000000
13.260001,3,8.140339,2.138912,-0.004212,-0.007629,0.003563,-0.000286,0.000000,0.000000,0.000000
13.268001,1,4.924597,0.865034,0.173881,-0.000632,0.003596,0.000730,0.000000,0.000000,0.000000
13.268001,2,7.908846,0.641889,0.000000,0.000000,-0.000000,0.000000,0.000000,0.000000,0.000000
13.268001,3,8.140278,2.138901,-0.004214,-0.007629,0.003564,-0.000286,0.000000,0.000000,0.000000
13.276001,1,4.924597,0.865034,0.173881,-0.000632,0.003596,0.000730,0.000000,0.000000,0.000000
13.276001,2,7.908846,0.641889,0.000000,0.000000,-0.000000,0.000000,0.000000,0.000000,0.000000
13.276001,3,8.140217,2.138890,-0.004216,-0.007629,0.003564,-0.000286,0.000000,0.000000,0.000000
13.285001,1,4.924597,0.865034,0.173881,-0.000632,0.003596,0.000730,0.000000,0.000000,0.000000
13.285001,2,7.908846,0.641889,0.000000,0.000000,-0.000000,0.000000,0.000000,0.000000,0.000000
13.285001,3,8.140148,2.138877,-0.004219,-0.007629,0.003564,-0.000286,0.000000,0.000000,0.000000
13.293001,1,4.924597,0.865034,0.173881,-0.000632,0.003596,0.000730,0.000000,0.000000,0.000000
13.293001,2,7.908846,0.641889,0.000000,0.000000,-0.000000,0.000000,0.000000,0.000000,0.000000
13.293001,3,8.140087,2.138865,-0.004221,-0.007629,0.003564,-0.000286,0.000000,0.000000,0.000000
13.301001,1,4.924597,0.865034,0.173881,-0.000632,0.003596,0.000730,0.000000,0.000000,0.000000
13.301001,2,7.908846,0.641889,0.000000,0.000000,-0.000000,0.000000,0.000000,0.000000,0.000000
13.301001,3,8.140026,2.138854,-0.004223,-0.007629,0.003564,-0.000286,0.000000,0.000000,0.000000
13.310001,1,4.924597,0.865034,0.173881,-0.000632,0.003596,0.000730,0.000000,0.000000,0.000000
13.310001,2,7.908846,0.641889,0.000000,0.000000,-0.000000,0.000000,0.000000,0.000000,0.000000
13.310001,3,8.139957,2.138841,-0.004226,-0.007629,0.003564,-0.000286,0.000000,0.000000,0.000000
13.318001,1,4.924597,0.865034,0.173881,-0.000632,0.003596,0.000730,0.000000,0.000000,0.000000
13.318001,2,7.908846,0.641889,0.000000,0.000000,-0.000000,0.000000,0.000000,0.000000,0.000000
13.318001,3,8.139896,2.138829,-0.004228,-0.007629,0.003564,-0.000286,0.000000,0.000000,0.000000
13.326001,1,4.924597,0.865034,0.173881,-0.000632,0.003596,0.000730,0.000000,0.000000,0.000000
13.326001,2,7.908846,0.641889,0.000000,0.000000,-0.000000,0.000000,0.000000,0.000000,0.000000
13.326001,3,8.139835,2.138818,-0.004231,-0.007629,0.003565,-0.000286,0.000000,0.000000,0.000000
13.335001,1,4.924597,0.865034,0.173881,-0.000632,0.003596,0.000730,0.000000,0.000000,0.000000
13.335001,2,7.908846,0.641889,0.000000,0.000000,-0.000000,0.000000,0.000000,0.000000,0.000000
13.335001,3,8.139767,2.138805,-0.004233,-0.007629,0.003565,-0.000286,0.000000,0.000000,0.000000
13.343001,1,4.924597,0.865034,0.173881,-0.000632,0.003596,0.000730,0.000000,0.000000,0.000000
13.343001,2,7.908846,0.641889,0.000000,0.000000,-0.000000,0.000000,0.000000,0.000000,0.000000
13.343001,3,8.139706,2.138794,-0.004235,-0.007629,0.003565,-0.000286,0.000000,0.000000,0.000000
13.352001,1,4.924597,0.865034,0.173881,-0.000632,0.003596,0.000730,0.000000,0.000000,0.000000
13.352001,2,7.908846,0.641889,0.000000,0.000000,-0.000000,0.000000,0.000000,0.000000,0.000000
13.352001,3,8.139637,2.138781,-0.004238,-0.007630,0.003565,-0.000286,0.000000,0.000000,0.000000
13.359001,1,4.924597,0.865034,0.173881,-0.000632,0.003596,0.000730,0.000000,0.000000,0.000000
13.359001,2,7.908846,0.641889,0.000000,0.000000,-0.000000,0.000000,0.000000,0.000000,0.000000
13.359001,3,8.139584,2.138771,-0.004240,-0.007630,0.003565,-0.000286,0.000000,0.000000,0.000000
13.368001,1,4.924597,0.865034,0.173881,-0.000632,0.003597,0.000730,0.000000,0.000000,0.000000
13.368001,2,7.908846,0.641889,0.000000,0.000000,-0.000000,0.000000,0.000000,0.000000,0.000000
13.368001,3,8.139515,2.138758,-0.004243,-0.007630,0.003565,-0.000286,0.000000,0.000000,0.000000
13.376001,1,4.924597,0.865034,0.173881,-0.000632,0.003597,0.000730,0.000000,0.000000,0.000000
13.376001,2,7.908846,0.641889,0.000000,0.000000,-0.000000,0.000000,0.000000,0.000000,0.000000
13.376001,3,8.139454,2.138747,-0.004245,-0.007630,0.003565,-0.000286,0.000000,0.000000,0.000000
13.384001,1,4.924597,0.865034,0.173881,-0.000632,0.003597,0.000730,0.000000,0.000000,0.000000
13.384001,2,7.908846,0.641889,0.000000,0.000000,-0.000000,0.000000,0.000000,0.000000,0.000000
13.384001,3,8.139393,2.138735,-0.004247,-0.007630,0.003566,-0.000286,0.000000,0.000000,0.000000
13.393001,1,4.924597,0.865034,0.173881,-0.000632,0.003597,0.000730,0.000000,0.000000,0.000000
13.393001,2,7.908846,0.641889,0.000000,0.000000,-0.000000,0.000000,0.000000,0.000000,0.000000
13.393001,3,8.139324,2.138722,-0.004250,-0.007630,0.003566,-0.000286,0.000000,0.000000,0.000000
13.401001,1,4.924597,0.865034,0.173881,-0.000632,0.003597,0.000730,0.000000,0.000000,0.000000
13.401001,2,7.908846,0.641889,0.000000,0.000000,-0.000000,0.000000,0.000000,0.000000,0.000000
13.401001,3,8.139263,2.138711,-0.004252,-0.007630,0.003566,-0.000286,0.000000,0.000000,0.000000
13.409001,1,4.924597,0.865034,0.173881,-0.000632,0.003597,0.000730,0.000000,0.000000,0.000000
13.409001,2,7.908846,0.641889,0.000000,0.000000,-0.000000,0.000000,0.000000,0.000000,0.000000
13.409001,3,8.139202,2.138699,-0.004254,-0.007630,0.003566,-0.000286,0.000000,0.000000,0.000000
13.417001,1,4.924597,0.865034,0.173881,-0.000632,0.003597,0.000730,0.000000,0.000000,0.000000
13.417001,2,7.908846,0.641889,0.000000,0.000000,-0.000000,0.000000,0.000000,0.000000,0.000000
13.417001,3,8.139141,2.138688,-0.004257,-0.007630,0.003566,-0.000286,0.000000,0.000000,0.000000
13.426001,1,4.924597,0.865034,0.173881,-0.000632,0.003597,0.000730,0.000000,0.000000,0.000000
13.426001,2,7.908846,0.641889,0.000000,0.000000,-0.000000,0.000000,0.000000,0.000000,0.000000
13.426001,3,8.139072,2.138675,-0.004259,-0.007630,0.003566,-0.000286,0.000000,0.000000,0.000000
13.435001,1,4.924597,0.865034,0.173881,-0.000632,0.003597,0.000730,0.000000,0.000000,0.000000
13.435001,2,7.908846,0.641889,0.000000,0.000000,-0.000000,0.000000,0.000000,0.000000,0.000000
13.435001,3,8.139004,2.138662,-0.004262,-0.007630,0.003566,-0.000286,0.000000,0.000000,0.000000
13.443001,1,4.924597,0.865034,0.173881,-0.000632,0.003597,0.000730,0.000000,0.000000,0.000000
13.443001,2,7.908846,0.641889,0.000000,0.000000,-0.000000,0.000000,0.000000,0.000000,0.000000
13.443001,3,8.138943,2.138651,-0.004264,-0.007630,0.003567,-0.000286,0.000000,0.000000,0.000000
13.451001,1,4.924597,0.865034,0.173881,-0.000632,0.003597,0.000730,0.000000,0.000000,0.000000
13.451001,2,7.908846,0.641889,0.000000,0.000000,-0.000000,0.000000,0.000000,0.000000,0.000000
13.451001,3,8.138882,2.138639,-0.004266,-0.007630,0.003567,-0.000286,0.000000,0.000000,0.000000
13.459001,1,4.924597,0.865034,0.173881,-0.000632,0.003597,0.000730,0.000000,0.000000,0.000000
13.459001,2,7.908846,0.641889,0.000000,0.000000,-0.000000,0.000000,0.000000,0.000000,0.000000
13.459001,3,8.138821,2.138628,-0.004269,-0.007630,0.003567,-0.000286,0.000000,0.000000,0.000000
13.468001,1,4.924597,0.865034,0.173881,-0.000632,0.003596,0.000730,0.000000,0.000000,0.000000
13.468001,2,7.908846,0.641889,0.000000,0.000000,-0.000000,0.000000,0.000000,0.000000,0.000000
13.468001,3,8.138752,2.138615,-0.004271,-0.007630,0.003566,-0.000286,0.000000,0.000000,0.000000
13.476001,1,4.924597,0.865034,0.173881,-0.000632,0.003596,0.000730,0.000000,0.000000,0.000000
13.476001,2,7.908846,0.641889,0.000000,0.000000,-0.000000,0.000000,0.000000,0.000000,0.000000
13.476001,3,8.138691,2.138603,-0.004273,-0.007629,0.003564,-0.000286,0.000000,0.000000,0.000000
13.484001,1,4.924597,0.865034,0.173881,-0.000632,0.003596,0.000730,0.000000,0.000000,0.000000
13.484001,2,7.908846,0.641889,0.000000,0.000000,-0.000000,0.000000,0.000000,0.000000,0.000000
13.484001,3,8.138630,2.138592,-0.004276,-0.007629,0.003564,-0.000286,0.000000,0.000000,0.000000
13.493001,1,4.924597,0.865034,0.173881,-0.000632,0.003596,0.000730,0.000000,0.000000,0.000000
13.493001,2,7.908846,0.641889,0.000000,0.000000,-0.000000,0.000000,0.000000,0.000000,0.000000
13.493001,3,8.138561,2.138579,-0.004278,-0.007629,0.003564,-0.000286,0.000000,0.000000,0.000000
13.501001,1,4.924597,0.865034,0.173881,-0.000632,0.003596,0.000730,0.000000,0.000000,0.000000
13.501001,2,7.908846,0.641889,0.000000,0.000000,-0.000000,0.000000,0.000000,0.000000,0.000000
13.501001,3,8.138500,2.138568,-0.004281,-0.007629,0.003565,-0.000286,0.000000,0.000000,0.000000
13.509001,1,4.924597,0.865034,0.173881,-0.000632,0.003596,0.000730,0.000000,0.000000,0.000000
13.509001,2,7.908846,0.641889,0.000000,0.000000,-0.000000,0.000000,0.000000,0.000000,0.000000
13.509001,3,8.138439,2.138556,-0.004283,-0.007629,0.003565,-0.000286,0.000000,0.000000,0.000000
13.518001,1,4.924597,0.865034,0.173881,-0.000632,0.003596,0.000730,0.000000,0.000000,0.000000
13.518001,2,7.908846,0.641889,0.000000,0.000000,-0.000000,0.000000,0.000000,0.000000,0.000000
13.518001,3,8.138371,2.138543,-0.004285,-0.007629,0.003565,-0.000286,0.000000,0.000000,0.000000
13.526001,1,4.924597,0.865034,0.173881,-0.000632,0.003596,0.000730,0.000000,0.000000,0.000000
13.526001,2,7.908846,0.641889,0.000000,0.000000,-0.000000,0.000000,0.000000,0.000000,0.000000
13.526001,3,8.138309,2.138532,-0.004288,-0.007629,0.003565,-0.000286,0.000000,0.000000,0.000000
13.535001,1,4.924597,0.865034,0.173881,-0.000632,0.003596,0.000730,0.000000,0.000000,0.000000
13.535001,2,7.908846,0.641889,0.000000,0.000000,-0.000000,0.000000,0.000000,0.000000,0.000000
13.535001,3,8.138241,2.138519,-0.004290,-0.007630,0.003565,-0.000286,0.000000,0.000000,0.000000
13.543001,1,4.924597,0.865034,0.173881,-0.000632,0.003596,0.000730,0.000000,0.000000,0.000000
13.543001,2,7.908846,0.641889,0.000000,0.000000,-0.000000,0.000000,0.000000,0.000000,0.000000
13.543001,3,8.138180,2.138508,-0.004293,-0.007630,0.003565,-0.000286,0.000000,0.000000,0.000000
13.552001,1,4.924597,0.865034,0.173881,-0.000632,0.003596,0.000730,0.000000,0.000000,0.000000
13.552001,2,7.908846,0.641889,0.000000,0.000000,-0.000000,0.000000,0.000000,0.000000,0.000000
13.552001,3,8.138111,2.138495,-0.004295,-0.007630,0.003565,-0.000286,0.000000,0.000000,0.000000
13.560001,1,4.924597,0.865034,0.173881,-0.000632,0.003596,0.000730,0.000000,0.000000,0.000000
13.560001,2,7.908846,0.641889,0.000000,0.000000,-0.000000,0.000000,0.000000,0.000000,0.000000
13.560001,3,8.138050,2.138483,-0.004297,-0.007630,0.003566,-0.000286,0.000000,0.000000,0.000000
13.568001,1,4.924597,0.865034,0.173881,-0.000632,0.003596,0.000730,0.000000,0.000000,0.000000
13.568001,2,7.908846,0.641889,0.000000,0.000000,-0.000000,0.000000,0.000000,0.000000,0.000000
13.568001,3,8.137989,2.138472,-0.004300,-0.007630,0.003566,-0.000286,0.000000,0.000000,0.000000
13.576001,1,4.924597,0.865034,0.173881,-0.000632,0.003596,0.000730,0.000000,0.000000,0.000000
13.576001,2,7.908846,0.641889,0.000000,0.000000,-0.000000,0.000000,0.000000,0.000000,0.000000
13.576001,3,8.137928,2.138460,-0.004302,-0.007630,0.003566,-0.000286,0.000000,0.000000,0.000000
13.585001,1,4.924597,0.865034,0.173881,-0.000632,0.003596,0.000730,0.000000,0.000000,0.000000
13.585001,2,7.908846,0.641889,0.000000,0.000000,-0.000000,0.000000,0.000000,0.000000,0.000000
13.585001,3,8.137859,2.138448,-0.004305,-0.007630,0.003566,-0.000286,0.000000,0.000000,0.000000
13.593001,1,4.924597,0.865034,0.173881,-0.000632,0.003596,0.000730,0.000000,0.000000,0.000000
13.593001,2,7.908846,0.641889,0.000000,0.000000,-0.000000,0.000000,0.000000,0.000000,0.000000
13.593001,3,8.137798,2.138436,-0.004307,-0.007630,0.003566,-0.000286,0.000000,0.000000,0.000000
13.601001,1,4.924597,0.865034,0.173881,-0.000632,0.003596,0.000730,0.000000,0.000000,0.000000
13.601001,2,7.908846,0.641889,0.000000,0.000000,-0.000000,0.000000,0.000000,0.000000,0.000000
13.601001,3,8.137737,2.138425,-0.004309,-0.007630,0.003566,-0.000286,0.000000,0.000000,0.000000
13.609001,1,4.924597,0.865034,0.173881,-0.000632,0.003597,0.000730,0.000000,0.000000,0.000000
13.609001,2,7.908846,0.641889,0.000000,0.000000,-0.000000,0.000000,0.000000,0.000000,0.000000
13.609001,3,8.137676,2.138413,-0.004311,-0.007630,0.003566,-0.000286,0.000000,0.000000,0.000000
13.617001,1,4.924597,0.865034,0.173881,-0.000632,0.003597,0.000730,0.000000,0.000000,0.000000
13.617001,2,7.908846,0.641889,0.000000,0.000000,-0.000000,0.000000,0.000000,0.000000,0.000000
13.617001,3,8.137615,2.138402,-0.004314,-0.007630,0.003567,-0.000286,0.000000,0.000000,0.000000
13.626001,1,4.924597,0.865034,0.173881,-0.000632,0.003597,0.000730,0.000000,0.000000,0.000000
13.626001,2,7.908846,0.641889,0.000000,0.000000,-0.000000,0.000000,0.000000,0.000000,0.000000
13.626001,3,8.137547,2.138389,-0.004316,-0.007630,0.003567,-0.000286,0.000000,0.000000,0.000000
13.634001,1,4.924597,0.865034,0.173881,-0.000632,0.003597,0.000730,0.000000,0.000000,0.000000
13.634001,2,7.908846,0.641889,0.000000,0.000000,-0.000000,0.000000,0.000000,0.000000,0.000000
13.634001,3,8.137486,2.138377,-0.004319,-0.007630,0.003567,-0.000286,0.000000,0.000000,0.000000
13.643001,1,4.924597,0.865034,0.173881,-0.000632,0.003597,0.000730,0.000000,0.000000,0.000000
13.643001,2,7.908846,0.641889,0.000000,0.000000,-0.000000,0.000000,0.000000,0.000000,0.000000
13.643001,3,8.137417,2.138365,-0.004321,-0.007630,0.003567,-0.000285,0.000000,0.000000,0.000000
13.651001,1,4.924597,0.865034,0.173881,-0.000632,0.003597,0.000730,0.000000,0.000000,0.000000
13.651001,2,7.908846,0.641889,0.000000,0.000000,-0.000000,0.000000,0.000000,0.000000,0.000000
13.651001,3,8.137356,2.138353,-0.004323,-0.007630,0.003567,-0.000285,0.000000,0.000000,0.000000
13.659001,1,4.924597,0.865034,0.173881,-0.000632,0.003597,0.000730,0.000000,0.000000,0.000000
13.659001,2,7.908846,0.641889,0.000000,0.000000,-0.000000,0.000000,0.000000,0.000000,0.000000
13.659001,3,8.137295,2.138342,-0.004326,-0.007630,0.003567,-0.000285,0.000000,0.000000,0.000000
13.667001,1,4.924597,0.865034,0.173881,-0.000632,0.003597,0.000730,0.000000,0.000000,0.000000
13.667001,2,7.908846,0.641889,0.000000,0.000000,-0.000000,0.000000,0.000000,0.000000,0.000000
13.667001,3,8.137234,2.138330,-0.004328,-0.007630,0.003567,-0.000285,0.000000,0.000000,0.000000
13.676001,1,4.924597,0.865034,0.173881,-0.000632,0.003597,0.000730,0.000000,0.000000,0.000000
13.676001,2,7.908846,0.641889,0.000000,0.000000,-0.000000,0.000000,0.000000,0.000000,0.000000
13.676001,3,8.137165,2.138317,-0.004331,-0.007630,0.003568,-0.000285,0.000000,0.000000,0.000000
13.684001,1,4.924597,0.865034,0.173881,-0.000632,0.003597,0.000730,0.000000,0.000000,0.000000
13.684001,2,7.908846,0.641889,0.000000,0.000000,-0.000000,0.000000,0.000000,0.000000,0.000000
13.684001,3,8.137104,2.138306,-0.004333,-0.007630,0.003568,-0.000285,0.000000,0.000000,0.000000
13.692001,1,4.924597,0.865034,0.173881,-0.000632,0.003597,0.000730,0.000000,0.000000,0.000000
13.692001,2,7.908846,0.641889,0.000000,0.000000,-0.000000,0.000000,0.000000,0.000000,0.000000
13.692001,3,8.137043,2.138294,-0.004335,-0.007630,0.003568,-0.000285,0.000000,0.000000,0.000000
13.701001,1,4.924597,0.865034,0.173881,-0.000632,0.003597,0.000730,0.000000,0.000000,0.000000
13.701001,2,7.908846,0.641889,0.000000,0.000000,-0.000000,0.000000,0.000000,0.000000,0.000000
13.701001,3,8.136974,2.138282,-0.004338,-0.007630,0.003568,-0.000285,0.000000,0.000000,0.000000
13.709001,1,4.924597,0.865034,0.173881,-0.000632,0.003597,0.000730,0.000000,0.000000,0.000000
13.709001,2,7.908846,0.641889,0.000000,0.000000,-0.000000,0.000000,0.000000,0.000000,0.000000
13.709001,3,8.136913,2.138270,-0.004340,-0.007630,0.003568,-0.000285,0.000000,0.000000,0.000000
13.718001,1,4.924597,0.865034,0.173881,-0.000632,0.003596,0.000730,0.000000,0.000000,0.000000
13.718001,2,7.908846,0.641889,0.000000,0.000000,-0.000000,0.000000,0.000000,0.000000,0.000000
13.718001,3,8.136845,2.138257,-0.004343,-0.007630,0.003566,-0.000286,0.000000,0.000000,0.000000
13.726001,1,4.924597,0.865034,0.173881,-0.000632,0.003596,0.000730,0.000000,0.000000,0.000000
13.726001,2,7.908846,0.641889,0.000000,0.000000,-0.000000,0.000000,0.000000,0.000000,0.000000
13.726001,3,8.136784,2.138246,-0.004345,-0.007630,0.003565,-0.000286,0.000000,0.000000,0.000000
13.735001,1,4.924597,0.865034,0.173881,-0.000632,0.003596,0.000730,0.000000,0.000000,0.000000
13.735001,2,7.908846,0.641889,0.000000,0.000000,-0.000000,0.000000,0.000000,0.000000,0.000000
13.735001,3,8.136715,2.138233,-0.004347,-0.007630,0.003565,-0.000286,0.000000,0.000000,0.000000
13.743001,1,4.924597,0.865034,0.173881,-0.000632,0.003596,0.000730,0.000000,0.000000,0.000000
13.743001,2,7.908846,0.641889,0.000000,0.000000,-0.000000,0.000000,0.000000,0.000000,0.000000
13.743001,3,8.136654,2.138222,-0.004350,-0.007630,0.003566,-0.000286,0.000000,0.000000,0.000000
13.752001,1,4.924597,0.865034,0.173881,-0.000632,0.003596,0.000730,0.000000,0.000000,0.000000
13.752001,2,7.908846,0.641889,0.000000,0.000000,-0.000000,0.000000,0.000000,0.000000,0.000000
13.752001,3,8.136585,2.138209,-0.004352,-0.007630,0.003566,-0.000286,0.000000,0.000000,0.000000
13.760001,1,4.924597,0.865034,0.173881,-0.000632,0.003596,0.000730,0.000000,0.000000,0.000000
13.760001,2,7.908846,0.641889,0.000000,0.000000,-0.000000,0.000000,0.000000,0.000000,0.000000
13.760001,3,8.136524,2.138197,-0.004355,-0.007630,0.003566,-0.000285,0.000000,0.000000,0.000000
13.768001,1,4.924597,0.865034,0.173881,-0.000632,0.003596,0.000730,0.000000,0.000000,0.000000
13.768001,2,7.908846,0.641889,0.000000,0.000000,-0.000000,0.000000,0.000000,0.000000,0.000000
13.768001,3,8.136463,2.138186,-0.004357,-0.007630,0.003566,-0.000285,0.000000,0.000000,0.000000
13.776001,1,4.924597,0.865034,0.173881,-0.000632,0.003596,0.000730,0.000000,0.000000,0.000000
13.776001,2,7.908846,0.641889,0.000000,0.000000,-0.000000,0.000000,0.000000,0.000000,0.000000
13.776001,3,8.136402,2.138174,-0.004359,-0.007630,0.003566,-0.000285,0.000000,0.000000,0.000000
13.785001,1,4.924597,0.865034,0.173881,-0.000632,0.003596,0.000730,0.000000,0.000000,0.000000
13.785001,2,7.908846,0.641889,0.000000,0.000000,-0.000000,0.000000,0.000000,0.000000,0.000000
13.785001,3,8.136333,2.138161,-0.004362,-0.007630,0.003566,-0.000285,0.000000,0.000000,0.000000
13.793001,1,4.924597,0.865034,0.173881,-0.000632,0.003596,0.000730,0.000000,0.000000,0.000000
13.793001,2,7.908846,0.641889,0.000000,0.000000,-0.000000,0.000000,0.000000,0.000000,0.000000
13.793001,3,8.136272,2.138150,-0.004364,-0.007630,0.003566,-0.000285,0.000000,0.000000,0.000000
13.801001,1,4.924597,0.865034,0.173881,-0.000632,0.003596,0.000730,0.000000,0.000000,0.000000
13.801001,2,7.908846,0.641889,0.000000,0.000000,-0.000000,0.000000,0.000000,0.000000,0.000000
13.801001,3,8.136211,2.138139,-0.004366,-0.007630,0.003567,-0.000285,0.000000,0.000000,0.000000
13.809001,1,4.924597,0.865034,0.173881,-0.000632,0.003596,0.000730,0.000000,0.000000,0.000000
13.809001,2,7.908846,0.641889,0.000000,0.000000,-0.000000,0.000000,0.000000,0.000000,0.000000
13.809001,3,8.136150,2.138127,-0.004368,-0.007630,0.003567,-0.000285,0.000000,0.000000,0.000000
13.817001,1,4.924597,0.865034,0.173881,-0.000632,0.003596,0.000730,0.000000,0.000000,0.000000
13.817001,2,7.908846,0.641889,-0.000000,0.000000,-0.000000,0.000000,0.000000,0.000000,0.000000
13.817001,3,8.136089,2.138116,-0.004371,-0.007630,0.003567,-0.000285,0.000000,0.000000,0.000000
13.827001,1,4.924597,0.865034,0.173881,-0.000632,0.003596,0.000730,0.000000,0.000000,0.000000
13.827001,2,7.908846,0.641889,-0.000000,0.000000,-0.000000,0.000000,0.000000,0.000000,0.000000
13.827001,3,8.136013,2.138101,-0.004374,-0.007630,0.003567,-0.000285,0.000000,0.000000,0.000000
13.835001,1,4.924597,0.865034,0.173881,-0.000632,0.003596,0.000730,0.000000,0.000000,0.000000
13.835001,2,7.908846,0.641889,-0.000000,0.000000,-0.000000,0.000000,0.000000,0.000000,0.000000
13.835001,3,8.135952,2.138090,-0.004376,-0.007630,0.003567,-0.000285,0.000000,0.000000,0.000000
13.843001,1,4.924597,0.865034,0.173881,-0.000632,0.003596,0.000730,0.000000,0.000000,0.000000
13.843001,2,7.908846,0.641889,-0.000000,0.000000,-0.000000,0.000000,0.000000,0.000000,0.000000
13.843001,3,8.135891,2.138078,-0.004378,-0.007630,0.003567,-0.000285,0.000000,0.000000,0.000000
13.851001,1,4.924597,0.865034,0.173881,-0.000632,0.003597,0.000730,0.000000,0.000000,0.000000
13.851001,2,7.908846,0.641889,-0.000000,0.000000,-0.000000,0.000000,0.000000,0.000000,0.000000
13.851001,3,8.135830,2.138067,-0.004380,-0.007630,0.003568,-0.000285,0.000000,0.000000,0.000000
13.859001,1,4.924597,0.865034,0.173881,-0.000632,0.003597,0.000730,0.000000,0.000000,0.000000
13.859001,2,7.908846,0.641889,-0.000000,0.000000,-0.000000,0.000000,0.000000,0.000000,0.000000
13.859001,3,8.135769,2.138056,-0.004383,-0.007630,0.003568,-0.000285,0.000000,0.000000,0.000000
13.868001,1,4.924597,0.865034,0.173881,-0.000632,0.003597,0.000730,0.000000,0.000000,0.000000
13.868001,2,7.908846,0.641889,-0.000000,0.000000,-0.000000,0.000000,0.000000,0.000000,0.000000
13.868001,3,8.135700,2.138043,-0.004385,-0.007630,0.003568,-0.000285,0.000000,0.000000,0.000000
13.876001,1,4.924597,0.865034,0.173881,-0.000632,0.003597,0.000730,0.000000,0.000000,0.000000
13.876001,2,7.908846,0.641889,-0.000000,0.000000,-0.000000,0.000000,0.000000,0.000000,0.000000
13.876001,3,8.135639,2.138031,-0.004388,-0.007630,0.003568,-0.000285,0.000000,0.000000,0.000000
13.884001,1,4.924597,0.865034,0.173881,-0.000632,0.003597,0.000730,0.000000,0.000000,0.000000
13.884001,2,7.908846,0.641889,-0.000000,0.000000,-0.000000,0.000000,0.000000,0.000000,0.000000
13.884001,3,8.135578,2.138020,-0.004390,-0.007630,0.003568,-0.000285,0.000000,0.000000,0.000000
13.893001,1,4.924597,0.865034,0.173881,-0.000632,0.003597,0.000730,0.000000,0.000000,0.000000
13.893001,2,7.908846,0.641889,-0.000000,0.000000,-0.000000,0.000000,0.000000,0.000000,0.000000
13.893001,3,8.135509,2.138007,-0.004392,-0.007630,0.003568,-0.000285,0.000000,0.000000,0.000000
13.902001,1,4.924597,0.865034,0.173881,-0.000632,0.003597,0.000730,0.000000,0.000000,0.000000
13.902001,2,7.908846,0.641889,-0.000000,0.000000,-0.000000,0.000000,0.000000,0.000000,0.000000
13.902001,3,8.135441,2.137994,-0.004395,-0.007630,0.003568,-0.000285,0.000000,0.000000,0.000000
13.910001,1,4.924597,0.865034,0.173881,-0.000632,0.003597,0.000730,0.000000,0.000000,0.000000
13.910001,2,7.908846,0.641889,-0.000000,0.000000,-0.000000,0.000000,0.000000,0.000000,0.000000
13.910001,3,8.135380,2.137983,-0.004397,-0.007630,0.003569,-0.000285,0.000000,0.000000,0.000000
13.918001,1,4.924597,0.865034,0.173881,-0.000632,0.003597,0.000730,0.000000,0.000000,0.000000
13.918001,2,7.908846,0.641889,-0.000000,0.000000,-0.000000,0.000000,0.000000,0.000000,0.000000
13.918001,3,8.135319,2.137971,-0.004400,-0.007630,0.003569,-0.000285,0.000000,0.000000,0.000000
13.926001,1,4.924597,0.865034,0.173881,-0.000632,0.003597,0.000730,0.000000,0.000000,0.000000
13.926001,2,7.908846,0.641889,-0.000000,0.000000,-0.000000,0.000000,0.000000,0.000000,0.000000
13.926001,3,8.135258,2.137960,-0.004402,-0.007631,0.003569,-0.000285,0.000000,0.000000,0.000000
13.935001,1,4.924597,0.865034,0.173881,-0.000632,0.003597,0.000730,0.000000,0.000000,0.000000
13.935001,2,7.908846,0.641889,-0.000000,0.000000,-0.000000,0.000000,0.000000,0.000000,0.000000
13.935001,3,8.135189,2.137947,-0.004404,-0.007631,0.003569,-0.000285,0.000000,0.000000,0.000000
13.943001,1,4.924597,0.865034,0.173881,-0.000632,0.003597,0.000730,0.000000,0.000000,0.000000
13.943001,2,7.908846,0.641889,-0.000000,0.000000,-0.000000,0.000000,0.000000,0.000000,0.000000
13.943001,3,8.135128,2.137935,-0.004407,-0.007631,0.003569,-0.000285,0.000000,0.000000,0.000000
13.951001,1,4.924597,0.865034,0.173881,-0.000632,0.003596,0.000730,0.000000,0.000000,0.000000
13.951001,2,7.908846,0.641889,-0.000000,0.000000,-0.000000,0.000000,0.000000,0.000000,0.000000
13.951001,3,8.135067,2.137924,-0.004409,-0.007630,0.003568,-0.000285,0.000000,0.000000,0.000000
13.960001,1,4.924597,0.865034,0.173881,-0.000632,0.003596,0.000730,0.000000,0.000000,0.000000
13.960001,2,7.908846,0.641889,-0.000000,0.000000,-0.000000,0.000000,0.000000,0.000000,0.000000
13.960001,3,8.134998,2.137911,-0.004412,-0.007630,0.003567,-0.000285,0.000000,0.000000,0.000000
13.968001,1,4.924597,0.865034,0.173881,-0.000632,0.003596,0.000730,0.000000,0.000000,0.000000
13.968001,2,7.908846,0.641889,-0.000000,0.000000,-0.000000,0.000000,0.000000,0.000000,0.000000
13.968001,3,8.134937,2.137900,-0.004414,-0.007630,0.003566,-0.000285,0.000000,0.000000,0.000000
13.977001,1,4.924597,0.865034,0.173881,-0.000632,0.003596,0.000730,0.000000,0.000000,0.000000
13.977001,2,7.908846,0.641889,-0.000000,0.000000,-0.000000,0.000000,0.000000,0.000000,0.000000
13.977001,3,8.134869,2.137887,-0.004416,-0.007630,0.003567,-0.000285,0.000000,0.000000,0.000000
13.985001,1,4.924597,0.865034,0.173881,-0.000632,0.003596,0.000730,0.000000,0.000000,0.000000
13.985001,2,7.908846,0.641889,-0.000000,0.000000,-0.000000,0.000000,0.000000,0.000000,0.000000
13.985001,3,8.134808,2.137875,-0.004419,-0.007630,0.003567,-0.000285,0.000000,0.000000,0.000000
13.993001,1,4.924597,0.865034,0.173881,-0.000632,0.003596,0.000730,0.000000,0.000000,0.000000
13.993001,2,7.908846,0.641889,-0.000000,0.000000,-0.000000,0.000000,0.000000,0.000000,0.000000
13.993001,3,8.134747,2.137864,-0.004421,-0.007630,0.003567,-0.000285,0.000000,0.000000,0.000000
14.001001,1,4.924597,0.865034,0.173881,-0.000632,0.003596,0.000730,0.000000,0.000000,0.000000
14.001001,2,7.908846,0.641889,-0.000000,0.000000,-0.000000,0.000000,0.000000,0.000000,0.000000
14.001001,3,8.134686,2.137852,-0.004423,-0.007630,0.003567,-0.000285,0.000000,0.000000,0.000000
14.010001,1,4.924597,0.865034,0.173881,-0.000632,0.003596,0.000730,0.000000,0.000000,0.000000
14.010001,2,7.908846,0.641889,-0.000000,0.000000,-0.000000,0.000000,0.000000,0.000000,0.000000
14.010001,3,8.134617,2.137840,-0.004426,-0.007630,0.003567,-0.000285,0.000000,0.000000,0.000000
14.017001,1,4.924597,0.865034,0.173881,-0.000632,0.003596,0.000730,0.000000,0.000000,0.000000
14.017001,2,7.908846,0.641889,-0.000000,0.000000,-0.000000,0.000000,0.000000,0.000000,0.000000
14.017001,3,8.134563,2.137830,-0.004428,-0.007630,0.003567,-0.000285,0.000000,0.000000,0.000000
14.026001,1,4.924597,0.865034,0.173881,-0.000632,0.003596,0.000730,0.000000,0.000000,0.000000
14.026001,2,7.908846,0.641889,-0.000000,0.000000,-0.000000,0.000000,0.000000,0.000000,0.000000
14.026001,3,8.134495,2.137817,-0.004430,-0.007630,0.003567,-0.000285,0.000000,0.000000,0.000000
14.035001,1,4.924597,0.865034,0.173881,-0.000632,0.003596,0.000730,0.000000,0.000000,0.000000
14.035001,2,7.908846,0.641889,-0.000000,0.000000,-0.000000,0.000000,0.000000,0.000000,0.000000
14.035001,3,8.134426,2.137804,-0.004433,-0.007630,0.003568,-0.000285,0.000000,0.000000,0.000000
14.043001,1,4.924597,0.865034,0.173881,-0.000632,0.003596,0.000730,0.000000,0.000000,0.000000
14.043001,2,7.908846,0.641889,-0.000000,0.000000,-0.000000,0.000000,0.000000,0.000000,0.000000
14.043001,3,8.134365,2.137792,-0.004435,-0.007630,0.003568,-0.000285,0.000000,0.000000,0.000000
14.051001,1,4.924597,0.865034,0.173881,-0.000632,0.003596,0.000730,0.000000,0.000000,0.000000
14.051001,2,7.908846,0.641889,-0.000000,0.000000,-0.000000,0.000000,0.000000,0.000000,0.000000
14.051001,3,8.134304,2.137781,-0.004437,-0.007630,0.003568,-0.000285,0.000000,0.000000,0.000000
14.059001,1,4.924597,0.865034,0.173881,-0.000632,0.003596,0.000730,0.000000,0.000000,0.000000
14.059001,2,7.908846,0.641889,-0.000000,0.000000,-0.000000,0.000000,0.000000,0.000000,0.000000
14.059001,3,8.134243,2.137769,-0.004440,-0.007630,0.003568,-0.000285,0.000000,0.000000,0.000000
14.068001,1,4.924597,0.865034,0.173881,-0.000632,0.003596,0.000730,0.000000,0.000000,0.000000
14.068001,2,7.908846,0.641889,-0.000000,0.000000,-0.000000,0.000000,0.000000,0.000000,0.000000
14.068001,3,8.134174,2.137757,-0.004442,-0.007630,0.003568,-0.000285,0.000000,0.000000,0.000000
14.076001,1,4.924597,0.865034,0.173881,-0.000632,0.003596,0.000730,0.000000,0.000000,0.000000
14.076001,2,7.908846,0.641889,-0.000000,0.000000,-0.000000,0.000000,0.000000,0.000000,0.000000
14.076001,3,8.134113,2.137745,-0.004445,-0.007630,0.003568,-0.000285,0.000000,0.000000,0.000000
14.084001,1,4.924597,0.865034,0.173881,-0.000632,0.003596,0.000730,0.000000,0.000000,0.000000
14.084001,2,7.908846,0.641889,-0.000000,0.000000,-0.000000,0.000000,0.000000,0.000000,0.000000
14.084001,3,8.134052,2.137734,-0.004447,-0.007630,0.003568,-0.000285,0.000000,0.000000,0.000000
14.093001,1,4.924597,0.865034,0.173881,-0.000632,0.003597,0.000730,0.000000,0.000000,0.000000
14.093001,2,7.908846,0.641889,-0.000000,0.000000,-0.000000,0.000000,0.000000,0.000000,0.000000
14.093001,3,8.133984,2.137721,-0.004449,-0.007630,0.003569,-0.000285,0.000000,0.000000,0.000000
14.101001,1,4.924597,0.865034,0.173881,-0.000632,0.003597,0.000730,0.000000,0.000000,0.000000
14.101001,2,7.908846,0.641889,-0.000000,0.000000,-0.000000,0.000000,0.000000,0.000000,0.000000
14.101001,3,8.133923,2.137709,-0.004452,-0.007630,0.003569,-0.000285,0.000000,0.000000,0.000000
14.109001,1,4.924597,0.865034,0.173881,-0.000632,0.003597,0.000730,0.000000,0.000000,0.000000
14.109001,2,7.908846,0.641889,-0.000000,0.000000,-0.000000,0.000000,0.000000,0.000000,0.000000
14.109001,3,8.133862,2.137698,-0.004454,-0.007631,0.003569,-0.000285,0.000000,0.000000,0.000000
14.118001,1,4.924597,0.865034,0.173881,-0.000632,0.003597,0.000730,0.000000,0.000000,0.000000
14.118001,2,7.908846,0.641889,-0.000000,0.000000,-0.000000,0.000000,0.000000,0.000000,0.000000
14.118001,3,8.133793,2.137685,-0.004457,-0.007631,0.003569,-0.000285,0.000000,0.000000,0.000000
14.126001,1,4.924597,0.865034,0.173881,-0.000632,0.003597,0.000730,0.000000,0.000000,0.000000
14.126001,2,7.908846,0.641889,-0.000000,0.000000,-0.000000,0.000000,0.000000,0.000000,0.000000
14.126001,3,8.133732,2.137674,-0.004459,-0.007631,0.003569,-0.000285,0.000000,0.000000,0.000000
14.135001,1,4.924597,0.865034,0.173881,-0.000632,0.003597,0.000730,0.000000,0.000000,0.000000
14.135001,2,7.908846,0.641889,-0.000000,0.000000,-0.000000,0.000000,0.000000,0.000000,0.000000
14.135001,3,8.133663,2.137661,-0.004461,-0.007631,0.003569,-0.000285,0.000000,0.000000,0.000000
14.143001,1,4.924597,0.865034,0.173881,-0.000632,0.003597,0.000730,0.000000,0.000000,0.000000
14.143001,2,7.908846,0.641889,-0.000000,0.000000,-0.000000,0.000000,0.000000,0.000000,0.000000
14.143001,3,8.133602,2.137649,-0.004464,-0.007631,0.003569,-0.000285,0.000000,0.000000,0.000000
14.151001,1,4.924597,0.865034,0.173881,-0.000632,0.003597,0.000730,0.000000,0.000000,0.000000
14.151001,2,7.908846,0.641889,-0.000000,0.000000,-0.000000,0.000000,0.000000,0.000000,0.000000
14.151001,3,8.133541,2.137638,-0.004466,-0.007631,0.003570,-0.000285,0.000000,0.000000,0.000000
14.160001,1,4.924597,0.865034,0.173881,-0.000632,0.003597,0.000730,0.000000,0.000000,0.000000
14.160001,2,7.908846,0.641889,-0.000000,0.000000,-0.000000,0.000000,0.000000,0.000000,0.000000
14.160001,3,8.133472,2.137625,-0.004469,-0.007631,0.003570,-0.000285,0.000000,0.000000,0.000000
14.168001,1,4.924597,0.865034,0.173881,-0.000632,0.003597,0.000730,0.000000,0.000000,0.000000
14.168001,2,7.908846,0.641889,-0.000000,0.000000,-0.000000,0.000000,0.000000,0.000000,0.000000
14.168001,3,8.133411,2.137614,-0.004471,-0.007631,0.003570,-0.000285,0.000000,0.000000,0.000000
14.176001,1,4.924597,0.865034,0.173881,-0.000632,0.003597,0.000730,0.000000,0.000000,0.000000
14.176001,2,7.908846,0.641889,-0.000000,0.000000,-0.000000,0.000000,0.000000,0.000000,0.000000
14.176001,3,8.133350,2.137602,-0.004473,-0.007631,0.003570,-0.000285,0.000000,0.000000,0.000000
14.185001,1,4.924597,0.865034,0.173881,-0.000632,0.003597,0.000730,0.000000,0.000000,0.000000
14.185001,2,7.908846,0.641889,-0.000000,0.000000,-0.000000,0.000000,0.000000,0.000000,0.000000
14.185001,3,8.133282,2.137589,-0.004476,-0.007631,0.003570,-0.000285,0.000000,0.000000,0.000000
14.193001,1,4.924597,0.865034,0.173881,-0.000632,0.003597,0.000730,0.000000,0.000000,0.000000
14.193001,2,7.908846,0.641889,-0.000000,0.000000,-0.000000,0.000000,0.000000,0.000000,0.000000
14.193001,3,8.133221,2.137578,-0.004478,-0.007631,0.003570,-0.000285,0.000000,0.000000,0.000000
14.201001,1,4.924597,0.865034,0.173881,-0.000632,0.003596,0.000730,0.000000,0.000000,0.000000
14.201001,2,7.908846,0.641889,-0.000000,0.000000,-0.000000,0.000000,0.000000,0.000000,0.000000
14.201001,3,8.133160,2.137566,-0.004480,-0.007630,0.003568,-0.000285,0.000000,0.000000,0.000000
14.210001,1,4.924597,0.865034,0.173881,-0.000632,0.003596,0.000730,0.000000,0.000000,0.000000
14.210001,2,7.908846,0.641889,-0.000000,0.000000,-0.000000,0.000000,0.000000,0.000000,0.000000
14.210001,3,8.133091,2.137553,-0.004483,-0.007630,0.003568,-0.000285,0.000000,0.000000,0.000000
14.219001,1,4.924597,0.865034,0.173881,-0.000632,0.003596,0.000730,0.000000,0.000000,0.000000
14.219001,2,7.908846,0.641889,-0.000000,0.000000,-0.000000,0.000000,0.000000,0.000000,0.000000
14.219001,3,8.133022,2.137541,-0.004485,-0.007630,0.003568,-0.000285,0.000000,0.000000,0.000000
14.227001,1,4.924597,0.865034,0.173881,-0.000632,0.003596,0.000730,0.000000,0.000000,0.000000
14.227001,2,7.908846,0.641889,-0.000000,0.000000,-0.000000,0.000000,0.000000,0.000000,0.000000
14.227001,3,8.132961,2.137529,-0.004488,-0.007630,0.003568,-0.000285,0.000000,0.000000,0.000000
14.235001,1,4.924597,0.865034,0.173881,-0.000632,0.003596,0.000730,0.000000,0.000000,0.000000
14.235001,2,7.908846,0.641889,-0.000000,0.000000,-0.000000,0.000000,0.000000,0.000000,0.000000
14.235001,3,8.132900,2.137518,-0.004490,-0.007630,0.003568,-0.000285,0.000000,0.000000,0.000000
14.243001,1,4.924597,0.865034,0.173881,-0.000632,0.003596,0.000730,0.000000,0.000000,0.000000
14.243001,2,7.908846,0.641889,-0.000000,0.000000,-0.000000,0.000000,0.000000,0.000000,0.000000
14.243001,3,8.132839,2.137506,-0.004492,-0.007630,0.003568,-0.000285,0.000000,0.000000,0.000000
14.251001,1,4.924597,0.865034,0.173881,-0.000632,0.003596,0.000730,0.000000,0.000000,0.000000
14.251001,2,7.908846,0.641889,-0.000000,0.000000,-0.000000,0.000000,0.000000,0.000000,0.000000
14.251001,3,8.132778,2.137495,-0.004494,-0.007630,0.003568,-0.000285,0.000000,0.000000,0.000000
14.259001,1,4.924597,0.865034,0.173881,-0.000632,0.003596,0.000730,0.000000,0.000000,0.000000
14.259001,2,7.908846,0.641889,-0.000000,0.000000,-0.000000,0.000000,0.000000,0.000000,0.000000
14.259001,3,8.132717,2.137483,-0.004497,-0.007630,0.003568,-0.000285,0.000000,0.000000,0.000000
14.268001,1,4.924597,0.865034,0.173881,-0.000632,0.003596,0.000730,0.000000,0.000000,0.000000
14.268001,2,7.908846,0.641889,-0.000000,0.000000,-0.000000,0.000000,0.000000,0.000000,0.000000
14.268001,3,8.132648,2.137470,-0.004499,-0.007630,0.003569,-0.000285,0.000000,0.000000,0.000000
14.276001,1,4.924597,0.865034,0.173881,-0.000632,0.003596,0.000730,0.000000,0.000000,0.000000
14.276001,2,7.908846,0.641889,-0.000000,0.000000,-0.000000,0.000000,0.000000,0.000000,0.000000
14.276001,3,8.132587,2.137459,-0.004502,-0.007630,0.003569,-0.000285,0.000000,0.000000,0.000000
14.284001,1,4.924597,0.865034,0.173881,-0.000632,0.003596,0.000730,0.000000,0.000000,0.000000
14.284001,2,7.908846,0.641889,-0.000000,0.000000,-0.000000,0.000000,0.000000,0.000000,0.000000
14.284001,3,8.132526,2.137448,-0.004504,-0.007630,0.003569,-0.000285,0.000000,0.000000,0.000000
14.293001,1,4.924597,0.865034,0.173881,-0.000632,0.003596,0.000730,0.000000,0.000000,0.000000
14.293001,2,7.908846,0.641889,-0.000000,0.000000,-0.000000,0.000000,0.000000,0.000000,0.000000
14.293001,3,8.132458,2.137435,-0.004506,-0.007631,0.003569,-0.000285,0.000000,0.000000,0.000000
14.301001,1,4.924597,0.865034,0.173881,-0.000632,0.003596,0.000730,0.000000,0.000000,0.000000
14.301001,2,7.908846,0.641889,-0.000000,0.000000,-0.000000,0.000000,0.000000,0.000000,0.000000
14.301001,3,8.132397,2.137423,-0.004509,-0.007631,0.003569,-0.000285,0.000000,0.000000,0.000000
14.310001,1,4.924597,0.865034,0.173881,-0.000632,0.003596,0.000730,0.000000,0.000000,0.000000
14.310001,2,7.908846,0.641889,-0.000000,0.000000,-0.000000,0.000000,0.000000,0.000000,0.000000
14.310001,3,8.132328,2.137410,-0.004511,-0.007631,0.003569,-0.000285,0.000000,0.000000,0.000000
14.318001,1,4.924597,0.865034,0.173881,-0.000632,0.003596,0.000730,0.000000,0.000000,0.000000
14.318001,2,7.908846,0.641889,-0.000000,0.000000,-0.000000,0.000000,0.000000,0.000000,0.000000
14.318001,3,8.132267,2.137399,-0.004513,-0.007631,0.003569,-0.000285,0.000000,0.000000,0.000000
14.326001,1,4.924597,0.865034,0.173881,-0.000632,0.003596,0.000730,0.000000,0.000000,0.000000
14.326001,2,7.908846,0.641889,-0.000000,0.000000,-0.000000,0.000000,0.000000,0.000000,0.000000
14.326001,3,8.132206,2.137388,-0.004516,-0.007631,0.003570,-0.000284,0.000000,0.000000,0.000000
14.335001,1,4.924597,0.865034,0.173881,-0.000632,0.003597,0.000730,0.000000,0.000000,0.000000
14.335001,2,7.908846,0.641889,-0.000000,0.000000,-0.000000,0.000000,0.000000,0.000000,0.000000
14.335001,3,8.132137,2.137375,-0.004518,-0.007631,0.003570,-0.000284,0.000000,0.000000,0.000000
14.343001,1,4.924597,0.865034,0.173881,-0.000632,0.003597,0.000730,0.000000,0.000000,0.000000
14.343001,2,7.908846,0.641889,-0.000000,0.000000,-0.000000,0.000000,0.000000,0.000000,0.000000
14.343001,3,8.132076,2.137363,-0.004521,-0.007631,0.003570,-0.000284,0.000000,0.000000,0.000000
14.351001,1,4.924597,0.865034,0.173881,-0.000632,0.003597,0.000730,0.000000,0.000000,0.000000
14.351001,2,7.908846,0.641889,-0.000000,0.000000,-0.000000,0.000000,0.000000,0.000000,0.000000
14.351001,3,8.132015,2.137352,-0.004523,-0.007631,0.003570,-0.000284,0.000000,0.000000,0.000000
14.359001,1,4.924597,0.865034,0.173881,-0.000632,0.003597,0.000730,0.000000,0.000000,0.000000
14.359001,2,7.908846,0.641889,-0.000000,0.000000,-0.000000,0.000000,0.000000,0.000000,0.000000
14.359001,3,8.131954,2.137340,-0.004525,-0.007631,0.003570,-0.000284,0.000000,0.000000,0.000000
14.368001,1,4.924597,0.865034,0.173881,-0.000632,0.003597,0.000730,0.000000,0.000000,0.000000
14.368001,2,7.908846,0.641889,-0.000000,0.000000,-0.000000,0.000000,0.000000,0.000000,0.000000
14.368001,3,8.131886,2.137327,-0.004528,-0.007631,0.003570,-0.000284,0.000000,0.000000,0.000000
14.376001,1,4.924597,0.865034,0.173881,-0.000632,0.003597,0.000730,0.000000,0.000000,0.000000
14.376001,2,7.908846,0.641889,-0.000000,0.000000,-0.000000,0.000000,0.000000,0.000000,0.000000
14.376001,3,8.131824,2.137316,-0.004530,-0.007631,0.003570,-0.000284,0.000000,0.000000,0.000000
14.385001,1,4.924597,0.865034,0.173881,-0.000632,0.003597,0.000730,0.000000,0.000000,0.000000
14.385001,2,7.908846,0.641889,-0.000000,0.000000,-0.000000,0.000000,0.000000,0.000000,0.000000
14.385001,3,8.131756,2.137303,-0.004533,-0.007631,0.003571,-0.000284,0.000000,0.000000,0.000000
14.393001,1,4.924597,0.865034,0.173881,-0.000632,0.003597,0.000730,0.000000,0.000000,0.000000
14.393001,2,7.908846,0.641889,-0.000000,0.000000,-0.000000,0.000000,0.000000,0.000000,0.000000
14.393001,3,8.131695,2.137292,-0.004535,-0.007631,0.003571,-0.000284,0.000000,0.000000,0.000000
14.401001,1,4.924597,0.865034,0.173881,-0.000632,0.003597,0.000730,0.000000,0.000000,0.000000
14.401001,2,7.908846,0.641889,-0.000000,0.000000,-0.000000,0.000000,0.000000,0.000000,0.000000
14.401001,3,8.131634,2.137280,-0.004537,-0.007631,0.003571,-0.000284,0.000000,0.000000,0.000000
14.409001,1,4.924597,0.865034,0.173881,-0.000632,0.003597,0.000730,0.000000,0.000000,0.000000
14.409001,2,7.908846,0.641889,-0.000000,0.000000,-0.000000,0.000000,0.000000,0.000000,0.000000
14.409001,3,8.131573,2.137269,-0.004539,-0.007631,0.003571,-0.000284,0.000000,0.000000,0.000000
14.417001,1,4.924597,0.865034,0.173881,-0.000632,0.003597,0.000730,0.000000,0.000000,0.000000
14.417001,2,7.908846,0.641889,-0.000000,0.000000,-0.000000,0.000000,0.000000,0.000000,0.000000
14.417001,3,8.131512,2.137257,-0.004542,-0.007631,0.003571,-0.000284,0.000000,0.000000,0.000000
14.426001,1,4.924597,0.865034,0.173881,-0.000632,0.003597,0.000730,0.000000,0.000000,0.000000
14.426001,2,7.908846,0.641889,-0.000000,0.000000,-0.000000,0.000000,0.000000,0.000000,0.000000
14.426001,3,8.131443,2.137244,-0.004544,-0.007631,0.003571,-0.000284,0.000000,0.000000,0.000000
14.434001,1,4.924597,0.865034,0.173881,-0.000632,0.003597,0.000730,0.000000,0.000000,0.000000
14.434001,2,7.908846,0.641889,-0.000000,0.000000,-0.000000,0.000000,0.000000,0.000000,0.000000
14.434001,3,8.131382,2.137233,-0.004546,-0.007631,0.003571,-0.000284,0.000000,0.000000,0.000000
14.443001,1,4.924597,0.865034,0.173881,-0.000632,0.003596,0.000730,0.000000,0.000000,0.000000
14.443001,2,7.908846,0.641889,-0.000000,0.000000,-0.000000,0.000000,0.000000,0.000000,0.000000
14.443001,3,8.131313,2.137220,-0.004549,-0.007631,0.003569,-0.000284,0.000000,0.000000,0.000000
14.451001,1,4.924597,0.865034,0.173881,-0.000632,0.003596,0.000730,0.000000,0.000000,0.000000
14.451001,2,7.908846,0.641889,-0.000000,0.000000,-0.000000,0.000000,0.000000,0.000000,0.000000
14.451001,3,8.131252,2.137209,-0.004551,-0.007630,0.003569,-0.000284,0.000000,0.000000,0.000000
14.460001,1,4.924597,0.865034,0.173881,-0.000632,0.003596,0.000730,0.000000,0.000000,0.000000
14.460001,2,7.908846,0.641889,-0.000000,0.000000,-0.000000,0.000000,0.000000,0.000000,0.000000
14.460001,3,8.131184,2.137196,-0.004554,-0.007630,0.003569,-0.000284,0.000000,0.000000,0.000000
14.468001,1,4.924597,0.865034,0.173881,-0.000632,0.003596,0.000730,0.000000,0.000000,0.000000
14.468001,2,7.908846,0.641889,-0.000000,0.000000,-0.000000,0.000000,0.000000,0.000000,0.000000
14.468001,3,8.131123,2.137184,-0.004556,-0.007631,0.003569,-0.000284,0.000000,0.000000,0.000000
14.476001,1,4.924597,0.865034,0.173881,-0.000632,0.003596,0.000730,0.000000,0.000000,0.000000
14.476001,2,7.908846,0.641889,-0.000000,0.000000,-0.000000,0.000000,0.000000,0.000000,0.000000
14.476001,3,8.131062,2.137173,-0.004558,-0.007631,0.003569,-0.000284,0.000000,0.000000,0.000000
14.484001,1,4.924597,0.865034,0.173881,-0.000632,0.003596,0.000730,0.000000,0.000000,0.000000
14.484001,2,7.908846,0.641889,-0.000000,0.000000,-0.000000,0.000000,0.000000,0.000000,0.000000
14.484001,3,8.131001,2.137161,-0.004561,-0.007631,0.003569,-0.000284,0.000000,0.000000,0.000000
14.493001,1,4.924597,0.865034,0.173881,-0.000632,0.003596,0.000730,0.000000,0.000000,0.000000
14.493001,2,7.908846,0.641889,-0.000000,0.000000,-0.000000,0.000000,0.000000,0.000000,0.000000
14.493001,3,8.130932,2.137149,-0.004563,-0.007631,0.003569,-0.000284,0.000000,0.000000,0.000000
14.501001,1,4.924597,0.865034,0.173881,-0.000632,0.003597,0.000730,0.000000,0.000000,0.000000
14.501001,2,7.908846,0.641889,-0.000000,0.000000,-0.000000,0.000000,0.000000,0.000000,0.000000
14.501001,3,8.130871,2.137137,-0.004566,-0.007631,0.003572,-0.000284,0.000000,0.000000,0.000000
14.509001,1,4.924597,0.865034,0.173881,-0.000632,0.003596,0.000730,0.000000,0.000000,0.000000
14.509001,2,7.908846,0.641889,-0.000000,0.000000,-0.000000,0.000000,0.000000,0.000000,0.000000
14.509001,3,8.130810,2.137126,-0.004568,-0.007631,0.003570,-0.000284,0.000000,0.000000,0.000000
14.517001,1,4.924597,0.865034,0.173881,-0.000632,0.003596,0.000730,0.000000,0.000000,0.000000
14.517001,2,7.908846,0.641889,-0.000000,0.000000,-0.000000,0.000000,0.000000,0.000000,0.000000
14.517001,3,8.130749,2.137114,-0.004570,-0.007631,0.003570,-0.000284,0.000000,0.000000,0.000000
14.526001,1,4.924597,0.865034,0.173881,-0.000632,0.003596,0.000730,0.000000,0.000000,0.000000
14.526001,2,7.908846,0.641889,-0.000000,0.000000,-0.000000,0.000000,0.000000,0.000000,0.000000
14.526001,3,8.130680,2.137101,-0.004573,-0.007631,0.003570,-0.000284,0.000000,0.000000,0.000000
14.534001,1,4.924597,0.865034,0.173881,-0.000632,0.003596,0.000730,0.000000,0.000000,0.000000
14.534001,2,7.908846,0.641889,-0.000000,0.000000,-0.000000,0.000000,0.000000,0.000000,0.000000
14.534001,3,8.130619,2.137090,-0.004575,-0.007631,0.003570,-0.000284,0.000000,0.000000,0.000000
14.543001,1,4.924597,0.865034,0.173881,-0.000632,0.003596,0.000730,0.000000,0.000000,0.000000
14.543001,2,7.908846,0.641889,-0.000000,0.000000,-0.000000,0.000000,0.000000,0.000000,0.000000
14.543001,3,8.130550,2.137077,-0.004577,-0.007631,0.003570,-0.000284,0.000000,0.000000,0.000000
14.551001,1,4.924597,0.865034,0.173881,-0.000632,0.003596,0.000730,0.000000,0.000000,0.000000
14.551001,2,7.908846,0.641889,-0.000000,0.000000,-0.000000,0.000000,0.000000,0.000000,0.000000
14.551001,3,8.130489,2.137066,-0.004580,-0.007631,0.003570,-0.000284,0.000000,0.000000,0.000000
14.560001,1,4.924597,0.865034,0.173881,-0.000632,0.003596,0.000730,0.000000,0.000000,0.000000
14.560001,2,7.908846,0.641889,-0.000000,0.000000,-0.000000,0.000000,0.000000,0.000000,0.000000
14.560001,3,8.130421,2.137053,-0.004582,-0.007631,0.003571,-0.000284,0.000000,0.000000,0.000000
14.567001,1,4.924597,0.865034,0.173881,-0.000632,0.003596,0.000730,0.000000,0.000000,0.000000
14.567001,2,7.908846,0.641889,-0.000000,0.000000,-0.000000,0.000000,0.000000,0.000000,0.000000
14.567001,3,8.130367,2.137043,-0.004584,-0.007631,0.003571,-0.000284,0.000000,0.000000,0.000000
14.576001,1,4.924597,0.865034,0.173881,-0.000632,0.003597,0.000730,0.000000,0.000000,0.000000
14.576001,2,7.908846,0.641889,-0.000000,0.000000,-0.000000,0.000000,0.000000,0.000000,0.000000
14.576001,3,8.130299,2.137030,-0.004587,-0.007631,0.003571,-0.000284,0.000000,0.000000,0.000000
14.584001,1,4.924597,0.865034,0.173881,-0.000632,0.003597,0.000730,0.000000,0.000000,0.000000
14.584001,2,7.908846,0.641889,-0.000000,0.000000,-0.000000,0.000000,0.000000,0.000000,0.000000
14.584001,3,8.130238,2.137018,-0.004589,-0.007631,0.003571,-0.000284,0.000000,0.000000,0.000000
14.593001,1,4.924597,0.865034,0.173881,-0.000632,0.003597,0.000730,0.000000,0.000000,0.000000
14.593001,2,7.908846,0.641889,-0.000000,0.000000,-0.000000,0.000000,0.000000,0.000000,0.000000
14.593001,3,8.130169,2.137006,-0.004592,-0.007631,0.003571,-0.000284,0.000000,0.000000,0.000000
14.601001,1,4.924597,0.865034,0.173881,-0.000632,0.003597,0.000730,0.000000,0.000000,0.000000
14.601001,2,7.908846,0.641889,-0.000000,0.000000,-0.000000,0.000000,0.000000,0.000000,0.000000
14.601001,3,8.130108,2.136994,-0.004594,-0.007631,0.003571,-0.000284,0.000000,0.000000,0.000000
14.609001,1,4.924597,0.865034,0.173881,-0.000632,0.003597,0.000730,0.000000,0.000000,0.000000
14.609001,2,7.908846,0.641889,-0.000000,0.000000,-0.000000,0.000000,0.000000,0.000000,0.000000
14.609001,3,8.130047,2.136983,-0.004596,-0.007631,0.003571,-0.000284,0.000000,0.000000,0.000000
14.618001,1,4.924597,0.865034,0.173881,-0.000632,0.003597,0.000730,0.000000,0.000000,0.000000
14.618001,2,7.908846,0.641889,-0.000000,0.000000,-0.000000,0.000000,0.000000,0.000000,0.000000
14.618001,3,8.129978,2.136970,-0.004599,-0.007631,0.003572,-0.000284,0.000000,0.000000,0.000000
14.626001,1,4.924597,0.865034,0.173881,-0.000632,0.003597,0.000730,0.000000,0.000000,0.000000
14.626001,2,7.908846,0.641889,-0.000000,0.000000,-0.000000,0.000000,0.000000,0.000000,0.000000
14.626001,3,8.129917,2.136958,-0.004601,-0.007631,0.003572,-0.000284,0.000000,0.000000,0.000000
14.634001,1,4.924597,0.865034,0.173881,-0.000632,0.003597,0.000730,0.000000,0.000000,0.000000
14.634001,2,7.908846,0.641889,-0.000000,0.000000,-0.000000,0.000000,0.000000,0.000000,0.000000
14.634001,3,8.129856,2.136947,-0.004603,-0.007631,0.003572,-0.000284,0.000000,0.000000,0.000000
14.643001,1,4.924597,0.865034,0.173881,-0.000632,0.003597,0.000730,0.000000,0.000000,0.000000
14.643001,2,7.908846,0.641889,-0.000000,0.000000,-0.000000,0.000000,0.000000,0.000000,0.000000
14.643001,3,8.129787,2.136934,-0.004606,-0.007631,0.003572,-0.000284,0.000000,0.000000,0.000000
14.651001,1,4.924597,0.865034,0.173881,-0.000632,0.003597,0.000730,0.000000,0.000000,0.000000
14.651001,2,7.908846,0.641889,-0.000000,0.000000,-0.000000,0.000000,0.000000,0.000000,0.000000
14.651001,3,8.129726,2.136923,-0.004608,-0.007631,0.003572,-0.000284,0.000000,0.000000,0.000000
14.660001,1,4.924597,0.865034,0.173881,-0.000632,0.003597,0.000730,0.000000,0.000000,0.000000
14.660001,2,7.908846,0.641889,-0.000000,0.000000,-0.000000,0.000000,0.000000,0.000000,0.000000
14.660001,3,8.129658,2.136910,-0.004611,-0.007631,0.003572,-0.000284,0.000000,0.000000,0.000000
14.668001,1,4.924597,0.865034,0.173881,-0.000632,0.003597,0.000730,0.000000,0.000000,0.000000
14.668001,2,7.908846,0.641889,-0.000000,0.000000,-0.000000,0.000000,0.000000,0.000000,0.000000
14.668001,3,8.129597,2.136898,-0.004613,-0.007631,0.003572,-0.000284,0.000000,0.000000,0.000000
14.676001,1,4.924597,0.865035,0.173881,-0.000632,0.003597,0.000730,0.000000,0.000000,0.000000
14.676001,2,7.908846,0.641889,-0.000000,0.000000,-0.000000,0.000000,0.000000,0.000000,0.000000
14.676001,3,8.129536,2.136887,-0.004615,-0.007632,0.003573,-0.000284,0.000000,0.000000,0.000000
14.685001,1,4.924597,0.865035,0.173881,-0.000632,0.003596,0.000730,0.000000,0.000000,0.000000
14.685001,2,7.908846,0.641889,-0.000000,0.000000,-0.000000,0.000000,0.000000,0.000000,0.000000
14.685001,3,8.129467,2.136874,-0.004618,-0.007631,0.003570,-0.000284,0.000000,0.000000,0.000000
14.693001,1,4.924597,0.865035,0.173881,-0.000632,0.003596,0.000730,0.000000,0.000000,0.000000
14.693001,2,7.908846,0.641889,-0.000000,0.000000,-0.000000,0.000000,0.000000,0.000000,0.000000
14.693001,3,8.129406,2.136863,-0.004620,-0.007631,0.003570,-0.000284,0.000000,0.000000,0.000000
14.701001,1,4.924597,0.865035,0.173881,-0.000632,0.003596,0.000730,0.000000,0.000000,0.000000
14.701001,2,7.908846,0.641889,-0.000000,0.000000,-0.000000,0.000000,0.000000,0.000000,0.000000
14.701001,3,8.129345,2.136851,-0.004622,-0.007631,0.003570,-0.000284,0.000000,0.000000,0.000000
14.710001,1,4.924597,0.865035,0.173881,-0.000632,0.003596,0.000730,0.000000,0.000000,0.000000
14.710001,2,7.908846,0.641889,-0.000000,0.000000,-0.000000,0.000000,0.000000,0.000000,0.000000
14.710001,3,8.129276,2.136838,-0.004625,-0.007631,0.003570,-0.000284,0.000000,0.000000,0.000000
14.718001,1,4.924597,0.865035,0.173881,-0.000632,0.003596,0.000730,0.000000,0.000000,0.000000
14.718001,2,7.908846,0.641889,-0.000000,0.000000,-0.000000,0.000000,0.000000,0.000000,0.000000
14.718001,3,8.129215,2.136827,-0.004627,-0.007631,0.003570,-0.000284,0.000000,0.000000,0.000000
14.726001,1,4.924597,0.865035,0.173881,-0.000632,0.003596,0.000730,0.000000,0.000000,0.000000
14.726001,2,7.908846,0.641889,-0.000000,0.000000,-0.000000,0.000000,0.000000,0.000000,0.000000
14.726001,3,8.129154,2.136815,-0.004629,-0.007631,0.003570,-0.000284,0.000000,0.000000,0.000000
14.735001,1,4.924597,0.865035,0.173881,-0.000632,0.003596,0.000730,0.000000,0.000000,0.000000
14.735001,2,7.908846,0.641889,-0.000000,0.000000,-0.000000,0.000000,0.000000,0.000000,0.000000
14.735001,3,8.129086,2.136802,-0.004632,-0.007631,0.003571,-0.000284,0.000000,0.000000,0.000000
14.743001,1,4.924597,0.865035,0.173881,-0.000632,0.003596,0.000730,0.000000,0.000000,0.000000
14.743001,2,7.908846,0.641889,-0.000000,0.000000,-0.000000,0.000000,0.000000,0.000000,0.000000
14.743001,3,8.129025,2.136791,-0.004634,-0.007631,0.003571,-0.000284,0.000000,0.000000,0.000000
14.751001,1,4.924597,0.865035,0.173881,-0.000632,0.003596,0.000730,0.000000,0.000000,0.000000
14.751001,2,7.908846,0.641889,-0.000000,0.000000,-0.000000,0.000000,0.000000,0.000000,0.000000
14.751001,3,8.128963,2.136780,-0.004636,-0.007631,0.003571,-0.000284,0.000000,0.000000,0.000000
14.760001,1,4.924597,0.865035,0.173881,-0.000632,0.003596,0.000730,0.000000,0.000000,0.000000
14.760001,2,7.908846,0.641889,-0.000000,0.000000,-0.000000,0.000000,0.000000,0.000000,0.000000
14.760001,3,8.128895,2.136767,-0.004639,-0.007631,0.003571,-0.000284,0.000000,0.000000,0.000000
14.768001,1,4.924597,0.865035,0.173881,-0.000632,0.003596,0.000730,0.000000,0.000000,0.000000
14.768001,2,7.908846,0.641889,-0.000000,0.000000,-0.000000,0.000000,0.000000,0.000000,0.000000
14.768001,3,8.128834,2.136755,-0.004641,-0.007631,0.003571,-0.000284,0.000000,0.000000,0.000000
14.776001,1,4.924597,0.865035,0.173881,-0.000632,0.003596,0.000730,0.000000,0.000000,0.000000
14.776001,2,7.908846,0.641889,-0.000000,0.000000,-0.000000,0.000000,0.000000,0.000000,0.000000
14.776001,3,8.128773,2.136744,-0.004644,-0.007631,0.003571,-0.000284,0.000000,0.000000,0.000000
14.785001,1,4.924597,0.865035,0.173881,-0.000632,0.003596,0.000730,0.000000,0.000000,0.000000
14.785001,2,7.908846,0.641889,-0.000000,0.000000,-0.000000,0.000000,0.000000,0.000000,0.000000
14.785001,3,8.128704,2.136731,-0.004646,-0.007631,0.003571,-0.000284,0.000000,0.000000,0.000000
14.794001,1,4.924597,0.865035,0.173881,-0.000632,0.003596,0.000730,0.000000,0.000000,0.000000
14.794001,2,7.908846,0.641889,-0.000000,0.000000,-0.000000,0.000000,0.000000,0.000000,0.000000
14.794001,3,8.128635,2.136718,-0.004649,-0.007631,0.003572,-0.000284,0.000000,0.000000,0.000000
14.802001,1,4.924597,0.865035,0.173881,-0.000632,0.003596,0.000730,0.000000,0.000000,0.000000
14.802001,2,7.908846,0.641889,-0.000000,0.000000,-0.000000,0.000000,0.000000,0.000000,0.000000
14.802001,3,8.128574,2.136707,-0.004651,-0.007631,0.003572,-0.000284,0.000000,0.000000,0.000000
14.810001,1,4.924597,0.865035,0.173881,-0.000632,0.003596,0.000730,0.000000,0.000000,0.000000
14.810001,2,7.908846,0.641889,-0.000000,0.000000,-0.000000,0.000000,0.000000,0.000000,0.000000
14.810001,3,8.128513,2.136695,-0.004653,-0.007631,0.003572,-0.000284,0.000000,0.000000,0.000000
14.817001,1,4.924597,0.865035,0.173881,-0.000632,0.003597,0.000730,0.000000,0.000000,0.000000
14.817001,2,7.908846,0.641889,-0.000000,0.000000,-0.000000,0.000000,0.000000,0.000000,0.000000
14.817001,3,8.128460,2.136685,-0.004655,-0.007631,0.003572,-0.000284,0.000000,0.000000,0.000000
14.826001,1,4.924597,0.865035,0.173881,-0.000632,0.003597,0.000730,0.000000,0.000000,0.000000
14.826001,2,7.908846,0.641889,-0.000000,0.000000,-0.000000,0.000000,0.000000,0.000000,0.000000
14.826001,3,8.128391,2.136672,-0.004658,-0.007631,0.003572,-0.000284,0.000000,0.000000,0.000000
14.834001,1,4.924597,0.865035,0.173881,-0.000632,0.003597,0.000730,0.000000,0.000000,0.000000
14.834001,2,7.908846,0.641889,-0.000000,0.000000,-0.000000,0.000000,0.000000,0.000000,0.000000
14.834001,3,8.128330,2.136661,-0.004660,-0.007631,0.003572,-0.000284,0.000000,0.000000,0.000000
14.843001,1,4.924597,0.865035,0.173881,-0.000632,0.003597,0.000730,0.000000,0.000000,0.000000
14.843001,2,7.908846,0.641889,-0.000000,0.000000,-0.000000,0.000000,0.000000,0.000000,0.000000
14.843001,3,8.128262,2.136648,-0.004663,-0.007631,0.003572,-0.000284,0.000000,0.000000,0.000000
14.851001,1,4.924597,0.865035,0.173881,-0.000632,0.003597,0.000730,0.000000,0.000000,0.000000
14.851001,2,7.908846,0.641889,-0.000000,0.000000,-0.000000,0.000000,0.000000,0.000000,0.000000
14.851001,3,8.128201,2.136636,-0.004665,-0.007631,0.003573,-0.000284,0.000000,0.000000,0.000000
14.859001,1,4.924597,0.865035,0.173881,-0.000632,0.003597,0.000730,0.000000,0.000000,0.000000
14.859001,2,7.908846,0.641889,-0.000000,0.000000,-0.000000,0.000000,0.000000,0.000000,0.000000
14.859001,3,8.128139,2.136625,-0.004667,-0.007632,0.003573,-0.000284,0.000000,0.000000,0.000000
14.867001,1,4.924597,0.865035,0.173881,-0.000632,0.003597,0.000730,0.000000,0.000000,0.000000
14.867001,2,7.908846,0.641889,-0.000000,0.000000,-0.000000,0.000000,0.000000,0.000000,0.000000
14.867001,3,8.128078,2.136614,-0.004669,-0.007632,0.003573,-0.000284,0.000000,0.000000,0.000000
14.876001,1,4.924597,0.865035,0.173881,-0.000632,0.003597,0.000730,0.000000,0.000000,0.000000
14.876001,2,7.908846,0.641889,-0.000000,0.000000,-0.000000,0.000000,0.000000,0.000000,0.000000
14.876001,3,8.128010,2.136601,-0.004672,-0.007632,0.003573,-0.000283,0.000000,0.000000,0.000000
14.884001,1,4.924597,0.865035,0.173881,-0.000632,0.003597,0.000730,0.000000,0.000000,0.000000
14.884001,2,7.908846,0.641889,-0.000000,0.000000,-0.000000,0.000000,0.000000,0.000000,0.000000
14.884001,3,8.127949,2.136589,-0.004674,-0.007632,0.003573,-0.000283,0.000000,0.000000,0.000000
14.893001,1,4.924597,0.865035,0.173881,-0.000632,0.003597,0.000730,0.000000,0.000000,0.000000
14.893001,2,7.908846,0.641889,-0.000000,0.000000,-0.000000,0.000000,0.000000,0.000000,0.000000
14.893001,3,8.127880,2.136576,-0.004677,-0.007632,0.003573,-0.000283,0.000000,0.000000,0.000000
14.901001,1,4.924597,0.865035,0.173881,-0.000632,0.003597,0.000730,0.000000,0.000000,0.000000
14.901001,2,7.908846,0.641889,-0.000000,0.000000,-0.000000,0.000000,0.000000,0.000000,0.000000
14.901001,3,8.127819,2.136565,-0.004679,-0.007632,0.003573,-0.000283,0.000000,0.000000,0.000000
14.909001,1,4.924597,0.865035,0.173881,-0.000632,0.003597,0.000730,0.000000,0.000000,0.000000
14.909001,2,7.908846,0.641889,-0.000000,0.000000,-0.000000,0.000000,0.000000,0.000000,0.000000
14.909001,3,8.127758,2.136554,-0.004681,-0.007632,0.003574,-0.000283,0.000000,0.000000,0.000000
14.918001,1,4.924597,0.865035,0.173881,-0.000632,0.003597,0.000730,0.000000,0.000000,0.000000
14.918001,2,7.908846,0.641889,-0.000000,0.000000,-0.000000,0.000000,0.000000,0.000000,0.000000
14.918001,3,8.127689,2.136541,-0.004684,-0.007632,0.003574,-0.000283,0.000000,0.000000,0.000000
14.926001,1,4.924597,0.865035,0.173881,-0.000632,0.003596,0.000730,0.000000,0.000000,0.000000
14.926001,2,7.908846,0.641889,-0.000000,0.000000,-0.000000,0.000000,0.000000,0.000000,0.000000
14.926001,3,8.127628,2.136529,-0.004686,-0.007631,0.003571,-0.000284,0.000000,0.000000,0.000000
14.934001,1,4.924597,0.865035,0.173881,-0.000632,0.003596,0.000730,0.000000,0.000000,0.000000
14.934001,2,7.908846,0.641889,-0.000000,0.000000,-0.000000,0.000000,0.000000,0.000000,0.000000
14.934001,3,8.127567,2.136518,-0.004688,-0.007631,0.003571,-0.000284,0.000000,0.000000,0.000000
14.943001,1,4.924597,0.865035,0.173881,-0.000632,0.003596,0.000730,0.000000,0.000000,0.000000
14.943001,2,7.908846,0.641889,-0.000000,0.000000,-0.000000,0.000000,0.000000,0.000000,0.000000
14.943001,3,8.127499,2.136505,-0.004691,-0.007631,0.003571,-0.000284,0.000000,0.000000,0.000000
14.951001,1,4.924597,0.865035,0.173881,-0.000632,0.003596,0.000730,0.000000,0.000000,0.000000
14.951001,2,7.908846,0.641889,-0.000000,0.000000,-0.000000,0.000000,0.000000,0.000000,0.000000
14.951001,3,8.127438,2.136493,-0.004693,-0.007631,0.003571,-0.000284,0.000000,0.000000,0.000000
14.959001,1,4.924597,0.865035,0.173881,-0.000632,0.003596,0.000730,0.000000,0.000000,0.000000
14.959001,2,7.908846,0.641889,-0.000000,0.000000,-0.000000,0.000000,0.000000,0.000000,0.000000
14.959001,3,8.127377,2.136482,-0.004695,-0.007631,0.003571,-0.000284,0.000000,0.000000,0.000000
14.968001,1,4.924597,0.865035,0.173881,-0.000632,0.003596,0.000730,0.000000,0.000000,0.000000
14.968001,2,7.908846,0.641889,-0.000000,0.000000,-0.000000,0.000000,0.000000,0.000000,0.000000
14.968001,3,8.127308,2.136469,-0.004698,-0.007631,0.003571,-0.000284,0.000000,0.000000,0.000000
14.976001,1,4.924597,0.865035,0.173881,-0.000632,0.003596,0.000730,0.000000,0.000000,0.000000
14.976001,2,7.908846,0.641889,-0.000000,0.000000,-0.000000,0.000000,0.000000,0.000000,0.000000
14.976001,3,8.127247,2.136458,-0.004700,-0.007631,0.003572,-0.000284,0.000000,0.000000,0.000000
14.984001,1,4.924597,0.865035,0.173881,-0.000632,0.003596,0.000730,0.000000,0.000000,0.000000
14.984001,2,7.908846,0.641889,-0.000000,0.000000,-0.000000,0.000000,0.000000,0.000000,0.000000
14.984001,3,8.127186,2.136446,-0.004703,-0.007631,0.003572,-0.000284,0.000000,0.000000,0.000000
14.993001,1,4.924597,0.865035,0.173881,-0.000632,0.003596,0.000730,0.000000,0.000000,0.000000
14.993001,2,7.908846,0.641889,-0.000000,0.000000,-0.000000,0.000000,0.000000,0.000000,0.000000
14.993001,3,8.127117,2.136433,-0.004705,-0.007631,0.003572,-0.000283,0.000000,0.000000,0.000000
15.001001,1,4.924597,0.865035,0.173881,-0.000632,0.003596,0.000730,0.000000,0.000000,0.000000
15.001001,2,7.908846,0.641889,-0.000000,0.000000,-0.000000,0.000000,0.000000,0.000000,0.000000
15.001001,3,8.127056,2.136422,-0.004707,-0.007631,0.003572,-0.000283,0.000000,0.000000,0.000000
15.010001,1,4.924597,0.865035,0.173881,-0.000632,0.003596,0.000730,0.000000,0.000000,0.000000
15.010001,2,7.908846,0.641889,-0.000000,0.000000,-0.000000,0.000000,0.000000,0.000000,0.000000
15.010001,3,8.126987,2.136409,-0.004710,-0.007631,0.003572,-0.000283,0.000000,0.000000,0.000000
15.018001,1,4.924597,0.865035,0.173881,-0.000632,0.003596,0.000730,0.000000,0.000000,0.000000
15.018001,2,7.908846,0.641889,-0.000000,0.000000,-0.000000,0.000000,0.000000,0.000000,0.000000
15.018001,3,8.126926,2.136398,-0.004712,-0.007631,0.003572,-0.000283,0.000000,0.000000,0.000000
15.026001,1,4.924597,0.865035,0.173881,-0.000632,0.003596,0.000730,0.000000,0.000000,0.000000
15.026001,2,7.908846,0.641889,-0.000000,0.000000,-0.000000,0.000000,0.000000,0.000000,0.000000
15.026001,3,8.126865,2.136386,-0.004714,-0.007631,0.003572,-0.000283,0.000000,0.000000,0.000000
15.035001,1,4.924597,0.865035,0.173881,-0.000632,0.003596,0.000730,0.000000,0.000000,0.000000
15.035001,2,7.908846,0.641889,-0.000000,0.000000,-0.000000,0.000000,0.000000,0.000000,0.000000
15.035001,3,8.126797,2.136373,-0.004717,-0.007631,0.003573,-0.000283,0.000000,0.000000,0.000000
15.043001,1,4.924597,0.865035,0.173881,-0.000632,0.003596,0.000730,0.000000,0.000000,0.000000
15.043001,2,7.908846,0.641889,-0.000000,0.000000,-0.000000,0.000000,0.000000,0.000000,0.000000
15.043001,3,8.126736,2.136362,-0.004719,-0.007632,0.003573,-0.000283,0.000000,0.000000,0.000000
15.051001,1,4.924597,0.865035,0.173881,-0.000632,0.003596,0.000730,0.000000,0.000000,0.000000
15.051001,2,7.908846,0.641889,-0.000000,0.000000,-0.000000,0.000000,0.000000,0.000000,0.000000
15.051001,3,8.126675,2.136350,-0.004722,-0.007632,0.003573,-0.000283,0.000000,0.000000,0.000000
15.060001,1,4.924597,0.865035,0.173881,-0.000632,0.003597,0.000730,0.000000,0.000000,0.000000
15.060001,2,7.908846,0.641889,-0.000000,0.000000,-0.000000,0.000000,0.000000,0.000000,0.000000
15.060001,3,8.126606,2.136338,-0.004724,-0.007632,0.003573,-0.000283,0.000000,0.000000,0.000000
15.068001,1,4.924597,0.865035,0.173881,-0.000632,0.003597,0.000730,0.000000,0.000000,0.000000
15.068001,2,7.908846,0.641889,-0.000000,0.000000,-0.000000,0.000000,0.000000,0.000000,0.000000
15.068001,3,8.126545,2.136326,-0.004726,-0.007632,0.003573,-0.000283,0.000000,0.000000,0.000000
15.076001,1,4.924597,0.865035,0.173881,-0.000632,0.003597,0.000730,0.000000,0.000000,0.000000
15.076001,2,7.908846,0.641889,-0.000000,0.000000,-0.000000,0.000000,0.000000,0.000000,0.000000
15.076001,3,8.126484,2.136315,-0.004729,-0.007632,0.003573,-0.000283,0.000000,0.000000,0.000000
15.085001,1,4.924597,0.865035,0.173881,-0.000632,0.003597,0.000730,0.000000,0.000000,0.000000
15.085001,2,7.908846,0.641889,-0.000000,0.000000,-0.000000,0.000000,0.000000,0.000000,0.000000
15.085001,3,8.126415,2.136302,-0.004731,-0.007632,0.003573,-0.000283,0.000000,0.000000,0.000000
15.093001,1,4.924597,0.865035,0.173881,-0.000632,0.003597,0.000730,0.000000,0.000000,0.000000
15.093001,2,7.908846,0.641889,-0.000000,0.000000,-0.000000,0.000000,0.000000,0.000000,0.000000
15.093001,3,8.126354,2.136290,-0.004733,-0.007632,0.003574,-0.000283,0.000000,0.000000,0.000000
15.102001,1,4.924597,0.865035,0.173881,-0.000632,0.003597,0.000730,0.000000,0.000000,0.000000
15.102001,2,7.908846,0.641889,-0.000000,0.000000,-0.000000,0.000000,0.000000,0.000000,0.000000
15.102001,3,8.126286,2.136277,-0.004736,-0.007632,0.003574,-0.000283,0.000000,0.000000,0.000000
15.110001,1,4.924597,0.865035,0.173881,-0.000632,0.003597,0.000730,0.000000,0.000000,0.000000
15.110001,2,7.908846,0.641889,-0.000000,0.000000,-0.000000,0.000000,0.000000,0.000000,0.000000
15.110001,3,8.126225,2.136266,-0.004738,-0.007632,0.003574,-0.000283,0.000000,0.000000,0.000000
15.118001,1,4.924597,0.865035,0.173881,-0.000632,0.003597,0.000730,0.000000,0.000000,0.000000
15.118001,2,7.908846,0.641889,-0.000000,0.000000,-0.000000,0.000000,0.000000,0.000000,0.000000
15.118001,3,8.126163,2.136255,-0.004741,-0.007632,0.003574,-0.000283,0.000000,0.000000,0.000000
15.126001,1,4.924597,0.865035,0.173881,-0.000632,0.003597,0.000730,0.000000,0.000000,0.000000
15.126001,2,7.908846,0.641889,-0.000000,0.000000,-0.000000,0.000000,0.000000,0.000000,0.000000
15.126001,3,8.126102,2.136243,-0.004743,-0.007632,0.003574,-0.000283,0.000000,0.000000,0.000000
15.135001,1,4.924597,0.865035,0.173881,-0.000632,0.003597,0.000730,0.000000,0.000000,0.000000
15.135001,2,7.908846,0.641889,-0.000000,0.000000,-0.000000,0.000000,0.000000,0.000000,0.000000
15.135001,3,8.126034,2.136230,-0.004745,-0.007632,0.003574,-0.000283,0.000000,0.000000,0.000000
15.143001,1,4.924597,0.865035,0.173881,-0.000632,0.003597,0.000730,0.000000,0.000000,0.000000
15.143001,2,7.908846,0.641889,-0.000000,0.000000,-0.000000,0.000000,0.000000,0.000000,0.000000
15.143001,3,8.125973,2.136219,-0.004748,-0.007632,0.003574,-0.000283,0.000000,0.000000,0.000000
15.151001,1,4.924597,0.865035,0.173881,-0.000632,0.003597,0.000730,0.000000,0.000000,0.000000
15.151001,2,7.908846,0.641889,-0.000000,0.000000,-0.000000,0.000000,0.000000,0.000000,0.000000
15.151001,3,8.125912,2.136207,-0.004750,-0.007632,0.003575,-0.000283,0.000000,0.000000,0.000000
15.159001,1,4.924597,0.865035,0.173881,-0.000632,0.003597,0.000730,0.000000,0.000000,0.000000
15.159001,2,7.908846,0.641889,-0.000000,0.000000,-0.000000,0.000000,0.000000,0.000000,0.000000
15.159001,3,8.125851,2.136196,-0.004752,-0.007632,0.003575,-0.000283,0.000000,0.000000,0.000000
15.168001,1,4.924597,0.865035,0.173881,-0.000632,0.003596,0.000730,0.000000,0.000000,0.000000
15.168001,2,7.908846,0.641889,-0.000000,0.000000,-0.000000,0.000000,0.000000,0.000000,0.000000
15.168001,3,8.125782,2.136183,-0.004755,-0.007632,0.003573,-0.000283,0.000000,0.000000,0.000000
15.176001,1,4.924597,0.865035,0.173881,-0.000632,0.003596,0.000730,0.000000,0.000000,0.000000
15.176001,2,7.908846,0.641889,-0.000000,0.000000,-0.000000,0.000000,0.000000,0.000000,0.000000
15.176001,3,8.125721,2.136172,-0.004757,-0.007631,0.003572,-0.000283,0.000000,0.000000,0.000000
15.184001,1,4.924597,0.865035,0.173881,-0.000632,0.003596,0.000730,0.000000,0.000000,0.000000
15.184001,2,7.908846,0.641889,-0.000000,0.000000,-0.000000,0.000000,0.000000,0.000000,0.000000
15.184001,3,8.125660,2.136160,-0.004759,-0.007631,0.003572,-0.000283,0.000000,0.000000,0.000000
15.193001,1,4.924597,0.865035,0.173881,-0.000632,0.003596,0.000730,0.000000,0.000000,0.000000
15.193001,2,7.908846,0.641889,-0.000000,0.000000,-0.000000,0.000000,0.000000,0.000000,0.000000
15.193001,3,8.125591,2.136147,-0.004762,-0.007631,0.003572,-0.000283,0.000000,0.000000,0.000000
15.201001,1,4.924597,0.865035,0.173881,-0.000632,0.003596,0.000730,0.000000,0.000000,0.000000
15.201001,2,7.908846,0.641889,-0.000000,0.000000,-0.000000,0.000000,0.000000,0.000000,0.000000
15.201001,3,8.125530,2.136136,-0.004764,-0.007631,0.003572,-0.000283,0.000000,0.000000,0.000000
15.209001,1,4.924597,0.865035,0.173881,-0.000632,0.003596,0.000730,0.000000,0.000000,0.000000
15.209001,2,7.908846,0.641889,-0.000000,0.000000,-0.000000,0.000000,0.000000,0.000000,0.000000
15.209001,3,8.125469,2.136124,-0.004766,-0.007631,0.003573,-0.000283,0.000000,0.000000,0.000000
15.218001,1,4.924597,0.865035,0.173881,-0.000632,0.003596,0.000730,0.000000,0.000000,0.000000
15.218001,2,7.908846,0.641889,-0.000000,0.000000,-0.000000,0.000000,0.000000,0.000000,0.000000
15.218001,3,8.125401,2.136111,-0.004769,-0.007632,0.003573,-0.000283,0.000000,0.000000,0.000000
15.226001,1,4.924597,0.865035,0.173881,-0.000632,0.003596,0.000730,0.000000,0.000000,0.000000
15.226001,2,7.908846,0.641889,-0.000000,0.000000,-0.000000,0.000000,0.000000,0.000000,0.000000
15.226001,3,8.125340,2.136100,-0.004771,-0.007632,0.003573,-0.000283,0.000000,0.000000,0.000000
15.234001,1,4.924597,0.865035,0.173881,-0.000632,0.003596,0.000730,0.000000,0.000000,0.000000
15.234001,2,7.908846,0.641889,-0.000000,0.000000,-0.000000,0.000000,0.000000,0.000000,0.000000
15.234001,3,8.125278,2.136089,-0.004773,-0.007632,0.003573,-0.000283,0.000000,0.000000,0.000000
15.243001,1,4.924597,0.865035,0.173881,-0.000632,0.003596,0.000730,0.000000,0.000000,0.000000
15.243001,2,7.908846,0.641889,-0.000000,0.000000,-0.000000,0.000000,0.000000,0.000000,0.000000
15.243001,3,8.125210,2.136076,-0.004776,-0.007632,0.003573,-0.000283,0.000000,0.000000,0.000000
15.251001,1,4.924597,0.865035,0.173881,-0.000632,0.003596,0.000730,0.000000,0.000000,0.000000
15.251001,2,7.908846,0.641889,-0.000000,0.000000,-0.000000,0.000000,0.000000,0.000000,0.000000
15.251001,3,8.125149,2.136064,-0.004778,-0.007632,0.003573,-0.000283,0.000000,0.000000,0.000000
15.260001,1,4.924597,0.865035,0.173881,-0.000632,0.003596,0.000730,0.000000,0.000000,0.000000
15.260001,2,7.908846,0.641889,-0.000000,0.000000,-0.000000,0.000000,0.000000,0.000000,0.000000
15.260001,3,8.125080,2.136051,-0.004781,-0.007632,0.003573,-0.000283,0.000000,0.000000,0.000000
15.268001,1,4.924597,0.865035,0.173881,-0.000632,0.003596,0.000730,0.000000,0.000000,0.000000
15.268001,2,7.908846,0.641889,-0.000000,0.000000,-0.000000,0.000000,0.000000,0.000000,0.000000
15.268001,3,8.125019,2.136040,-0.004783,-0.007632,0.003574,-0.000283,0.000000,0.000000,0.000000
15.276001,1,4.924597,0.865035,0.173881,-0.000632,0.003596,0.000730,0.000000,0.000000,0.000000
15.276001,2,7.908846,0.641889,-0.000000,0.000000,-0.000000,0.000000,0.000000,0.000000,0.000000
15.276001,3,8.124958,2.136029,-0.004785,-0.007632,0.003574,-0.000283,0.000000,0.000000,0.000000
15.284001,1,4.924597,0.865035,0.173881,-0.000632,0.003596,0.000730,0.000000,0.000000,0.000000
15.284001,2,7.908846,0.641889,-0.000000,0.000000,-0.000000,0.000000,0.000000,0.000000,0.000000
15.284001,3,8.124897,2.136017,-0.004788,-0.007632,0.003574,-0.000283,0.000000,0.000000,0.000000
15.293001,1,4.924597,0.865035,0.173881,-0.000632,0.003596,0.000730,0.000000,0.000000,0.000000
15.293001,2,7.908846,0.641889,-0.000000,0.000000,-0.000000,0.000000,0.000000,0.000000,0.000000
15.293001,3,8.124828,2.136004,-0.004790,-0.007632,0.003574,-0.000283,0.000000,0.000000,0.000000
15.301001,1,4.924597,0.865035,0.173881,-0.000632,0.003597,0.000730,0.000000,0.000000,0.000000
15.301001,2,7.908846,0.641889,-0.000000,0.000000,-0.000000,0.000000,0.000000,0.000000,0.000000
15.301001,3,8.124767,2.135993,-0.004792,-0.007632,0.003574,-0.000283,0.000000,0.000000,0.000000
15.310001,1,4.924597,0.865035,0.173881,-0.000632,0.003597,0.000730,0.000000,0.000000,0.000000
15.310001,2,7.908846,0.641889,-0.000000,0.000000,-0.000000,0.000000,0.000000,0.000000,0.000000
15.310001,3,8.124699,2.135980,-0.004795,-0.007632,0.003574,-0.000283,0.000000,0.000000,0.000000
15.318001,1,4.924597,0.865035,0.173881,-0.000632,0.003597,0.000730,0.000000,0.000000,0.000000
15.318001,2,7.908846,0.641889,-0.000000,0.000000,-0.000000,0.000000,0.000000,0.000000,0.000000
15.318001,3,8.124638,2.135968,-0.004797,-0.007632,0.003574,-0.000283,0.000000,0.000000,0.000000
15.326001,1,4.924597,0.865035,0.173881,-0.000632,0.003597,0.000730,0.000000,0.000000,0.000000
15.326001,2,7.908846,0.641889,-0.000000,0.000000,-0.000000,0.000000,0.000000,0.000000,0.000000
15.326001,3,8.124577,2.135957,-0.004799,-0.007632,0.003575,-0.000283,0.000000,0.000000,0.000000
15.334001,1,4.924597,0.865035,0.173881,-0.000632,0.003597,0.000730,0.000000,0.000000,0.000000
15.334001,2,7.908846,0.641889,-0.000000,0.000000,-0.000000,0.000000,0.000000,0.000000,0.000000
15.334001,3,8.124516,2.135946,-0.004802,-0.007632,0.003575,-0.000283,0.000000,0.000000,0.000000
15.343001,1,4.924597,0.865035,0.173881,-0.000632,0.003597,0.000730,0.000000,0.000000,0.000000
15.343001,2,7.908846,0.641889,-0.000000,0.000000,-0.000000,0.000000,0.000000,0.000000,0.000000
15.343001,3,8.124447,2.135933,-0.004804,-0.007632,0.003575,-0.000283,0.000000,0.000000,0.000000
15.351001,1,4.924597,0.865035,0.173881,-0.000632,0.003597,0.000730,0.000000,0.000000,0.000000
15.351001,2,7.908846,0.641889,-0.000000,0.000000,-0.000000,0.000000,0.000000,0.000000,0.000000
15.351001,3,8.124386,2.135921,-0.004806,-0.007632,0.003575,-0.000283,0.000000,0.000000,0.000000
15.359001,1,4.924597,0.865035,0.173881,-0.000632,0.003597,0.000730,0.000000,0.000000,0.000000
15.359001,2,7.908846,0.641889,-0.000000,0.000000,-0.000000,0.000000,0.000000,0.000000,0.000000
15.359001,3,8.124325,2.135910,-0.004809,-0.007632,0.003575,-0.000283,0.000000,0.000000,0.000000
15.368001,1,4.924597,0.865035,0.173881,-0.000632,0.003597,0.000730,0.000000,0.000000,0.000000
15.368001,2,7.908846,0.641889,-0.000000,0.000000,-0.000000,0.000000,0.000000,0.000000,0.000000
15.368001,3,8.124256,2.135897,-0.004811,-0.007632,0.003575,-0.000283,0.000000,0.000000,0.000000
15.376001,1,4.924597,0.865035,0.173881,-0.000632,0.003597,0.000730,0.000000,0.000000,0.000000
15.376001,2,7.908846,0.641889,-0.000000,0.000000,-0.000000,0.000000,0.000000,0.000000,0.000000
15.376001,3,8.124195,2.135885,-0.004814,-0.007632,0.003575,-0.000283,0.000000,0.000000,0.000000
15.384001,1,4.924597,0.865035,0.173881,-0.000632,0.003597,0.000730,0.000000,0.000000,0.000000
15.384001,2,7.908846,0.641889,-0.000000,0.000000,-0.000000,0.000000,0.000000,0.000000,0.000000
15.384001,3,8.124134,2.135874,-0.004816,-0.007632,0.003576,-0.000283,0.000000,0.000000,0.000000
15.393001,1,4.924597,0.865035,0.173881,-0.000632,0.003597,0.000730,0.000000,0.000000,0.000000
15.393001,2,7.908846,0.641889,-0.000000,0.000000,-0.000000,0.000000,0.000000,0.000000,0.000000
15.393001,3,8.124065,2.135861,-0.004818,-0.007632,0.003576,-0.000283,0.000000,0.000000,0.000000
15.401001,1,4.924597,0.865035,0.173881,-0.000632,0.003597,0.000730,0.000000,0.000000,0.000000
15.401001,2,7.908846,0.641889,-0.000000,0.000000,-0.000000,0.000000,0.000000,0.000000,0.000000
15.401001,3,8.124004,2.135850,-0.004821,-0.007632,0.003576,-0.000283,0.000000,0.000000,0.000000
15.409001,1,4.924597,0.865035,0.173881,-0.000632,0.003597,0.000730,0.000000,0.000000,0.000000
15.409001,2,7.908846,0.641889,-0.000000,0.000000,-0.000000,0.000000,0.000000,0.000000,0.000000
15.409001,3,8.123943,2.135838,-0.004823,-0.007632,0.003575,-0.000283,0.000000,0.000000,0.000000
15.418001,1,4.924597,0.865035,0.173881,-0.000632,0.003596,0.000730,0.000000,0.000000,0.000000
15.418001,2,7.908846,0.641889,-0.000000,0.000000,-0.000000,0.000000,0.000000,0.000000,0.000000
15.418001,3,8.123875,2.135825,-0.004825,-0.007632,0.003573,-0.000283,0.000000,0.000000,0.000000
15.426001,1,4.924597,0.865035,0.173881,-0.000632,0.003596,0.000730,0.000000,0.000000,0.000000
15.426001,2,7.908846,0.641889,-0.000000,0.000000,-0.000000,0.000000,0.000000,0.000000,0.000000
15.426001,3,8.123814,2.135814,-0.004828,-0.007632,0.003573,-0.000283,0.000000,0.000000,0.000000
15.434001,1,4.924597,0.865035,0.173881,-0.000632,0.003596,0.000730,0.000000,0.000000,0.000000
15.434001,2,7.908846,0.641889,-0.000000,0.000000,-0.000000,0.000000,0.000000,0.000000,0.000000
15.434001,3,8.123753,2.135803,-0.004830,-0.007632,0.003573,-0.000283,0.000000,0.000000,0.000000
15.443001,1,4.924597,0.865035,0.173881,-0.000632,0.003596,0.000730,0.000000,0.000000,0.000000
15.443001,2,7.908846,0.641889,-0.000000,0.000000,-0.000000,0.000000,0.000000,0.000000,0.000000
15.443001,3,8.123684,2.135790,-0.004832,-0.007632,0.003574,-0.000283,0.000000,0.000000,0.000000
15.451001,1,4.924597,0.865035,0.173881,-0.000632,0.003596,0.000730,0.000000,0.000000,0.000000
15.451001,2,7.908846,0.641889,-0.000000,0.000000,-0.000000,0.000000,0.000000,0.000000,0.000000
15.451001,3,8.123623,2.135778,-0.004835,-0.007632,0.003574,-0.000283,0.000000,0.000000,0.000000
15.460001,1,4.924597,0.865035,0.173881,-0.000632,0.003596,0.000730,0.000000,0.000000,0.000000
15.460001,2,7.908846,0.641889,-0.000000,0.000000,-0.000000,0.000000,0.000000,0.000000,0.000000
15.460001,3,8.123554,2.135765,-0.004837,-0.007632,0.003574,-0.000283,0.000000,0.000000,0.000000
15.468001,1,4.924597,0.865035,0.173881,-0.000632,0.003596,0.000730,0.000000,0.000000,0.000000
15.468001,2,7.908846,0.641889,-0.000000,0.000000,-0.000000,0.000000,0.000000,0.000000,0.000000
15.468001,3,8.123493,2.135754,-0.004840,-0.007632,0.003574,-0.000283,0.000000,0.000000,0.000000
15.476001,1,4.924597,0.865035,0.173881,-0.000632,0.003596,0.000730,0.000000,0.000000,0.000000
15.476001,2,7.908846,0.641889,-0.000000,0.000000,-0.000000,0.000000,0.000000,0.000000,0.000000
15.476001,3,8.123432,2.135742,-0.004842,-0.007632,0.003574,-0.000283,0.000000,0.000000,0.000000
15.484001,1,4.924597,0.865035,0.173881,-0.000632,0.003596,0.000730,0.000000,0.000000,0.000000
15.484001,2,7.908846,0.641889,-0.000000,0.000000,-0.000000,0.000000,0.000000,0.000000,0.000000
15.484001,3,8.123371,2.135731,-0.004844,-0.007632,0.003574,-0.000283,0.000000,0.000000,0.000000
15.493001,1,4.924597,0.865035,0.173881,-0.000632,0.003596,0.000730,0.000000,0.000000,0.000000
15.493001,2,7.908846,0.641889,-0.000000,0.000000,-0.000000,0.000000,0.000000,0.000000,0.000000
15.493001,3,8.123302,2.135718,-0.004847,-0.007632,0.003574,-0.000283,0.000000,0.000000,0.000000
15.501001,1,4.924597,0.865035,0.173881,-0.000632,0.003596,0.000730,0.000000,0.000000,0.000000
15.501001,2,7.908846,0.641889,-0.000000,0.000000,-0.000000,0.000000,0.000000,0.000000,0.000000
15.501001,3,8.123241,2.135707,-0.004849,-0.007632,0.003575,-0.000283,0.000000,0.000000,0.000000
15.509001,1,4.924597,0.865035,0.173881,-0.000632,0.003596,0.000730,0.000000,0.000000,0.000000
15.509001,2,7.908846,0.641889,-0.000000,0.000000,-0.000000,0.000000,0.000000,0.000000,0.000000
15.509001,3,8.123180,2.135695,-0.004851,-0.007632,0.003575,-0.000283,0.000000,0.000000,0.000000
15.518001,1,4.924597,0.865035,0.173881,-0.000632,0.003596,0.000730,0.000000,0.000000,0.000000
15.518001,2,7.908846,0.641889,-0.000000,0.000000,-0.000000,0.000000,0.000000,0.000000,0.000000
15.518001,3,8.123112,2.135682,-0.004854,-0.007632,0.003575,-0.000283,0.000000,0.000000,0.000000
15.526001,1,4.924597,0.865035,0.173881,-0.000632,0.003596,0.000730,0.000000,0.000000,0.000000
15.526001,2,7.908846,0.641889,-0.000000,0.000000,-0.000000,0.000000,0.000000,0.000000,0.000000
15.526001,3,8.123051,2.135671,-0.004856,-0.007632,0.003575,-0.000283,0.000000,0.000000,0.000000
15.535001,1,4.924597,0.865035,0.173881,-0.000632,0.003596,0.000730,0.000000,0.000000,0.000000
15.535001,2,7.908846,0.641889,-0.000000,0.000000,-0.000000,0.000000,0.000000,0.000000,0.000000
15.535001,3,8.122982,2.135658,-0.004858,-0.007632,0.003575,-0.000283,0.000000,0.000000,0.000000
15.543001,1,4.924597,0.865035,0.173881,-0.000632,0.003597,0.000730,0.000000,0.000000,0.000000
15.543001,2,7.908846,0.641889,-0.000000,0.000000,-0.000000,0.000000,0.000000,0.000000,0.000000
15.543001,3,8.122921,2.135647,-0.004861,-0.007632,0.003575,-0.000283,0.000000,0.000000,0.000000
15.551001,1,4.924597,0.865035,0.173881,-0.000632,0.003597,0.000730,0.000000,0.000000,0.000000
15.551001,2,7.908846,0.641889,-0.000000,0.000000,-0.000000,0.000000,0.000000,0.000000,0.000000
15.551001,3,8.122860,2.135635,-0.004863,-0.007632,0.003575,-0.000283,0.000000,0.000000,0.000000
15.559001,1,4.924597,0.865035,0.173881,-0.000632,0.003597,0.000730,0.000000,0.000000,0.000000
15.559001,2,7.908846,0.641889,-0.000000,0.000000,-0.000000,0.000000,0.000000,0.000000,0.000000
15.559001,3,8.122799,2.135624,-0.004865,-0.007632,0.003575,-0.000282,0.000000,0.000000,0.000000
15.568001,1,4.924597,0.865035,0.173881,-0.000632,0.003597,0.000730,0.000000,0.000000,0.000000
15.568001,2,7.908846,0.641889,-0.000000,0.000000,-0.000000,0.000000,0.000000,0.000000,0.000000
15.568001,3,8.122730,2.135611,-0.004868,-0.007632,0.003576,-0.000282,0.000000,0.000000,0.000000
15.576001,1,4.924597,0.865035,0.173881,-0.000632,0.003597,0.000730,0.000000,0.000000,0.000000
15.576001,2,7.908846,0.641889,-0.000000,0.000000,-0.000000,0.000000,0.000000,0.000000,0.000000
15.576001,3,8.122669,2.135599,-0.004870,-0.007632,0.003576,-0.000282,0.000000,0.000000,0.000000
15.585001,1,4.924597,0.865035,0.173881,-0.000632,0.003597,0.000730,0.000000,0.000000,0.000000
15.585001,2,7.908846,0.641889,-0.000000,0.000000,-0.000000,0.000000,0.000000,0.000000,0.000000
15.585001,3,8.122601,2.135587,-0.004873,-0.007632,0.003576,-0.000282,0.000000,0.000000,0.000000
15.593001,1,4.924597,0.865035,0.173881,-0.000632,0.003597,0.000730,0.000000,0.000000,0.000000
15.593001,2,7.908846,0.641889,-0.000000,0.000000,-0.000000,0.000000,0.000000,0.000000,0.000000
15.593001,3,8.122540,2.135575,-0.004875,-0.007632,0.003576,-0.000282,0.000000,0.000000,0.000000
15.602001,1,4.924597,0.865035,0.173881,-0.000632,0.003597,0.000730,0.000000,0.000000,0.000000
15.602001,2,7.908846,0.641889,-0.000000,0.000000,-0.000000,0.000000,0.000000,0.000000,0.000000
15.602001,3,8.122471,2.135562,-0.004877,-0.007632,0.003576,-0.000282,0.000000,0.000000,0.000000
15.610001,1,4.924597,0.865035,0.173881,-0.000632,0.003597,0.000730,0.000000,0.000000,0.000000
15.610001,2,7.908846,0.641889,-0.000000,0.000000,-0.000000,0.000000,0.000000,0.000000,0.000000
15.610001,3,8.122410,2.135551,-0.004880,-0.007632,0.003576,-0.000282,0.000000,0.000000,0.000000
15.618001,1,4.924597,0.865035,0.173881,-0.000632,0.003597,0.000730,0.000000,0.000000,0.000000
15.618001,2,7.908846,0.641889,-0.000000,0.000000,-0.000000,0.000000,0.000000,0.000000,0.000000
15.618001,3,8.122349,2.135539,-0.004882,-0.007633,0.003577,-0.000282,0.000000,0.000000,0.000000
15.626001,1,4.924597,0.865035,0.173881,-0.000632,0.003597,0.000730,0.000000,0.000000,0.000000
15.626001,2,7.908846,0.641889,-0.000000,0.000000,-0.000000,0.000000,0.000000,0.000000,0.000000
15.626001,3,8.122288,2.135528,-0.004884,-0.007633,0.003577,-0.000282,0.000000,0.000000,0.000000
15.635001,1,4.924597,0.865035,0.173881,-0.000632,0.003597,0.000730,0.000000,0.000000,0.000000
15.635001,2,7.908846,0.641889,-0.000000,0.000000,-0.000000,0.000000,0.000000,0.000000,0.000000
15.635001,3,8.122219,2.135515,-0.004887,-0.007633,0.003577,-0.000282,0.000000,0.000000,0.000000
15.642001,1,4.924597,0.865035,0.173881,-0.000632,0.003597,0.000730,0.000000,0.000000,0.000000
15.642001,2,7.908846,0.641889,-0.000000,0.000000,-0.000000,0.000000,0.000000,0.000000,0.000000
15.642001,3,8.122166,2.135505,-0.004889,-0.007633,0.003577,-0.000282,0.000000,0.000000,0.000000
15.651001,1,4.924597,0.865035,0.173881,-0.000632,0.003597,0.000730,0.000000,0.000000,0.000000
15.651001,2,7.908846,0.641889,-0.000000,0.000000,-0.000000,0.000000,0.000000,0.000000,0.000000
15.651001,3,8.122097,2.135492,-0.004891,-0.007633,0.003577,-0.000282,0.000000,0.000000,0.000000
15.659001,1,4.924597,0.865035,0.173881,-0.000632,0.003596,0.000730,0.000000,0.000000,0.000000
15.659001,2,7.908846,0.641889,-0.000000,0.000000,-0.000000,0.000000,0.000000,0.000000,0.000000
15.659001,3,8.122036,2.135481,-0.004893,-0.007632,0.003575,-0.000282,0.000000,0.000000,0.000000
15.668001,1,4.924597,0.865035,0.173881,-0.000632,0.003596,0.000730,0.000000,0.000000,0.000000
15.668001,2,7.908846,0.641889,-0.000000,0.000000,-0.000000,0.000000,0.000000,0.000000,0.000000
15.668001,3,8.121967,2.135468,-0.004896,-0.007632,0.003574,-0.000282,0.000000,0.000000,0.000000
15.676001,1,4.924597,0.865035,0.173881,-0.000632,0.003596,0.000730,0.000000,0.000000,0.000000
15.676001,2,7.908846,0.641889,-0.000000,0.000000,-0.000000,0.000000,0.000000,0.000000,0.000000
15.676001,3,8.121906,2.135456,-0.004898,-0.007632,0.003574,-0.000282,0.000000,0.000000,0.000000
15.685001,1,4.924597,0.865035,0.173881,-0.000632,0.003596,0.000730,0.000000,0.000000,0.000000
15.685001,2,7.908846,0.641889,-0.000000,0.000000,-0.000000,0.000000,0.000000,0.000000,0.000000
15.685001,3,8.121838,2.135443,-0.004901,-0.007632,0.003575,-0.000282,0.000000,0.000000,0.000000
15.693001,1,4.924597,0.865035,0.173881,-0.000632,0.003596,0.000730,0.000000,0.000000,0.000000
15.693001,2,7.908846,0.641889,-0.000000,0.000000,-0.000000,0.000000,0.000000,0.000000,0.000000
15.693001,3,8.121777,2.135432,-0.004903,-0.007632,0.003575,-0.000282,0.000000,0.000000,0.000000
15.701001,1,4.924597,0.865035,0.173881,-0.000632,0.003596,0.000730,0.000000,0.000000,0.000000
15.701001,2,7.908846,0.641889,-0.000000,0.000000,-0.000000,0.000000,0.000000,0.000000,0.000000
15.701001,3,8.121716,2.135421,-0.004905,-0.007632,0.003575,-0.000282,0.000000,0.000000,0.000000
15.710001,1,4.924597,0.865035,0.173881,-0.000632,0.003596,0.000730,0.000000,0.000000,0.000000
15.710001,2,7.908846,0.641889,-0.000000,0.000000,-0.000000,0.000000,0.000000,0.000000,0.000000
15.710001,3,8.121647,2.135408,-0.004908,-0.007632,0.003575,-0.000282,0.000000,0.000000,0.000000
15.718001,1,4.924597,0.865035,0.173881,-0.000632,0.003596,0.000730,0.000000,0.000000,0.000000
15.718001,2,7.908846,0.641889,-0.000000,0.000000,-0.000000,0.000000,0.000000,0.000000,0.000000
15.718001,3,8.121586,2.135396,-0.004910,-0.007632,0.003575,-0.000282,0.000000,0.000000,0.000000
15.726001,1,4.924597,0.865035,0.173881,-0.000632,0.003596,0.000730,0.000000,0.000000,0.000000
15.726001,2,7.908846,0.641889,-0.000000,0.000000,-0.000000,0.000000,0.000000,0.000000,0.000000
15.726001,3,8.121525,2.135385,-0.004912,-0.007632,0.003575,-0.000282,0.000000,0.000000,0.000000
15.735001,1,4.924597,0.865035,0.173881,-0.000632,0.003596,0.000730,0.000000,0.000000,0.000000
15.735001,2,7.908846,0.641889,-0.000000,0.000000,-0.000000,0.000000,0.000000,0.000000,0.000000
15.735001,3,8.121456,2.135372,-0.004915,-0.007632,0.003575,-0.000282,0.000000,0.000000,0.000000
15.743001,1,4.924597,0.865035,0.173881,-0.000632,0.003596,0.000730,0.000000,0.000000,0.000000
15.743001,2,7.908846,0.641889,-0.000000,0.000000,-0.000000,0.000000,0.000000,0.000000,0.000000
15.743001,3,8.121395,2.135360,-0.004917,-0.007632,0.003576,-0.000282,0.000000,0.000000,0.000000
15.752001,1,4.924597,0.865035,0.173881,-0.000632,0.003596,0.000730,0.000000,0.000000,0.000000
15.752001,2,7.908846,0.641889,-0.000000,0.000000,-0.000000,0.000000,0.000000,0.000000,0.000000
15.752001,3,8.121326,2.135348,-0.004920,-0.007632,0.003576,-0.000282,0.000000,0.000000,0.000000
15.760001,1,4.924597,0.865035,0.173881,-0.000632,0.003596,0.000730,0.000000,0.000000,0.000000
15.760001,2,7.908846,0.641889,-0.000000,0.000000,-0.000000,0.000000,0.000000,0.000000,0.000000
15.760001,3,8.121265,2.135336,-0.004922,-0.007632,0.003576,-0.000282,0.000000,0.000000,0.000000
15.767001,1,4.924597,0.865035,0.173881,-0.000632,0.003596,0.000730,0.000000,0.000000,0.000000
15.767001,2,7.908846,0.641889,-0.000000,0.000000,-0.000000,0.000000,0.000000,0.000000,0.000000
15.767001,3,8.121212,2.135326,-0.004924,-0.007632,0.003576,-0.000282,0.000000,0.000000,0.000000
15.776001,1,4.924597,0.865035,0.173881,-0.000632,0.003597,0.000730,0.000000,0.000000,0.000000
15.776001,2,7.908846,0.641889,-0.000000,0.000000,-0.000000,0.000000,0.000000,0.000000,0.000000
15.776001,3,8.121143,2.135313,-0.004927,-0.007633,0.003577,-0.000282,0.000000,0.000000,0.000000
15.784001,1,4.924597,0.865035,0.173881,-0.000632,0.003597,0.000730,0.000000,0.000000,0.000000
15.784001,2,7.908846,0.641889,-0.000000,0.000000,-0.000000,0.000000,0.000000,0.000000,0.000000
15.784001,3,8.121082,2.135302,-0.004929,-0.007633,0.003577,-0.000282,0.000000,0.000000,0.000000
15.792001,1,4.924597,0.865035,0.173881,-0.000632,0.003597,0.000730,0.000000,0.000000,0.000000
15.792001,2,7.908846,0.641889,-0.000000,0.000000,-0.000000,0.000000,0.000000,0.000000,0.000000
15.792001,3,8.121021,2.135290,-0.004931,-0.007633,0.003577,-0.000282,0.000000,0.000000,0.000000
15.802001,1,4.924597,0.865035,0.173881,-0.000632,0.003597,0.000730,0.000000,0.000000,0.000000
15.802001,2,7.908846,0.641889,-0.000000,0.000000,-0.000000,0.000000,0.000000,0.000000,0.000000
15.802001,3,8.120945,2.135276,-0.004934,-0.007633,0.003577,-0.000282,0.000000,0.000000,0.000000
15.810001,1,4.924597,0.865035,0.173881,-0.000632,0.003597,0.000730,0.000000,0.000000,0.000000
15.810001,2,7.908846,0.641889,-0.000000,0.000000,-0.000000,0.000000,0.000000,0.000000,0.000000
15.810001,3,8.120884,2.135265,-0.004936,-0.007633,0.003577,-0.000282,0.000000,0.000000,0.000000
15.818001,1,4.924597,0.865035,0.173881,-0.000632,0.003597,0.000730,0.000000,0.000000,0.000000
15.818001,2,7.908846,0.641889,-0.000000,0.000000,-0.000000,0.000000,0.000000,0.000000,0.000000
15.818001,3,8.120823,2.135253,-0.004938,-0.007633,0.003577,-0.000282,0.000000,0.000000,0.000000
15.826001,1,4.924597,0.865035,0.173881,-0.000632,0.003597,0.000730,0.000000,0.000000,0.000000
15.826001,2,7.908846,0.641889,-0.000000,0.000000,-0.000000,0.000000,0.000000,0.000000,0.000000
15.826001,3,8.120762,2.135242,-0.004941,-0.007633,0.003577,-0.000282,0.000000,0.000000,0.000000
15.835001,1,4.924597,0.865035,0.173881,-0.000632,0.003597,0.000730,0.000000,0.000000,0.000000
15.835001,2,7.908846,0.641889,-0.000000,0.000000,-0.000000,0.000000,0.000000,0.000000,0.000000
15.835001,3,8.120693,2.135229,-0.004943,-0.007633,0.003577,-0.000282,0.000000,0.000000,0.000000
15.843001,1,4.924597,0.865035,0.173881,-0.000632,0.003597,0.000730,0.000000,0.000000,0.000000
15.843001,2,7.908846,0.641889,-0.000000,0.000000,-0.000000,0.000000,0.000000,0.000000,0.000000
15.843001,3,8.120632,2.135217,-0.004945,-0.007633,0.003577,-0.000282,0.000000,0.000000,0.000000
15.851001,1,4.924597,0.865035,0.173881,-0.000632,0.003597,0.000730,0.000000,0.000000,0.000000
15.851001,2,7.908846,0.641889,-0.000000,0.000000,-0.000000,0.000000,0.000000,0.000000,0.000000
15.851001,3,8.120571,2.135206,-0.004948,-0.007633,0.003578,-0.000282,0.000000,0.000000,0.000000
15.860001,1,4.924597,0.865035,0.173881,-0.000632,0.003597,0.000730,0.000000,0.000000,0.000000
15.860001,2,7.908846,0.641889,-0.000000,0.000000,-0.000000,0.000000,0.000000,0.000000,0.000000
15.860001,3,8.120502,2.135193,-0.004950,-0.007633,0.003578,-0.000282,0.000000,0.000000,0.000000
15.868001,1,4.924597,0.865035,0.173881,-0.000632,0.003597,0.000730,0.000000,0.000000,0.000000
15.868001,2,7.908846,0.641889,-0.000000,0.000000,-0.000000,0.000000,0.000000,0.000000,0.000000
15.868001,3,8.120441,2.135182,-0.004952,-0.007633,0.003578,-0.000282,0.000000,0.000000,0.000000
15.876001,1,4.924597,0.865035,0.173881,-0.000632,0.003597,0.000730,0.000000,0.000000,0.000000
15.876001,2,7.908846,0.641889,-0.000000,0.000000,-0.000000,0.000000,0.000000,0.000000,0.000000
15.876001,3,8.120380,2.135170,-0.004955,-0.007633,0.003578,-0.000282,0.000000,0.000000,0.000000
15.885001,1,4.924597,0.865035,0.173881,-0.000632,0.003597,0.000730,0.000000,0.000000,0.000000
15.885001,2,7.908846,0.641889,-0.000000,0.000000,-0.000000,0.000000,0.000000,0.000000,0.000000
15.885001,3,8.120312,2.135157,-0.004957,-0.007633,0.003578,-0.000282,0.000000,0.000000,0.000000
15.893001,1,4.924597,0.865035,0.173881,-0.000632,0.003597,0.000730,0.000000,0.000000,0.000000
15.893001,2,7.908846,0.641889,-0.000000,0.000000,-0.000000,0.000000,0.000000,0.000000,0.000000
15.893001,3,8.120251,2.135146,-0.004959,-0.007633,0.003577,-0.000282,0.000000,0.000000,0.000000
15.901001,1,4.924597,0.865035,0.173881,-0.000632,0.003596,0.000730,0.000000,0.000000,0.000000
15.901001,2,7.908846,0.641889,-0.000000,0.000000,-0.000000,0.000000,0.000000,0.000000,0.000000
15.901001,3,8.120190,2.135134,-0.004962,-0.007632,0.003576,-0.000282,0.000000,0.000000,0.000000
15.910001,1,4.924597,0.865035,0.173881,-0.000632,0.003596,0.000730,0.000000,0.000000,0.000000
15.910001,2,7.908846,0.641889,-0.000000,0.000000,-0.000000,0.000000,0.000000,0.000000,0.000000
15.910001,3,8.120121,2.135122,-0.004964,-0.007632,0.003576,-0.000282,0.000000,0.000000,0.000000
15.918001,1,4.924597,0.865035,0.173881,-0.000632,0.003596,0.000730,0.000000,0.000000,0.000000
15.918001,2,7.908846,0.641889,-0.000000,0.000000,-0.000000,0.000000,0.000000,0.000000,0.000000
15.918001,3,8.120060,2.135110,-0.004967,-0.007632,0.003576,-0.000282,0.000000,0.000000,0.000000
15.926001,1,4.924597,0.865035,0.173881,-0.000632,0.003596,0.000730,0.000000,0.000000,0.000000
15.926001,2,7.908846,0.641889,-0.000000,0.000000,-0.000000,0.000000,0.000000,0.000000,0.000000
15.926001,3,8.119999,2.135099,-0.004969,-0.007632,0.003576,-0.000282,0.000000,0.000000,0.000000
15.935001,1,4.924597,0.865035,0.173881,-0.000632,0.003596,0.000730,0.000000,0.000000,0.000000
15.935001,2,7.908846,0.641889,-0.000000,0.000000,-0.000000,0.000000,0.000000,0.000000,0.000000
15.935001,3,8.119930,2.135086,-0.004971,-0.007632,0.003576,-0.000282,0.000000,0.000000,0.000000
15.944001,1,4.924597,0.865035,0.173881,-0.000632,0.003596,0.000730,0.000000,0.000000,0.000000
15.944001,2,7.908846,0.641889,-0.000000,0.000000,-0.000000,0.000000,0.000000,0.000000,0.000000
15.944001,3,8.119862,2.135073,-0.004974,-0.007632,0.003576,-0.000282,0.000000,0.000000,0.000000
15.951001,1,4.924597,0.865035,0.173881,-0.000632,0.003596,0.000730,0.000000,0.000000,0.000000
15.951001,2,7.908846,0.641889,-0.000000,0.000000,-0.000000,0.000000,0.000000,0.000000,0.000000
15.951001,3,8.119808,2.135063,-0.004976,-0.007632,0.003576,-0.000282,0.000000,0.000000,0.000000
15.960001,1,4.924597,0.865035,0.173881,-0.000632,0.003596,0.000730,0.000000,0.000000,0.000000
15.960001,2,7.908846,0.641889,-0.000000,0.000000,-0.000000,0.000000,0.000000,0.000000,0.000000
15.960001,3,8.119740,2.135050,-0.004978,-0.007632,0.003576,-0.000282,0.000000,0.000000,0.000000
15.968001,1,4.924597,0.865035,0.173881,-0.000632,0.003596,0.000730,0.000000,0.000000,0.000000
15.968001,2,7.908846,0.641889,-0.000000,0.000000,-0.000000,0.000000,0.000000,0.000000,0.000000
15.968001,3,8.119678,2.135039,-0.004981,-0.007633,0.003576,-0.000282,0.000000,0.000000,0.000000
15.976001,1,4.924597,0.865035,0.173881,-0.000632,0.003596,0.000730,0.000000,0.000000,0.000000
15.976001,2,7.908846,0.641889,-0.000000,0.000000,-0.000000,0.000000,0.000000,0.000000,0.000000
15.976001,3,8.119617,2.135027,-0.004983,-0.007633,0.003577,-0.000282,0.000000,0.000000,0.000000
15.985001,1,4.924597,0.865035,0.173881,-0.000632,0.003596,0.000730,0.000000,0.000000,0.000000
15.985001,2,7.908846,0.641889,-0.000000,0.000000,-0.000000,0.000000,0.000000,0.000000,0.000000
15.985001,3,8.119549,2.135014,-0.004985,-0.007633,0.003577,-0.000282,0.000000,0.000000,0.000000
15.993001,1,4.924597,0.865035,0.173881,-0.000632,0.003596,0.000730,0.000000,0.000000,0.000000
15.993001,2,7.908846,0.641889,-0.000000,0.000000,-0.000000,0.000000,0.000000,0.000000,0.000000
15.993001,3,8.119488,2.135003,-0.004988,-0.007633,0.003577,-0.000282,0.000000,0.000000,0.000000
16.001001,1,4.924597,0.865035,0.173881,-0.000632,0.003596,0.000730,0.000000,0.000000,0.000000
16.001001,2,7.908846,0.641889,-0.000000,0.000000,-0.000000,0.000000,0.000000,0.000000,0.000000
16.001001,3,8.119427,2.134991,-0.004990,-0.007633,0.003577,-0.000282,0.000000,0.000000,0.000000
16.010001,1,4.924597,0.865035,0.173881,-0.000632,0.003596,0.000730,0.000000,0.000000,0.000000
16.010001,2,7.908846,0.641889,-0.000000,0.000000,-0.000000,0.000000,0.000000,0.000000,0.000000
16.010001,3,8.119358,2.134979,-0.004992,-0.007633,0.003577,-0.000282,0.000000,0.000000,0.000000
16.018001,1,4.924597,0.865035,0.173881,-0.000632,0.003597,0.000730,0.000000,0.000000,0.000000
16.018001,2,7.908846,0.641889,-0.000000,0.000000,-0.000000,0.000000,0.000000,0.000000,0.000000
16.018001,3,8.119297,2.134967,-0.004995,-0.007633,0.003577,-0.000282,0.000000,0.000000,0.000000
16.026001,1,4.924597,0.865035,0.173881,-0.000632,0.003597,0.000730,0.000000,0.000000,0.000000
16.026001,2,7.908846,0.641889,-0.000000,0.000000,-0.000000,0.000000,0.000000,0.000000,0.000000
16.026001,3,8.119236,2.134956,-0.004997,-0.007633,0.003577,-0.000282,0.000000,0.000000,0.000000
16.035001,1,4.924597,0.865035,0.173881,-0.000632,0.003597,0.000730,0.000000,0.000000,0.000000
16.035001,2,7.908846,0.641889,-0.000000,0.000000,-0.000000,0.000000,0.000000,0.000000,0.000000
16.035001,3,8.119167,2.134943,-0.005000,-0.007633,0.003578,-0.000282,0.000000,0.000000,0.000000
16.042001,1,4.924597,0.865035,0.173881,-0.000632,0.003597,0.000730,0.000000,0.000000,0.000000
16.042001,2,7.908846,0.641889,-0.000000,0.000000,-0.000000,0.000000,0.000000,0.000000,0.000000
16.042001,3,8.119114,2.134933,-0.005001,-0.007633,0.003578,-0.000282,0.000000,0.000000,0.000000
16.051001,1,4.924597,0.865035,0.173881,-0.000632,0.003597,0.000730,0.000000,0.000000,0.000000
16.051001,2,7.908846,0.641889,-0.000000,0.000000,-0.000000,0.000000,0.000000,0.000000,0.000000
16.051001,3,8.119045,2.134920,-0.005004,-0.007633,0.003578,-0.000282,0.000000,0.000000,0.000000
16.060001,1,4.924597,0.865035,0.173881,-0.000632,0.003597,0.000730,0.000000,0.000000,0.000000
16.060001,2,7.908846,0.641889,-0.000000,0.000000,-0.000000,0.000000,0.000000,0.000000,0.000000
16.060001,3,8.118977,2.134907,-0.005007,-0.007633,0.003578,-0.000282,0.000000,0.000000,0.000000
16.068001,1,4.924597,0.865035,0.173881,-0.000632,0.003597,0.000730,0.000000,0.000000,0.000000
16.068001,2,7.908846,0.641889,-0.000000,0.000000,-0.000000,0.000000,0.000000,0.000000,0.000000
16.068001,3,8.118916,2.134896,-0.005009,-0.007633,0.003578,-0.000282,0.000000,0.000000,0.000000
16.076001,1,4.924597,0.865035,0.173881,-0.000632,0.003597,0.000730,0.000000,0.000000,0.000000
16.076001,2,7.908846,0.641889,-0.000000,0.000000,-0.000000,0.000000,0.000000,0.000000,0.000000
16.076001,3,8.118855,2.134884,-0.005011,-0.007633,0.003578,-0.000282,0.000000,0.000000,0.000000
16.085001,1,4.924597,0.865035,0.173881,-0.000632,0.003597,0.000730,0.000000,0.000000,0.000000
16.085001,2,7.908846,0.641889,-0.000000,0.000000,-0.000000,0.000000,0.000000,0.000000,0.000000
16.085001,3,8.118786,2.134871,-0.005014,-0.007633,0.003578,-0.000282,0.000000,0.000000,0.000000
16.093001,1,4.924597,0.865035,0.173881,-0.000632,0.003597,0.000730,0.000000,0.000000,0.000000
16.093001,2,7.908846,0.641889,-0.000000,0.000000,-0.000000,0.000000,0.000000,0.000000,0.000000
16.093001,3,8.118725,2.134860,-0.005016,-0.007633,0.003579,-0.000282,0.000000,0.000000,0.000000
16.101001,1,4.924597,0.865035,0.173881,-0.000632,0.003597,0.000730,0.000000,0.000000,0.000000
16.101001,2,7.908846,0.641889,-0.000000,0.000000,-0.000000,0.000000,0.000000,0.000000,0.000000
16.101001,3,8.118664,2.134848,-0.005018,-0.007633,0.003579,-0.000282,0.000000,0.000000,0.000000
16.110001,1,4.924597,0.865035,0.173881,-0.000632,0.003597,0.000730,0.000000,0.000000,0.000000
16.110001,2,7.908846,0.641889,-0.000000,0.000000,-0.000000,0.000000,0.000000,0.000000,0.000000
16.110001,3,8.118595,2.134835,-0.005021,-0.007633,0.003579,-0.000281,0.000000,0.000000,0.000000
16.118001,1,4.924597,0.865035,0.173881,-0.000632,0.003597,0.000730,0.000000,0.000000,0.000000
16.118001,2,7.908846,0.641889,-0.000000,0.000000,-0.000000,0.000000,0.000000,0.000000,0.000000
16.118001,3,8.118534,2.134824,-0.005023,-0.007633,0.003579,-0.000281,0.000000,0.000000,0.000000
16.126001,1,4.924597,0.865035,0.173881,-0.000632,0.003597,0.000730,0.000000,0.000000,0.000000
16.126001,2,7.908846,0.641889,-0.000000,0.000000,-0.000000,0.000000,0.000000,0.000000,0.000000
16.126001,3,8.118473,2.134813,-0.005025,-0.007633,0.003579,-0.000281,0.000000,0.000000,0.000000
16.135001,1,4.924597,0.865035,0.173881,-0.000632,0.003597,0.000731,0.000000,0.000000,0.000000
16.135001,2,7.908846,0.641889,-0.000000,0.000000,-0.000000,0.000000,0.000000,0.000000,0.000000
16.135001,3,8.118404,2.134800,-0.005028,-0.007633,0.003579,-0.000281,0.000000,0.000000,0.000000
16.143001,1,4.924597,0.865035,0.173881,-0.000632,0.003596,0.000730,0.000000,0.000000,0.000000
16.143001,2,7.908846,0.641889,-0.000000,0.000000,-0.000000,0.000000,0.000000,0.000000,0.000000
16.143001,3,8.118343,2.134788,-0.005030,-0.007633,0.003577,-0.000282,0.000000,0.000000,0.000000
16.151001,1,4.924597,0.865035,0.173881,-0.000632,0.003596,0.000730,0.000000,0.000000,0.000000
16.151001,2,7.908846,0.641889,-0.000000,0.000000,-0.000000,0.000000,0.000000,0.000000,0.000000
16.151001,3,8.118282,2.134777,-0.005032,-0.007633,0.003577,-0.000282,0.000000,0.000000,0.000000
16.159001,1,4.924597,0.865035,0.173881,-0.000632,0.003596,0.000730,0.000000,0.000000,0.000000
16.159001,2,7.908846,0.641889,-0.000000,0.000000,-0.000000,0.000000,0.000000,0.000000,0.000000
16.159001,3,8.118221,2.134765,-0.005034,-0.007633,0.003577,-0.000282,0.000000,0.000000,0.000000
16.168001,1,4.924597,0.865035,0.173881,-0.000632,0.003596,0.000730,0.000000,0.000000,0.000000
16.168001,2,7.908846,0.641889,-0.000000,0.000000,-0.000000,0.000000,0.000000,0.000000,0.000000
16.168001,3,8.118153,2.134753,-0.005037,-0.007633,0.003577,-0.000282,0.000000,0.000000,0.000000
16.176001,1,4.924597,0.865035,0.173881,-0.000632,0.003596,0.000730,0.000000,0.000000,0.000000
16.176001,2,7.908846,0.641889,-0.000000,0.000000,-0.000000,0.000000,0.000000,0.000000,0.000000
16.176001,3,8.118092,2.134741,-0.005039,-0.007633,0.003577,-0.000282,0.000000,0.000000,0.000000
16.185001,1,4.924597,0.865035,0.173881,-0.000632,0.003596,0.000730,0.000000,0.000000,0.000000
16.185001,2,7.908846,0.641889,-0.000000,0.000000,-0.000000,0.000000,0.000000,0.000000,0.000000
16.185001,3,8.118023,2.134728,-0.005042,-0.007633,0.003577,-0.000282,0.000000,0.000000,0.000000
16.193001,1,4.924597,0.865035,0.173881,-0.000632,0.003596,0.000730,0.000000,0.000000,0.000000
16.193001,2,7.908846,0.641889,-0.000000,0.000000,-0.000000,0.000000,0.000000,0.000000,0.000000
16.193001,3,8.117962,2.134717,-0.005044,-0.007633,0.003577,-0.000282,0.000000,0.000000,0.000000
16.201001,1,4.924597,0.865035,0.173881,-0.000632,0.003596,0.000730,0.000000,0.000000,0.000000
16.201001,2,7.908846,0.641889,-0.000000,0.000000,-0.000000,0.000000,0.000000,0.000000,0.000000
16.201001,3,8.117901,2.134705,-0.005046,-0.007633,0.003577,-0.000282,0.000000,0.000000,0.000000
16.210001,1,4.924597,0.865035,0.173881,-0.000632,0.003596,0.000730,0.000000,0.000000,0.000000
16.210001,2,7.908846,0.641889,-0.000000,0.000000,-0.000000,0.000000,0.000000,0.000000,0.000000
16.210001,3,8.117832,2.134692,-0.005049,-0.007633,0.003578,-0.000282,0.000000,0.000000,0.000000
16.218001,1,4.924597,0.865035,0.173881,-0.000632,0.003596,0.000730,0.000000,0.000000,0.000000
16.218001,2,7.908846,0.641889,-0.000000,0.000000,-0.000000,0.000000,0.000000,0.000000,0.000000
16.218001,3,8.117771,2.134681,-0.005051,-0.007633,0.003578,-0.000282,0.000000,0.000000,0.000000
16.226001,1,4.924597,0.865035,0.173881,-0.000632,0.003596,0.000730,0.000000,0.000000,0.000000
16.226001,2,7.908846,0.641889,-0.000000,0.000000,-0.000000,0.000000,0.000000,0.000000,0.000000
16.226001,3,8.117710,2.134670,-0.005053,-0.007633,0.003578,-0.000282,0.000000,0.000000,0.000000
16.235001,1,4.924597,0.865035,0.173881,-0.000632,0.003596,0.000730,0.000000,0.000000,0.000000
16.235001,2,7.908846,0.641889,-0.000000,0.000000,-0.000000,0.000000,0.000000,0.000000,0.000000
16.235001,3,8.117641,2.134657,-0.005056,-0.007633,0.003578,-0.000281,0.000000,0.000000,0.000000
16.243001,1,4.924597,0.865035,0.173881,-0.000632,0.003596,0.000730,0.000000,0.000000,0.000000
16.243001,2,7.908846,0.641889,-0.000000,0.000000,-0.000000,0.000000,0.000000,0.000000,0.000000
16.243001,3,8.117580,2.134645,-0.005058,-0.007633,0.003578,-0.000281,0.000000,0.000000,0.000000
16.252001,1,4.924597,0.865035,0.173881,-0.000632,0.003596,0.000730,0.000000,0.000000,0.000000
16.252001,2,7.908846,0.641889,-0.000000,0.000000,-0.000000,0.000000,0.000000,0.000000,0.000000
16.252001,3,8.117512,2.134632,-0.005061,-0.007633,0.003578,-0.000281,0.000000,0.000000,0.000000
16.260001,1,4.924597,0.865035,0.173881,-0.000632,0.003597,0.000730,0.000000,0.000000,0.000000
16.260001,2,7.908846,0.641889,-0.000000,0.000000,-0.000000,0.000000,0.000000,0.000000,0.000000
16.260001,3,8.117451,2.134621,-0.005063,-0.007633,0.003578,-0.000281,0.000000,0.000000,0.000000
16.268001,1,4.924597,0.865035,0.173881,-0.000632,0.003597,0.000730,0.000000,0.000000,0.000000
16.268001,2,7.908846,0.641889,-0.000000,0.000000,-0.000000,0.000000,0.000000,0.000000,0.000000
16.268001,3,8.117390,2.134609,-0.005065,-0.007633,0.003579,-0.000281,0.000000,0.000000,0.000000
16.277001,1,4.924597,0.865035,0.173881,-0.000632,0.003597,0.000730,0.000000,0.000000,0.000000
16.277001,2,7.908846,0.641889,-0.000000,0.000000,-0.000000,0.000000,0.000000,0.000000,0.000000
16.277001,3,8.117321,2.134597,-0.005068,-0.007633,0.003579,-0.000281,0.000000,0.000000,0.000000
16.285001,1,4.924597,0.865035,0.173881,-0.000632,0.003597,0.000730,0.000000,0.000000,0.000000
16.285001,2,7.908846,0.641889,-0.000000,0.000000,-0.000000,0.000000,0.000000,0.000000,0.000000
16.285001,3,8.117260,2.134585,-0.005070,-0.007633,0.003579,-0.000281,0.000000,0.000000,0.000000
16.293001,1,4.924597,0.865035,0.173881,-0.000632,0.003597,0.000730,0.000000,0.000000,0.000000
16.293001,2,7.908846,0.641889,-0.000000,0.000000,-0.000000,0.000000,0.000000,0.000000,0.000000
16.293001,3,8.117199,2.134574,-0.005072,-0.007633,0.003579,-0.000281,0.000000,0.000000,0.000000
16.301001,1,4.924597,0.865035,0.173881,-0.000632,0.003597,0.000730,0.000000,0.000000,0.000000
16.301001,2,7.908846,0.641889,-0.000000,0.000000,-0.000000,0.000000,0.000000,0.000000,0.000000
16.301001,3,8.117138,2.134562,-0.005074,-0.007633,0.003579,-0.000281,0.000000,0.000000,0.000000
16.311001,1,4.924597,0.865035,0.173881,-0.000632,0.003597,0.000730,0.000000,0.000000,0.000000
16.311001,2,7.908846,0.641889,-0.000000,0.000000,-0.000000,0.000000,0.000000,0.000000,0.000000
16.311001,3,8.117062,2.134548,-0.005077,-0.007633,0.003579,-0.000281,0.000000,0.000000,0.000000
16.319001,1,4.924597,0.865035,0.173881,-0.000632,0.003597,0.000730,0.000000,0.000000,0.000000
16.319001,2,7.908846,0.641889,-0.000000,0.000000,-0.000000,0.000000,0.000000,0.000000,0.000000
16.319001,3,8.117001,2.134537,-0.005079,-0.007633,0.003579,-0.000281,0.000000,0.000000,0.000000
16.327001,1,4.924597,0.865035,0.173881,-0.000632,0.003597,0.000730,0.000000,0.000000,0.000000
16.327001,2,7.908846,0.641889,-0.000000,0.000000,-0.000000,0.000000,0.000000,0.000000,0.000000
16.327001,3,8.116940,2.134525,-0.005082,-0.007633,0.003580,-0.000281,0.000000,0.000000,0.000000
16.335001,1,4.924597,0.865035,0.173881,-0.000632,0.003597,0.000730,0.000000,0.000000,0.000000
16.335001,2,7.908846,0.641889,-0.000000,0.000000,-0.000000,0.000000,0.000000,0.000000,0.000000
16.335001,3,8.116879,2.134514,-0.005084,-0.007633,0.003580,-0.000281,0.000000,0.000000,0.000000
16.343001,1,4.924597,0.865035,0.173881,-0.000632,0.003597,0.000730,0.000000,0.000000,0.000000
16.343001,2,7.908846,0.641889,-0.000000,0.000000,-0.000000,0.000000,0.000000,0.000000,0.000000
16.343001,3,8.116817,2.134502,-0.005086,-0.007633,0.003580,-0.000281,0.000000,0.000000,0.000000
16.351001,1,4.924597,0.865035,0.173881,-0.000632,0.003597,0.000730,0.000000,0.000000,0.000000
16.351001,2,7.908846,0.641889,-0.000000,0.000000,-0.000000,0.000000,0.000000,0.000000,0.000000
16.351001,3,8.116756,2.134491,-0.005088,-0.007633,0.003580,-0.000281,0.000000,0.000000,0.000000
16.359001,1,4.924597,0.865035,0.173881,-0.000632,0.003597,0.000730,0.000000,0.000000,0.000000
16.359001,2,7.908846,0.641889,-0.000000,0.000000,-0.000000,0.000000,0.000000,0.000000,0.000000
16.359001,3,8.116695,2.134479,-0.005091,-0.007633,0.003580,-0.000281,0.000000,0.000000,0.000000
16.367001,1,4.924597,0.865035,0.173881,-0.000632,0.003597,0.000730,0.000000,0.000000,0.000000
16.367001,2,7.908846,0.641889,-0.000000,0.000000,-0.000000,0.000000,0.000000,0.000000,0.000000
16.367001,3,8.116634,2.134468,-0.005093,-0.007634,0.003580,-0.000281,0.000000,0.000000,0.000000
16.376001,1,4.924597,0.865035,0.173881,-0.000632,0.003597,0.000731,0.000000,0.000000,0.000000
16.376001,2,7.908846,0.641889,-0.000000,0.000000,-0.000000,0.000000,0.000000,0.000000,0.000000
16.376001,3,8.116566,2.134455,-0.005095,-0.007634,0.003580,-0.000281,0.000000,0.000000,0.000000
16.384001,1,4.924597,0.865035,0.173881,-0.000632,0.003596,0.000730,0.000000,0.000000,0.000000
16.384001,2,7.908846,0.641889,-0.000000,0.000000,-0.000000,0.000000,0.000000,0.000000,0.000000
16.384001,3,8.116505,2.134444,-0.005098,-0.007633,0.003579,-0.000281,0.000000,0.000000,0.000000
16.392001,1,4.924597,0.865035,0.173881,-0.000632,0.003596,0.000730,0.000000,0.000000,0.000000
16.392001,2,7.908846,0.641889,-0.000000,0.000000,-0.000000,0.000000,0.000000,0.000000,0.000000
16.392001,3,8.116444,2.134432,-0.005100,-0.007633,0.003578,-0.000281,0.000000,0.000000,0.000000
16.401001,1,4.924597,0.865035,0.173881,-0.000632,0.003596,0.000730,0.000000,0.000000,0.000000
16.401001,2,7.908846,0.641889,-0.000000,0.000000,-0.000000,0.000000,0.000000,0.000000,0.000000
16.401001,3,8.116375,2.134419,-0.005103,-0.007633,0.003578,-0.000281,0.000000,0.000000,0.000000
16.409001,1,4.924597,0.865035,0.173881,-0.000632,0.003596,0.000730,0.000000,0.000000,0.000000
16.409001,2,7.908846,0.641889,-0.000000,0.000000,-0.000000,0.000000,0.000000,0.000000,0.000000
16.409001,3,8.116314,2.134408,-0.005105,-0.007633,0.003578,-0.000281,0.000000,0.000000,0.000000
16.419001,1,4.924597,0.865035,0.173881,-0.000632,0.003596,0.000730,0.000000,0.000000,0.000000
16.419001,2,7.908846,0.641889,-0.000000,0.000000,-0.000000,0.000000,0.000000,0.000000,0.000000
16.419001,3,8.116238,2.134393,-0.005108,-0.007633,0.003578,-0.000281,0.000000,0.000000,0.000000
16.426001,1,4.924597,0.865035,0.173881,-0.000632,0.003596,0.000730,0.000000,0.000000,0.000000
16.426001,2,7.908846,0.641889,-0.000000,0.000000,-0.000000,0.000000,0.000000,0.000000,0.000000
16.426001,3,8.116184,2.134383,-0.005110,-0.007633,0.003578,-0.000281,0.000000,0.000000,0.000000
16.434001,1,4.924597,0.865035,0.173881,-0.000632,0.003596,0.000730,0.000000,0.000000,0.000000
16.434001,2,7.908846,0.641889,-0.000000,0.000000,-0.000000,0.000000,0.000000,0.000000,0.000000
16.434001,3,8.116123,2.134372,-0.005112,-0.007633,0.003578,-0.000281,0.000000,0.000000,0.000000
16.442001,1,4.924597,0.865035,0.173881,-0.000632,0.003596,0.000730,0.000000,0.000000,0.000000
16.442001,2,7.908846,0.641889,-0.000000,0.000000,-0.000000,0.000000,0.000000,0.000000,0.000000
16.442001,3,8.116062,2.134361,-0.005114,-0.007633,0.003578,-0.000281,0.000000,0.000000,0.000000
16.451001,1,4.924597,0.865035,0.173881,-0.000632,0.003596,0.000730,0.000000,0.000000,0.000000
16.451001,2,7.908846,0.641889,-0.000000,0.000000,-0.000000,0.000000,0.000000,0.000000,0.000000
16.451001,3,8.115993,2.134348,-0.005117,-0.007633,0.003579,-0.000281,0.000000,0.000000,0.000000
16.459001,1,4.924597,0.865035,0.173881,-0.000632,0.003596,0.000730,0.000000,0.000000,0.000000
16.459001,2,7.908846,0.641889,-0.000000,0.000000,-0.000000,0.000000,0.000000,0.000000,0.000000
16.459001,3,8.115932,2.134336,-0.005119,-0.007633,0.003579,-0.000281,0.000000,0.000000,0.000000
16.468001,1,4.924597,0.865035,0.173881,-0.000632,0.003596,0.000730,0.000000,0.000000,0.000000
16.468001,2,7.908846,0.641889,-0.000000,0.000000,-0.000000,0.000000,0.000000,0.000000,0.000000
16.468001,3,8.115864,2.134323,-0.005121,-0.007633,0.003579,-0.000281,0.000000,0.000000,0.000000
16.476001,1,4.924597,0.865035,0.173881,-0.000632,0.003596,0.000730,0.000000,0.000000,0.000000
16.476001,2,7.908846,0.641889,-0.000000,0.000000,-0.000000,0.000000,0.000000,0.000000,0.000000
16.476001,3,8.115803,2.134312,-0.005124,-0.007633,0.003579,-0.000281,0.000000,0.000000,0.000000
16.485001,1,4.924597,0.865035,0.173881,-0.000632,0.003596,0.000730,0.000000,0.000000,0.000000
16.485001,2,7.908846,0.641889,-0.000000,0.000000,-0.000000,0.000000,0.000000,0.000000,0.000000
16.485001,3,8.115734,2.134299,-0.005126,-0.007633,0.003579,-0.000281,0.000000,0.000000,0.000000
16.494001,1,4.924597,0.865035,0.173881,-0.000632,0.003596,0.000730,0.000000,0.000000,0.000000
16.494001,2,7.908846,0.641889,-0.000000,0.000000,-0.000000,0.000000,0.000000,0.000000,0.000000
16.494001,3,8.115665,2.134286,-0.005129,-0.007633,0.003579,-0.000281,0.000000,0.000000,0.000000
16.502001,1,4.924597,0.865035,0.173881,-0.000632,0.003597,0.000730,0.000000,0.000000,0.000000
16.502001,2,7.908846,0.641889,-0.000000,0.000000,-0.000000,0.000000,0.000000,0.000000,0.000000
16.502001,3,8.115604,2.134275,-0.005131,-0.007633,0.003579,-0.000281,0.000000,0.000000,0.000000
16.510001,1,4.924597,0.865035,0.173881,-0.000632,0.003597,0.000730,0.000000,0.000000,0.000000
16.510001,2,7.908846,0.641889,-0.000000,0.000000,-0.000000,0.000000,0.000000,0.000000,0.000000
16.510001,3,8.115543,2.134263,-0.005133,-0.007633,0.003580,-0.000281,0.000000,0.000000,0.000000
16.518001,1,4.924597,0.865035,0.173881,-0.000632,0.003597,0.000730,0.000000,0.000000,0.000000
16.518001,2,7.908846,0.641889,-0.000000,0.000000,-0.000000,0.000000,0.000000,0.000000,0.000000
16.518001,3,8.115482,2.134252,-0.005135,-0.007633,0.003580,-0.000281,0.000000,0.000000,0.000000
16.526001,1,4.924597,0.865035,0.173881,-0.000632,0.003597,0.000730,0.000000,0.000000,0.000000
16.526001,2,7.908846,0.641889,-0.000000,0.000000,-0.000000,0.000000,0.000000,0.000000,0.000000
16.526001,3,8.115421,2.134240,-0.005138,-0.007633,0.003580,-0.000281,0.000000,0.000000,0.000000
16.535001,1,4.924597,0.865035,0.173881,-0.000632,0.003597,0.000730,0.000000,0.000000,0.000000
16.535001,2,7.908846,0.641889,-0.000000,0.000000,-0.000000,0.000000,0.000000,0.000000,0.000000
16.535001,3,8.115353,2.134228,-0.005140,-0.007633,0.003580,-0.000281,0.000000,0.000000,0.000000
16.543001,1,4.924597,0.865035,0.173881,-0.000632,0.003597,0.000730,0.000000,0.000000,0.000000
16.543001,2,7.908846,0.641889,-0.000000,0.000000,-0.000000,0.000000,0.000000,0.000000,0.000000
16.543001,3,8.115292,2.134216,-0.005142,-0.007633,0.003580,-0.000281,0.000000,0.000000,0.000000
16.552001,1,4.924597,0.865035,0.173881,-0.000632,0.003597,0.000730,0.000000,0.000000,0.000000
16.552001,2,7.908846,0.641889,-0.000000,0.000000,-0.000000,0.000000,0.000000,0.000000,0.000000
16.552001,3,8.115223,2.134203,-0.005145,-0.007634,0.003580,-0.000281,0.000000,0.000000,0.000000
16.560001,1,4.924597,0.865035,0.173881,-0.000632,0.003597,0.000730,0.000000,0.000000,0.000000
16.560001,2,7.908846,0.641889,-0.000000,0.000000,-0.000000,0.000000,0.000000,0.000000,0.000000
16.560001,3,8.115162,2.134192,-0.005147,-0.007634,0.003580,-0.000281,0.000000,0.000000,0.000000
16.568001,1,4.924597,0.865035,0.173881,-0.000632,0.003597,0.000730,0.000000,0.000000,0.000000
16.568001,2,7.908846,0.641889,-0.000000,0.000000,-0.000000,0.000000,0.000000,0.000000,0.000000
16.568001,3,8.115101,2.134180,-0.005149,-0.007634,0.003581,-0.000281,0.000000,0.000000,0.000000
16.576001,1,4.924597,0.865035,0.173881,-0.000632,0.003597,0.000730,0.000000,0.000000,0.000000
16.576001,2,7.908846,0.641889,-0.000000,0.000000,-0.000000,0.000000,0.000000,0.000000,0.000000
16.576001,3,8.115040,2.134169,-0.005152,-0.007634,0.003581,-0.000281,0.000000,0.000000,0.000000
16.585001,1,4.924597,0.865035,0.173881,-0.000632,0.003597,0.000730,0.000000,0.000000,0.000000
16.585001,2,7.908846,0.641889,-0.000000,0.000000,-0.000000,0.000000,0.000000,0.000000,0.000000
16.585001,3,8.114971,2.134156,-0.005154,-0.007634,0.003581,-0.000281,0.000000,0.000000,0.000000
16.592001,1,4.924597,0.865035,0.173881,-0.000632,0.003597,0.000730,0.000000,0.000000,0.000000
16.592001,2,7.908846,0.641889,-0.000000,0.000000,-0.000000,0.000000,0.000000,0.000000,0.000000
16.592001,3,8.114918,2.134146,-0.005156,-0.007634,0.003581,-0.000281,0.000000,0.000000,0.000000
16.601001,1,4.924597,0.865035,0.173881,-0.000632,0.003597,0.000730,0.000000,0.000000,0.000000
16.601001,2,7.908846,0.641889,-0.000000,0.000000,-0.000000,0.000000,0.000000,0.000000,0.000000
16.601001,3,8.114849,2.134133,-0.005159,-0.007634,0.003581,-0.000281,0.000000,0.000000,0.000000
16.610001,1,4.924597,0.865035,0.173881,-0.000632,0.003597,0.000730,0.000000,0.000000,0.000000
16.610001,2,7.908846,0.641889,-0.000000,0.000000,-0.000000,0.000000,0.000000,0.000000,0.000000
16.610001,3,8.114780,2.134120,-0.005161,-0.007634,0.003581,-0.000281,0.000000,0.000000,0.000000
16.618001,1,4.924597,0.865035,0.173881,-0.000632,0.003597,0.000731,0.000000,0.000000,0.000000
16.618001,2,7.908846,0.641889,-0.000000,0.000000,-0.000000,0.000000,0.000000,0.000000,0.000000
16.618001,3,8.114719,2.134109,-0.005163,-0.007634,0.003581,-0.000281,0.000000,0.000000,0.000000
16.626001,1,4.924597,0.865036,0.173881,-0.000632,0.003597,0.000730,0.000000,0.000000,0.000000
16.626001,2,7.908846,0.641889,-0.000000,0.000000,-0.000000,0.000000,0.000000,0.000000,0.000000
16.626001,3,8.114658,2.134097,-0.005166,-0.007633,0.003580,-0.000281,0.000000,0.000000,0.000000
16.635001,1,4.924597,0.865036,0.173881,-0.000632,0.003596,0.000730,0.000000,0.000000,0.000000
16.635001,2,7.908846,0.641889,-0.000000,0.000000,-0.000000,0.000000,0.000000,0.000000,0.000000
16.635001,3,8.114590,2.134084,-0.005168,-0.007633,0.003579,-0.000281,0.000000,0.000000,0.000000
16.643001,1,4.924597,0.865036,0.173881,-0.000632,0.003596,0.000730,0.000000,0.000000,0.000000
16.643001,2,7.908846,0.641889,-0.000000,0.000000,-0.000000,0.000000,0.000000,0.000000,0.000000
16.643001,3,8.114529,2.134073,-0.005171,-0.007633,0.003579,-0.000281,0.000000,0.000000,0.000000
16.651001,1,4.924597,0.865036,0.173881,-0.000632,0.003596,0.000730,0.000000,0.000000,0.000000
16.651001,2,7.908846,0.641889,-0.000000,0.000000,-0.000000,0.000000,0.000000,0.000000,0.000000
16.651001,3,8.114468,2.134062,-0.005173,-0.007633,0.003579,-0.000281,0.000000,0.000000,0.000000
16.659001,1,4.924597,0.865036,0.173881,-0.000632,0.003596,0.000730,0.000000,0.000000,0.000000
16.659001,2,7.908846,0.641889,-0.000000,0.000000,-0.000000,0.000000,0.000000,0.000000,0.000000
16.659001,3,8.114407,2.134050,-0.005175,-0.007633,0.003579,-0.000281,0.000000,0.000000,0.000000
16.668001,1,4.924597,0.865036,0.173881,-0.000632,0.003596,0.000730,0.000000,0.000000,0.000000
16.668001,2,7.908846,0.641889,-0.000000,0.000000,-0.000000,0.000000,0.000000,0.000000,0.000000
16.668001,3,8.114338,2.134037,-0.005178,-0.007633,0.003579,-0.000281,0.000000,0.000000,0.000000
16.677001,1,4.924597,0.865036,0.173881,-0.000632,0.003596,0.000730,0.000000,0.000000,0.000000
16.677001,2,7.908846,0.641889,-0.000000,0.000000,-0.000000,0.000000,0.000000,0.000000,0.000000
16.677001,3,8.114269,2.134024,-0.005180,-0.007633,0.003579,-0.000281,0.000000,0.000000,0.000000
16.685001,1,4.924597,0.865036,0.173881,-0.000632,0.003596,0.000730,0.000000,0.000000,0.000000
16.685001,2,7.908846,0.641889,-0.000000,0.000000,-0.000000,0.000000,0.000000,0.000000,0.000000
16.685001,3,8.114208,2.134013,-0.005182,-0.007633,0.003580,-0.000281,0.000000,0.000000,0.000000
16.693001,1,4.924597,0.865036,0.173881,-0.000632,0.003596,0.000730,0.000000,0.000000,0.000000
16.693001,2,7.908846,0.641889,-0.000000,0.000000,-0.000000,0.000000,0.000000,0.000000,0.000000
16.693001,3,8.114147,2.134001,-0.005185,-0.007633,0.003580,-0.000281,0.000000,0.000000,0.000000
16.702001,1,4.924597,0.865036,0.173881,-0.000632,0.003596,0.000730,0.000000,0.000000,0.000000
16.702001,2,7.908846,0.641889,-0.000000,0.000000,-0.000000,0.000000,0.000000,0.000000,0.000000
16.702001,3,8.114079,2.133989,-0.005187,-0.007633,0.003580,-0.000281,0.000000,0.000000,0.000000
16.710001,1,4.924597,0.865036,0.173881,-0.000632,0.003596,0.000730,0.000000,0.000000,0.000000
16.710001,2,7.908846,0.641889,-0.000000,0.000000,-0.000000,0.000000,0.000000,0.000000,0.000000
16.710001,3,8.114017,2.133977,-0.005189,-0.007633,0.003580,-0.000281,0.000000,0.000000,0.000000
16.718001,1,4.924597,0.865036,0.173881,-0.000632,0.003596,0.000730,0.000000,0.000000,0.000000
16.718001,2,7.908846,0.641889,-0.000000,0.000000,-0.000000,0.000000,0.000000,0.000000,0.000000
16.718001,3,8.113956,2.133966,-0.005192,-0.007633,0.003580,-0.000281,0.000000,0.000000,0.000000
16.726001,1,4.924597,0.865036,0.173881,-0.000632,0.003596,0.000730,0.000000,0.000000,0.000000
16.726001,2,7.908846,0.641889,-0.000000,0.000000,-0.000000,0.000000,0.000000,0.000000,0.000000
16.726001,3,8.113895,2.133954,-0.005194,-0.007633,0.003580,-0.000281,0.000000,0.000000,0.000000
16.735001,1,4.924597,0.865036,0.173881,-0.000632,0.003596,0.000730,0.000000,0.000000,0.000000
16.735001,2,7.908846,0.641889,-0.000000,0.000000,-0.000000,0.000000,0.000000,0.000000,0.000000
16.735001,3,8.113827,2.133941,-0.005196,-0.007634,0.003580,-0.000281,0.000000,0.000000,0.000000
16.744001,1,4.924597,0.865036,0.173881,-0.000632,0.003596,0.000730,0.000000,0.000000,0.000000
16.744001,2,7.908846,0.641889,-0.000000,0.000000,-0.000000,0.000000,0.000000,0.000000,0.000000
16.744001,3,8.113758,2.133929,-0.005199,-0.007634,0.003581,-0.000281,0.000000,0.000000,0.000000
16.751001,1,4.924597,0.865036,0.173881,-0.000632,0.003597,0.000730,0.000000,0.000000,0.000000
16.751001,2,7.908846,0.641889,-0.000000,0.000000,-0.000000,0.000000,0.000000,0.000000,0.000000
16.751001,3,8.113705,2.133919,-0.005201,-0.007634,0.003581,-0.000281,0.000000,0.000000,0.000000
16.760001,1,4.924597,0.865036,0.173881,-0.000632,0.003597,0.000730,0.000000,0.000000,0.000000
16.760001,2,7.908846,0.641889,-0.000000,0.000000,-0.000000,0.000000,0.000000,0.000000,0.000000
16.760001,3,8.113636,2.133906,-0.005203,-0.007634,0.003581,-0.000281,0.000000,0.000000,0.000000
16.769001,1,4.924597,0.865036,0.173881,-0.000632,0.003597,0.000730,0.000000,0.000000,0.000000
16.769001,2,7.908846,0.641889,-0.000000,0.000000,-0.000000,0.000000,0.000000,0.000000,0.000000
16.769001,3,8.113567,2.133893,-0.005206,-0.007634,0.003581,-0.000281,0.000000,0.000000,0.000000
16.776001,1,4.924597,0.865036,0.173881,-0.000632,0.003597,0.000730,0.000000,0.000000,0.000000
16.776001,2,7.908846,0.641889,-0.000000,0.000000,-0.000000,0.000000,0.000000,0.000000,0.000000
16.776001,3,8.113514,2.133883,-0.005208,-0.007634,0.003581,-0.000281,0.000000,0.000000,0.000000
16.785001,1,4.924597,0.865036,0.173881,-0.000632,0.003597,0.000730,0.000000,0.000000,0.000000
16.785001,2,7.908846,0.641889,-0.000000,0.000000,-0.000000,0.000000,0.000000,0.000000,0.000000
16.785001,3,8.113445,2.133870,-0.005210,-0.007634,0.003581,-0.000281,0.000000,0.000000,0.000000
16.793001,1,4.924597,0.865036,0.173881,-0.000632,0.003597,0.000730,0.000000,0.000000,0.000000
16.793001,2,7.908846,0.641889,-0.000000,0.000000,-0.000000,0.000000,0.000000,0.000000,0.000000
16.793001,3,8.113384,2.133858,-0.005213,-0.007634,0.003581,-0.000280,0.000000,0.000000,0.000000
16.801001,1,4.924597,0.865036,0.173881,-0.000632,0.003597,0.000730,0.000000,0.000000,0.000000
16.801001,2,7.908846,0.641889,-0.000000,0.000000,-0.000000,0.000000,0.000000,0.000000,0.000000
16.801001,3,8.113323,2.133847,-0.005215,-0.007634,0.003582,-0.000280,0.000000,0.000000,0.000000
16.809001,1,4.924597,0.865036,0.173881,-0.000632,0.003597,0.000730,0.000000,0.000000,0.000000
16.809001,2,7.908846,0.641889,-0.000000,0.000000,-0.000000,0.000000,0.000000,0.000000,0.000000
16.809001,3,8.113262,2.133836,-0.005217,-0.007634,0.003582,-0.000280,0.000000,0.000000,0.000000
16.818001,1,4.924597,0.865036,0.173881,-0.000632,0.003597,0.000730,0.000000,0.000000,0.000000
16.818001,2,7.908846,0.641889,-0.000000,0.000000,-0.000000,0.000000,0.000000,0.000000,0.000000
16.818001,3,8.113194,2.133823,-0.005220,-0.007634,0.003582,-0.000280,0.000000,0.000000,0.000000
16.827001,1,4.924597,0.865036,0.173881,-0.000632,0.003597,0.000730,0.000000,0.000000,0.000000
16.827001,2,7.908846,0.641889,-0.000000,0.000000,-0.000000,0.000000,0.000000,0.000000,0.000000
16.827001,3,8.113125,2.133810,-0.005222,-0.007634,0.003582,-0.000280,0.000000,0.000000,0.000000
16.835001,1,4.924597,0.865036,0.173881,-0.000632,0.003597,0.000730,0.000000,0.000000,0.000000
16.835001,2,7.908846,0.641889,-0.000000,0.000000,-0.000000,0.000000,0.000000,0.000000,0.000000
16.835001,3,8.113064,2.133798,-0.005224,-0.007634,0.003582,-0.000280,0.000000,0.000000,0.000000
16.843001,1,4.924597,0.865036,0.173881,-0.000632,0.003597,0.000730,0.000000,0.000000,0.000000
16.843001,2,7.908846,0.641889,-0.000000,0.000000,-0.000000,0.000000,0.000000,0.000000,0.000000
16.843001,3,8.113003,2.133787,-0.005227,-0.007634,0.003582,-0.000280,0.000000,0.000000,0.000000
16.851001,1,4.924597,0.865036,0.173881,-0.000632,0.003597,0.000730,0.000000,0.000000,0.000000
16.851001,2,7.908846,0.641889,-0.000000,0.000000,-0.000000,0.000000,0.000000,0.000000,0.000000
16.851001,3,8.112942,2.133775,-0.005229,-0.007634,0.003582,-0.000280,0.000000,0.000000,0.000000
16.859001,1,4.924597,0.865036,0.173881,-0.000632,0.003597,0.000730,0.000000,0.000000,0.000000
16.859001,2,7.908846,0.641889,-0.000000,0.000000,-0.000000,0.000000,0.000000,0.000000,0.000000
16.859001,3,8.112881,2.133764,-0.005231,-0.007634,0.003583,-0.000280,0.000000,0.000000,0.000000
16.868001,1,4.924597,0.865036,0.173881,-0.000632,0.003597,0.000730,0.000000,0.000000,0.000000
16.868001,2,7.908846,0.641889,-0.000000,0.000000,-0.000000,0.000000,0.000000,0.000000,0.000000
16.868001,3,8.112812,2.133751,-0.005234,-0.007634,0.003582,-0.000280,0.000000,0.000000,0.000000
16.876001,1,4.924597,0.865036,0.173881,-0.000632,0.003596,0.000730,0.000000,0.000000,0.000000
16.876001,2,7.908846,0.641889,-0.000000,0.000000,-0.000000,0.000000,0.000000,0.000000,0.000000
16.876001,3,8.112751,2.133740,-0.005236,-0.007633,0.003580,-0.000281,0.000000,0.000000,0.000000
16.884001,1,4.924597,0.865036,0.173881,-0.000632,0.003596,0.000730,0.000000,0.000000,0.000000
16.884001,2,7.908846,0.641889,-0.000000,0.000000,-0.000000,0.000000,0.000000,0.000000,0.000000
16.884001,3,8.112690,2.133728,-0.005238,-0.007633,0.003580,-0.000281,0.000000,0.000000,0.000000
16.893001,1,4.924597,0.865036,0.173881,-0.000632,0.003596,0.000730,0.000000,0.000000,0.000000
16.893001,2,7.908846,0.641889,-0.000000,0.000000,-0.000000,0.000000,0.000000,0.000000,0.000000
16.893001,3,8.112621,2.133715,-0.005241,-0.007633,0.003580,-0.000281,0.000000,0.000000,0.000000
16.901001,1,4.924597,0.865036,0.173881,-0.000632,0.003596,0.000730,0.000000,0.000000,0.000000
16.901001,2,7.908846,0.641889,-0.000000,0.000000,-0.000000,0.000000,0.000000,0.000000,0.000000
16.901001,3,8.112560,2.133704,-0.005243,-0.007633,0.003580,-0.000281,0.000000,0.000000,0.000000
16.909001,1,4.924597,0.865036,0.173881,-0.000632,0.003596,0.000730,0.000000,0.000000,0.000000
16.909001,2,7.908846,0.641889,-0.000000,0.000000,-0.000000,0.000000,0.000000,0.000000,0.000000
16.909001,3,8.112499,2.133693,-0.005245,-0.007634,0.003580,-0.000280,0.000000,0.000000,0.000000
16.918001,1,4.924597,0.865036,0.173881,-0.000632,0.003596,0.000730,0.000000,0.000000,0.000000
16.918001,2,7.908846,0.641889,-0.000000,0.000000,-0.000000,0.000000,0.000000,0.000000,0.000000
16.918001,3,8.112431,2.133680,-0.005248,-0.007634,0.003580,-0.000280,0.000000,0.000000,0.000000
16.926001,1,4.924597,0.865036,0.173881,-0.000632,0.003596,0.000730,0.000000,0.000000,0.000000
16.926001,2,7.908846,0.641889,-0.000000,0.000000,-0.000000,0.000000,0.000000,0.000000,0.000000
16.926001,3,8.112370,2.133668,-0.005250,-0.007634,0.003581,-0.000280,0.000000,0.000000,0.000000
16.934001,1,4.924597,0.865036,0.173881,-0.000632,0.003596,0.000730,0.000000,0.000000,0.000000
16.934001,2,7.908846,0.641889,-0.000000,0.000000,-0.000000,0.000000,0.000000,0.000000,0.000000
16.934001,3,8.112309,2.133657,-0.005252,-0.007634,0.003581,-0.000280,0.000000,0.000000,0.000000
16.943001,1,4.924597,0.865036,0.173881,-0.000632,0.003596,0.000730,0.000000,0.000000,0.000000
16.943001,2,7.908846,0.641889,-0.000000,0.000000,-0.000000,0.000000,0.000000,0.000000,0.000000
16.943001,3,8.112240,2.133644,-0.005255,-0.007634,0.003581,-0.000280,0.000000,0.000000,0.000000
16.951001,1,4.924597,0.865036,0.173881,-0.000632,0.003596,0.000730,0.000000,0.000000,0.000000
16.951001,2,7.908846,0.641889,-0.000000,0.000000,-0.000000,0.000000,0.000000,0.000000,0.000000
16.951001,3,8.112179,2.133632,-0.005257,-0.007634,0.003581,-0.000280,0.000000,0.000000,0.000000
16.960001,1,4.924597,0.865036,0.173881,-0.000632,0.003598,0.000731,0.000000,0.000000,0.000000
16.960001,2,7.908846,0.641889,-0.000000,0.000000,-0.000000,0.000000,0.000000,0.000000,0.000000
16.960001,3,8.112110,2.133620,-0.005259,-0.007634,0.003583,-0.000280,0.000000,0.000000,0.000000
16.968001,1,4.924597,0.865036,0.173881,-0.000632,0.003597,0.000730,0.000000,0.000000,0.000000
16.968001,2,7.908846,0.641889,-0.000000,0.000000,-0.000000,0.000000,0.000000,0.000000,0.000000
16.968001,3,8.112049,2.133608,-0.005262,-0.007634,0.003582,-0.000280,0.000000,0.000000,0.000000
16.977001,1,4.924597,0.865036,0.173881,-0.000632,0.003596,0.000730,0.000000,0.000000,0.000000
16.977001,2,7.908846,0.641889,-0.000000,0.000000,-0.000000,0.000000,0.000000,0.000000,0.000000
16.977001,3,8.111980,2.133595,-0.005264,-0.007634,0.003582,-0.000280,0.000000,0.000000,0.000000
16.985001,1,4.924597,0.865036,0.173881,-0.000632,0.003597,0.000730,0.000000,0.000000,0.000000
16.985001,2,7.908846,0.641889,-0.000000,0.000000,-0.000000,0.000000,0.000000,0.000000,0.000000
16.985001,3,8.111919,2.133584,-0.005266,-0.007634,0.003582,-0.000280,0.000000,0.000000,0.000000
16.993001,1,4.924597,0.865036,0.173881,-0.000632,0.003597,0.000730,0.000000,0.000000,0.000000
16.993001,2,7.908846,0.641889,-0.000000,0.000000,-0.000000,0.000000,0.000000,0.000000,0.000000
16.993001,3,8.111858,2.133572,-0.005269,-0.007634,0.003582,-0.000280,0.000000,0.000000,0.000000
17.001001,1,4.924597,0.865036,0.173881,-0.000632,0.003597,0.000730,0.000000,0.000000,0.000000
17.001001,2,7.908846,0.641889,-0.000000,0.000000,-0.000000,0.000000,0.000000,0.000000,0.000000
17.001001,3,8.111797,2.133561,-0.005271,-0.007634,0.003582,-0.000280,0.000000,0.000000,0.000000
17.009001,1,4.924597,0.865036,0.173881,-0.000632,0.003597,0.000730,0.000000,0.000000,0.000000
17.009001,2,7.908846,0.641889,-0.000000,0.000000,-0.000000,0.000000,0.000000,0.000000,0.000000
17.009001,3,8.111736,2.133549,-0.005273,-0.007634,0.003582,-0.000280,0.000000,0.000000,0.000000
17.018001,1,4.924597,0.865036,0.173881,-0.000632,0.003597,0.000730,0.000000,0.000000,0.000000
17.018001,2,7.908846,0.641889,-0.000000,0.000000,-0.000000,0.000000,0.000000,0.000000,0.000000
17.018001,3,8.111668,2.133537,-0.005276,-0.007634,0.003582,-0.000280,0.000000,0.000000,0.000000
17.026001,1,4.924597,0.865036,0.173881,-0.000632,0.003597,0.000730,0.000000,0.000000,0.000000
17.026001,2,7.908846,0.641889,-0.000000,0.000000,-0.000000,0.000000,0.000000,0.000000,0.000000
17.026001,3,8.111607,2.133525,-0.005278,-0.007634,0.003582,-0.000280,0.000000,0.000000,0.000000
17.034001,1,4.924597,0.865036,0.173881,-0.000632,0.003597,0.000730,0.000000,0.000000,0.000000
17.034001,2,7.908846,0.641889,-0.000000,0.000000,-0.000000,0.000000,0.000000,0.000000,0.000000
17.034001,3,8.111546,2.133514,-0.005280,-0.007634,0.003583,-0.000280,0.000000,0.000000,0.000000
17.043001,1,4.924597,0.865036,0.173881,-0.000632,0.003597,0.000730,0.000000,0.000000,0.000000
17.043001,2,7.908846,0.641889,-0.000000,0.000000,-0.000000,0.000000,0.000000,0.000000,0.000000
17.043001,3,8.111477,2.133501,-0.005283,-0.007634,0.003583,-0.000280,0.000000,0.000000,0.000000
17.052001,1,4.924597,0.865036,0.173881,-0.000632,0.003597,0.000730,0.000000,0.000000,0.000000
17.052001,2,7.908846,0.641889,-0.000000,0.000000,-0.000000,0.000000,0.000000,0.000000,0.000000
17.052001,3,8.111408,2.133488,-0.005285,-0.007634,0.003583,-0.000280,0.000000,0.000000,0.000000
17.059001,1,4.924597,0.865036,0.173881,-0.000632,0.003597,0.000730,0.000000,0.000000,0.000000
17.059001,2,7.908846,0.641889,-0.000000,0.000000,-0.000000,0.000000,0.000000,0.000000,0.000000
17.059001,3,8.111355,2.133478,-0.005287,-0.007634,0.003583,-0.000280,0.000000,0.000000,0.000000
17.068001,1,4.924597,0.865036,0.173881,-0.000632,0.003597,0.000730,0.000000,0.000000,0.000000
17.068001,2,7.908846,0.641889,-0.000000,0.000000,-0.000000,0.000000,0.000000,0.000000,0.000000
17.068001,3,8.111286,2.133465,-0.005290,-0.007634,0.003583,-0.000280,0.000000,0.000000,0.000000
17.076001,1,4.924597,0.865036,0.173881,-0.000632,0.003597,0.000730,0.000000,0.000000,0.000000
17.076001,2,7.908846,0.641889,-0.000000,0.000000,-0.000000,0.000000,0.000000,0.000000,0.000000
17.076001,3,8.111225,2.133454,-0.005292,-0.007634,0.003583,-0.000280,0.000000,0.000000,0.000000
17.085001,1,4.924597,0.865036,0.173881,-0.000632,0.003597,0.000730,0.000000,0.000000,0.000000
17.085001,2,7.908846,0.641889,-0.000000,0.000000,-0.000000,0.000000,0.000000,0.000000,0.000000
17.085001,3,8.111156,2.133441,-0.005294,-0.007634,0.003583,-0.000280,0.000000,0.000000,0.000000
17.093001,1,4.924597,0.865036,0.173881,-0.000632,0.003597,0.000730,0.000000,0.000000,0.000000
17.093001,2,7.908846,0.641889,-0.000000,0.000000,-0.000000,0.000000,0.000000,0.000000,0.000000
17.093001,3,8.111095,2.133429,-0.005297,-0.007634,0.003584,-0.000280,0.000000,0.000000,0.000000
17.101001,1,4.924597,0.865036,0.173881,-0.000632,0.003597,0.000731,0.000000,0.000000,0.000000
17.101001,2,7.908846,0.641889,-0.000000,0.000000,-0.000000,0.000000,0.000000,0.000000,0.000000
17.101001,3,8.111034,2.133418,-0.005299,-0.007634,0.003584,-0.000280,0.000000,0.000000,0.000000
17.110001,1,4.924597,0.865036,0.173881,-0.000632,0.003597,0.000730,0.000000,0.000000,0.000000
17.110001,2,7.908846,0.641889,-0.000000,0.000000,-0.000000,0.000000,0.000000,0.000000,0.000000
17.110001,3,8.110966,2.133405,-0.005301,-0.007634,0.003582,-0.000280,0.000000,0.000000,0.000000
17.118001,1,4.924597,0.865036,0.173881,-0.000632,0.003596,0.000730,0.000000,0.000000,0.000000
17.118001,2,7.908846,0.641889,-0.000000,0.000000,-0.000000,0.000000,0.000000,0.000000,0.000000
17.118001,3,8.110905,2.133394,-0.005304,-0.007634,0.003581,-0.000280,0.000000,0.000000,0.000000
17.126001,1,4.924597,0.865036,0.173881,-0.000632,0.003596,0.000730,0.000000,0.000000,0.000000
17.126001,2,7.908846,0.641889,-0.000000,0.000000,-0.000000,0.000000,0.000000,0.000000,0.000000
17.126001,3,8.110844,2.133382,-0.005306,-0.007634,0.003581,-0.000280,0.000000,0.000000,0.000000
17.135001,1,4.924597,0.865036,0.173881,-0.000632,0.003596,0.000730,0.000000,0.000000,0.000000
17.135001,2,7.908846,0.641889,-0.000000,0.000000,-0.000000,0.000000,0.000000,0.000000,0.000000
17.135001,3,8.110775,2.133369,-0.005308,-0.007634,0.003581,-0.000280,0.000000,0.000000,0.000000
17.143001,1,4.924597,0.865036,0.173881,-0.000632,0.003596,0.000730,0.000000,0.000000,0.000000
17.143001,2,7.908846,0.641889,-0.000000,0.000000,-0.000000,0.000000,0.000000,0.000000,0.000000
17.143001,3,8.110714,2.133358,-0.005311,-0.007634,0.003581,-0.000280,0.000000,0.000000,0.000000
17.151001,1,4.924597,0.865036,0.173881,-0.000632,0.003596,0.000730,0.000000,0.000000,0.000000
17.151001,2,7.908846,0.641889,-0.000000,0.000000,-0.000000,0.000000,0.000000,0.000000,0.000000
17.151001,3,8.110653,2.133346,-0.005313,-0.007634,0.003581,-0.000280,0.000000,0.000000,0.000000
17.159001,1,4.924597,0.865036,0.173881,-0.000632,0.003596,0.000730,0.000000,0.000000,0.000000
17.159001,2,7.908846,0.641889,-0.000000,0.000000,-0.000000,0.000000,0.000000,0.000000,0.000000
17.159001,3,8.110592,2.133335,-0.005315,-0.007634,0.003582,-0.000280,0.000000,0.000000,0.000000
17.168001,1,4.924597,0.865036,0.173881,-0.000632,0.003596,0.000730,0.000000,0.000000,0.000000
17.168001,2,7.908846,0.641889,-0.000000,0.000000,-0.000000,0.000000,0.000000,0.000000,0.000000
17.168001,3,8.110523,2.133322,-0.005318,-0.007634,0.003582,-0.000280,0.000000,0.000000,0.000000
17.176001,1,4.924597,0.865036,0.173881,-0.000632,0.003596,0.000730,0.000000,0.000000,0.000000
17.176001,2,7.908846,0.641889,-0.000000,0.000000,-0.000000,0.000000,0.000000,0.000000,0.000000
17.176001,3,8.110462,2.133311,-0.005320,-0.007634,0.003582,-0.000280,0.000000,0.000000,0.000000
17.185001,1,4.924597,0.865036,0.173881,-0.000632,0.003596,0.000730,0.000000,0.000000,0.000000
17.185001,2,7.908846,0.641889,-0.000000,0.000000,-0.000000,0.000000,0.000000,0.000000,0.000000
17.185001,3,8.110394,2.133298,-0.005322,-0.007634,0.003582,-0.000280,0.000000,0.000000,0.000000
17.193001,1,4.924597,0.865036,0.173881,-0.000632,0.003596,0.000730,0.000000,0.000000,0.000000
17.193001,2,7.908846,0.641889,-0.000000,0.000000,-0.000000,0.000000,0.000000,0.000000,0.000000
17.193001,3,8.110332,2.133286,-0.005325,-0.007634,0.003582,-0.000280,0.000000,0.000000,0.000000
17.201001,1,4.924597,0.865036,0.173881,-0.000632,0.003596,0.000730,0.000000,0.000000,0.000000
17.201001,2,7.908846,0.641889,-0.000000,0.000000,-0.000000,0.000000,0.000000,0.000000,0.000000
17.201001,3,8.110271,2.133275,-0.005327,-0.007634,0.003582,-0.000280,0.000000,0.000000,0.000000
17.210001,1,4.924597,0.865036,0.173881,-0.000632,0.003596,0.000730,0.000000,0.000000,0.000000
17.210001,2,7.908846,0.641889,-0.000000,0.000000,-0.000000,0.000000,0.000000,0.000000,0.000000
17.210001,3,8.110203,2.133262,-0.005329,-0.007634,0.003582,-0.000280,0.000000,0.000000,0.000000
17.218001,1,4.924597,0.865036,0.173881,-0.000632,0.003596,0.000730,0.000000,0.000000,0.000000
17.218001,2,7.908846,0.641889,-0.000000,0.000000,-0.000000,0.000000,0.000000,0.000000,0.000000
17.218001,3,8.110142,2.133250,-0.005332,-0.007634,0.003583,-0.000280,0.000000,0.000000,0.000000
17.226001,1,4.924597,0.865036,0.173881,-0.000632,0.003597,0.000730,0.000000,0.000000,0.000000
17.226001,2,7.908846,0.641889,-0.000000,0.000000,-0.000000,0.000000,0.000000,0.000000,0.000000
17.226001,3,8.110081,2.133239,-0.005334,-0.007634,0.003583,-0.000280,0.000000,0.000000,0.000000
17.235001,1,4.924597,0.865036,0.173881,-0.000632,0.003597,0.000730,0.000000,0.000000,0.000000
17.235001,2,7.908846,0.641889,-0.000000,0.000000,-0.000000,0.000000,0.000000,0.000000,0.000000
17.235001,3,8.110012,2.133226,-0.005336,-0.007634,0.003583,-0.000280,0.000000,0.000000,0.000000
17.243001,1,4.924597,0.865036,0.173881,-0.000632,0.003597,0.000730,0.000000,0.000000,0.000000
17.243001,2,7.908846,0.641889,-0.000000,0.000000,-0.000000,0.000000,0.000000,0.000000,0.000000
17.243001,3,8.109951,2.133215,-0.005339,-0.007634,0.003583,-0.000280,0.000000,0.000000,0.000000
17.251001,1,4.924597,0.865036,0.173881,-0.000632,0.003597,0.000730,0.000000,0.000000,0.000000
17.251001,2,7.908846,0.641889,-0.000000,0.000000,-0.000000,0.000000,0.000000,0.000000,0.000000
17.251001,3,8.109890,2.133203,-0.005341,-0.007634,0.003583,-0.000280,0.000000,0.000000,0.000000
17.260001,1,4.924597,0.865036,0.173881,-0.000632,0.003597,0.000730,0.000000,0.000000,0.000000
17.260001,2,7.908846,0.641889,-0.000000,0.000000,-0.000000,0.000000,0.000000,0.000000,0.000000
17.260001,3,8.109821,2.133190,-0.005343,-0.007634,0.003583,-0.000280,0.000000,0.000000,0.000000
17.268001,1,4.924597,0.865036,0.173881,-0.000632,0.003597,0.000730,0.000000,0.000000,0.000000
17.268001,2,7.908846,0.641889,-0.000000,0.000000,-0.000000,0.000000,0.000000,0.000000,0.000000
17.268001,3,8.109760,2.133179,-0.005346,-0.007634,0.003583,-0.000280,0.000000,0.000000,0.000000
17.276001,1,4.924597,0.865036,0.173881,-0.000632,0.003597,0.000730,0.000000,0.000000,0.000000
17.276001,2,7.908846,0.641889,-0.000000,0.000000,-0.000000,0.000000,0.000000,0.000000,0.000000
17.276001,3,8.109699,2.133168,-0.005348,-0.007634,0.003584,-0.000280,0.000000,0.000000,0.000000
17.284001,1,4.924597,0.865036,0.173881,-0.000632,0.003597,0.000730,0.000000,0.000000,0.000000
17.284001,2,7.908846,0.641889,-0.000000,0.000000,-0.000000,0.000000,0.000000,0.000000,0.000000
17.284001,3,8.109638,2.133156,-0.005350,-0.007634,0.003584,-0.000280,0.000000,0.000000,0.000000
17.293001,1,4.924597,0.865036,0.173881,-0.000632,0.003597,0.000730,0.000000,0.000000,0.000000
17.293001,2,7.908846,0.641889,-0.000000,0.000000,-0.000000,0.000000,0.000000,0.000000,0.000000
17.293001,3,8.109570,2.133143,-0.005353,-0.007634,0.003584,-0.000280,0.000000,0.000000,0.000000
17.301001,1,4.924597,0.865036,0.173881,-0.000632,0.003597,0.000730,0.000000,0.000000,0.000000
17.301001,2,7.908846,0.641889,-0.000000,0.000000,-0.000000,0.000000,0.000000,0.000000,0.000000
17.301001,3,8.109509,2.133132,-0.005355,-0.007635,0.003584,-0.000280,0.000000,0.000000,0.000000
17.309001,1,4.924597,0.865036,0.173881,-0.000632,0.003597,0.000730,0.000000,0.000000,0.000000
17.309001,2,7.908846,0.641889,-0.000000,0.000000,-0.000000,0.000000,0.000000,0.000000,0.000000
17.309001,3,8.109447,2.133120,-0.005357,-0.007635,0.003584,-0.000280,0.000000,0.000000,0.000000
17.318001,1,4.924597,0.865036,0.173881,-0.000632,0.003597,0.000730,0.000000,0.000000,0.000000
17.318001,2,7.908846,0.641889,-0.000000,0.000000,-0.000000,0.000000,0.000000,0.000000,0.000000
17.318001,3,8.109379,2.133107,-0.005360,-0.007635,0.003584,-0.000280,0.000000,0.000000,0.000000
17.327001,1,4.924597,0.865036,0.173881,-0.000632,0.003597,0.000730,0.000000,0.000000,0.000000
17.327001,2,7.908846,0.641889,-0.000000,0.000000,-0.000000,0.000000,0.000000,0.000000,0.000000
17.327001,3,8.109310,2.133095,-0.005362,-0.007635,0.003585,-0.000280,0.000000,0.000000,0.000000
17.334001,1,4.924597,0.865036,0.173881,-0.000632,0.003597,0.000730,0.000000,0.000000,0.000000
17.334001,2,7.908846,0.641889,-0.000000,0.000000,-0.000000,0.000000,0.000000,0.000000,0.000000
17.334001,3,8.109257,2.133085,-0.005364,-0.007635,0.003585,-0.000280,0.000000,0.000000,0.000000
17.343001,1,4.924597,0.865036,0.173881,-0.000632,0.003597,0.000731,0.000000,0.000000,0.000000
17.343001,2,7.908846,0.641889,-0.000000,0.000000,-0.000000,0.000000,0.000000,0.000000,0.000000
17.343001,3,8.109188,2.133072,-0.005367,-0.007635,0.003585,-0.000280,0.000000,0.000000,0.000000
17.351001,1,4.924597,0.865036,0.173881,-0.000632,0.003598,0.000731,0.000000,0.000000,0.000000
17.351001,2,7.908846,0.641889,-0.000000,0.000000,-0.000000,0.000000,0.000000,0.000000,0.000000
17.351001,3,8.109127,2.133060,-0.005369,-0.007635,0.003585,-0.000279,0.000000,0.000000,0.000000
17.359001,1,4.924597,0.865036,0.173881,-0.000632,0.003596,0.000730,0.000000,0.000000,0.000000
17.359001,2,7.908846,0.641889,-0.000000,0.000000,-0.000000,0.000000,0.000000,0.000000,0.000000
17.359001,3,8.109066,2.133049,-0.005371,-0.007634,0.003583,-0.000280,0.000000,0.000000,0.000000
17.368001,1,4.924597,0.865036,0.173881,-0.000632,0.003596,0.000730,0.000000,0.000000,0.000000
17.368001,2,7.908846,0.641889,-0.000000,0.000000,-0.000000,0.000000,0.000000,0.000000,0.000000
17.368001,3,8.108997,2.133036,-0.005374,-0.007634,0.003582,-0.000280,0.000000,0.000000,0.000000
17.376001,1,4.924597,0.865036,0.173881,-0.000632,0.003596,0.000730,0.000000,0.000000,0.000000
17.376001,2,7.908846,0.641889,-0.000000,0.000000,-0.000000,0.000000,0.000000,0.000000,0.000000
17.376001,3,8.108936,2.133024,-0.005376,-0.007634,0.003582,-0.000280,0.000000,0.000000,0.000000
17.385001,1,4.924597,0.865036,0.173881,-0.000632,0.003596,0.000730,0.000000,0.000000,0.000000
17.385001,2,7.908846,0.641889,-0.000000,0.000000,-0.000000,0.000000,0.000000,0.000000,0.000000
17.385001,3,8.108868,2.133012,-0.005378,-0.007634,0.003582,-0.000280,0.000000,0.000000,0.000000
17.393001,1,4.924597,0.865036,0.173881,-0.000632,0.003596,0.000730,0.000000,0.000000,0.000000
17.393001,2,7.908846,0.641889,-0.000000,0.000000,-0.000000,0.000000,0.000000,0.000000,0.000000
17.393001,3,8.108807,2.133000,-0.005381,-0.007634,0.003583,-0.000280,0.000000,0.000000,0.000000
17.401001,1,4.924597,0.865036,0.173881,-0.000632,0.003596,0.000730,0.000000,0.000000,0.000000
17.401001,2,7.908846,0.641889,-0.000000,0.000000,-0.000000,0.000000,0.000000,0.000000,0.000000
17.401001,3,8.108746,2.132989,-0.005383,-0.007634,0.003583,-0.000280,0.000000,0.000000,0.000000
17.409001,1,4.924597,0.865036,0.173881,-0.000632,0.003596,0.000730,0.000000,0.000000,0.000000
17.409001,2,7.908846,0.641889,-0.000000,0.000000,-0.000000,0.000000,0.000000,0.000000,0.000000
17.409001,3,8.108685,2.132977,-0.005385,-0.007634,0.003583,-0.000280,0.000000,0.000000,0.000000
17.418001,1,4.924597,0.865036,0.173881,-0.000632,0.003596,0.000730,0.000000,0.000000,0.000000
17.418001,2,7.908846,0.641889,-0.000000,0.000000,-0.000000,0.000000,0.000000,0.000000,0.000000
17.418001,3,8.108616,2.132964,-0.005388,-0.007634,0.003583,-0.000280,0.000000,0.000000,0.000000
17.426001,1,4.924597,0.865036,0.173881,-0.000632,0.003596,0.000730,0.000000,0.000000,0.000000
17.426001,2,7.908846,0.641889,-0.000000,0.000000,-0.000000,0.000000,0.000000,0.000000,0.000000
17.426001,3,8.108555,2.132953,-0.005390,-0.007634,0.003583,-0.000280,0.000000,0.000000,0.000000
17.435001,1,4.924597,0.865036,0.173881,-0.000632,0.003596,0.000730,0.000000,0.000000,0.000000
17.435001,2,7.908846,0.641889,-0.000000,0.000000,-0.000000,0.000000,0.000000,0.000000,0.000000
17.435001,3,8.108486,2.132940,-0.005392,-0.007634,0.003583,-0.000280,0.000000,0.000000,0.000000
17.443001,1,4.924597,0.865036,0.173881,-0.000632,0.003596,0.000730,0.000000,0.000000,0.000000
17.443001,2,7.908846,0.641889,-0.000000,0.000000,-0.000000,0.000000,0.000000,0.000000,0.000000
17.443001,3,8.108425,2.132929,-0.005395,-0.007634,0.003583,-0.000280,0.000000,0.000000,0.000000
17.451001,1,4.924597,0.865036,0.173881,-0.000632,0.003596,0.000730,0.000000,0.000000,0.000000
17.451001,2,7.908846,0.641889,-0.000000,0.000000,-0.000000,0.000000,0.000000,0.000000,0.000000
17.451001,3,8.108364,2.132917,-0.005397,-0.007634,0.003584,-0.000280,0.000000,0.000000,0.000000
17.460001,1,4.924597,0.865036,0.173881,-0.000632,0.003596,0.000730,0.000000,0.000000,0.000000
17.460001,2,7.908846,0.641889,-0.000000,0.000000,-0.000000,0.000000,0.000000,0.000000,0.000000
17.460001,3,8.108295,2.132904,-0.005399,-0.007634,0.003584,-0.000280,0.000000,0.000000,0.000000
17.468001,1,4.924597,0.865036,0.173881,-0.000632,0.003597,0.000730,0.000000,0.000000,0.000000
17.468001,2,7.908846,0.641889,-0.000000,0.000000,-0.000000,0.000000,0.000000,0.000000,0.000000
17.468001,3,8.108234,2.132893,-0.005402,-0.007634,0.003584,-0.000279,0.000000,0.000000,0.000000
17.476001,1,4.924597,0.865036,0.173881,-0.000632,0.003597,0.000730,0.000000,0.000000,0.000000
17.476001,2,7.908846,0.641889,-0.000000,0.000000,-0.000000,0.000000,0.000000,0.000000,0.000000
17.476001,3,8.108173,2.132881,-0.005404,-0.007634,0.003584,-0.000279,0.000000,0.000000,0.000000
17.485001,1,4.924597,0.865036,0.173881,-0.000632,0.003597,0.000730,0.000000,0.000000,0.000000
17.485001,2,7.908846,0.641889,-0.000000,0.000000,-0.000000,0.000000,0.000000,0.000000,0.000000
17.485001,3,8.108105,2.132869,-0.005406,-0.007635,0.003584,-0.000279,0.000000,0.000000,0.000000
17.493001,1,4.924597,0.865036,0.173881,-0.000632,0.003597,0.000730,0.000000,0.000000,0.000000
17.493001,2,7.908846,0.641889,-0.000000,0.000000,-0.000000,0.000000,0.000000,0.000000,0.000000
17.493001,3,8.108044,2.132857,-0.005409,-0.007635,0.003584,-0.000279,0.000000,0.000000,0.000000
17.501001,1,4.924597,0.865036,0.173881,-0.000632,0.003597,0.000730,0.000000,0.000000,0.000000
17.501001,2,7.908846,0.641889,-0.000000,0.000000,-0.000000,0.000000,0.000000,0.000000,0.000000
17.501001,3,8.107983,2.132846,-0.005411,-0.007635,0.003584,-0.000279,0.000000,0.000000,0.000000
17.510001,1,4.924597,0.865036,0.173881,-0.000632,0.003597,0.000730,0.000000,0.000000,0.000000
17.510001,2,7.908846,0.641889,-0.000000,0.000000,-0.000000,0.000000,0.000000,0.000000,0.000000
17.510001,3,8.107914,2.132833,-0.005413,-0.007635,0.003585,-0.000279,0.000000,0.000000,0.000000
17.518001,1,4.924597,0.865036,0.173881,-0.000632,0.003597,0.000730,0.000000,0.000000,0.000000
17.518001,2,7.908846,0.641889,-0.000000,0.000000,-0.000000,0.000000,0.000000,0.000000,0.000000
17.518001,3,8.107853,2.132821,-0.005416,-0.007635,0.003585,-0.000279,0.000000,0.000000,0.000000
17.526001,1,4.924597,0.865036,0.173881,-0.000632,0.003597,0.000730,0.000000,0.000000,0.000000
17.526001,2,7.908846,0.641889,-0.000000,0.000000,-0.000000,0.000000,0.000000,0.000000,0.000000
17.526001,3,8.107792,2.132810,-0.005418,-0.007635,0.003585,-0.000279,0.000000,0.000000,0.000000
17.535001,1,4.924597,0.865036,0.173881,-0.000632,0.003597,0.000730,0.000000,0.000000,0.000000
17.535001,2,7.908846,0.641889,-0.000000,0.000000,-0.000000,0.000000,0.000000,0.000000,0.000000
17.535001,3,8.107723,2.132797,-0.005420,-0.007635,0.003585,-0.000279,0.000000,0.000000,0.000000
17.543001,1,4.924597,0.865036,0.173881,-0.000632,0.003597,0.000730,0.000000,0.000000,0.000000
17.543001,2,7.908846,0.641889,-0.000000,0.000000,-0.000000,0.000000,0.000000,0.000000,0.000000
17.543001,3,8.107662,2.132786,-0.005423,-0.007635,0.003585,-0.000279,0.000000,0.000000,0.000000
17.551001,1,4.924597,0.865036,0.173881,-0.000632,0.003597,0.000730,0.000000,0.000000,0.000000
17.551001,2,7.908846,0.641889,-0.000000,0.000000,-0.000000,0.000000,0.000000,0.000000,0.000000
17.551001,3,8.107601,2.132774,-0.005425,-0.007635,0.003585,-0.000279,0.000000,0.000000,0.000000
17.560001,1,4.924597,0.865036,0.173881,-0.000632,0.003597,0.000730,0.000000,0.000000,0.000000
17.560001,2,7.908846,0.641889,-0.000000,0.000000,-0.000000,0.000000,0.000000,0.000000,0.000000
17.560001,3,8.107533,2.132761,-0.005427,-0.007635,0.003585,-0.000279,0.000000,0.000000,0.000000
17.568001,1,4.924597,0.865036,0.173881,-0.000632,0.003597,0.000730,0.000000,0.000000,0.000000
17.568001,2,7.908846,0.641889,-0.000000,0.000000,-0.000000,0.000000,0.000000,0.000000,0.000000
17.568001,3,8.107471,2.132750,-0.005430,-0.007635,0.003586,-0.000279,0.000000,0.000000,0.000000
17.576001,1,4.924597,0.865036,0.173881,-0.000632,0.003597,0.000730,0.000000,0.000000,0.000000
17.576001,2,7.908846,0.641889,-0.000000,0.000000,-0.000000,0.000000,0.000000,0.000000,0.000000
17.576001,3,8.107410,2.132738,-0.005432,-0.007635,0.003586,-0.000279,0.000000,0.000000,0.000000
17.585001,1,4.924597,0.865036,0.173881,-0.000632,0.003597,0.000731,0.000000,0.000000,0.000000
17.585001,2,7.908846,0.641889,-0.000000,0.000000,-0.000000,0.000000,0.000000,0.000000,0.000000
17.585001,3,8.107342,2.132725,-0.005434,-0.007635,0.003586,-0.000279,0.000000,0.000000,0.000000
17.593001,1,4.924597,0.865036,0.173881,-0.000632,0.003597,0.000731,0.000000,0.000000,0.000000
17.593001,2,7.908846,0.641889,-0.000000,0.000000,-0.000000,0.000000,0.000000,0.000000,0.000000
17.593001,3,8.107281,2.132714,-0.005436,-0.007635,0.003586,-0.000279,0.000000,0.000000,0.000000
17.601001,1,4.924597,0.865036,0.173881,-0.000632,0.003597,0.000730,0.000000,0.000000,0.000000
17.601001,2,7.908846,0.641889,-0.000000,0.000000,-0.000000,0.000000,0.000000,0.000000,0.000000
17.601001,3,8.107220,2.132703,-0.005439,-0.007635,0.003585,-0.000279,0.000000,0.000000,0.000000
17.610001,1,4.924597,0.865036,0.173881,-0.000632,0.003596,0.000730,0.000000,0.000000,0.000000
17.610001,2,7.908846,0.641889,-0.000000,0.000000,-0.000000,0.000000,0.000000,0.000000,0.000000
17.610001,3,8.107151,2.132690,-0.005441,-0.007634,0.003583,-0.000279,0.000000,0.000000,0.000000
17.618001,1,4.924597,0.865036,0.173881,-0.000632,0.003596,0.000730,0.000000,0.000000,0.000000
17.618001,2,7.908846,0.641889,-0.000000,0.000000,-0.000000,0.000000,0.000000,0.000000,0.000000
17.618001,3,8.107090,2.132678,-0.005443,-0.007634,0.003583,-0.000279,0.000000,0.000000,0.000000
17.626001,1,4.924597,0.865036,0.173881,-0.000632,0.003596,0.000730,0.000000,0.000000,0.000000
17.626001,2,7.908846,0.641889,-0.000000,0.000000,-0.000000,0.000000,0.000000,0.000000,0.000000
17.626001,3,8.107029,2.132667,-0.005446,-0.007634,0.003583,-0.000279,0.000000,0.000000,0.000000
17.635001,1,4.924597,0.865036,0.173881,-0.000632,0.003596,0.000730,0.000000,0.000000,0.000000
17.635001,2,7.908846,0.641889,-0.000000,0.000000,-0.000000,0.000000,0.000000,0.000000,0.000000
17.635001,3,8.106960,2.132654,-0.005448,-0.007634,0.003584,-0.000279,0.000000,0.000000,0.000000
17.643001,1,4.924597,0.865036,0.173881,-0.000632,0.003596,0.000730,0.000000,0.000000,0.000000
17.643001,2,7.908846,0.641889,-0.000000,0.000000,-0.000000,0.000000,0.000000,0.000000,0.000000
17.643001,3,8.106899,2.132643,-0.005450,-0.007634,0.003584,-0.000279,0.000000,0.000000,0.000000
17.651001,1,4.924597,0.865036,0.173881,-0.000632,0.003596,0.000730,0.000000,0.000000,0.000000
17.651001,2,7.908846,0.641889,-0.000000,0.000000,-0.000000,0.000000,0.000000,0.000000,0.000000
17.651001,3,8.106838,2.132631,-0.005453,-0.007634,0.003584,-0.000279,0.000000,0.000000,0.000000
17.660001,1,4.924597,0.865036,0.173881,-0.000632,0.003596,0.000730,0.000000,0.000000,0.000000
17.660001,2,7.908846,0.641889,-0.000000,0.000000,-0.000000,0.000000,0.000000,0.000000,0.000000
17.660001,3,8.106770,2.132618,-0.005455,-0.007634,0.003584,-0.000279,0.000000,0.000000,0.000000
17.668001,1,4.924597,0.865036,0.173881,-0.000632,0.003596,0.000730,0.000000,0.000000,0.000000
17.668001,2,7.908846,0.641889,-0.000000,0.000000,-0.000000,0.000000,0.000000,0.000000,0.000000
17.668001,3,8.106709,2.132607,-0.005457,-0.007635,0.003584,-0.000279,0.000000,0.000000,0.000000
17.676001,1,4.924597,0.865036,0.173881,-0.000632,0.003596,0.000730,0.000000,0.000000,0.000000
17.676001,2,7.908846,0.641889,-0.000000,0.000000,-0.000000,0.000000,0.000000,0.000000,0.000000
17.676001,3,8.106647,2.132595,-0.005460,-0.007635,0.003584,-0.000279,0.000000,0.000000,0.000000
17.685001,1,4.924597,0.865036,0.173881,-0.000632,0.003596,0.000730,0.000000,0.000000,0.000000
17.685001,2,7.908846,0.641889,-0.000000,0.000000,-0.000000,0.000000,0.000000,0.000000,0.000000
17.685001,3,8.106579,2.132582,-0.005462,-0.007635,0.003584,-0.000279,0.000000,0.000000,0.000000
17.693001,1,4.924597,0.865036,0.173881,-0.000632,0.003596,0.000730,0.000000,0.000000,0.000000
17.693001,2,7.908846,0.641889,-0.000000,0.000000,-0.000000,0.000000,0.000000,0.000000,0.000000
17.693001,3,8.106518,2.132571,-0.005464,-0.007635,0.003585,-0.000279,0.000000,0.000000,0.000000
17.701001,1,4.924597,0.865036,0.173881,-0.000632,0.003596,0.000730,0.000000,0.000000,0.000000
17.701001,2,7.908846,0.641889,-0.000000,0.000000,-0.000000,0.000000,0.000000,0.000000,0.000000
17.701001,3,8.106457,2.132560,-0.005467,-0.007635,0.003585,-0.000279,0.000000,0.000000,0.000000
17.710001,1,4.924597,0.865036,0.173881,-0.000632,0.003597,0.000730,0.000000,0.000000,0.000000
17.710001,2,7.908846,0.641889,-0.000000,0.000000,-0.000000,0.000000,0.000000,0.000000,0.000000
17.710001,3,8.106388,2.132547,-0.005469,-0.007635,0.003585,-0.000279,0.000000,0.000000,0.000000
17.719001,1,4.924597,0.865036,0.173881,-0.000632,0.003597,0.000730,0.000000,0.000000,0.000000
17.719001,2,7.908846,0.641889,-0.000000,0.000000,-0.000000,0.000000,0.000000,0.000000,0.000000
17.719001,3,8.106319,2.132534,-0.005472,-0.007635,0.003585,-0.000279,0.000000,0.000000,0.000000
17.726001,1,4.924597,0.865036,0.173881,-0.000632,0.003597,0.000730,0.000000,0.000000,0.000000
17.726001,2,7.908846,0.641889,-0.000000,0.000000,-0.000000,0.000000,0.000000,0.000000,0.000000
17.726001,3,8.106266,2.132524,-0.005474,-0.007635,0.003585,-0.000279,0.000000,0.000000,0.000000
17.735001,1,4.924597,0.865036,0.173881,-0.000632,0.003597,0.000730,0.000000,0.000000,0.000000
17.735001,2,7.908846,0.641889,-0.000000,0.000000,-0.000000,0.000000,0.000000,0.000000,0.000000
17.735001,3,8.106197,2.132511,-0.005476,-0.007635,0.003585,-0.000279,0.000000,0.000000,0.000000
17.743001,1,4.924597,0.865036,0.173881,-0.000632,0.003597,0.000730,0.000000,0.000000,0.000000
17.743001,2,7.908846,0.641889,-0.000000,0.000000,-0.000000,0.000000,0.000000,0.000000,0.000000
17.743001,3,8.106136,2.132499,-0.005478,-0.007635,0.003585,-0.000279,0.000000,0.000000,0.000000
17.751001,1,4.924597,0.865036,0.173881,-0.000632,0.003597,0.000730,0.000000,0.000000,0.000000
17.751001,2,7.908846,0.641889,-0.000000,0.000000,-0.000000,0.000000,0.000000,0.000000,0.000000
17.751001,3,8.106075,2.132488,-0.005481,-0.007635,0.003586,-0.000279,0.000000,0.000000,0.000000
17.760001,1,4.924597,0.865036,0.173881,-0.000632,0.003597,0.000730,0.000000,0.000000,0.000000
17.760001,2,7.908846,0.641889,-0.000000,0.000000,-0.000000,0.000000,0.000000,0.000000,0.000000
17.760001,3,8.106007,2.132475,-0.005483,-0.007635,0.003586,-0.000279,0.000000,0.000000,0.000000
17.768001,1,4.924597,0.865036,0.173881,-0.000632,0.003597,0.000730,0.000000,0.000000,0.000000
17.768001,2,7.908846,0.641889,-0.000000,0.000000,-0.000000,0.000000,0.000000,0.000000,0.000000
17.768001,3,8.105946,2.132464,-0.005485,-0.007635,0.003586,-0.000279,0.000000,0.000000,0.000000
17.776001,1,4.924597,0.865036,0.173881,-0.000632,0.003597,0.000730,0.000000,0.000000,0.000000
17.776001,2,7.908846,0.641889,-0.000000,0.000000,-0.000000,0.000000,0.000000,0.000000,0.000000
17.776001,3,8.105885,2.132452,-0.005488,-0.007635,0.003586,-0.000279,0.000000,0.000000,0.000000
17.784001,1,4.924597,0.865036,0.173881,-0.000632,0.003597,0.000730,0.000000,0.000000,0.000000
17.784001,2,7.908846,0.641889,-0.000000,0.000000,-0.000000,0.000000,0.000000,0.000000,0.000000
17.784001,3,8.105824,2.132441,-0.005490,-0.007635,0.003586,-0.000279,0.000000,0.000000,0.000000
17.793001,1,4.924597,0.865036,0.173881,-0.000632,0.003597,0.000730,0.000000,0.000000,0.000000
17.793001,2,7.908846,0.641889,-0.000000,0.000000,-0.000000,0.000000,0.000000,0.000000,0.000000
17.793001,3,8.105755,2.132428,-0.005492,-0.007635,0.003586,-0.000279,0.000000,0.000000,0.000000
17.801001,1,4.924597,0.865036,0.173881,-0.000632,0.003597,0.000730,0.000000,0.000000,0.000000
17.801001,2,7.908846,0.641889,-0.000000,0.000000,-0.000000,0.000000,0.000000,0.000000,0.000000
17.801001,3,8.105694,2.132416,-0.005495,-0.007635,0.003586,-0.000279,0.000000,0.000000,0.000000
17.809001,1,4.924597,0.865036,0.173881,-0.000632,0.003597,0.000730,0.000000,0.000000,0.000000
17.809001,2,7.908846,0.641889,-0.000000,0.000000,-0.000000,0.000000,0.000000,0.000000,0.000000
17.809001,3,8.105633,2.132405,-0.005497,-0.007635,0.003587,-0.000279,0.000000,0.000000,0.000000
17.818001,1,4.924597,0.865036,0.173881,-0.000632,0.003597,0.000730,0.000000,0.000000,0.000000
17.818001,2,7.908846,0.641889,-0.000000,0.000000,-0.000000,0.000000,0.000000,0.000000,0.000000
17.818001,3,8.105564,2.132392,-0.005499,-0.007635,0.003587,-0.000279,0.000000,0.000000,0.000000
17.818001,1,4.924597,0.865036,0.173881,-0.000632,0.003597,0.000730,0.000000,0.000000,0.000000
17.818001,2,7.908846,0.641889,-0.000000,0.000000,-0.000000,0.000000,0.000000,0.000000,0.000000
17.818001,3,8.105564,2.132392,-0.005499,-0.007635,0.003587,-0.000279,0.000000,0.000000,0.000000
17.822001,1,4.924597,0.865036,0.173881,-0.000632,0.003597,0.000730,0.000000,0.000000,0.000000
17.822001,2,7.908846,0.641889,-0.000000,0.000000,-0.000000,0.000000,0.000000,0.000000,0.000000
17.822001,3,8.105534,2.132386,-0.005500,-0.007635,0.003587,-0.000279,0.000000,0.000000,0.000000
17.831001,1,4.924597,0.865036,0.173881,-0.000632,0.003597,0.000731,0.000000,0.000000,0.000000
17.831001,2,7.908846,0.641889,-0.000000,0.000000,-0.000000,0.000000,0.000000,0.000000,0.000000
17.831001,3,8.105465,2.132374,-0.005503,-0.007635,0.003587,-0.000279,0.000000,0.000000,0.000000
17.839001,1,4.924597,0.865036,0.173881,-0.000632,0.003598,0.000731,0.000000,0.000000,0.000000
17.839001,2,7.908846,0.641889,-0.000000,0.000000,-0.000000,0.000000,0.000000,0.000000,0.000000
17.839001,3,8.105404,2.132362,-0.005505,-0.007635,0.003587,-0.000279,0.000000,0.000000,0.000000
17.847001,1,4.924597,0.865036,0.173881,-0.000632,0.003596,0.000730,0.000000,0.000000,0.000000
17.847001,2,7.908846,0.641889,-0.000000,0.000000,-0.000000,0.000000,0.000000,0.000000,0.000000
17.847001,3,8.105343,2.132351,-0.005507,-0.007635,0.003585,-0.000279,0.000000,0.000000,0.000000
17.855001,1,4.924597,0.865036,0.173881,-0.000632,0.003596,0.000730,0.000000,0.000000,0.000000
17.855001,2,7.908846,0.641889,-0.000000,0.000000,-0.000000,0.000000,0.000000,0.000000,0.000000
17.855001,3,8.105282,2.132339,-0.005510,-0.007635,0.003585,-0.000279,0.000000,0.000000,0.000000
17.864001,1,4.924597,0.865036,0.173881,-0.000632,0.003596,0.000730,0.000000,0.000000,0.000000
17.864001,2,7.908846,0.641889,-0.000000,0.000000,-0.000000,0.000000,0.000000,0.000000,0.000000
17.864001,3,8.105213,2.132326,-0.005512,-0.007635,0.003584,-0.000279,0.000000,0.000000,0.000000
17.872001,1,4.924597,0.865036,0.173881,-0.000632,0.003596,0.000730,0.000000,0.000000,0.000000
17.872001,2,7.908846,0.641889,-0.000000,0.000000,-0.000000,0.000000,0.000000,0.000000,0.000000
17.872001,3,8.105152,2.132315,-0.005514,-0.007635,0.003585,-0.000279,0.000000,0.000000,0.000000
17.880001,1,4.924597,0.865036,0.173881,-0.000632,0.003596,0.000730,0.000000,0.000000,0.000000
17.880001,2,7.908846,0.641889,-0.000000,0.000000,-0.000000,0.000000,0.000000,0.000000,0.000000
17.880001,3,8.105091,2.132303,-0.005517,-0.007635,0.003585,-0.000279,0.000000,0.000000,0.000000
17.889001,1,4.924597,0.865036,0.173881,-0.000632,0.003596,0.000730,0.000000,0.000000,0.000000
17.889001,2,7.908846,0.641889,-0.000000,0.000000,-0.000000,0.000000,0.000000,0.000000,0.000000
17.889001,3,8.105022,2.132291,-0.005519,-0.007635,0.003585,-0.000279,0.000000,0.000000,0.000000
17.898001,1,4.924597,0.865036,0.173881,-0.000632,0.003596,0.000730,0.000000,0.000000,0.000000
17.898001,2,7.908846,0.641889,-0.000000,0.000000,-0.000000,0.000000,0.000000,0.000000,0.000000
17.898001,3,8.104954,2.132278,-0.005522,-0.007635,0.003585,-0.000279,0.000000,0.000000,0.000000
17.906001,1,4.924597,0.865036,0.173881,-0.000632,0.003596,0.000730,0.000000,0.000000,0.000000
17.906001,2,7.908846,0.641889,-0.000000,0.000000,-0.000000,0.000000,0.000000,0.000000,0.000000
17.906001,3,8.104893,2.132266,-0.005524,-0.007635,0.003585,-0.000279,0.000000,0.000000,0.000000
17.914001,1,4.924597,0.865036,0.173881,-0.000632,0.003596,0.000730,0.000000,0.000000,0.000000
17.914001,2,7.908846,0.641889,-0.000000,0.000000,-0.000000,0.000000,0.000000,0.000000,0.000000
17.914001,3,8.104832,2.132255,-0.005526,-0.007635,0.003585,-0.000279,0.000000,0.000000,0.000000
17.922001,1,4.924597,0.865036,0.173881,-0.000632,0.003596,0.000730,0.000000,0.000000,0.000000
17.922001,2,7.908846,0.641889,-0.000000,0.000000,-0.000000,0.000000,0.000000,0.000000,0.000000
17.922001,3,8.104771,2.132243,-0.005528,-0.007635,0.003585,-0.000279,0.000000,0.000000,0.000000
17.930001,1,4.924597,0.865036,0.173881,-0.000632,0.003596,0.000730,0.000000,0.000000,0.000000
17.930001,2,7.908846,0.641889,-0.000000,0.000000,-0.000000,0.000000,0.000000,0.000000,0.000000
17.930001,3,8.104710,2.132232,-0.005531,-0.007635,0.003586,-0.000279,0.000000,0.000000,0.000000
17.939001,1,4.924597,0.865036,0.173881,-0.000632,0.003596,0.000730,0.000000,0.000000,0.000000
17.939001,2,7.908846,0.641889,-0.000000,0.000000,-0.000000,0.000000,0.000000,0.000000,0.000000
17.939001,3,8.104641,2.132219,-0.005533,-0.007635,0.003586,-0.000279,0.000000,0.000000,0.000000
17.947001,1,4.924597,0.865036,0.173881,-0.000632,0.003596,0.000730,0.000000,0.000000,0.000000
17.947001,2,7.908846,0.641889,-0.000000,0.000000,-0.000000,0.000000,0.000000,0.000000,0.000000
17.947001,3,8.104580,2.132208,-0.005535,-0.007635,0.003586,-0.000279,0.000000,0.000000,0.000000
17.955001,1,4.924597,0.865036,0.173881,-0.000632,0.003597,0.000730,0.000000,0.000000,0.000000
17.955001,2,7.908846,0.641889,-0.000000,0.000000,-0.000000,0.000000,0.000000,0.000000,0.000000
17.955001,3,8.104519,2.132196,-0.005537,-0.007635,0.003586,-0.000279,0.000000,0.000000,0.000000
17.964001,1,4.924597,0.865036,0.173881,-0.000632,0.003597,0.000730,0.000000,0.000000,0.000000
17.964001,2,7.908846,0.641889,-0.000000,0.000000,-0.000000,0.000000,0.000000,0.000000,0.000000
17.964001,3,8.104450,2.132183,-0.005540,-0.007635,0.003586,-0.000279,0.000000,0.000000,0.000000
17.973001,1,4.924597,0.865036,0.173881,-0.000632,0.003597,0.000730,0.000000,0.000000,0.000000
17.973001,2,7.908846,0.641889,-0.000000,0.000000,-0.000000,0.000000,0.000000,0.000000,0.000000
17.973001,3,8.104382,2.132170,-0.005543,-0.007635,0.003586,-0.000279,0.000000,0.000000,0.000000
17.981001,1,4.924597,0.865036,0.173881,-0.000632,0.003597,0.000730,0.000000,0.000000,0.000000
17.981001,2,7.908846,0.641889,-0.000000,0.000000,-0.000000,0.000000,0.000000,0.000000,0.000000
17.981001,3,8.104321,2.132159,-0.005545,-0.007635,0.003586,-0.000279,0.000000,0.000000,0.000000
17.989001,1,4.924597,0.865036,0.173881,-0.000632,0.003597,0.000730,0.000000,0.000000,0.000000
17.989001,2,7.908846,0.641889,-0.000000,0.000000,-0.000000,0.000000,0.000000,0.000000,0.000000
17.989001,3,8.104259,2.132148,-0.005547,-0.007635,0.003587,-0.000279,0.000000,0.000000,0.000000
17.997001,1,4.924597,0.865036,0.173881,-0.000632,0.003597,0.000730,0.000000,0.000000,0.000000
17.997001,2,7.908846,0.641889,-0.000000,0.000000,-0.000000,0.000000,0.000000,0.000000,0.000000
17.997001,3,8.104198,2.132136,-0.005549,-0.007635,0.003587,-0.000279,0.000000,0.000000,0.000000
18.005001,1,4.924597,0.865036,0.173881,-0.000632,0.003597,0.000730,0.000000,0.000000,0.000000
18.005001,2,7.908846,0.641889,-0.000000,0.000000,-0.000000,0.000000,0.000000,0.000000,0.000000
18.005001,3,8.104137,2.132125,-0.005551,-0.007635,0.003587,-0.000279,0.000000,0.000000,0.000000
18.014001,1,4.924597,0.865036,0.173881,-0.000632,0.003597,0.000730,0.000000,0.000000,0.000000
18.014001,2,7.908846,0.641889,-0.000000,0.000000,-0.000000,0.000000,0.000000,0.000000,0.000000
18.014001,3,8.104069,2.132112,-0.005554,-0.007635,0.003587,-0.000279,0.000000,0.000000,0.000000
18.022001,1,4.924597,0.865036,0.173881,-0.000632,0.003597,0.000730,0.000000,0.000000,0.000000
18.022001,2,7.908846,0.641889,-0.000000,0.000000,-0.000000,0.000000,0.000000,0.000000,0.000000
18.022001,3,8.104008,2.132100,-0.005556,-0.007635,0.003587,-0.000279,0.000000,0.000000,0.000000
18.030001,1,4.924597,0.865036,0.173881,-0.000632,0.003597,0.000730,0.000000,0.000000,0.000000
18.030001,2,7.908846,0.641889,-0.000000,0.000000,-0.000000,0.000000,0.000000,0.000000,0.000000
18.030001,3,8.103947,2.132089,-0.005558,-0.007635,0.003587,-0.000278,0.000000,0.000000,0.000000
18.039001,1,4.924597,0.865036,0.173881,-0.000632,0.003597,0.000730,0.000000,0.000000,0.000000
18.039001,2,7.908846,0.641889,-0.000000,0.000000,-0.000000,0.000000,0.000000,0.000000,0.000000
18.039001,3,8.103878,2.132076,-0.005561,-0.007635,0.003587,-0.000278,0.000000,0.000000,0.000000
18.047001,1,4.924597,0.865036,0.173881,-0.000632,0.003597,0.000730,0.000000,0.000000,0.000000
18.047001,2,7.908846,0.641889,-0.000000,0.000000,-0.000000,0.000000,0.000000,0.000000,0.000000
18.047001,3,8.103817,2.132065,-0.005563,-0.007636,0.003588,-0.000278,0.000000,0.000000,0.000000
18.056001,1,4.924597,0.865036,0.173881,-0.000632,0.003597,0.000730,0.000000,0.000000,0.000000
18.056001,2,7.908846,0.641889,-0.000000,0.000000,-0.000000,0.000000,0.000000,0.000000,0.000000
18.056001,3,8.103748,2.132052,-0.005566,-0.007636,0.003588,-0.000278,0.000000,0.000000,0.000000
18.064001,1,4.924597,0.865036,0.173881,-0.000632,0.003597,0.000730,0.000000,0.000000,0.000000
18.064001,2,7.908846,0.641889,-0.000000,0.000000,-0.000000,0.000000,0.000000,0.000000,0.000000
18.064001,3,8.103687,2.132040,-0.005568,-0.007636,0.003588,-0.000278,0.000000,0.000000,0.000000
18.072001,1,4.924597,0.865036,0.173881,-0.000632,0.003597,0.000731,0.000000,0.000000,0.000000
18.072001,2,7.908846,0.641889,-0.000000,0.000000,-0.000000,0.000000,0.000000,0.000000,0.000000
18.072001,3,8.103626,2.132029,-0.005570,-0.007636,0.003588,-0.000278,0.000000,0.000000,0.000000
18.080001,1,4.924597,0.865036,0.173881,-0.000632,0.003598,0.000731,0.000000,0.000000,0.000000
18.080001,2,7.908846,0.641889,-0.000000,0.000000,-0.000000,0.000000,0.000000,0.000000,0.000000
18.080001,3,8.103565,2.132017,-0.005572,-0.007636,0.003588,-0.000278,0.000000,0.000000,0.000000
18.090001,1,4.924597,0.865036,0.173881,-0.000632,0.003596,0.000730,0.000000,0.000000,0.000000
18.090001,2,7.908846,0.641889,-0.000000,0.000000,-0.000000,0.000000,0.000000,0.000000,0.000000
18.090001,3,8.103489,2.132003,-0.005575,-0.007635,0.003586,-0.000279,0.000000,0.000000,0.000000
18.098001,1,4.924597,0.865036,0.173881,-0.000632,0.003596,0.000730,0.000000,0.000000,0.000000
18.098001,2,7.908846,0.641889,-0.000000,0.000000,-0.000000,0.000000,0.000000,0.000000,0.000000
18.098001,3,8.103428,2.131992,-0.005577,-0.007635,0.003586,-0.000279,0.000000,0.000000,0.000000
18.106001,1,4.924597,0.865036,0.173881,-0.000632,0.003596,0.000730,0.000000,0.000000,0.000000
18.106001,2,7.908846,0.641889,-0.000000,0.000000,-0.000000,0.000000,0.000000,0.000000,0.000000
18.106001,3,8.103367,2.131980,-0.005580,-0.007635,0.003586,-0.000279,0.000000,0.000000,0.000000
18.113001,1,4.924597,0.865036,0.173881,-0.000632,0.003596,0.000730,0.000000,0.000000,0.000000
18.113001,2,7.908846,0.641889,-0.000000,0.000000,-0.000000,0.000000,0.000000,0.000000,0.000000
18.113001,3,8.103313,2.131970,-0.005581,-0.007635,0.003586,-0.000279,0.000000,0.000000,0.000000
18.122001,1,4.924597,0.865036,0.173881,-0.000632,0.003596,0.000730,0.000000,0.000000,0.000000
18.122001,2,7.908846,0.641889,-0.000000,0.000000,-0.000000,0.000000,0.000000,0.000000,0.000000
18.122001,3,8.103245,2.131957,-0.005584,-0.007635,0.003586,-0.000279,0.000000,0.000000,0.000000
18.130001,1,4.924597,0.865036,0.173881,-0.000632,0.003596,0.000730,0.000000,0.000000,0.000000
18.130001,2,7.908846,0.641889,-0.000000,0.000000,-0.000000,0.000000,0.000000,0.000000,0.000000
18.130001,3,8.103184,2.131946,-0.005586,-0.007635,0.003586,-0.000279,0.000000,0.000000,0.000000
18.139001,1,4.924597,0.865036,0.173881,-0.000632,0.003596,0.000730,0.000000,0.000000,0.000000
18.139001,2,7.908846,0.641889,-0.000000,0.000000,-0.000000,0.000000,0.000000,0.000000,0.000000
18.139001,3,8.103115,2.131933,-0.005589,-0.007635,0.003586,-0.000279,0.000000,0.000000,0.000000
18.147001,1,4.924597,0.865036,0.173881,-0.000632,0.003596,0.000730,0.000000,0.000000,0.000000
18.147001,2,7.908846,0.641889,-0.000000,0.000000,-0.000000,0.000000,0.000000,0.000000,0.000000
18.147001,3,8.103054,2.131922,-0.005591,-0.007635,0.003586,-0.000278,0.000000,0.000000,0.000000
18.155001,1,4.924597,0.865036,0.173881,-0.000632,0.003596,0.000730,0.000000,0.000000,0.000000
18.155001,2,7.908846,0.641889,-0.000000,0.000000,-0.000000,0.000000,0.000000,0.000000,0.000000
18.155001,3,8.102993,2.131910,-0.005593,-0.007635,0.003586,-0.000278,0.000000,0.000000,0.000000
18.163001,1,4.924597,0.865036,0.173881,-0.000632,0.003596,0.000730,0.000000,0.000000,0.000000
18.163001,2,7.908846,0.641889,-0.000000,0.000000,-0.000000,0.000000,0.000000,0.000000,0.000000
18.163001,3,8.102932,2.131899,-0.005595,-0.007635,0.003587,-0.000278,0.000000,0.000000,0.000000
18.171001,1,4.924597,0.865036,0.173881,-0.000632,0.003596,0.000730,0.000000,0.000000,0.000000
18.171001,2,7.908846,0.641889,-0.000000,0.000000,-0.000000,0.000000,0.000000,0.000000,0.000000
18.171001,3,8.102871,2.131887,-0.005598,-0.007635,0.003587,-0.000278,0.000000,0.000000,0.000000
18.179001,1,4.924597,0.865036,0.173881,-0.000632,0.003596,0.000730,0.000000,0.000000,0.000000
18.179001,2,7.908846,0.641889,-0.000000,0.000000,-0.000000,0.000000,0.000000,0.000000,0.000000
18.179001,3,8.102810,2.131876,-0.005600,-0.007635,0.003587,-0.000278,0.000000,0.000000,0.000000
18.188001,1,4.924597,0.865036,0.173881,-0.000632,0.003597,0.000730,0.000000,0.000000,0.000000
18.188001,2,7.908846,0.641889,-0.000000,0.000000,-0.000000,0.000000,0.000000,0.000000,0.000000
18.188001,3,8.102741,2.131863,-0.005602,-0.007635,0.003587,-0.000278,0.000000,0.000000,0.000000
18.196001,1,4.924597,0.865036,0.173881,-0.000632,0.003597,0.000730,0.000000,0.000000,0.000000
18.196001,2,7.908846,0.641889,-0.000000,0.000000,-0.000000,0.000000,0.000000,0.000000,0.000000
18.196001,3,8.102680,2.131851,-0.005605,-0.007635,0.003587,-0.000278,0.000000,0.000000,0.000000
18.204001,1,4.924597,0.865036,0.173881,-0.000632,0.003597,0.000730,0.000000,0.000000,0.000000
18.204001,2,7.908846,0.641889,-0.000000,0.000000,-0.000000,0.000000,0.000000,0.000000,0.000000
18.204001,3,8.102619,2.131840,-0.005607,-0.007635,0.003587,-0.000278,0.000000,0.000000,0.000000
18.213001,1,4.924597,0.865036,0.173881,-0.000632,0.003597,0.000730,0.000000,0.000000,0.000000
18.213001,2,7.908846,0.641889,-0.000000,0.000000,-0.000000,0.000000,0.000000,0.000000,0.000000
18.213001,3,8.102551,2.131827,-0.005609,-0.007635,0.003587,-0.000278,0.000000,0.000000,0.000000
18.221001,1,4.924597,0.865036,0.173881,-0.000632,0.003597,0.000730,0.000000,0.000000,0.000000
18.221001,2,7.908846,0.641889,-0.000000,0.000000,-0.000000,0.000000,0.000000,0.000000,0.000000
18.221001,3,8.102489,2.131816,-0.005612,-0.007635,0.003588,-0.000278,0.000000,0.000000,0.000000
18.230001,1,4.924597,0.865036,0.173881,-0.000632,0.003597,0.000730,0.000000,0.000000,0.000000
18.230001,2,7.908846,0.641889,-0.000000,0.000000,-0.000000,0.000000,0.000000,0.000000,0.000000
18.230001,3,8.102421,2.131803,-0.005614,-0.007635,0.003588,-0.000278,0.000000,0.000000,0.000000
18.238001,1,4.924597,0.865036,0.173881,-0.000632,0.003597,0.000730,0.000000,0.000000,0.000000
18.238001,2,7.908846,0.641889,-0.000000,0.000000,-0.000000,0.000000,0.000000,0.000000,0.000000
18.238001,3,8.102360,2.131791,-0.005616,-0.007636,0.003588,-0.000278,0.000000,0.000000,0.000000
18.247001,1,4.924597,0.865036,0.173881,-0.000632,0.003597,0.000730,0.000000,0.000000,0.000000
18.247001,2,7.908846,0.641889,-0.000000,0.000000,-0.000000,0.000000,0.000000,0.000000,0.000000
18.247001,3,8.102291,2.131778,-0.005619,-0.007636,0.003588,-0.000278,0.000000,0.000000,0.000000
18.255001,1,4.924597,0.865036,0.173881,-0.000632,0.003597,0.000730,0.000000,0.000000,0.000000
18.255001,2,7.908846,0.641889,-0.000000,0.000000,-0.000000,0.000000,0.000000,0.000000,0.000000
18.255001,3,8.102230,2.131767,-0.005621,-0.007636,0.003588,-0.000278,0.000000,0.000000,0.000000
18.263001,1,4.924597,0.865036,0.173881,-0.000632,0.003597,0.000730,0.000000,0.000000,0.000000
18.263001,2,7.908846,0.641889,-0.000000,0.000000,-0.000000,0.000000,0.000000,0.000000,0.000000
18.263001,3,8.102169,2.131756,-0.005623,-0.007636,0.003588,-0.000278,0.000000,0.000000,0.000000
18.272001,1,4.924597,0.865036,0.173881,-0.000632,0.003597,0.000730,0.000000,0.000000,0.000000
18.272001,2,7.908846,0.641889,-0.000000,0.000000,-0.000000,0.000000,0.000000,0.000000,0.000000
18.272001,3,8.102100,2.131743,-0.005626,-0.007636,0.003588,-0.000278,0.000000,0.000000,0.000000
18.281001,1,4.924597,0.865036,0.173881,-0.000632,0.003597,0.000730,0.000000,0.000000,0.000000
18.281001,2,7.908846,0.641889,-0.000000,0.000000,-0.000000,0.000000,0.000000,0.000000,0.000000
18.281001,3,8.102032,2.131730,-0.005628,-0.007636,0.003589,-0.000278,0.000000,0.000000,0.000000
18.289001,1,4.924597,0.865036,0.173881,-0.000632,0.003597,0.000730,0.000000,0.000000,0.000000
18.289001,2,7.908846,0.641889,-0.000000,0.000000,-0.000000,0.000000,0.000000,0.000000,0.000000
18.289001,3,8.101971,2.131718,-0.005630,-0.007636,0.003589,-0.000278,0.000000,0.000000,0.000000
18.297001,1,4.924597,0.865036,0.173881,-0.000632,0.003597,0.000730,0.000000,0.000000,0.000000
18.297001,2,7.908846,0.641889,-0.000000,0.000000,-0.000000,0.000000,0.000000,0.000000,0.000000
18.297001,3,8.101910,2.131707,-0.005633,-0.007636,0.003589,-0.000278,0.000000,0.000000,0.000000
18.306001,1,4.924597,0.865036,0.173881,-0.000632,0.003597,0.000730,0.000000,0.000000,0.000000
18.306001,2,7.908846,0.641889,-0.000000,0.000000,-0.000000,0.000000,0.000000,0.000000,0.000000
18.306001,3,8.101841,2.131694,-0.005635,-0.007636,0.003589,-0.000278,0.000000,0.000000,0.000000
18.314001,1,4.924597,0.865036,0.173881,-0.000632,0.003597,0.000731,0.000000,0.000000,0.000000
18.314001,2,7.908846,0.641889,-0.000000,0.000000,-0.000000,0.000000,0.000000,0.000000,0.000000
18.314001,3,8.101780,2.131683,-0.005637,-0.007636,0.003589,-0.000278,0.000000,0.000000,0.000000
18.322001,1,4.924597,0.865036,0.173881,-0.000632,0.003598,0.000731,0.000000,0.000000,0.000000
18.322001,2,7.908846,0.641889,-0.000000,0.000000,-0.000000,0.000000,0.000000,0.000000,0.000000
18.322001,3,8.101719,2.131671,-0.005640,-0.007636,0.003589,-0.000278,0.000000,0.000000,0.000000
18.330001,1,4.924597,0.865037,0.173881,-0.000632,0.003597,0.000730,0.000000,0.000000,0.000000
18.330001,2,7.908846,0.641889,-0.000000,0.000000,-0.000000,0.000000,0.000000,0.000000,0.000000
18.330001,3,8.101658,2.131660,-0.005642,-0.007636,0.003589,-0.000278,0.000000,0.000000,0.000000
18.339001,1,4.924597,0.865037,0.173881,-0.000632,0.003596,0.000730,0.000000,0.000000,0.000000
18.339001,2,7.908846,0.641889,-0.000000,0.000000,-0.000000,0.000000,0.000000,0.000000,0.000000
18.339001,3,8.101589,2.131647,-0.005644,-0.007635,0.003587,-0.000278,0.000000,0.000000,0.000000
18.347001,1,4.924597,0.865037,0.173881,-0.000632,0.003596,0.000730,0.000000,0.000000,0.000000
18.347001,2,7.908846,0.641889,-0.000000,0.000000,-0.000000,0.000000,0.000000,0.000000,0.000000
18.347001,3,8.101528,2.131635,-0.005647,-0.007635,0.003587,-0.000278,0.000000,0.000000,0.000000
18.356001,1,4.924597,0.865037,0.173881,-0.000632,0.003596,0.000730,0.000000,0.000000,0.000000
18.356001,2,7.908846,0.641889,-0.000000,0.000000,-0.000000,0.000000,0.000000,0.000000,0.000000
18.356001,3,8.101460,2.131623,-0.005649,-0.007635,0.003587,-0.000278,0.000000,0.000000,0.000000
18.363001,1,4.924597,0.865037,0.173881,-0.000632,0.003596,0.000730,0.000000,0.000000,0.000000
18.363001,2,7.908846,0.641889,-0.000000,0.000000,-0.000000,0.000000,0.000000,0.000000,0.000000
18.363001,3,8.101406,2.131613,-0.005651,-0.007635,0.003587,-0.000278,0.000000,0.000000,0.000000
18.371001,1,4.924597,0.865037,0.173881,-0.000632,0.003596,0.000730,0.000000,0.000000,0.000000
18.371001,2,7.908846,0.641889,-0.000000,0.000000,-0.000000,0.000000,0.000000,0.000000,0.000000
18.371001,3,8.101345,2.131601,-0.005653,-0.007635,0.003587,-0.000278,0.000000,0.000000,0.000000
18.380001,1,4.924597,0.865037,0.173881,-0.000632,0.003596,0.000730,0.000000,0.000000,0.000000
18.380001,2,7.908846,0.641889,-0.000000,0.000000,-0.000000,0.000000,0.000000,0.000000,0.000000
18.380001,3,8.101276,2.131588,-0.005656,-0.007635,0.003587,-0.000278,0.000000,0.000000,0.000000
18.388001,1,4.924597,0.865037,0.173881,-0.000632,0.003596,0.000730,0.000000,0.000000,0.000000
18.388001,2,7.908846,0.641889,-0.000000,0.000000,-0.000000,0.000000,0.000000,0.000000,0.000000
18.388001,3,8.101215,2.131577,-0.005658,-0.007635,0.003587,-0.000278,0.000000,0.000000,0.000000
18.397001,1,4.924597,0.865037,0.173881,-0.000632,0.003596,0.000730,0.000000,0.000000,0.000000
18.397001,2,7.908846,0.641889,-0.000000,0.000000,-0.000000,0.000000,0.000000,0.000000,0.000000
18.397001,3,8.101147,2.131564,-0.005660,-0.007635,0.003588,-0.000278,0.000000,0.000000,0.000000
18.405001,1,4.924597,0.865037,0.173881,-0.000632,0.003596,0.000730,0.000000,0.000000,0.000000
18.405001,2,7.908846,0.641889,-0.000000,0.000000,-0.000000,0.000000,0.000000,0.000000,0.000000
18.405001,3,8.101086,2.131552,-0.005663,-0.007635,0.003588,-0.000278,0.000000,0.000000,0.000000
18.413001,1,4.924597,0.865037,0.173881,-0.000632,0.003596,0.000730,0.000000,0.000000,0.000000
18.413001,2,7.908846,0.641889,-0.000000,0.000000,-0.000000,0.000000,0.000000,0.000000,0.000000
18.413001,3,8.101025,2.131541,-0.005665,-0.007636,0.003588,-0.000278,0.000000,0.000000,0.000000
18.422001,1,4.924597,0.865037,0.173881,-0.000632,0.003596,0.000730,0.000000,0.000000,0.000000
18.422001,2,7.908846,0.641889,-0.000000,0.000000,-0.000000,0.000000,0.000000,0.000000,0.000000
18.422001,3,8.100956,2.131528,-0.005667,-0.007636,0.003588,-0.000278,0.000000,0.000000,0.000000
18.430001,1,4.924597,0.865037,0.173881,-0.000632,0.003597,0.000730,0.000000,0.000000,0.000000
18.430001,2,7.908846,0.641889,-0.000000,0.000000,-0.000000,0.000000,0.000000,0.000000,0.000000
18.430001,3,8.100895,2.131517,-0.005670,-0.007636,0.003588,-0.000278,0.000000,0.000000,0.000000
18.439001,1,4.924597,0.865037,0.173881,-0.000632,0.003597,0.000730,0.000000,0.000000,0.000000
18.439001,2,7.908846,0.641889,-0.000000,0.000000,-0.000000,0.000000,0.000000,0.000000,0.000000
18.439001,3,8.100826,2.131504,-0.005672,-0.007636,0.003588,-0.000278,0.000000,0.000000,0.000000
18.447001,1,4.924597,0.865037,0.173881,-0.000632,0.003597,0.000730,0.000000,0.000000,0.000000
18.447001,2,7.908846,0.641889,-0.000000,0.000000,-0.000000,0.000000,0.000000,0.000000,0.000000
18.447001,3,8.100765,2.131492,-0.005674,-0.007636,0.003588,-0.000278,0.000000,0.000000,0.000000
18.455001,1,4.924597,0.865037,0.173881,-0.000632,0.003597,0.000730,0.000000,0.000000,0.000000
18.455001,2,7.908846,0.641889,-0.000000,0.000000,-0.000000,0.000000,0.000000,0.000000,0.000000
18.455001,3,8.100704,2.131481,-0.005677,-0.007636,0.003588,-0.000278,0.000000,0.000000,0.000000
18.463001,1,4.924597,0.865037,0.173881,-0.000632,0.003597,0.000730,0.000000,0.000000,0.000000
18.463001,2,7.908846,0.641889,-0.000000,0.000000,-0.000000,0.000000,0.000000,0.000000,0.000000
18.463001,3,8.100643,2.131469,-0.005679,-0.007636,0.003589,-0.000278,0.000000,0.000000,0.000000
18.472001,1,4.924597,0.865037,0.173881,-0.000632,0.003597,0.000730,0.000000,0.000000,0.000000
18.472001,2,7.908846,0.641889,-0.000000,0.000000,-0.000000,0.000000,0.000000,0.000000,0.000000
18.472001,3,8.100574,2.131457,-0.005681,-0.007636,0.003589,-0.000278,0.000000,0.000000,0.000000
18.480001,1,4.924597,0.865037,0.173881,-0.000632,0.003597,0.000730,0.000000,0.000000,0.000000
18.480001,2,7.908846,0.641889,-0.000000,0.000000,-0.000000,0.000000,0.000000,0.000000,0.000000
18.480001,3,8.100513,2.131445,-0.005684,-0.007636,0.003589,-0.000278,0.000000,0.000000,0.000000
18.488001,1,4.924597,0.865037,0.173881,-0.000632,0.003597,0.000730,0.000000,0.000000,0.000000
18.488001,2,7.908846,0.641889,-0.000000,0.000000,-0.000000,0.000000,0.000000,0.000000,0.000000
18.488001,3,8.100452,2.131434,-0.005686,-0.007636,0.003589,-0.000278,0.000000,0.000000,0.000000
18.497001,1,4.924597,0.865037,0.173881,-0.000632,0.003597,0.000730,0.000000,0.000000,0.000000
18.497001,2,7.908846,0.641889,-0.000000,0.000000,-0.000000,0.000000,0.000000,0.000000,0.000000
18.497001,3,8.100384,2.131421,-0.005688,-0.007636,0.003589,-0.000278,0.000000,0.000000,0.000000
18.505001,1,4.924597,0.865037,0.173881,-0.000632,0.003597,0.000730,0.000000,0.000000,0.000000
18.505001,2,7.908846,0.641889,-0.000000,0.000000,-0.000000,0.000000,0.000000,0.000000,0.000000
18.505001,3,8.100323,2.131409,-0.005691,-0.007636,0.003589,-0.000278,0.000000,0.000000,0.000000
18.514001,1,4.924597,0.865037,0.173881,-0.000632,0.003597,0.000730,0.000000,0.000000,0.000000
18.514001,2,7.908846,0.641889,-0.000000,0.000000,-0.000000,0.000000,0.000000,0.000000,0.000000
18.514001,3,8.100254,2.131397,-0.005693,-0.007636,0.003590,-0.000278,0.000000,0.000000,0.000000
18.522001,1,4.924597,0.865037,0.173881,-0.000632,0.003597,0.000730,0.000000,0.000000,0.000000
18.522001,2,7.908846,0.641889,-0.000000,0.000000,-0.000000,0.000000,0.000000,0.000000,0.000000
18.522001,3,8.100193,2.131385,-0.005695,-0.007636,0.003590,-0.000278,0.000000,0.000000,0.000000
18.530001,1,4.924597,0.865037,0.173881,-0.000632,0.003597,0.000730,0.000000,0.000000,0.000000
18.530001,2,7.908846,0.641889,-0.000000,0.000000,-0.000000,0.000000,0.000000,0.000000,0.000000
18.530001,3,8.100132,2.131374,-0.005697,-0.007636,0.003590,-0.000278,0.000000,0.000000,0.000000
18.538001,1,4.924597,0.865037,0.173881,-0.000632,0.003597,0.000730,0.000000,0.000000,0.000000
18.538001,2,7.908846,0.641889,-0.000000,0.000000,-0.000000,0.000000,0.000000,0.000000,0.000000
18.538001,3,8.100071,2.131362,-0.005700,-0.007636,0.003590,-0.000278,0.000000,0.000000,0.000000
18.547001,1,4.924597,0.865037,0.173881,-0.000632,0.003597,0.000730,0.000000,0.000000,0.000000
18.547001,2,7.908846,0.641889,-0.000000,0.000000,-0.000000,0.000000,0.000000,0.000000,0.000000
18.547001,3,8.100002,2.131349,-0.005702,-0.007636,0.003590,-0.000278,0.000000,0.000000,0.000000
18.556001,1,4.924597,0.865037,0.173881,-0.000632,0.003597,0.000731,0.000000,0.000000,0.000000
18.556001,2,7.908846,0.641889,-0.000000,0.000000,-0.000000,0.000000,0.000000,0.000000,0.000000
18.556001,3,8.099934,2.131336,-0.005705,-0.007636,0.003590,-0.000278,0.000000,0.000000,0.000000
18.564001,1,4.924597,0.865037,0.173881,-0.000632,0.003598,0.000731,0.000000,0.000000,0.000000
18.564001,2,7.908846,0.641889,-0.000000,0.000000,-0.000000,0.000000,0.000000,0.000000,0.000000
18.564001,3,8.099873,2.131325,-0.005707,-0.007636,0.003590,-0.000278,0.000000,0.000000,0.000000
18.572001,1,4.924597,0.865037,0.173881,-0.000632,0.003598,0.000731,0.000000,0.000000,0.000000
18.572001,2,7.908846,0.641889,-0.000000,0.000000,-0.000000,0.000000,0.000000,0.000000,0.000000
18.572001,3,8.099812,2.131314,-0.005709,-0.007636,0.003591,-0.000278,0.000000,0.000000,0.000000
18.581001,1,4.924597,0.865037,0.173881,-0.000632,0.003596,0.000730,0.000000,0.000000,0.000000
18.581001,2,7.908846,0.641889,-0.000000,0.000000,-0.000000,0.000000,0.000000,0.000000,0.000000
18.581001,3,8.099743,2.131301,-0.005712,-0.007636,0.003588,-0.000278,0.000000,0.000000,0.000000
18.588001,1,4.924597,0.865037,0.173881,-0.000632,0.003596,0.000730,0.000000,0.000000,0.000000
18.588001,2,7.908846,0.641889,-0.000000,0.000000,-0.000000,0.000000,0.000000,0.000000,0.000000
18.588001,3,8.099689,2.131291,-0.005714,-0.007636,0.003588,-0.000278,0.000000,0.000000,0.000000
18.596001,1,4.924597,0.865037,0.173881,-0.000632,0.003596,0.000730,0.000000,0.000000,0.000000
18.596001,2,7.908846,0.641889,-0.000000,0.000000,-0.000000,0.000000,0.000000,0.000000,0.000000
18.596001,3,8.099628,2.131279,-0.005716,-0.007636,0.003588,-0.000278,0.000000,0.000000,0.000000
18.605001,1,4.924597,0.865037,0.173881,-0.000632,0.003596,0.000730,0.000000,0.000000,0.000000
18.605001,2,7.908846,0.641889,-0.000000,0.000000,-0.000000,0.000000,0.000000,0.000000,0.000000
18.605001,3,8.099560,2.131266,-0.005718,-0.007636,0.003588,-0.000278,0.000000,0.000000,0.000000
18.613001,1,4.924597,0.865037,0.173881,-0.000632,0.003596,0.000730,0.000000,0.000000,0.000000
18.613001,2,7.908846,0.641889,-0.000000,0.000000,-0.000000,0.000000,0.000000,0.000000,0.000000
18.613001,3,8.099499,2.131255,-0.005720,-0.007636,0.003588,-0.000278,0.000000,0.000000,0.000000
18.622001,1,4.924597,0.865037,0.173881,-0.000632,0.003596,0.000730,0.000000,0.000000,0.000000
18.622001,2,7.908846,0.641889,-0.000000,0.000000,-0.000000,0.000000,0.000000,0.000000,0.000000
18.622001,3,8.099430,2.131242,-0.005723,-0.007636,0.003588,-0.000278,0.000000,0.000000,0.000000
18.630001,1,4.924597,0.865037,0.173881,-0.000632,0.003596,0.000730,0.000000,0.000000,0.000000
18.630001,2,7.908846,0.641889,-0.000000,0.000000,-0.000000,0.000000,0.000000,0.000000,0.000000
18.630001,3,8.099369,2.131231,-0.005725,-0.007636,0.003588,-0.000278,0.000000,0.000000,0.000000
18.639001,1,4.924597,0.865037,0.173881,-0.000632,0.003596,0.000730,0.000000,0.000000,0.000000
18.639001,2,7.908846,0.641889,-0.000000,0.000000,-0.000000,0.000000,0.000000,0.000000,0.000000
18.639001,3,8.099300,2.131218,-0.005728,-0.007636,0.003589,-0.000278,0.000000,0.000000,0.000000
18.647001,1,4.924597,0.865037,0.173881,-0.000632,0.003596,0.000730,0.000000,0.000000,0.000000
18.647001,2,7.908846,0.641889,-0.000000,0.000000,-0.000000,0.000000,0.000000,0.000000,0.000000
18.647001,3,8.099239,2.131206,-0.005730,-0.007636,0.003589,-0.000278,0.000000,0.000000,0.000000
18.656001,1,4.924597,0.865037,0.173881,-0.000632,0.003596,0.000730,0.000000,0.000000,0.000000
18.656001,2,7.908846,0.641889,-0.000000,0.000000,-0.000000,0.000000,0.000000,0.000000,0.000000
18.656001,3,8.099171,2.131193,-0.005732,-0.007636,0.003589,-0.000278,0.000000,0.000000,0.000000
18.663001,1,4.924597,0.865037,0.173881,-0.000632,0.003596,0.000730,0.000000,0.000000,0.000000
18.663001,2,7.908846,0.641889,-0.000000,0.000000,-0.000000,0.000000,0.000000,0.000000,0.000000
18.663001,3,8.099117,2.131183,-0.005734,-0.007636,0.003589,-0.000278,0.000000,0.000000,0.000000
18.672001,1,4.924597,0.865037,0.173881,-0.000632,0.003596,0.000730,0.000000,0.000000,0.000000
18.672001,2,7.908846,0.641889,-0.000000,0.000000,-0.000000,0.000000,0.000000,0.000000,0.000000
18.672001,3,8.099049,2.131171,-0.005737,-0.007636,0.003589,-0.000278,0.000000,0.000000,0.000000
18.680001,1,4.924597,0.865037,0.173881,-0.000632,0.003597,0.000730,0.000000,0.000000,0.000000
18.680001,2,7.908846,0.641889,-0.000000,0.000000,-0.000000,0.000000,0.000000,0.000000,0.000000
18.680001,3,8.098988,2.131159,-0.005739,-0.007636,0.003589,-0.000278,0.000000,0.000000,0.000000
18.689001,1,4.924597,0.865037,0.173881,-0.000632,0.003597,0.000730,0.000000,0.000000,0.000000
18.689001,2,7.908846,0.641889,-0.000000,0.000000,-0.000000,0.000000,0.000000,0.000000,0.000000
18.689001,3,8.098919,2.131146,-0.005742,-0.007636,0.003589,-0.000278,0.000000,0.000000,0.000000
18.697001,1,4.924597,0.865037,0.173881,-0.000632,0.003597,0.000730,0.000000,0.000000,0.000000
18.697001,2,7.908846,0.641889,-0.000000,0.000000,-0.000000,0.000000,0.000000,0.000000,0.000000
18.697001,3,8.098858,2.131135,-0.005744,-0.007636,0.003590,-0.000278,0.000000,0.000000,0.000000
18.705001,1,4.924597,0.865037,0.173881,-0.000632,0.003597,0.000730,0.000000,0.000000,0.000000
18.705001,2,7.908846,0.641889,-0.000000,0.000000,-0.000000,0.000000,0.000000,0.000000,0.000000
18.705001,3,8.098797,2.131123,-0.005746,-0.007636,0.003590,-0.000277,0.000000,0.000000,0.000000
18.713001,1,4.924597,0.865037,0.173881,-0.000632,0.003597,0.000730,0.000000,0.000000,0.000000
18.713001,2,7.908846,0.641889,-0.000000,0.000000,-0.000000,0.000000,0.000000,0.000000,0.000000
18.713001,3,8.098736,2.131112,-0.005748,-0.007636,0.003590,-0.000277,0.000000,0.000000,0.000000
18.723001,1,4.924597,0.865037,0.173881,-0.000632,0.003597,0.000730,0.000000,0.000000,0.000000
18.723001,2,7.908846,0.641889,-0.000000,0.000000,-0.000000,0.000000,0.000000,0.000000,0.000000
18.723001,3,8.098660,2.131098,-0.005751,-0.007636,0.003590,-0.000277,0.000000,0.000000,0.000000
18.730001,1,4.924597,0.865037,0.173881,-0.000632,0.003597,0.000730,0.000000,0.000000,0.000000
18.730001,2,7.908846,0.641889,-0.000000,0.000000,-0.000000,0.000000,0.000000,0.000000,0.000000
18.730001,3,8.098606,2.131088,-0.005753,-0.007636,0.003590,-0.000277,0.000000,0.000000,0.000000
18.738001,1,4.924597,0.865037,0.173881,-0.000632,0.003597,0.000730,0.000000,0.000000,0.000000
18.738001,2,7.908846,0.641889,-0.000000,0.000000,-0.000000,0.000000,0.000000,0.000000,0.000000
18.738001,3,8.098545,2.131076,-0.005755,-0.007636,0.003590,-0.000277,0.000000,0.000000,0.000000
18.747001,1,4.924597,0.865037,0.173881,-0.000632,0.003597,0.000730,0.000000,0.000000,0.000000
18.747001,2,7.908846,0.641889,-0.000000,0.000000,-0.000000,0.000000,0.000000,0.000000,0.000000
18.747001,3,8.098476,2.131063,-0.005758,-0.007636,0.003590,-0.000277,0.000000,0.000000,0.000000
18.755001,1,4.924597,0.865037,0.173881,-0.000632,0.003597,0.000730,0.000000,0.000000,0.000000
18.755001,2,7.908846,0.641889,-0.000000,0.000000,-0.000000,0.000000,0.000000,0.000000,0.000000
18.755001,3,8.098415,2.131052,-0.005760,-0.007636,0.003591,-0.000277,0.000000,0.000000,0.000000
18.763001,1,4.924597,0.865037,0.173881,-0.000632,0.003597,0.000730,0.000000,0.000000,0.000000
18.763001,2,7.908846,0.641889,-0.000000,0.000000,-0.000000,0.000000,0.000000,0.000000,0.000000
18.763001,3,8.098354,2.131040,-0.005762,-0.007636,0.003591,-0.000277,0.000000,0.000000,0.000000
18.772001,1,4.924597,0.865037,0.173881,-0.000632,0.003597,0.000730,0.000000,0.000000,0.000000
18.772001,2,7.908846,0.641889,-0.000000,0.000000,-0.000000,0.000000,0.000000,0.000000,0.000000
18.772001,3,8.098286,2.131027,-0.005765,-0.007636,0.003591,-0.000277,0.000000,0.000000,0.000000
18.780001,1,4.924597,0.865037,0.173881,-0.000632,0.003597,0.000730,0.000000,0.000000,0.000000
18.780001,2,7.908846,0.641889,-0.000000,0.000000,-0.000000,0.000000,0.000000,0.000000,0.000000
18.780001,3,8.098225,2.131016,-0.005767,-0.007636,0.003591,-0.000277,0.000000,0.000000,0.000000
18.788001,1,4.924597,0.865037,0.173881,-0.000632,0.003597,0.000730,0.000000,0.000000,0.000000
18.788001,2,7.908846,0.641889,-0.000000,0.000000,-0.000000,0.000000,0.000000,0.000000,0.000000
18.788001,3,8.098164,2.131005,-0.005769,-0.007636,0.003591,-0.000277,0.000000,0.000000,0.000000
18.797001,1,4.924597,0.865037,0.173881,-0.000632,0.003597,0.000731,0.000000,0.000000,0.000000
18.797001,2,7.908846,0.641889,-0.000000,0.000000,-0.000000,0.000000,0.000000,0.000000,0.000000
18.797001,3,8.098095,2.130992,-0.005772,-0.007636,0.003591,-0.000277,0.000000,0.000000,0.000000
18.805001,1,4.924597,0.865037,0.173881,-0.000632,0.003598,0.000731,0.000000,0.000000,0.000000
18.805001,2,7.908846,0.641889,-0.000000,0.000000,-0.000000,0.000000,0.000000,0.000000,0.000000
18.805001,3,8.098034,2.130980,-0.005774,-0.007636,0.003591,-0.000277,0.000000,0.000000,0.000000
18.814001,1,4.924597,0.865037,0.173881,-0.000632,0.003598,0.000731,0.000000,0.000000,0.000000
18.814001,2,7.908846,0.641889,-0.000000,0.000000,-0.000000,0.000000,0.000000,0.000000,0.000000
18.814001,3,8.097965,2.130967,-0.005776,-0.007637,0.003592,-0.000277,0.000000,0.000000,0.000000
18.822001,1,4.924597,0.865037,0.173881,-0.000632,0.003596,0.000730,0.000000,0.000000,0.000000
18.822001,2,7.908846,0.641889,-0.000000,0.000000,-0.000000,0.000000,0.000000,0.000000,0.000000
18.822001,3,8.097904,2.130956,-0.005778,-0.007636,0.003590,-0.000277,0.000000,0.000000,0.000000
18.830001,1,4.924597,0.865037,0.173881,-0.000632,0.003596,0.000730,0.000000,0.000000,0.000000
18.830001,2,7.908846,0.641889,-0.000000,0.000000,-0.000000,0.000000,0.000000,0.000000,0.000000
18.830001,3,8.097843,2.130944,-0.005781,-0.007636,0.003589,-0.000277,0.000000,0.000000,0.000000
18.838001,1,4.924597,0.865037,0.173881,-0.000632,0.003596,0.000730,0.000000,0.000000,0.000000
18.838001,2,7.908846,0.641889,-0.000000,0.000000,-0.000000,0.000000,0.000000,0.000000,0.000000
18.838001,3,8.097782,2.130933,-0.005783,-0.007636,0.003589,-0.000277,0.000000,0.000000,0.000000
18.847001,1,4.924597,0.865037,0.173881,-0.000632,0.003596,0.000730,0.000000,0.000000,0.000000
18.847001,2,7.908846,0.641889,-0.000000,0.000000,-0.000000,0.000000,0.000000,0.000000,0.000000
18.847001,3,8.097713,2.130920,-0.005785,-0.007636,0.003589,-0.000277,0.000000,0.000000,0.000000
18.855001,1,4.924597,0.865037,0.173881,-0.000632,0.003596,0.000730,0.000000,0.000000,0.000000
18.855001,2,7.908846,0.641889,-0.000000,0.000000,-0.000000,0.000000,0.000000,0.000000,0.000000
18.855001,3,8.097652,2.130909,-0.005788,-0.007636,0.003589,-0.000277,0.000000,0.000000,0.000000
18.864001,1,4.924597,0.865037,0.173881,-0.000632,0.003596,0.000730,0.000000,0.000000,0.000000
18.864001,2,7.908846,0.641889,-0.000000,0.000000,-0.000000,0.000000,0.000000,0.000000,0.000000
18.864001,3,8.097584,2.130896,-0.005790,-0.007636,0.003589,-0.000277,0.000000,0.000000,0.000000
18.872001,1,4.924597,0.865037,0.173881,-0.000632,0.003596,0.000730,0.000000,0.000000,0.000000
18.872001,2,7.908846,0.641889,-0.000000,0.000000,-0.000000,0.000000,0.000000,0.000000,0.000000
18.872001,3,8.097523,2.130884,-0.005792,-0.007636,0.003589,-0.000277,0.000000,0.000000,0.000000
18.880001,1,4.924597,0.865037,0.173881,-0.000632,0.003596,0.000730,0.000000,0.000000,0.000000
18.880001,2,7.908846,0.641889,-0.000000,0.000000,-0.000000,0.000000,0.000000,0.000000,0.000000
18.880001,3,8.097462,2.130873,-0.005795,-0.007636,0.003590,-0.000277,0.000000,0.000000,0.000000
18.888001,1,4.924597,0.865037,0.173881,-0.000632,0.003596,0.000730,0.000000,0.000000,0.000000
18.888001,2,7.908846,0.641889,-0.000000,0.000000,-0.000000,0.000000,0.000000,0.000000,0.000000
18.888001,3,8.097401,2.130862,-0.005797,-0.007636,0.003590,-0.000277,0.000000,0.000000,0.000000
18.897001,1,4.924597,0.865037,0.173881,-0.000632,0.003596,0.000730,0.000000,0.000000,0.000000
18.897001,2,7.908846,0.641889,-0.000000,0.000000,-0.000000,0.000000,0.000000,0.000000,0.000000
18.897001,3,8.097332,2.130849,-0.005799,-0.007636,0.003590,-0.000277,0.000000,0.000000,0.000000
18.905001,1,4.924597,0.865037,0.173881,-0.000632,0.003596,0.000730,0.000000,0.000000,0.000000
18.905001,2,7.908846,0.641889,-0.000000,0.000000,-0.000000,0.000000,0.000000,0.000000,0.000000
18.905001,3,8.097271,2.130837,-0.005801,-0.007636,0.003590,-0.000277,0.000000,0.000000,0.000000
18.913001,1,4.924597,0.865037,0.173881,-0.000632,0.003596,0.000730,0.000000,0.000000,0.000000
18.913001,2,7.908846,0.641889,-0.000000,0.000000,-0.000000,0.000000,0.000000,0.000000,0.000000
18.913001,3,8.097210,2.130826,-0.005804,-0.007636,0.003590,-0.000277,0.000000,0.000000,0.000000
18.922001,1,4.924597,0.865037,0.173881,-0.000632,0.003597,0.000730,0.000000,0.000000,0.000000
18.922001,2,7.908846,0.641889,-0.000000,0.000000,-0.000000,0.000000,0.000000,0.000000,0.000000
18.922001,3,8.097141,2.130813,-0.005806,-0.007636,0.003590,-0.000277,0.000000,0.000000,0.000000
18.930001,1,4.924597,0.865037,0.173881,-0.000632,0.003597,0.000730,0.000000,0.000000,0.000000
18.930001,2,7.908846,0.641889,-0.000000,0.000000,-0.000000,0.000000,0.000000,0.000000,0.000000
18.930001,3,8.097080,2.130801,-0.005808,-0.007636,0.003590,-0.000277,0.000000,0.000000,0.000000
18.938001,1,4.924597,0.865037,0.173881,-0.000632,0.003597,0.000730,0.000000,0.000000,0.000000
18.938001,2,7.908846,0.641889,-0.000000,0.000000,-0.000000,0.000000,0.000000,0.000000,0.000000
18.938001,3,8.097019,2.130790,-0.005811,-0.007636,0.003591,-0.000277,0.000000,0.000000,0.000000
18.947001,1,4.924597,0.865037,0.173881,-0.000632,0.003597,0.000730,0.000000,0.000000,0.000000
18.947001,2,7.908846,0.641889,-0.000000,0.000000,-0.000000,0.000000,0.000000,0.000000,0.000000
18.947001,3,8.096951,2.130777,-0.005813,-0.007636,0.003591,-0.000277,0.000000,0.000000,0.000000
18.955001,1,4.924597,0.865037,0.173881,-0.000632,0.003597,0.000730,0.000000,0.000000,0.000000
18.955001,2,7.908846,0.641889,-0.000000,0.000000,-0.000000,0.000000,0.000000,0.000000,0.000000
18.955001,3,8.096889,2.130766,-0.005815,-0.007636,0.003591,-0.000277,0.000000,0.000000,0.000000
18.963001,1,4.924597,0.865037,0.173881,-0.000632,0.003597,0.000730,0.000000,0.000000,0.000000
18.963001,2,7.908846,0.641889,-0.000000,0.000000,-0.000000,0.000000,0.000000,0.000000,0.000000
18.963001,3,8.096828,2.130754,-0.005818,-0.007636,0.003591,-0.000277,0.000000,0.000000,0.000000
18.972001,1,4.924597,0.865037,0.173881,-0.000632,0.003597,0.000730,0.000000,0.000000,0.000000
18.972001,2,7.908846,0.641889,-0.000000,0.000000,-0.000000,0.000000,0.000000,0.000000,0.000000
18.972001,3,8.096760,2.130741,-0.005820,-0.007636,0.003591,-0.000277,0.000000,0.000000,0.000000
18.980001,1,4.924597,0.865037,0.173881,-0.000632,0.003597,0.000730,0.000000,0.000000,0.000000
18.980001,2,7.908846,0.641889,-0.000000,0.000000,-0.000000,0.000000,0.000000,0.000000,0.000000
18.980001,3,8.096699,2.130730,-0.005822,-0.007636,0.003591,-0.000277,0.000000,0.000000,0.000000
18.988001,1,4.924597,0.865037,0.173881,-0.000632,0.003597,0.000730,0.000000,0.000000,0.000000
18.988001,2,7.908846,0.641889,-0.000000,0.000000,-0.000000,0.000000,0.000000,0.000000,0.000000
18.988001,3,8.096638,2.130718,-0.005824,-0.007636,0.003591,-0.000277,0.000000,0.000000,0.000000
18.997001,1,4.924597,0.865037,0.173881,-0.000632,0.003597,0.000730,0.000000,0.000000,0.000000
18.997001,2,7.908846,0.641889,-0.000000,0.000000,-0.000000,0.000000,0.000000,0.000000,0.000000
18.997001,3,8.096569,2.130706,-0.005827,-0.007637,0.003592,-0.000277,0.000000,0.000000,0.000000
19.005001,1,4.924597,0.865037,0.173881,-0.000632,0.003597,0.000730,0.000000,0.000000,0.000000
19.005001,2,7.908846,0.641889,-0.000000,0.000000,-0.000000,0.000000,0.000000,0.000000,0.000000
19.005001,3,8.096508,2.130694,-0.005829,-0.007637,0.003592,-0.000277,0.000000,0.000000,0.000000
19.013001,1,4.924597,0.865037,0.173881,-0.000632,0.003597,0.000730,0.000000,0.000000,0.000000
19.013001,2,7.908846,0.641889,-0.000000,0.000000,-0.000000,0.000000,0.000000,0.000000,0.000000
19.013001,3,8.096447,2.130683,-0.005831,-0.007637,0.003592,-0.000277,0.000000,0.000000,0.000000
19.022001,1,4.924597,0.865037,0.173881,-0.000632,0.003597,0.000730,0.000000,0.000000,0.000000
19.022001,2,7.908846,0.641889,-0.000000,0.000000,-0.000000,0.000000,0.000000,0.000000,0.000000
19.022001,3,8.096378,2.130670,-0.005834,-0.007637,0.003592,-0.000277,0.000000,0.000000,0.000000
19.030001,1,4.924597,0.865037,0.173881,-0.000632,0.003597,0.000730,0.000000,0.000000,0.000000
19.030001,2,7.908846,0.641889,-0.000000,0.000000,-0.000000,0.000000,0.000000,0.000000,0.000000
19.030001,3,8.096317,2.130658,-0.005836,-0.007637,0.003592,-0.000277,0.000000,0.000000,0.000000
19.038001,1,4.924597,0.865037,0.173881,-0.000632,0.003597,0.000731,0.000000,0.000000,0.000000
19.038001,2,7.908846,0.641889,-0.000000,0.000000,-0.000000,0.000000,0.000000,0.000000,0.000000
19.038001,3,8.096256,2.130647,-0.005838,-0.007637,0.003592,-0.000277,0.000000,0.000000,0.000000
19.047001,1,4.924597,0.865037,0.173881,-0.000632,0.003598,0.000731,0.000000,0.000000,0.000000
19.047001,2,7.908846,0.641889,-0.000000,0.000000,-0.000000,0.000000,0.000000,0.000000,0.000000
19.047001,3,8.096188,2.130634,-0.005841,-0.007637,0.003592,-0.000277,0.000000,0.000000,0.000000
19.055001,1,4.924597,0.865037,0.173881,-0.000632,0.003598,0.000731,0.000000,0.000000,0.000000
19.055001,2,7.908846,0.641889,-0.000000,0.000000,-0.000000,0.000000,0.000000,0.000000,0.000000
19.055001,3,8.096127,2.130623,-0.005843,-0.007637,0.003593,-0.000277,0.000000,0.000000,0.000000
19.063001,1,4.924597,0.865037,0.173881,-0.000632,0.003598,0.000731,0.000000,0.000000,0.000000
19.063001,2,7.908846,0.641889,-0.000000,0.000000,-0.000000,0.000000,0.000000,0.000000,0.000000
19.063001,3,8.096066,2.130611,-0.005845,-0.007637,0.003593,-0.000277,0.000000,0.000000,0.000000
19.072001,1,4.924597,0.865037,0.173881,-0.000632,0.003597,0.000731,0.000000,0.000000,0.000000
19.072001,2,7.908846,0.641889,-0.000000,0.000000,-0.000000,0.000000,0.000000,0.000000,0.000000
19.072001,3,8.095997,2.130598,-0.005848,-0.007637,0.003593,-0.000277,0.000000,0.000000,0.000000
19.080001,1,4.924597,0.865037,0.173881,-0.000632,0.003597,0.000730,0.000000,0.000000,0.000000
19.080001,2,7.908846,0.641889,-0.000000,0.000000,-0.000000,0.000000,0.000000,0.000000,0.000000
19.080001,3,8.095936,2.130587,-0.005850,-0.007636,0.003591,-0.000277,0.000000,0.000000,0.000000
19.089001,1,4.924597,0.865037,0.173881,-0.000632,0.003596,0.000730,0.000000,0.000000,0.000000
19.089001,2,7.908846,0.641889,-0.000000,0.000000,-0.000000,0.000000,0.000000,0.000000,0.000000
19.089001,3,8.095867,2.130574,-0.005852,-0.007636,0.003590,-0.000277,0.000000,0.000000,0.000000
19.097001,1,4.924597,0.865037,0.173881,-0.000632,0.003596,0.000730,0.000000,0.000000,0.000000
19.097001,2,7.908846,0.641889,-0.000000,0.000000,-0.000000,0.000000,0.000000,0.000000,0.000000
19.097001,3,8.095806,2.130563,-0.005855,-0.007636,0.003590,-0.000277,0.000000,0.000000,0.000000
19.105001,1,4.924597,0.865037,0.173881,-0.000632,0.003596,0.000730,0.000000,0.000000,0.000000
19.105001,2,7.908846,0.641889,-0.000000,0.000000,-0.000000,0.000000,0.000000,0.000000,0.000000
19.105001,3,8.095745,2.130551,-0.005857,-0.007636,0.003590,-0.000277,0.000000,0.000000,0.000000
19.114001,1,4.924597,0.865037,0.173881,-0.000632,0.003596,0.000730,0.000000,0.000000,0.000000
19.114001,2,7.908846,0.641889,-0.000000,0.000000,-0.000000,0.000000,0.000000,0.000000,0.000000
19.114001,3,8.095676,2.130538,-0.005859,-0.007636,0.003591,-0.000277,0.000000,0.000000,0.000000
19.122001,1,4.924597,0.865037,0.173881,-0.000632,0.003596,0.000730,0.000000,0.000000,0.000000
19.122001,2,7.908846,0.641889,-0.000000,0.000000,-0.000000,0.000000,0.000000,0.000000,0.000000
19.122001,3,8.095615,2.130527,-0.005862,-0.007636,0.003591,-0.000277,0.000000,0.000000,0.000000
19.130001,1,4.924597,0.865037,0.173881,-0.000632,0.003596,0.000730,0.000000,0.000000,0.000000
19.130001,2,7.908846,0.641889,-0.000000,0.000000,-0.000000,0.000000,0.000000,0.000000,0.000000
19.130001,3,8.095554,2.130515,-0.005864,-0.007636,0.003591,-0.000277,0.000000,0.000000,0.000000
19.139001,1,4.924597,0.865037,0.173881,-0.000632,0.003596,0.000730,0.000000,0.000000,0.000000
19.139001,2,7.908846,0.641889,-0.000000,0.000000,-0.000000,0.000000,0.000000,0.000000,0.000000
19.139001,3,8.095486,2.130502,-0.005866,-0.007636,0.003591,-0.000277,0.000000,0.000000,0.000000
19.147001,1,4.924597,0.865037,0.173881,-0.000632,0.003596,0.000730,0.000000,0.000000,0.000000
19.147001,2,7.908846,0.641889,-0.000000,0.000000,-0.000000,0.000000,0.000000,0.000000,0.000000
19.147001,3,8.095425,2.130491,-0.005868,-0.007636,0.003591,-0.000277,0.000000,0.000000,0.000000
19.155001,1,4.924597,0.865037,0.173881,-0.000632,0.003597,0.000730,0.000000,0.000000,0.000000
19.155001,2,7.908846,0.641889,-0.000000,0.000000,-0.000000,0.000000,0.000000,0.000000,0.000000
19.155001,3,8.095364,2.130480,-0.005871,-0.007636,0.003591,-0.000277,0.000000,0.000000,0.000000
19.164001,1,4.924597,0.865037,0.173881,-0.000632,0.003597,0.000730,0.000000,0.000000,0.000000
19.164001,2,7.908846,0.641889,-0.000000,0.000000,-0.000000,0.000000,0.000000,0.000000,0.000000
19.164001,3,8.095295,2.130467,-0.005873,-0.007636,0.003591,-0.000277,0.000000,0.000000,0.000000
19.172001,1,4.924597,0.865037,0.173881,-0.000632,0.003597,0.000730,0.000000,0.000000,0.000000
19.172001,2,7.908846,0.641889,-0.000000,0.000000,-0.000000,0.000000,0.000000,0.000000,0.000000
19.172001,3,8.095234,2.130455,-0.005875,-0.007637,0.003592,-0.000277,0.000000,0.000000,0.000000
19.180001,1,4.924597,0.865037,0.173881,-0.000632,0.003597,0.000730,0.000000,0.000000,0.000000
19.180001,2,7.908846,0.641889,-0.000000,0.000000,-0.000000,0.000000,0.000000,0.000000,0.000000
19.180001,3,8.095173,2.130444,-0.005878,-0.007637,0.003592,-0.000277,0.000000,0.000000,0.000000
19.188001,1,4.924597,0.865037,0.173881,-0.000632,0.003597,0.000730,0.000000,0.000000,0.000000
19.188001,2,7.908846,0.641889,-0.000000,0.000000,-0.000000,0.000000,0.000000,0.000000,0.000000
19.188001,3,8.095112,2.130432,-0.005880,-0.007637,0.003592,-0.000277,0.000000,0.000000,0.000000
19.197001,1,4.924597,0.865037,0.173881,-0.000632,0.003597,0.000730,0.000000,0.000000,0.000000
19.197001,2,7.908846,0.641889,-0.000000,0.000000,-0.000000,0.000000,0.000000,0.000000,0.000000
19.197001,3,8.095043,2.130419,-0.005882,-0.007637,0.003592,-0.000277,0.000000,0.000000,0.000000
19.206001,1,4.924597,0.865037,0.173881,-0.000632,0.003597,0.000730,0.000000,0.000000,0.000000
19.206001,2,7.908846,0.641889,-0.000000,0.000000,-0.000000,0.000000,0.000000,0.000000,0.000000
19.206001,3,8.094975,2.130407,-0.005885,-0.007637,0.003592,-0.000277,0.000000,0.000000,0.000000
19.214001,1,4.924597,0.865037,0.173881,-0.000632,0.003597,0.000730,0.000000,0.000000,0.000000
19.214001,2,7.908846,0.641889,-0.000000,0.000000,-0.000000,0.000000,0.000000,0.000000,0.000000
19.214001,3,8.094913,2.130395,-0.005887,-0.007637,0.003592,-0.000277,0.000000,0.000000,0.000000
19.222001,1,4.924597,0.865037,0.173881,-0.000632,0.003597,0.000730,0.000000,0.000000,0.000000
19.222001,2,7.908846,0.641889,-0.000000,0.000000,-0.000000,0.000000,0.000000,0.000000,0.000000
19.222001,3,8.094852,2.130384,-0.005889,-0.007637,0.003592,-0.000277,0.000000,0.000000,0.000000
19.230001,1,4.924597,0.865037,0.173881,-0.000632,0.003597,0.000730,0.000000,0.000000,0.000000
19.230001,2,7.908846,0.641889,-0.000000,0.000000,-0.000000,0.000000,0.000000,0.000000,0.000000
19.230001,3,8.094791,2.130372,-0.005891,-0.007637,0.003593,-0.000277,0.000000,0.000000,0.000000
19.238001,1,4.924597,0.865037,0.173881,-0.000632,0.003597,0.000730,0.000000,0.000000,0.000000
19.238001,2,7.908846,0.641889,-0.000000,0.000000,-0.000000,0.000000,0.000000,0.000000,0.000000
19.238001,3,8.094730,2.130361,-0.005894,-0.007637,0.003593,-0.000277,0.000000,0.000000,0.000000
19.247001,1,4.924597,0.865037,0.173881,-0.000632,0.003597,0.000730,0.000000,0.000000,0.000000
19.247001,2,7.908846,0.641889,-0.000000,0.000000,-0.000000,0.000000,0.000000,0.000000,0.000000
19.247001,3,8.094662,2.130348,-0.005896,-0.007637,0.003593,-0.000277,0.000000,0.000000,0.000000
19.255001,1,4.924597,0.865037,0.173881,-0.000632,0.003597,0.000730,0.000000,0.000000,0.000000
19.255001,2,7.908846,0.641889,-0.000000,0.000000,-0.000000,0.000000,0.000000,0.000000,0.000000
19.255001,3,8.094601,2.130337,-0.005898,-0.007637,0.003593,-0.000277,0.000000,0.000000,0.000000
19.264001,1,4.924597,0.865037,0.173881,-0.000632,0.003597,0.000730,0.000000,0.000000,0.000000
19.264001,2,7.908846,0.641889,-0.000000,0.000000,-0.000000,0.000000,0.000000,0.000000,0.000000
19.264001,3,8.094532,2.130324,-0.005901,-0.007637,0.003593,-0.000276,0.000000,0.000000,0.000000
19.272001,1,4.924597,0.865037,0.173881,-0.000632,0.003597,0.000730,0.000000,0.000000,0.000000
19.272001,2,7.908846,0.641889,-0.000000,0.000000,-0.000000,0.000000,0.000000,0.000000,0.000000
19.272001,3,8.094471,2.130312,-0.005903,-0.007637,0.003593,-0.000276,0.000000,0.000000,0.000000
19.281001,1,4.924597,0.865037,0.173881,-0.000632,0.003597,0.000731,0.000000,0.000000,0.000000
19.281001,2,7.908846,0.641889,-0.000000,0.000000,-0.000000,0.000000,0.000000,0.000000,0.000000
19.281001,3,8.094402,2.130299,-0.005906,-0.007637,0.003593,-0.000276,0.000000,0.000000,0.000000
19.288001,1,4.924597,0.865037,0.173881,-0.000632,0.003598,0.000731,0.000000,0.000000,0.000000
19.288001,2,7.908846,0.641889,-0.000000,0.000000,-0.000000,0.000000,0.000000,0.000000,0.000000
19.288001,3,8.094349,2.130289,-0.005907,-0.007637,0.003594,-0.000276,0.000000,0.000000,0.000000
19.297001,1,4.924597,0.865037,0.173881,-0.000632,0.003598,0.000731,0.000000,0.000000,0.000000
19.297001,2,7.908846,0.641889,-0.000000,0.000000,-0.000000,0.000000,0.000000,0.000000,0.000000
19.297001,3,8.094280,2.130276,-0.005910,-0.007637,0.003594,-0.000276,0.000000,0.000000,0.000000
19.306001,1,4.924597,0.865037,0.173881,-0.000632,0.003597,0.000730,0.000000,0.000000,0.000000
19.306001,2,7.908846,0.641889,-0.000000,0.000000,-0.000000,0.000000,0.000000,0.000000,0.000000
19.306001,3,8.094212,2.130265,-0.005912,-0.007637,0.003593,-0.000276,0.000000,0.000000,0.000000
19.313001,1,4.924597,0.865037,0.173881,-0.000632,0.003596,0.000730,0.000000,0.000000,0.000000
19.313001,2,7.908846,0.641889,-0.000000,0.000000,-0.000000,0.000000,0.000000,0.000000,0.000000
19.313001,3,8.094158,2.130255,-0.005914,-0.007636,0.003591,-0.000277,0.000000,0.000000,0.000000
19.322001,1,4.924597,0.865037,0.173881,-0.000632,0.003596,0.000730,0.000000,0.000000,0.000000
19.322001,2,7.908846,0.641889,-0.000000,0.000000,-0.000000,0.000000,0.000000,0.000000,0.000000
19.322001,3,8.094090,2.130243,-0.005917,-0.007636,0.003591,-0.000277,0.000000,0.000000,0.000000
19.330001,1,4.924597,0.865037,0.173881,-0.000632,0.003596,0.000730,0.000000,0.000000,0.000000
19.330001,2,7.908846,0.641889,-0.000000,0.000000,-0.000000,0.000000,0.000000,0.000000,0.000000
19.330001,3,8.094028,2.130231,-0.005919,-0.007636,0.003591,-0.000277,0.000000,0.000000,0.000000
19.338001,1,4.924597,0.865037,0.173881,-0.000632,0.003596,0.000730,0.000000,0.000000,0.000000
19.338001,2,7.908846,0.641889,-0.000000,0.000000,-0.000000,0.000000,0.000000,0.000000,0.000000
19.338001,3,8.093967,2.130220,-0.005921,-0.007636,0.003591,-0.000277,0.000000,0.000000,0.000000
19.346001,1,4.924597,0.865037,0.173881,-0.000632,0.003596,0.000730,0.000000,0.000000,0.000000
19.346001,2,7.908846,0.641889,-0.000000,0.000000,-0.000000,0.000000,0.000000,0.000000,0.000000
19.346001,3,8.093906,2.130208,-0.005924,-0.007636,0.003592,-0.000277,0.000000,0.000000,0.000000
19.354001,1,4.924597,0.865037,0.173881,-0.000632,0.003596,0.000730,0.000000,0.000000,0.000000
19.354001,2,7.908846,0.641889,-0.000000,0.000000,-0.000000,0.000000,0.000000,0.000000,0.000000
19.354001,3,8.093845,2.130197,-0.005926,-0.007637,0.003592,-0.000277,0.000000,0.000000,0.000000
19.364001,1,4.924597,0.865037,0.173881,-0.000632,0.003596,0.000730,0.000000,0.000000,0.000000
19.364001,2,7.908846,0.641889,-0.000000,0.000000,-0.000000,0.000000,0.000000,0.000000,0.000000
19.364001,3,8.093769,2.130183,-0.005928,-0.007637,0.003592,-0.000277,0.000000,0.000000,0.000000
19.372001,1,4.924597,0.865037,0.173881,-0.000632,0.003596,0.000730,0.000000,0.000000,0.000000
19.372001,2,7.908846,0.641889,-0.000000,0.000000,-0.000000,0.000000,0.000000,0.000000,0.000000
19.372001,3,8.093708,2.130171,-0.005931,-0.007637,0.003592,-0.000277,0.000000,0.000000,0.000000
19.380001,1,4.924597,0.865037,0.173881,-0.000632,0.003596,0.000730,0.000000,0.000000,0.000000
19.380001,2,7.908846,0.641889,-0.000000,0.000000,-0.000000,0.000000,0.000000,0.000000,0.000000
19.380001,3,8.093647,2.130160,-0.005933,-0.007637,0.003592,-0.000276,0.000000,0.000000,0.000000
19.388001,1,4.924597,0.865037,0.173881,-0.000632,0.003596,0.000730,0.000000,0.000000,0.000000
19.388001,2,7.908846,0.641889,-0.000000,0.000000,-0.000000,0.000000,0.000000,0.000000,0.000000
19.388001,3,8.093586,2.130148,-0.005935,-0.007637,0.003592,-0.000276,0.000000,0.000000,0.000000
19.396001,1,4.924597,0.865037,0.173881,-0.000632,0.003596,0.000730,0.000000,0.000000,0.000000
19.396001,2,7.908846,0.641889,-0.000000,0.000000,-0.000000,0.000000,0.000000,0.000000,0.000000
19.396001,3,8.093525,2.130137,-0.005937,-0.007637,0.003592,-0.000276,0.000000,0.000000,0.000000
19.405001,1,4.924597,0.865037,0.173881,-0.000632,0.003597,0.000730,0.000000,0.000000,0.000000
19.405001,2,7.908846,0.641889,-0.000000,0.000000,-0.000000,0.000000,0.000000,0.000000,0.000000
19.405001,3,8.093456,2.130124,-0.005940,-0.007637,0.003593,-0.000276,0.000000,0.000000,0.000000
19.413001,1,4.924597,0.865037,0.173881,-0.000632,0.003597,0.000730,0.000000,0.000000,0.000000
19.413001,2,7.908846,0.641889,-0.000000,0.000000,-0.000000,0.000000,0.000000,0.000000,0.000000
19.413001,3,8.093395,2.130112,-0.005942,-0.007637,0.003593,-0.000276,0.000000,0.000000,0.000000
19.421001,1,4.924597,0.865037,0.173881,-0.000632,0.003597,0.000730,0.000000,0.000000,0.000000
19.421001,2,7.908846,0.641889,-0.000000,0.000000,-0.000000,0.000000,0.000000,0.000000,0.000000
19.421001,3,8.093334,2.130101,-0.005944,-0.007637,0.003593,-0.000276,0.000000,0.000000,0.000000
19.429001,1,4.924597,0.865037,0.173881,-0.000632,0.003597,0.000730,0.000000,0.000000,0.000000
19.429001,2,7.908846,0.641889,-0.000000,0.000000,-0.000000,0.000000,0.000000,0.000000,0.000000
19.429001,3,8.093273,2.130090,-0.005946,-0.007637,0.003593,-0.000276,0.000000,0.000000,0.000000
19.438001,1,4.924597,0.865037,0.173881,-0.000632,0.003597,0.000730,0.000000,0.000000,0.000000
19.438001,2,7.908846,0.641889,-0.000000,0.000000,-0.000000,0.000000,0.000000,0.000000,0.000000
19.438001,3,8.093204,2.130077,-0.005949,-0.007637,0.003593,-0.000276,0.000000,0.000000,0.000000
19.447001,1,4.924597,0.865037,0.173881,-0.000632,0.003597,0.000730,0.000000,0.000000,0.000000
19.447001,2,7.908846,0.641889,-0.000000,0.000000,-0.000000,0.000000,0.000000,0.000000,0.000000
19.447001,3,8.093136,2.130064,-0.005951,-0.007637,0.003593,-0.000276,0.000000,0.000000,0.000000
19.454001,1,4.924597,0.865037,0.173881,-0.000632,0.003597,0.000730,0.000000,0.000000,0.000000
19.454001,2,7.908846,0.641889,-0.000000,0.000000,-0.000000,0.000000,0.000000,0.000000,0.000000
19.454001,3,8.093082,2.130054,-0.005953,-0.007637,0.003593,-0.000276,0.000000,0.000000,0.000000
19.463001,1,4.924597,0.865037,0.173881,-0.000632,0.003597,0.000730,0.000000,0.000000,0.000000
19.463001,2,7.908846,0.641889,-0.000000,0.000000,-0.000000,0.000000,0.000000,0.000000,0.000000
19.463001,3,8.093014,2.130041,-0.005956,-0.007637,0.003593,-0.000276,0.000000,0.000000,0.000000
19.472001,1,4.924597,0.865037,0.173881,-0.000632,0.003597,0.000730,0.000000,0.000000,0.000000
19.472001,2,7.908846,0.641889,-0.000000,0.000000,-0.000000,0.000000,0.000000,0.000000,0.000000
19.472001,3,8.092945,2.130028,-0.005958,-0.007637,0.003594,-0.000276,0.000000,0.000000,0.000000
19.480001,1,4.924597,0.865037,0.173881,-0.000632,0.003597,0.000730,0.000000,0.000000,0.000000
19.480001,2,7.908846,0.641889,-0.000000,0.000000,-0.000000,0.000000,0.000000,0.000000,0.000000
19.480001,3,8.092884,2.130017,-0.005961,-0.007637,0.003594,-0.000276,0.000000,0.000000,0.000000
19.488001,1,4.924597,0.865037,0.173881,-0.000632,0.003597,0.000730,0.000000,0.000000,0.000000
19.488001,2,7.908846,0.641889,-0.000000,0.000000,-0.000000,0.000000,0.000000,0.000000,0.000000
19.488001,3,8.092823,2.130008,-0.005963,-0.007637,0.003594,-0.000276,0.000000,0.000000,0.000000
19.496001,1,4.924597,0.865037,0.173881,-0.000632,0.003597,0.000730,0.000000,0.000000,0.000000
19.496001,2,7.908846,0.641889,-0.000000,0.000000,-0.000000,0.000000,0.000000,0.000000,0.000000
19.496001,3,8.092762,2.129998,-0.005965,-0.007637,0.003594,-0.000276,0.000000,0.000000,0.000000
19.505001,1,4.924597,0.865037,0.173881,-0.000632,0.003597,0.000730,0.000000,0.000000,0.000000
19.505001,2,7.908846,0.641889,-0.000000,0.000000,-0.000000,0.000000,0.000000,0.000000,0.000000
19.505001,3,8.092693,2.129987,-0.005967,-0.007637,0.003594,-0.000276,0.000000,0.000000,0.000000
19.513001,1,4.924597,0.865037,0.173881,-0.000632,0.003597,0.000730,0.000000,0.000000,0.000000
19.513001,2,7.908846,0.641889,-0.000000,0.000000,-0.000000,0.000000,0.000000,0.000000,0.000000
19.513001,3,8.092632,2.129978,-0.005970,-0.007637,0.003594,-0.000276,0.000000,0.000000,0.000000
19.521001,1,4.924597,0.865037,0.173881,-0.000632,0.003597,0.000731,0.000000,0.000000,0.000000
19.521001,2,7.908846,0.641889,-0.000000,0.000000,-0.000000,0.000000,0.000000,0.000000,0.000000
19.521001,3,8.092571,2.129968,-0.005972,-0.007637,0.003594,-0.000276,0.000000,0.000000,0.000000
19.530001,1,4.924597,0.865037,0.173881,-0.000632,0.003598,0.000731,0.000000,0.000000,0.000000
19.530001,2,7.908846,0.641889,-0.000000,0.000000,-0.000000,0.000000,0.000000,0.000000,0.000000
19.530001,3,8.092503,2.129957,-0.005974,-0.007637,0.003595,-0.000276,0.000000,0.000000,0.000000
19.538001,1,4.924597,0.865037,0.173881,-0.000632,0.003598,0.000731,0.000000,0.000000,0.000000
19.538001,2,7.908846,0.641889,-0.000000,0.000000,-0.000000,0.000000,0.000000,0.000000,0.000000
19.538001,3,8.092442,2.129948,-0.005977,-0.007637,0.003595,-0.000276,0.000000,0.000000,0.000000
19.546001,1,4.924597,0.865037,0.173881,-0.000632,0.003598,0.000731,0.000000,0.000000,0.000000
19.546001,2,7.908846,0.641889,-0.000000,0.000000,-0.000000,0.000000,0.000000,0.000000,0.000000
19.546001,3,8.092381,2.129938,-0.005979,-0.007637,0.003595,-0.000276,0.000000,0.000000,0.000000
19.555001,1,4.924597,0.865037,0.173881,-0.000632,0.003596,0.000730,0.000000,0.000000,0.000000
19.555001,2,7.908846,0.641889,-0.000000,0.000000,-0.000000,0.000000,0.000000,0.000000,0.000000
19.555001,3,8.092312,2.129927,-0.005981,-0.007637,0.003593,-0.000276,0.000000,0.000000,0.000000
19.563001,1,4.924597,0.865037,0.173881,-0.000632,0.003596,0.000730,0.000000,0.000000,0.000000
19.563001,2,7.908846,0.641889,-0.000000,0.000000,-0.000000,0.000000,0.000000,0.000000,0.000000
19.563001,3,8.092251,2.129915,-0.005983,-0.007637,0.003592,-0.000276,0.000000,0.000000,0.000000
19.571001,1,4.924597,0.865037,0.173881,-0.000632,0.003596,0.000730,0.000000,0.000000,0.000000
19.571001,2,7.908846,0.641889,-0.000000,0.000000,-0.000000,0.000000,0.000000,0.000000,0.000000
19.571001,3,8.092190,2.129904,-0.005986,-0.007637,0.003592,-0.000276,0.000000,0.000000,0.000000
19.580001,1,4.924597,0.865037,0.173881,-0.000632,0.003596,0.000730,0.000000,0.000000,0.000000
19.580001,2,7.908846,0.641889,-0.000000,0.000000,-0.000000,0.000000,0.000000,0.000000,0.000000
19.580001,3,8.092121,2.129891,-0.005988,-0.007637,0.003592,-0.000276,0.000000,0.000000,0.000000
